stem,status,gt_count,pred_count,matches,best_iou,mean_iou,max_conf,image,pred_dir
parkinglot_east_v1_frame_000015_113500000000,matched,1,1,1,0.71207,0.71207,0.90215,/home/ruben/halmstad_ws/datasets/final/baylands_super_75_15_10/images/test/parkinglot_east_v1_frame_000015_113500000000.jpg,/home/ruben/halmstad_ws/models/obb/experiments/sam3_hybrid_full/runs/predictions/v10-tuned-from-v9-tight-5/baylands_super_75_15_10_test_all
parkinglot_east_v1_frame_000016_117500000000,correct_empty,0,0,0,0.0,0.0,,/home/ruben/halmstad_ws/datasets/final/baylands_super_75_15_10/images/test/parkinglot_east_v1_frame_000016_117500000000.jpg,/home/ruben/halmstad_ws/models/obb/experiments/sam3_hybrid_full/runs/predictions/v10-tuned-from-v9-tight-5/baylands_super_75_15_10_test_all
parkinglot_east_v2_frame_000000_168400000000,matched,1,1,1,0.838904,0.838904,0.938612,/home/ruben/halmstad_ws/datasets/final/baylands_super_75_15_10/images/test/parkinglot_east_v2_frame_000000_168400000000.jpg,/home/ruben/halmstad_ws/models/obb/experiments/sam3_hybrid_full/runs/predictions/v10-tuned-from-v9-tight-5/baylands_super_75_15_10_test_all
parkinglot_east_v2_frame_000001_169400000000,matched,1,1,1,0.841778,0.841778,0.945305,/home/ruben/halmstad_ws/datasets/final/baylands_super_75_15_10/images/test/parkinglot_east_v2_frame_000001_169400000000.jpg,/home/ruben/halmstad_ws/models/obb/experiments/sam3_hybrid_full/runs/predictions/v10-tuned-from-v9-tight-5/baylands_super_75_15_10_test_all
parkinglot_east_v2_frame_000002_170500000000,matched,1,1,1,0.875677,0.875677,0.948952,/home/ruben/halmstad_ws/datasets/final/baylands_super_75_15_10/images/test/parkinglot_east_v2_frame_000002_170500000000.jpg,/home/ruben/halmstad_ws/models/obb/experiments/sam3_hybrid_full/runs/predictions/v10-tuned-from-v9-tight-5/baylands_super_75_15_10_test_all
parkinglot_east_v2_frame_000005_173500000000,matched,1,1,1,0.836214,0.836214,0.943454,/home/ruben/halmstad_ws/datasets/final/baylands_super_75_15_10/images/test/parkinglot_east_v2_frame_000005_173500000000.jpg,/home/ruben/halmstad_ws/models/obb/experiments/sam3_hybrid_full/runs/predictions/v10-tuned-from-v9-tight-5/baylands_super_75_15_10_test_all
parkinglot_east_v2_frame_000007_175500000000,matched,1,1,1,0.893852,0.893852,0.934548,/home/ruben/halmstad_ws/datasets/final/baylands_super_75_15_10/images/test/parkinglot_east_v2_frame_000007_175500000000.jpg,/home/ruben/halmstad_ws/models/obb/experiments/sam3_hybrid_full/runs/predictions/v10-tuned-from-v9-tight-5/baylands_super_75_15_10_test_all
parkinglot_east_v2_frame_000009_177500000000,matched,1,1,1,0.731815,0.731815,0.90351,/home/ruben/halmstad_ws/datasets/final/baylands_super_75_15_10/images/test/parkinglot_east_v2_frame_000009_177500000000.jpg,/home/ruben/halmstad_ws/models/obb/experiments/sam3_hybrid_full/runs/predictions/v10-tuned-from-v9-tight-5/baylands_super_75_15_10_test_all
parkinglot_east_v2_frame_000010_178500000000,multi_prediction,1,2,1,0.579917,0.579917,0.635429,/home/ruben/halmstad_ws/datasets/final/baylands_super_75_15_10/images/test/parkinglot_east_v2_frame_000010_178500000000.jpg,/home/ruben/halmstad_ws/models/obb/experiments/sam3_hybrid_full/runs/predictions/v10-tuned-from-v9-tight-5/baylands_super_75_15_10_test_all
parkinglot_east_v3_frame_000269_512600000000,matched,1,1,1,0.756979,0.756979,0.939989,/home/ruben/halmstad_ws/datasets/final/baylands_super_75_15_10/images/test/parkinglot_east_v3_frame_000269_512600000000.jpg,/home/ruben/halmstad_ws/models/obb/experiments/sam3_hybrid_full/runs/predictions/v10-tuned-from-v9-tight-5/baylands_super_75_15_10_test_all
parkinglot_east_v3_frame_000270_513600000000,matched,1,1,1,0.822231,0.822231,0.940571,/home/ruben/halmstad_ws/datasets/final/baylands_super_75_15_10/images/test/parkinglot_east_v3_frame_000270_513600000000.jpg,/home/ruben/halmstad_ws/models/obb/experiments/sam3_hybrid_full/runs/predictions/v10-tuned-from-v9-tight-5/baylands_super_75_15_10_test_all
parkinglot_east_v3_frame_000272_515700000000,matched,1,1,1,0.759771,0.759771,0.947276,/home/ruben/halmstad_ws/datasets/final/baylands_super_75_15_10/images/test/parkinglot_east_v3_frame_000272_515700000000.jpg,/home/ruben/halmstad_ws/models/obb/experiments/sam3_hybrid_full/runs/predictions/v10-tuned-from-v9-tight-5/baylands_super_75_15_10_test_all
parkinglot_east_v3_frame_000273_516700000000,matched,1,1,1,0.707828,0.707828,0.933971,/home/ruben/halmstad_ws/datasets/final/baylands_super_75_15_10/images/test/parkinglot_east_v3_frame_000273_516700000000.jpg,/home/ruben/halmstad_ws/models/obb/experiments/sam3_hybrid_full/runs/predictions/v10-tuned-from-v9-tight-5/baylands_super_75_15_10_test_all
parkinglot_east_v3_frame_000274_517700000000,matched,1,1,1,0.757546,0.757546,0.942033,/home/ruben/halmstad_ws/datasets/final/baylands_super_75_15_10/images/test/parkinglot_east_v3_frame_000274_517700000000.jpg,/home/ruben/halmstad_ws/models/obb/experiments/sam3_hybrid_full/runs/predictions/v10-tuned-from-v9-tight-5/baylands_super_75_15_10_test_all
parkinglot_east_v3_frame_000275_518700000000,matched,1,1,1,0.77951,0.77951,0.934126,/home/ruben/halmstad_ws/datasets/final/baylands_super_75_15_10/images/test/parkinglot_east_v3_frame_000275_518700000000.jpg,/home/ruben/halmstad_ws/models/obb/experiments/sam3_hybrid_full/runs/predictions/v10-tuned-from-v9-tight-5/baylands_super_75_15_10_test_all
parkinglot_east_v3_frame_000276_519700000000,matched,1,1,1,0.876834,0.876834,0.952343,/home/ruben/halmstad_ws/datasets/final/baylands_super_75_15_10/images/test/parkinglot_east_v3_frame_000276_519700000000.jpg,/home/ruben/halmstad_ws/models/obb/experiments/sam3_hybrid_full/runs/predictions/v10-tuned-from-v9-tight-5/baylands_super_75_15_10_test_all
parkinglot_east_v3_frame_000277_520700000000,matched,1,1,1,0.697635,0.697635,0.930227,/home/ruben/halmstad_ws/datasets/final/baylands_super_75_15_10/images/test/parkinglot_east_v3_frame_000277_520700000000.jpg,/home/ruben/halmstad_ws/models/obb/experiments/sam3_hybrid_full/runs/predictions/v10-tuned-from-v9-tight-5/baylands_super_75_15_10_test_all
parkinglot_east_v3_frame_000278_521700000000,matched,1,1,1,0.826244,0.826244,0.943667,/home/ruben/halmstad_ws/datasets/final/baylands_super_75_15_10/images/test/parkinglot_east_v3_frame_000278_521700000000.jpg,/home/ruben/halmstad_ws/models/obb/experiments/sam3_hybrid_full/runs/predictions/v10-tuned-from-v9-tight-5/baylands_super_75_15_10_test_all
parkinglot_east_v3_frame_000279_522700000000,matched,1,1,1,0.861533,0.861533,0.949455,/home/ruben/halmstad_ws/datasets/final/baylands_super_75_15_10/images/test/parkinglot_east_v3_frame_000279_522700000000.jpg,/home/ruben/halmstad_ws/models/obb/experiments/sam3_hybrid_full/runs/predictions/v10-tuned-from-v9-tight-5/baylands_super_75_15_10_test_all
parkinglot_east_v3_frame_000280_523800000000,matched,1,1,1,0.91007,0.91007,0.957875,/home/ruben/halmstad_ws/datasets/final/baylands_super_75_15_10/images/test/parkinglot_east_v3_frame_000280_523800000000.jpg,/home/ruben/halmstad_ws/models/obb/experiments/sam3_hybrid_full/runs/predictions/v10-tuned-from-v9-tight-5/baylands_super_75_15_10_test_all
parkinglot_east_v3_frame_000281_524800000000,matched,1,1,1,0.908521,0.908521,0.954982,/home/ruben/halmstad_ws/datasets/final/baylands_super_75_15_10/images/test/parkinglot_east_v3_frame_000281_524800000000.jpg,/home/ruben/halmstad_ws/models/obb/experiments/sam3_hybrid_full/runs/predictions/v10-tuned-from-v9-tight-5/baylands_super_75_15_10_test_all
parkinglot_east_v3_frame_000282_525800000000,matched,1,1,1,0.812639,0.812639,0.941194,/home/ruben/halmstad_ws/datasets/final/baylands_super_75_15_10/images/test/parkinglot_east_v3_frame_000282_525800000000.jpg,/home/ruben/halmstad_ws/models/obb/experiments/sam3_hybrid_full/runs/predictions/v10-tuned-from-v9-tight-5/baylands_super_75_15_10_test_all
parkinglot_east_v3_frame_000283_526800000000,matched,1,1,1,0.927911,0.927911,0.930125,/home/ruben/halmstad_ws/datasets/final/baylands_super_75_15_10/images/test/parkinglot_east_v3_frame_000283_526800000000.jpg,/home/ruben/halmstad_ws/models/obb/experiments/sam3_hybrid_full/runs/predictions/v10-tuned-from-v9-tight-5/baylands_super_75_15_10_test_all
parkinglot_east_v3_frame_000284_527800000000,matched,1,1,1,0.914387,0.914387,0.641992,/home/ruben/halmstad_ws/datasets/final/baylands_super_75_15_10/images/test/parkinglot_east_v3_frame_000284_527800000000.jpg,/home/ruben/halmstad_ws/models/obb/experiments/sam3_hybrid_full/runs/predictions/v10-tuned-from-v9-tight-5/baylands_super_75_15_10_test_all
parkinglot_east_v3_frame_000285_528800000000,matched,1,1,1,0.907968,0.907968,0.938095,/home/ruben/halmstad_ws/datasets/final/baylands_super_75_15_10/images/test/parkinglot_east_v3_frame_000285_528800000000.jpg,/home/ruben/halmstad_ws/models/obb/experiments/sam3_hybrid_full/runs/predictions/v10-tuned-from-v9-tight-5/baylands_super_75_15_10_test_all
parkinglot_east_v3_frame_000286_529800000000,matched,1,1,1,0.67215,0.67215,0.882772,/home/ruben/halmstad_ws/datasets/final/baylands_super_75_15_10/images/test/parkinglot_east_v3_frame_000286_529800000000.jpg,/home/ruben/halmstad_ws/models/obb/experiments/sam3_hybrid_full/runs/predictions/v10-tuned-from-v9-tight-5/baylands_super_75_15_10_test_all
parkinglot_east_v3_frame_000287_530800000000,matched,1,1,1,0.853389,0.853389,0.885671,/home/ruben/halmstad_ws/datasets/final/baylands_super_75_15_10/images/test/parkinglot_east_v3_frame_000287_530800000000.jpg,/home/ruben/halmstad_ws/models/obb/experiments/sam3_hybrid_full/runs/predictions/v10-tuned-from-v9-tight-5/baylands_super_75_15_10_test_all
parkinglot_east_v3_frame_000288_531800000000,matched,1,1,1,0.768053,0.768053,0.905811,/home/ruben/halmstad_ws/datasets/final/baylands_super_75_15_10/images/test/parkinglot_east_v3_frame_000288_531800000000.jpg,/home/ruben/halmstad_ws/models/obb/experiments/sam3_hybrid_full/runs/predictions/v10-tuned-from-v9-tight-5/baylands_super_75_15_10_test_all
parkinglot_east_v3_frame_000289_532800000000,matched,1,1,1,0.649844,0.649844,0.800221,/home/ruben/halmstad_ws/datasets/final/baylands_super_75_15_10/images/test/parkinglot_east_v3_frame_000289_532800000000.jpg,/home/ruben/halmstad_ws/models/obb/experiments/sam3_hybrid_full/runs/predictions/v10-tuned-from-v9-tight-5/baylands_super_75_15_10_test_all
parkinglot_east_v3_frame_000290_533900000000,matched,1,1,1,0.690858,0.690858,0.914859,/home/ruben/halmstad_ws/datasets/final/baylands_super_75_15_10/images/test/parkinglot_east_v3_frame_000290_533900000000.jpg,/home/ruben/halmstad_ws/models/obb/experiments/sam3_hybrid_full/runs/predictions/v10-tuned-from-v9-tight-5/baylands_super_75_15_10_test_all
parkinglot_east_v3_frame_000291_534900000000,matched,1,1,1,0.684518,0.684518,0.893957,/home/ruben/halmstad_ws/datasets/final/baylands_super_75_15_10/images/test/parkinglot_east_v3_frame_000291_534900000000.jpg,/home/ruben/halmstad_ws/models/obb/experiments/sam3_hybrid_full/runs/predictions/v10-tuned-from-v9-tight-5/baylands_super_75_15_10_test_all
parkinglot_east_v3_frame_000293_536900000000,matched,1,1,1,0.871701,0.871701,0.941923,/home/ruben/halmstad_ws/datasets/final/baylands_super_75_15_10/images/test/parkinglot_east_v3_frame_000293_536900000000.jpg,/home/ruben/halmstad_ws/models/obb/experiments/sam3_hybrid_full/runs/predictions/v10-tuned-from-v9-tight-5/baylands_super_75_15_10_test_all
parkinglot_east_v3_frame_000294_537900000000,matched,1,1,1,0.860634,0.860634,0.943687,/home/ruben/halmstad_ws/datasets/final/baylands_super_75_15_10/images/test/parkinglot_east_v3_frame_000294_537900000000.jpg,/home/ruben/halmstad_ws/models/obb/experiments/sam3_hybrid_full/runs/predictions/v10-tuned-from-v9-tight-5/baylands_super_75_15_10_test_all
parkinglot_east_v3_frame_000295_538900000000,matched,1,1,1,0.908178,0.908178,0.954871,/home/ruben/halmstad_ws/datasets/final/baylands_super_75_15_10/images/test/parkinglot_east_v3_frame_000295_538900000000.jpg,/home/ruben/halmstad_ws/models/obb/experiments/sam3_hybrid_full/runs/predictions/v10-tuned-from-v9-tight-5/baylands_super_75_15_10_test_all
parkinglot_east_v4_frame_000010_113700000000,correct_empty,0,0,0,0.0,0.0,,/home/ruben/halmstad_ws/datasets/final/baylands_super_75_15_10/images/test/parkinglot_east_v4_frame_000010_113700000000.jpg,/home/ruben/halmstad_ws/models/obb/experiments/sam3_hybrid_full/runs/predictions/v10-tuned-from-v9-tight-5/baylands_super_75_15_10_test_all
parkinglot_east_v4_frame_000012_121700000000,matched,1,1,1,0.855109,0.855109,0.923637,/home/ruben/halmstad_ws/datasets/final/baylands_super_75_15_10/images/test/parkinglot_east_v4_frame_000012_121700000000.jpg,/home/ruben/halmstad_ws/models/obb/experiments/sam3_hybrid_full/runs/predictions/v10-tuned-from-v9-tight-5/baylands_super_75_15_10_test_all
parkinglot_east_v4_frame_000013_125700000000,matched,1,1,1,0.835014,0.835014,0.96148,/home/ruben/halmstad_ws/datasets/final/baylands_super_75_15_10/images/test/parkinglot_east_v4_frame_000013_125700000000.jpg,/home/ruben/halmstad_ws/models/obb/experiments/sam3_hybrid_full/runs/predictions/v10-tuned-from-v9-tight-5/baylands_super_75_15_10_test_all
parkinglot_east_v4_frame_000014_129700000000,correct_empty,0,0,0,0.0,0.0,,/home/ruben/halmstad_ws/datasets/final/baylands_super_75_15_10/images/test/parkinglot_east_v4_frame_000014_129700000000.jpg,/home/ruben/halmstad_ws/models/obb/experiments/sam3_hybrid_full/runs/predictions/v10-tuned-from-v9-tight-5/baylands_super_75_15_10_test_all
parkinglot_east_v4_frame_000015_133700000000,matched,1,1,1,0.855222,0.855222,0.929878,/home/ruben/halmstad_ws/datasets/final/baylands_super_75_15_10/images/test/parkinglot_east_v4_frame_000015_133700000000.jpg,/home/ruben/halmstad_ws/models/obb/experiments/sam3_hybrid_full/runs/predictions/v10-tuned-from-v9-tight-5/baylands_super_75_15_10_test_all
parkinglot_east_v4_frame_000016_137700000000,matched,1,1,1,0.949008,0.949008,0.959626,/home/ruben/halmstad_ws/datasets/final/baylands_super_75_15_10/images/test/parkinglot_east_v4_frame_000016_137700000000.jpg,/home/ruben/halmstad_ws/models/obb/experiments/sam3_hybrid_full/runs/predictions/v10-tuned-from-v9-tight-5/baylands_super_75_15_10_test_all
parkinglot_east_v4_frame_000017_141800000000,matched,1,1,1,0.889092,0.889092,0.956566,/home/ruben/halmstad_ws/datasets/final/baylands_super_75_15_10/images/test/parkinglot_east_v4_frame_000017_141800000000.jpg,/home/ruben/halmstad_ws/models/obb/experiments/sam3_hybrid_full/runs/predictions/v10-tuned-from-v9-tight-5/baylands_super_75_15_10_test_all
parkinglot_east_v4_frame_000018_145800000000,matched,1,1,1,0.904242,0.904242,0.942163,/home/ruben/halmstad_ws/datasets/final/baylands_super_75_15_10/images/test/parkinglot_east_v4_frame_000018_145800000000.jpg,/home/ruben/halmstad_ws/models/obb/experiments/sam3_hybrid_full/runs/predictions/v10-tuned-from-v9-tight-5/baylands_super_75_15_10_test_all
parkinglot_east_v4_frame_000019_149800000000,correct_empty,0,0,0,0.0,0.0,,/home/ruben/halmstad_ws/datasets/final/baylands_super_75_15_10/images/test/parkinglot_east_v4_frame_000019_149800000000.jpg,/home/ruben/halmstad_ws/models/obb/experiments/sam3_hybrid_full/runs/predictions/v10-tuned-from-v9-tight-5/baylands_super_75_15_10_test_all
parkinglot_east_v4_frame_000020_153800000000,correct_empty,0,0,0,0.0,0.0,,/home/ruben/halmstad_ws/datasets/final/baylands_super_75_15_10/images/test/parkinglot_east_v4_frame_000020_153800000000.jpg,/home/ruben/halmstad_ws/models/obb/experiments/sam3_hybrid_full/runs/predictions/v10-tuned-from-v9-tight-5/baylands_super_75_15_10_test_all
parkinglot_east_v4_frame_000021_157800000000,matched,1,1,1,0.888957,0.888957,0.953298,/home/ruben/halmstad_ws/datasets/final/baylands_super_75_15_10/images/test/parkinglot_east_v4_frame_000021_157800000000.jpg,/home/ruben/halmstad_ws/models/obb/experiments/sam3_hybrid_full/runs/predictions/v10-tuned-from-v9-tight-5/baylands_super_75_15_10_test_all
parkinglot_east_v4_frame_000022_161800000000,matched,1,1,1,0.909122,0.909122,0.947312,/home/ruben/halmstad_ws/datasets/final/baylands_super_75_15_10/images/test/parkinglot_east_v4_frame_000022_161800000000.jpg,/home/ruben/halmstad_ws/models/obb/experiments/sam3_hybrid_full/runs/predictions/v10-tuned-from-v9-tight-5/baylands_super_75_15_10_test_all
parkinglot_east_v4_frame_000023_165800000000,matched,1,1,1,0.920052,0.920052,0.943562,/home/ruben/halmstad_ws/datasets/final/baylands_super_75_15_10/images/test/parkinglot_east_v4_frame_000023_165800000000.jpg,/home/ruben/halmstad_ws/models/obb/experiments/sam3_hybrid_full/runs/predictions/v10-tuned-from-v9-tight-5/baylands_super_75_15_10_test_all
parkinglot_east_v4_frame_000024_169800000000,matched,1,1,1,0.880417,0.880417,0.960025,/home/ruben/halmstad_ws/datasets/final/baylands_super_75_15_10/images/test/parkinglot_east_v4_frame_000024_169800000000.jpg,/home/ruben/halmstad_ws/models/obb/experiments/sam3_hybrid_full/runs/predictions/v10-tuned-from-v9-tight-5/baylands_super_75_15_10_test_all
parkinglot_east_v4_frame_000025_173800000000,matched,1,1,1,0.884244,0.884244,0.94595,/home/ruben/halmstad_ws/datasets/final/baylands_super_75_15_10/images/test/parkinglot_east_v4_frame_000025_173800000000.jpg,/home/ruben/halmstad_ws/models/obb/experiments/sam3_hybrid_full/runs/predictions/v10-tuned-from-v9-tight-5/baylands_super_75_15_10_test_all
parkinglot_east_v4_frame_000026_177900000000,matched,1,1,1,0.620323,0.620323,0.951069,/home/ruben/halmstad_ws/datasets/final/baylands_super_75_15_10/images/test/parkinglot_east_v4_frame_000026_177900000000.jpg,/home/ruben/halmstad_ws/models/obb/experiments/sam3_hybrid_full/runs/predictions/v10-tuned-from-v9-tight-5/baylands_super_75_15_10_test_all
parkinglot_west_v1_frame_000144_224400000000,matched,1,1,1,0.886988,0.886988,0.877374,/home/ruben/halmstad_ws/datasets/final/baylands_super_75_15_10/images/test/parkinglot_west_v1_frame_000144_224400000000.jpg,/home/ruben/halmstad_ws/models/obb/experiments/sam3_hybrid_full/runs/predictions/v10-tuned-from-v9-tight-5/baylands_super_75_15_10_test_all
parkinglot_west_v1_frame_000145_225400000000,matched,1,1,1,0.797085,0.797085,0.821302,/home/ruben/halmstad_ws/datasets/final/baylands_super_75_15_10/images/test/parkinglot_west_v1_frame_000145_225400000000.jpg,/home/ruben/halmstad_ws/models/obb/experiments/sam3_hybrid_full/runs/predictions/v10-tuned-from-v9-tight-5/baylands_super_75_15_10_test_all
parkinglot_west_v1_frame_000149_229452000000,matched,1,1,1,0.886438,0.886438,0.898991,/home/ruben/halmstad_ws/datasets/final/baylands_super_75_15_10/images/test/parkinglot_west_v1_frame_000149_229452000000.jpg,/home/ruben/halmstad_ws/models/obb/experiments/sam3_hybrid_full/runs/predictions/v10-tuned-from-v9-tight-5/baylands_super_75_15_10_test_all
parkinglot_west_v1_frame_000150_230500000000,matched,1,1,1,0.730688,0.730688,0.920379,/home/ruben/halmstad_ws/datasets/final/baylands_super_75_15_10/images/test/parkinglot_west_v1_frame_000150_230500000000.jpg,/home/ruben/halmstad_ws/models/obb/experiments/sam3_hybrid_full/runs/predictions/v10-tuned-from-v9-tight-5/baylands_super_75_15_10_test_all
parkinglot_west_v1_frame_000159_239552000000,matched,1,1,1,0.848563,0.848563,0.953881,/home/ruben/halmstad_ws/datasets/final/baylands_super_75_15_10/images/test/parkinglot_west_v1_frame_000159_239552000000.jpg,/home/ruben/halmstad_ws/models/obb/experiments/sam3_hybrid_full/runs/predictions/v10-tuned-from-v9-tight-5/baylands_super_75_15_10_test_all
parkinglot_west_v1_frame_000160_240552000000,matched,1,1,1,0.961832,0.961832,0.956268,/home/ruben/halmstad_ws/datasets/final/baylands_super_75_15_10/images/test/parkinglot_west_v1_frame_000160_240552000000.jpg,/home/ruben/halmstad_ws/models/obb/experiments/sam3_hybrid_full/runs/predictions/v10-tuned-from-v9-tight-5/baylands_super_75_15_10_test_all
parkinglot_west_v1_frame_000161_241552000000,matched,1,1,1,0.905887,0.905887,0.946345,/home/ruben/halmstad_ws/datasets/final/baylands_super_75_15_10/images/test/parkinglot_west_v1_frame_000161_241552000000.jpg,/home/ruben/halmstad_ws/models/obb/experiments/sam3_hybrid_full/runs/predictions/v10-tuned-from-v9-tight-5/baylands_super_75_15_10_test_all
parkinglot_west_v1_frame_000209_292500000000,matched,1,1,1,0.899317,0.899317,0.935574,/home/ruben/halmstad_ws/datasets/final/baylands_super_75_15_10/images/test/parkinglot_west_v1_frame_000209_292500000000.jpg,/home/ruben/halmstad_ws/models/obb/experiments/sam3_hybrid_full/runs/predictions/v10-tuned-from-v9-tight-5/baylands_super_75_15_10_test_all
parkinglot_west_v1_frame_000210_293500000000,matched,1,1,1,0.914057,0.914057,0.930258,/home/ruben/halmstad_ws/datasets/final/baylands_super_75_15_10/images/test/parkinglot_west_v1_frame_000210_293500000000.jpg,/home/ruben/halmstad_ws/models/obb/experiments/sam3_hybrid_full/runs/predictions/v10-tuned-from-v9-tight-5/baylands_super_75_15_10_test_all
parkinglot_west_v1_frame_000212_295552000000,matched,1,1,1,0.951273,0.951273,0.95502,/home/ruben/halmstad_ws/datasets/final/baylands_super_75_15_10/images/test/parkinglot_west_v1_frame_000212_295552000000.jpg,/home/ruben/halmstad_ws/models/obb/experiments/sam3_hybrid_full/runs/predictions/v10-tuned-from-v9-tight-5/baylands_super_75_15_10_test_all
parkinglot_west_v1_frame_000214_297600000000,matched,1,1,1,0.623848,0.623848,0.949777,/home/ruben/halmstad_ws/datasets/final/baylands_super_75_15_10/images/test/parkinglot_west_v1_frame_000214_297600000000.jpg,/home/ruben/halmstad_ws/models/obb/experiments/sam3_hybrid_full/runs/predictions/v10-tuned-from-v9-tight-5/baylands_super_75_15_10_test_all
parkinglot_west_v1_frame_000215_298600000000,matched,1,1,1,0.872864,0.872864,0.956958,/home/ruben/halmstad_ws/datasets/final/baylands_super_75_15_10/images/test/parkinglot_west_v1_frame_000215_298600000000.jpg,/home/ruben/halmstad_ws/models/obb/experiments/sam3_hybrid_full/runs/predictions/v10-tuned-from-v9-tight-5/baylands_super_75_15_10_test_all
parkinglot_west_v1_frame_000217_300600000000,matched,1,1,1,0.770857,0.770857,0.955901,/home/ruben/halmstad_ws/datasets/final/baylands_super_75_15_10/images/test/parkinglot_west_v1_frame_000217_300600000000.jpg,/home/ruben/halmstad_ws/models/obb/experiments/sam3_hybrid_full/runs/predictions/v10-tuned-from-v9-tight-5/baylands_super_75_15_10_test_all
parkinglot_west_v1_frame_000219_302652000000,matched,1,1,1,0.795846,0.795846,0.932913,/home/ruben/halmstad_ws/datasets/final/baylands_super_75_15_10/images/test/parkinglot_west_v1_frame_000219_302652000000.jpg,/home/ruben/halmstad_ws/models/obb/experiments/sam3_hybrid_full/runs/predictions/v10-tuned-from-v9-tight-5/baylands_super_75_15_10_test_all
parkinglot_west_v1_frame_000220_303652000000,matched,1,1,1,0.883615,0.883615,0.945189,/home/ruben/halmstad_ws/datasets/final/baylands_super_75_15_10/images/test/parkinglot_west_v1_frame_000220_303652000000.jpg,/home/ruben/halmstad_ws/models/obb/experiments/sam3_hybrid_full/runs/predictions/v10-tuned-from-v9-tight-5/baylands_super_75_15_10_test_all
parkinglot_west_v1_frame_000221_304652000000,matched,1,1,1,0.920703,0.920703,0.95748,/home/ruben/halmstad_ws/datasets/final/baylands_super_75_15_10/images/test/parkinglot_west_v1_frame_000221_304652000000.jpg,/home/ruben/halmstad_ws/models/obb/experiments/sam3_hybrid_full/runs/predictions/v10-tuned-from-v9-tight-5/baylands_super_75_15_10_test_all
parkinglot_west_v1_frame_000225_308700000000,matched,1,1,1,0.86534,0.86534,0.816437,/home/ruben/halmstad_ws/datasets/final/baylands_super_75_15_10/images/test/parkinglot_west_v1_frame_000225_308700000000.jpg,/home/ruben/halmstad_ws/models/obb/experiments/sam3_hybrid_full/runs/predictions/v10-tuned-from-v9-tight-5/baylands_super_75_15_10_test_all
parkinglot_west_v1_frame_000226_309752000000,matched,1,1,1,0.284985,0.284985,0.947866,/home/ruben/halmstad_ws/datasets/final/baylands_super_75_15_10/images/test/parkinglot_west_v1_frame_000226_309752000000.jpg,/home/ruben/halmstad_ws/models/obb/experiments/sam3_hybrid_full/runs/predictions/v10-tuned-from-v9-tight-5/baylands_super_75_15_10_test_all
parkinglot_west_v2_frame_000139_228252000000,matched,1,1,1,0.825928,0.825928,0.926714,/home/ruben/halmstad_ws/datasets/final/baylands_super_75_15_10/images/test/parkinglot_west_v2_frame_000139_228252000000.jpg,/home/ruben/halmstad_ws/models/obb/experiments/sam3_hybrid_full/runs/predictions/v10-tuned-from-v9-tight-5/baylands_super_75_15_10_test_all
parkinglot_west_v2_frame_000153_242352000000,matched,1,1,1,0.871804,0.871804,0.923027,/home/ruben/halmstad_ws/datasets/final/baylands_super_75_15_10/images/test/parkinglot_west_v2_frame_000153_242352000000.jpg,/home/ruben/halmstad_ws/models/obb/experiments/sam3_hybrid_full/runs/predictions/v10-tuned-from-v9-tight-5/baylands_super_75_15_10_test_all
parkinglot_west_v2_frame_000154_243352000000,matched,1,1,1,0.824185,0.824185,0.935504,/home/ruben/halmstad_ws/datasets/final/baylands_super_75_15_10/images/test/parkinglot_west_v2_frame_000154_243352000000.jpg,/home/ruben/halmstad_ws/models/obb/experiments/sam3_hybrid_full/runs/predictions/v10-tuned-from-v9-tight-5/baylands_super_75_15_10_test_all
parkinglot_west_v2_frame_000155_244352000000,matched,1,1,1,0.723623,0.723623,0.941244,/home/ruben/halmstad_ws/datasets/final/baylands_super_75_15_10/images/test/parkinglot_west_v2_frame_000155_244352000000.jpg,/home/ruben/halmstad_ws/models/obb/experiments/sam3_hybrid_full/runs/predictions/v10-tuned-from-v9-tight-5/baylands_super_75_15_10_test_all
parkinglot_west_v3_frame_000138_229700000000,matched,1,1,1,0.776408,0.776408,0.920963,/home/ruben/halmstad_ws/datasets/final/baylands_super_75_15_10/images/test/parkinglot_west_v3_frame_000138_229700000000.jpg,/home/ruben/halmstad_ws/models/obb/experiments/sam3_hybrid_full/runs/predictions/v10-tuned-from-v9-tight-5/baylands_super_75_15_10_test_all
parkinglot_west_v3_frame_000139_230700000000,matched,1,1,1,0.906094,0.906094,0.935928,/home/ruben/halmstad_ws/datasets/final/baylands_super_75_15_10/images/test/parkinglot_west_v3_frame_000139_230700000000.jpg,/home/ruben/halmstad_ws/models/obb/experiments/sam3_hybrid_full/runs/predictions/v10-tuned-from-v9-tight-5/baylands_super_75_15_10_test_all
parkinglot_west_v3_frame_000140_231752000000,matched,1,1,1,0.541418,0.541418,0.927735,/home/ruben/halmstad_ws/datasets/final/baylands_super_75_15_10/images/test/parkinglot_west_v3_frame_000140_231752000000.jpg,/home/ruben/halmstad_ws/models/obb/experiments/sam3_hybrid_full/runs/predictions/v10-tuned-from-v9-tight-5/baylands_super_75_15_10_test_all
parkinglot_west_v3_frame_000143_234800000000,matched,1,1,1,0.787289,0.787289,0.947098,/home/ruben/halmstad_ws/datasets/final/baylands_super_75_15_10/images/test/parkinglot_west_v3_frame_000143_234800000000.jpg,/home/ruben/halmstad_ws/models/obb/experiments/sam3_hybrid_full/runs/predictions/v10-tuned-from-v9-tight-5/baylands_super_75_15_10_test_all
parkinglot_west_v3_frame_000145_236800000000,matched,1,1,1,0.928389,0.928389,0.954046,/home/ruben/halmstad_ws/datasets/final/baylands_super_75_15_10/images/test/parkinglot_west_v3_frame_000145_236800000000.jpg,/home/ruben/halmstad_ws/models/obb/experiments/sam3_hybrid_full/runs/predictions/v10-tuned-from-v9-tight-5/baylands_super_75_15_10_test_all
parkinglot_west_v3_frame_000146_237800000000,matched,1,1,1,0.894308,0.894308,0.949569,/home/ruben/halmstad_ws/datasets/final/baylands_super_75_15_10/images/test/parkinglot_west_v3_frame_000146_237800000000.jpg,/home/ruben/halmstad_ws/models/obb/experiments/sam3_hybrid_full/runs/predictions/v10-tuned-from-v9-tight-5/baylands_super_75_15_10_test_all
parkinglot_west_v3_frame_000147_238800000000,matched,1,1,1,0.98145,0.98145,0.942837,/home/ruben/halmstad_ws/datasets/final/baylands_super_75_15_10/images/test/parkinglot_west_v3_frame_000147_238800000000.jpg,/home/ruben/halmstad_ws/models/obb/experiments/sam3_hybrid_full/runs/predictions/v10-tuned-from-v9-tight-5/baylands_super_75_15_10_test_all
parkinglot_west_v3_frame_000149_240800000000,matched,1,1,1,0.812766,0.812766,0.94228,/home/ruben/halmstad_ws/datasets/final/baylands_super_75_15_10/images/test/parkinglot_west_v3_frame_000149_240800000000.jpg,/home/ruben/halmstad_ws/models/obb/experiments/sam3_hybrid_full/runs/predictions/v10-tuned-from-v9-tight-5/baylands_super_75_15_10_test_all
parkinglot_west_v3_frame_000150_241852000000,matched,1,1,1,0.942665,0.942665,0.939548,/home/ruben/halmstad_ws/datasets/final/baylands_super_75_15_10/images/test/parkinglot_west_v3_frame_000150_241852000000.jpg,/home/ruben/halmstad_ws/models/obb/experiments/sam3_hybrid_full/runs/predictions/v10-tuned-from-v9-tight-5/baylands_super_75_15_10_test_all
parkinglot_west_v3_frame_000152_243852000000,matched,1,1,1,0.781715,0.781715,0.944502,/home/ruben/halmstad_ws/datasets/final/baylands_super_75_15_10/images/test/parkinglot_west_v3_frame_000152_243852000000.jpg,/home/ruben/halmstad_ws/models/obb/experiments/sam3_hybrid_full/runs/predictions/v10-tuned-from-v9-tight-5/baylands_super_75_15_10_test_all
parkinglot_west_v3_frame_000198_290200000000,matched,1,1,1,0.846541,0.846541,0.951591,/home/ruben/halmstad_ws/datasets/final/baylands_super_75_15_10/images/test/parkinglot_west_v3_frame_000198_290200000000.jpg,/home/ruben/halmstad_ws/models/obb/experiments/sam3_hybrid_full/runs/predictions/v10-tuned-from-v9-tight-5/baylands_super_75_15_10_test_all
parkinglot_west_v3_frame_000199_291252000000,matched,1,1,1,0.910367,0.910367,0.956892,/home/ruben/halmstad_ws/datasets/final/baylands_super_75_15_10/images/test/parkinglot_west_v3_frame_000199_291252000000.jpg,/home/ruben/halmstad_ws/models/obb/experiments/sam3_hybrid_full/runs/predictions/v10-tuned-from-v9-tight-5/baylands_super_75_15_10_test_all
parkinglot_west_v3_frame_000200_292200000000,matched,1,1,1,0.868431,0.868431,0.959171,/home/ruben/halmstad_ws/datasets/final/baylands_super_75_15_10/images/test/parkinglot_west_v3_frame_000200_292200000000.jpg,/home/ruben/halmstad_ws/models/obb/experiments/sam3_hybrid_full/runs/predictions/v10-tuned-from-v9-tight-5/baylands_super_75_15_10_test_all
parkinglot_west_v3_frame_000202_294252000000,matched,1,1,1,0.882321,0.882321,0.947632,/home/ruben/halmstad_ws/datasets/final/baylands_super_75_15_10/images/test/parkinglot_west_v3_frame_000202_294252000000.jpg,/home/ruben/halmstad_ws/models/obb/experiments/sam3_hybrid_full/runs/predictions/v10-tuned-from-v9-tight-5/baylands_super_75_15_10_test_all
parkinglot_west_v3_frame_000203_295252000000,matched,1,1,1,0.955995,0.955995,0.955778,/home/ruben/halmstad_ws/datasets/final/baylands_super_75_15_10/images/test/parkinglot_west_v3_frame_000203_295252000000.jpg,/home/ruben/halmstad_ws/models/obb/experiments/sam3_hybrid_full/runs/predictions/v10-tuned-from-v9-tight-5/baylands_super_75_15_10_test_all
parkinglot_west_v3_frame_000205_297252000000,matched,1,1,1,0.975346,0.975346,0.949327,/home/ruben/halmstad_ws/datasets/final/baylands_super_75_15_10/images/test/parkinglot_west_v3_frame_000205_297252000000.jpg,/home/ruben/halmstad_ws/models/obb/experiments/sam3_hybrid_full/runs/predictions/v10-tuned-from-v9-tight-5/baylands_super_75_15_10_test_all
parkinglot_west_v3_frame_000206_298252000000,matched,1,1,1,0.922807,0.922807,0.950783,/home/ruben/halmstad_ws/datasets/final/baylands_super_75_15_10/images/test/parkinglot_west_v3_frame_000206_298252000000.jpg,/home/ruben/halmstad_ws/models/obb/experiments/sam3_hybrid_full/runs/predictions/v10-tuned-from-v9-tight-5/baylands_super_75_15_10_test_all
parkinglot_west_v3_frame_000208_300252000000,matched,1,1,1,0.753643,0.753643,0.941408,/home/ruben/halmstad_ws/datasets/final/baylands_super_75_15_10/images/test/parkinglot_west_v3_frame_000208_300252000000.jpg,/home/ruben/halmstad_ws/models/obb/experiments/sam3_hybrid_full/runs/predictions/v10-tuned-from-v9-tight-5/baylands_super_75_15_10_test_all
parkinglot_west_v3_frame_000209_301300000000,matched,1,1,1,0.9074,0.9074,0.942976,/home/ruben/halmstad_ws/datasets/final/baylands_super_75_15_10/images/test/parkinglot_west_v3_frame_000209_301300000000.jpg,/home/ruben/halmstad_ws/models/obb/experiments/sam3_hybrid_full/runs/predictions/v10-tuned-from-v9-tight-5/baylands_super_75_15_10_test_all
parkinglot_west_v3_frame_000210_302300000000,matched,1,1,1,0.564653,0.564653,0.921276,/home/ruben/halmstad_ws/datasets/final/baylands_super_75_15_10/images/test/parkinglot_west_v3_frame_000210_302300000000.jpg,/home/ruben/halmstad_ws/models/obb/experiments/sam3_hybrid_full/runs/predictions/v10-tuned-from-v9-tight-5/baylands_super_75_15_10_test_all
parkinglot_west_v3_frame_000212_304352000000,matched,1,1,1,0.719867,0.719867,0.932422,/home/ruben/halmstad_ws/datasets/final/baylands_super_75_15_10/images/test/parkinglot_west_v3_frame_000212_304352000000.jpg,/home/ruben/halmstad_ws/models/obb/experiments/sam3_hybrid_full/runs/predictions/v10-tuned-from-v9-tight-5/baylands_super_75_15_10_test_all
parkinglot_west_v3_frame_000214_306352000000,matched,1,1,1,0.930104,0.930104,0.956304,/home/ruben/halmstad_ws/datasets/final/baylands_super_75_15_10/images/test/parkinglot_west_v3_frame_000214_306352000000.jpg,/home/ruben/halmstad_ws/models/obb/experiments/sam3_hybrid_full/runs/predictions/v10-tuned-from-v9-tight-5/baylands_super_75_15_10_test_all
parkinglot_west_v5_frame_000027_225900000000,correct_empty,0,0,0,0.0,0.0,,/home/ruben/halmstad_ws/datasets/final/baylands_super_75_15_10/images/test/parkinglot_west_v5_frame_000027_225900000000.jpg,/home/ruben/halmstad_ws/models/obb/experiments/sam3_hybrid_full/runs/predictions/v10-tuned-from-v9-tight-5/baylands_super_75_15_10_test_all
parkinglot_west_v5_frame_000029_233900000000,matched,1,1,1,0.911871,0.911871,0.964161,/home/ruben/halmstad_ws/datasets/final/baylands_super_75_15_10/images/test/parkinglot_west_v5_frame_000029_233900000000.jpg,/home/ruben/halmstad_ws/models/obb/experiments/sam3_hybrid_full/runs/predictions/v10-tuned-from-v9-tight-5/baylands_super_75_15_10_test_all
parkinglot_west_v5_frame_000030_237900000000,correct_empty,0,0,0,0.0,0.0,,/home/ruben/halmstad_ws/datasets/final/baylands_super_75_15_10/images/test/parkinglot_west_v5_frame_000030_237900000000.jpg,/home/ruben/halmstad_ws/models/obb/experiments/sam3_hybrid_full/runs/predictions/v10-tuned-from-v9-tight-5/baylands_super_75_15_10_test_all
parkinglot_west_v5_frame_000031_241900000000,correct_empty,0,0,0,0.0,0.0,,/home/ruben/halmstad_ws/datasets/final/baylands_super_75_15_10/images/test/parkinglot_west_v5_frame_000031_241900000000.jpg,/home/ruben/halmstad_ws/models/obb/experiments/sam3_hybrid_full/runs/predictions/v10-tuned-from-v9-tight-5/baylands_super_75_15_10_test_all
parkinglot_west_v5_frame_000044_294100000000,correct_empty,0,0,0,0.0,0.0,,/home/ruben/halmstad_ws/datasets/final/baylands_super_75_15_10/images/test/parkinglot_west_v5_frame_000044_294100000000.jpg,/home/ruben/halmstad_ws/models/obb/experiments/sam3_hybrid_full/runs/predictions/v10-tuned-from-v9-tight-5/baylands_super_75_15_10_test_all
parkinglot_west_v5_frame_000046_302100000000,correct_empty,0,0,0,0.0,0.0,,/home/ruben/halmstad_ws/datasets/final/baylands_super_75_15_10/images/test/parkinglot_west_v5_frame_000046_302100000000.jpg,/home/ruben/halmstad_ws/models/obb/experiments/sam3_hybrid_full/runs/predictions/v10-tuned-from-v9-tight-5/baylands_super_75_15_10_test_all
road_to_east_v1_frame_000159_234300000000,matched,1,1,1,0.93379,0.93379,0.946293,/home/ruben/halmstad_ws/datasets/final/baylands_super_75_15_10/images/test/road_to_east_v1_frame_000159_234300000000.jpg,/home/ruben/halmstad_ws/models/obb/experiments/sam3_hybrid_full/runs/predictions/v10-tuned-from-v9-tight-5/baylands_super_75_15_10_test_all
road_to_east_v1_frame_000160_235300000000,matched,1,1,1,0.906808,0.906808,0.942984,/home/ruben/halmstad_ws/datasets/final/baylands_super_75_15_10/images/test/road_to_east_v1_frame_000160_235300000000.jpg,/home/ruben/halmstad_ws/models/obb/experiments/sam3_hybrid_full/runs/predictions/v10-tuned-from-v9-tight-5/baylands_super_75_15_10_test_all
road_to_east_v1_frame_000161_236300000000,matched,1,1,1,0.905021,0.905021,0.904291,/home/ruben/halmstad_ws/datasets/final/baylands_super_75_15_10/images/test/road_to_east_v1_frame_000161_236300000000.jpg,/home/ruben/halmstad_ws/models/obb/experiments/sam3_hybrid_full/runs/predictions/v10-tuned-from-v9-tight-5/baylands_super_75_15_10_test_all
road_to_east_v1_frame_000169_244352000000,matched,1,1,1,0.822503,0.822503,0.931045,/home/ruben/halmstad_ws/datasets/final/baylands_super_75_15_10/images/test/road_to_east_v1_frame_000169_244352000000.jpg,/home/ruben/halmstad_ws/models/obb/experiments/sam3_hybrid_full/runs/predictions/v10-tuned-from-v9-tight-5/baylands_super_75_15_10_test_all
road_to_east_v1_frame_000170_245352000000,matched,1,1,1,0.89359,0.89359,0.955841,/home/ruben/halmstad_ws/datasets/final/baylands_super_75_15_10/images/test/road_to_east_v1_frame_000170_245352000000.jpg,/home/ruben/halmstad_ws/models/obb/experiments/sam3_hybrid_full/runs/predictions/v10-tuned-from-v9-tight-5/baylands_super_75_15_10_test_all
road_to_east_v1_frame_000172_247400000000,matched,1,1,1,0.86332,0.86332,0.898073,/home/ruben/halmstad_ws/datasets/final/baylands_super_75_15_10/images/test/road_to_east_v1_frame_000172_247400000000.jpg,/home/ruben/halmstad_ws/models/obb/experiments/sam3_hybrid_full/runs/predictions/v10-tuned-from-v9-tight-5/baylands_super_75_15_10_test_all
road_to_east_v1_frame_000209_284752000000,matched,1,1,1,0.885962,0.885962,0.902438,/home/ruben/halmstad_ws/datasets/final/baylands_super_75_15_10/images/test/road_to_east_v1_frame_000209_284752000000.jpg,/home/ruben/halmstad_ws/models/obb/experiments/sam3_hybrid_full/runs/predictions/v10-tuned-from-v9-tight-5/baylands_super_75_15_10_test_all
road_to_east_v1_frame_000215_291100000000,matched,1,1,1,0.903521,0.903521,0.967973,/home/ruben/halmstad_ws/datasets/final/baylands_super_75_15_10/images/test/road_to_east_v1_frame_000215_291100000000.jpg,/home/ruben/halmstad_ws/models/obb/experiments/sam3_hybrid_full/runs/predictions/v10-tuned-from-v9-tight-5/baylands_super_75_15_10_test_all
road_to_east_v1_frame_000216_292100000000,matched,1,1,1,0.805217,0.805217,0.960509,/home/ruben/halmstad_ws/datasets/final/baylands_super_75_15_10/images/test/road_to_east_v1_frame_000216_292100000000.jpg,/home/ruben/halmstad_ws/models/obb/experiments/sam3_hybrid_full/runs/predictions/v10-tuned-from-v9-tight-5/baylands_super_75_15_10_test_all
road_to_east_v1_frame_000217_293100000000,matched,1,1,1,0.855219,0.855219,0.946099,/home/ruben/halmstad_ws/datasets/final/baylands_super_75_15_10/images/test/road_to_east_v1_frame_000217_293100000000.jpg,/home/ruben/halmstad_ws/models/obb/experiments/sam3_hybrid_full/runs/predictions/v10-tuned-from-v9-tight-5/baylands_super_75_15_10_test_all
road_to_east_v1_frame_000219_295100000000,matched,1,1,1,0.834396,0.834396,0.934273,/home/ruben/halmstad_ws/datasets/final/baylands_super_75_15_10/images/test/road_to_east_v1_frame_000219_295100000000.jpg,/home/ruben/halmstad_ws/models/obb/experiments/sam3_hybrid_full/runs/predictions/v10-tuned-from-v9-tight-5/baylands_super_75_15_10_test_all
road_to_east_v1_frame_000224_300152000000,matched,1,1,1,0.76643,0.76643,0.880181,/home/ruben/halmstad_ws/datasets/final/baylands_super_75_15_10/images/test/road_to_east_v1_frame_000224_300152000000.jpg,/home/ruben/halmstad_ws/models/obb/experiments/sam3_hybrid_full/runs/predictions/v10-tuned-from-v9-tight-5/baylands_super_75_15_10_test_all
road_to_east_v1_frame_000225_301152000000,matched,1,1,1,0.847893,0.847893,0.915926,/home/ruben/halmstad_ws/datasets/final/baylands_super_75_15_10/images/test/road_to_east_v1_frame_000225_301152000000.jpg,/home/ruben/halmstad_ws/models/obb/experiments/sam3_hybrid_full/runs/predictions/v10-tuned-from-v9-tight-5/baylands_super_75_15_10_test_all
road_to_east_v1_frame_000232_308200000000,matched,1,1,1,0.907379,0.907379,0.935942,/home/ruben/halmstad_ws/datasets/final/baylands_super_75_15_10/images/test/road_to_east_v1_frame_000232_308200000000.jpg,/home/ruben/halmstad_ws/models/obb/experiments/sam3_hybrid_full/runs/predictions/v10-tuned-from-v9-tight-5/baylands_super_75_15_10_test_all
road_to_east_v1_frame_000233_309200000000,matched,1,1,1,0.890287,0.890287,0.794947,/home/ruben/halmstad_ws/datasets/final/baylands_super_75_15_10/images/test/road_to_east_v1_frame_000233_309200000000.jpg,/home/ruben/halmstad_ws/models/obb/experiments/sam3_hybrid_full/runs/predictions/v10-tuned-from-v9-tight-5/baylands_super_75_15_10_test_all
road_to_east_v1_frame_000239_315252000000,matched,1,1,1,0.707932,0.707932,0.946019,/home/ruben/halmstad_ws/datasets/final/baylands_super_75_15_10/images/test/road_to_east_v1_frame_000239_315252000000.jpg,/home/ruben/halmstad_ws/models/obb/experiments/sam3_hybrid_full/runs/predictions/v10-tuned-from-v9-tight-5/baylands_super_75_15_10_test_all
road_to_east_v2_frame_000118_236352000000,matched,1,1,1,0.805069,0.805069,0.956403,/home/ruben/halmstad_ws/datasets/final/baylands_super_75_15_10/images/test/road_to_east_v2_frame_000118_236352000000.jpg,/home/ruben/halmstad_ws/models/obb/experiments/sam3_hybrid_full/runs/predictions/v10-tuned-from-v9-tight-5/baylands_super_75_15_10_test_all
road_to_east_v2_frame_000119_237400000000,matched,1,1,1,0.890936,0.890936,0.954459,/home/ruben/halmstad_ws/datasets/final/baylands_super_75_15_10/images/test/road_to_east_v2_frame_000119_237400000000.jpg,/home/ruben/halmstad_ws/models/obb/experiments/sam3_hybrid_full/runs/predictions/v10-tuned-from-v9-tight-5/baylands_super_75_15_10_test_all
road_to_east_v2_frame_000120_238400000000,matched,1,1,1,0.699923,0.699923,0.949794,/home/ruben/halmstad_ws/datasets/final/baylands_super_75_15_10/images/test/road_to_east_v2_frame_000120_238400000000.jpg,/home/ruben/halmstad_ws/models/obb/experiments/sam3_hybrid_full/runs/predictions/v10-tuned-from-v9-tight-5/baylands_super_75_15_10_test_all
road_to_east_v2_frame_000122_240400000000,matched,1,1,1,0.90413,0.90413,0.968078,/home/ruben/halmstad_ws/datasets/final/baylands_super_75_15_10/images/test/road_to_east_v2_frame_000122_240400000000.jpg,/home/ruben/halmstad_ws/models/obb/experiments/sam3_hybrid_full/runs/predictions/v10-tuned-from-v9-tight-5/baylands_super_75_15_10_test_all
road_to_east_v2_frame_000123_241400000000,matched,1,1,1,0.671308,0.671308,0.94483,/home/ruben/halmstad_ws/datasets/final/baylands_super_75_15_10/images/test/road_to_east_v2_frame_000123_241400000000.jpg,/home/ruben/halmstad_ws/models/obb/experiments/sam3_hybrid_full/runs/predictions/v10-tuned-from-v9-tight-5/baylands_super_75_15_10_test_all
road_to_east_v2_frame_000124_242400000000,matched,1,1,1,0.90029,0.90029,0.966701,/home/ruben/halmstad_ws/datasets/final/baylands_super_75_15_10/images/test/road_to_east_v2_frame_000124_242400000000.jpg,/home/ruben/halmstad_ws/models/obb/experiments/sam3_hybrid_full/runs/predictions/v10-tuned-from-v9-tight-5/baylands_super_75_15_10_test_all
road_to_east_v2_frame_000125_243400000000,matched,1,1,1,0.939151,0.939151,0.940138,/home/ruben/halmstad_ws/datasets/final/baylands_super_75_15_10/images/test/road_to_east_v2_frame_000125_243400000000.jpg,/home/ruben/halmstad_ws/models/obb/experiments/sam3_hybrid_full/runs/predictions/v10-tuned-from-v9-tight-5/baylands_super_75_15_10_test_all
road_to_east_v2_frame_000129_248000000000,matched,1,1,1,0.824449,0.824449,0.900711,/home/ruben/halmstad_ws/datasets/final/baylands_super_75_15_10/images/test/road_to_east_v2_frame_000129_248000000000.jpg,/home/ruben/halmstad_ws/models/obb/experiments/sam3_hybrid_full/runs/predictions/v10-tuned-from-v9-tight-5/baylands_super_75_15_10_test_all
road_to_east_v2_frame_000165_289052000000,matched,1,1,1,0.888858,0.888858,0.939798,/home/ruben/halmstad_ws/datasets/final/baylands_super_75_15_10/images/test/road_to_east_v2_frame_000165_289052000000.jpg,/home/ruben/halmstad_ws/models/obb/experiments/sam3_hybrid_full/runs/predictions/v10-tuned-from-v9-tight-5/baylands_super_75_15_10_test_all
road_to_east_v2_frame_000171_295100000000,false_positive_empty,0,1,0,0.0,0.0,0.297836,/home/ruben/halmstad_ws/datasets/final/baylands_super_75_15_10/images/test/road_to_east_v2_frame_000171_295100000000.jpg,/home/ruben/halmstad_ws/models/obb/experiments/sam3_hybrid_full/runs/predictions/v10-tuned-from-v9-tight-5/baylands_super_75_15_10_test_all
road_to_east_v2_frame_000175_301652000000,correct_empty,0,0,0,0.0,0.0,,/home/ruben/halmstad_ws/datasets/final/baylands_super_75_15_10/images/test/road_to_east_v2_frame_000175_301652000000.jpg,/home/ruben/halmstad_ws/models/obb/experiments/sam3_hybrid_full/runs/predictions/v10-tuned-from-v9-tight-5/baylands_super_75_15_10_test_all
road_to_east_v2_frame_000179_305752000000,matched,1,1,1,0.787238,0.787238,0.936137,/home/ruben/halmstad_ws/datasets/final/baylands_super_75_15_10/images/test/road_to_east_v2_frame_000179_305752000000.jpg,/home/ruben/halmstad_ws/models/obb/experiments/sam3_hybrid_full/runs/predictions/v10-tuned-from-v9-tight-5/baylands_super_75_15_10_test_all
road_to_east_v2_frame_000183_310200000000,correct_empty,0,0,0,0.0,0.0,,/home/ruben/halmstad_ws/datasets/final/baylands_super_75_15_10/images/test/road_to_east_v2_frame_000183_310200000000.jpg,/home/ruben/halmstad_ws/models/obb/experiments/sam3_hybrid_full/runs/predictions/v10-tuned-from-v9-tight-5/baylands_super_75_15_10_test_all
road_to_east_v2_frame_000185_312252000000,matched,1,1,1,0.818687,0.818687,0.940892,/home/ruben/halmstad_ws/datasets/final/baylands_super_75_15_10/images/test/road_to_east_v2_frame_000185_312252000000.jpg,/home/ruben/halmstad_ws/models/obb/experiments/sam3_hybrid_full/runs/predictions/v10-tuned-from-v9-tight-5/baylands_super_75_15_10_test_all
road_to_east_v2_frame_000187_314252000000,matched,1,1,1,0.631335,0.631335,0.948693,/home/ruben/halmstad_ws/datasets/final/baylands_super_75_15_10/images/test/road_to_east_v2_frame_000187_314252000000.jpg,/home/ruben/halmstad_ws/models/obb/experiments/sam3_hybrid_full/runs/predictions/v10-tuned-from-v9-tight-5/baylands_super_75_15_10_test_all
road_to_east_v4_frame_000025_234400000000,matched,1,1,1,0.780185,0.780185,0.908801,/home/ruben/halmstad_ws/datasets/final/baylands_super_75_15_10/images/test/road_to_east_v4_frame_000025_234400000000.jpg,/home/ruben/halmstad_ws/models/obb/experiments/sam3_hybrid_full/runs/predictions/v10-tuned-from-v9-tight-5/baylands_super_75_15_10_test_all
road_to_east_v4_frame_000026_238500000000,matched,1,1,1,0.901824,0.901824,0.916307,/home/ruben/halmstad_ws/datasets/final/baylands_super_75_15_10/images/test/road_to_east_v4_frame_000026_238500000000.jpg,/home/ruben/halmstad_ws/models/obb/experiments/sam3_hybrid_full/runs/predictions/v10-tuned-from-v9-tight-5/baylands_super_75_15_10_test_all
road_to_east_v4_frame_000027_242500000000,correct_empty,0,0,0,0.0,0.0,,/home/ruben/halmstad_ws/datasets/final/baylands_super_75_15_10/images/test/road_to_east_v4_frame_000027_242500000000.jpg,/home/ruben/halmstad_ws/models/obb/experiments/sam3_hybrid_full/runs/predictions/v10-tuned-from-v9-tight-5/baylands_super_75_15_10_test_all
road_to_east_v4_frame_000028_246500000000,matched,1,1,1,0.356956,0.356956,0.808939,/home/ruben/halmstad_ws/datasets/final/baylands_super_75_15_10/images/test/road_to_east_v4_frame_000028_246500000000.jpg,/home/ruben/halmstad_ws/models/obb/experiments/sam3_hybrid_full/runs/predictions/v10-tuned-from-v9-tight-5/baylands_super_75_15_10_test_all
road_to_east_v4_frame_000029_250500000000,matched,1,1,1,0.0,0.0,0.952792,/home/ruben/halmstad_ws/datasets/final/baylands_super_75_15_10/images/test/road_to_east_v4_frame_000029_250500000000.jpg,/home/ruben/halmstad_ws/models/obb/experiments/sam3_hybrid_full/runs/predictions/v10-tuned-from-v9-tight-5/baylands_super_75_15_10_test_all
road_to_east_v4_frame_000038_286600000000,matched,1,1,1,0.91742,0.91742,0.952077,/home/ruben/halmstad_ws/datasets/final/baylands_super_75_15_10/images/test/road_to_east_v4_frame_000038_286600000000.jpg,/home/ruben/halmstad_ws/models/obb/experiments/sam3_hybrid_full/runs/predictions/v10-tuned-from-v9-tight-5/baylands_super_75_15_10_test_all
road_to_east_v4_frame_000039_290600000000,matched,1,1,1,0.936662,0.936662,0.955566,/home/ruben/halmstad_ws/datasets/final/baylands_super_75_15_10/images/test/road_to_east_v4_frame_000039_290600000000.jpg,/home/ruben/halmstad_ws/models/obb/experiments/sam3_hybrid_full/runs/predictions/v10-tuned-from-v9-tight-5/baylands_super_75_15_10_test_all
road_to_east_v5_frame_000135_237752000000,matched,1,1,1,0.900825,0.900825,0.951275,/home/ruben/halmstad_ws/datasets/final/baylands_super_75_15_10/images/test/road_to_east_v5_frame_000135_237752000000.jpg,/home/ruben/halmstad_ws/models/obb/experiments/sam3_hybrid_full/runs/predictions/v10-tuned-from-v9-tight-5/baylands_super_75_15_10_test_all
road_to_east_v5_frame_000136_238752000000,matched,1,1,1,0.946154,0.946154,0.960737,/home/ruben/halmstad_ws/datasets/final/baylands_super_75_15_10/images/test/road_to_east_v5_frame_000136_238752000000.jpg,/home/ruben/halmstad_ws/models/obb/experiments/sam3_hybrid_full/runs/predictions/v10-tuned-from-v9-tight-5/baylands_super_75_15_10_test_all
road_to_east_v5_frame_000137_239752000000,matched,1,1,1,0.896705,0.896705,0.968128,/home/ruben/halmstad_ws/datasets/final/baylands_super_75_15_10/images/test/road_to_east_v5_frame_000137_239752000000.jpg,/home/ruben/halmstad_ws/models/obb/experiments/sam3_hybrid_full/runs/predictions/v10-tuned-from-v9-tight-5/baylands_super_75_15_10_test_all
road_to_east_v5_frame_000138_240752000000,matched,1,1,1,0.839593,0.839593,0.925266,/home/ruben/halmstad_ws/datasets/final/baylands_super_75_15_10/images/test/road_to_east_v5_frame_000138_240752000000.jpg,/home/ruben/halmstad_ws/models/obb/experiments/sam3_hybrid_full/runs/predictions/v10-tuned-from-v9-tight-5/baylands_super_75_15_10_test_all
road_to_east_v5_frame_000144_246800000000,matched,1,1,1,0.684993,0.684993,0.923135,/home/ruben/halmstad_ws/datasets/final/baylands_super_75_15_10/images/test/road_to_east_v5_frame_000144_246800000000.jpg,/home/ruben/halmstad_ws/models/obb/experiments/sam3_hybrid_full/runs/predictions/v10-tuned-from-v9-tight-5/baylands_super_75_15_10_test_all
road_to_east_v5_frame_000146_248800000000,matched,1,1,1,0.88774,0.88774,0.944079,/home/ruben/halmstad_ws/datasets/final/baylands_super_75_15_10/images/test/road_to_east_v5_frame_000146_248800000000.jpg,/home/ruben/halmstad_ws/models/obb/experiments/sam3_hybrid_full/runs/predictions/v10-tuned-from-v9-tight-5/baylands_super_75_15_10_test_all
road_to_east_v5_frame_000179_286800000000,matched,1,1,1,0.464659,0.464659,0.886951,/home/ruben/halmstad_ws/datasets/final/baylands_super_75_15_10/images/test/road_to_east_v5_frame_000179_286800000000.jpg,/home/ruben/halmstad_ws/models/obb/experiments/sam3_hybrid_full/runs/predictions/v10-tuned-from-v9-tight-5/baylands_super_75_15_10_test_all
road_to_east_v5_frame_000180_287800000000,matched,1,1,1,0.964106,0.964106,0.957643,/home/ruben/halmstad_ws/datasets/final/baylands_super_75_15_10/images/test/road_to_east_v5_frame_000180_287800000000.jpg,/home/ruben/halmstad_ws/models/obb/experiments/sam3_hybrid_full/runs/predictions/v10-tuned-from-v9-tight-5/baylands_super_75_15_10_test_all
road_to_east_v5_frame_000190_297952000000,matched,1,1,1,0.836175,0.836175,0.926376,/home/ruben/halmstad_ws/datasets/final/baylands_super_75_15_10/images/test/road_to_east_v5_frame_000190_297952000000.jpg,/home/ruben/halmstad_ws/models/obb/experiments/sam3_hybrid_full/runs/predictions/v10-tuned-from-v9-tight-5/baylands_super_75_15_10_test_all
road_to_east_v5_frame_000191_298952000000,matched,1,1,1,0.80817,0.80817,0.946861,/home/ruben/halmstad_ws/datasets/final/baylands_super_75_15_10/images/test/road_to_east_v5_frame_000191_298952000000.jpg,/home/ruben/halmstad_ws/models/obb/experiments/sam3_hybrid_full/runs/predictions/v10-tuned-from-v9-tight-5/baylands_super_75_15_10_test_all
road_to_east_v5_frame_000199_311400000000,matched,1,1,1,0.744059,0.744059,0.910479,/home/ruben/halmstad_ws/datasets/final/baylands_super_75_15_10/images/test/road_to_east_v5_frame_000199_311400000000.jpg,/home/ruben/halmstad_ws/models/obb/experiments/sam3_hybrid_full/runs/predictions/v10-tuned-from-v9-tight-5/baylands_super_75_15_10_test_all
road_to_east_v5_frame_000201_314552000000,matched,1,1,1,0.818951,0.818951,0.921786,/home/ruben/halmstad_ws/datasets/final/baylands_super_75_15_10/images/test/road_to_east_v5_frame_000201_314552000000.jpg,/home/ruben/halmstad_ws/models/obb/experiments/sam3_hybrid_full/runs/predictions/v10-tuned-from-v9-tight-5/baylands_super_75_15_10_test_all
road_to_spawn_v1_frame_000114_195300000000,matched,1,1,1,0.970382,0.970382,0.954983,/home/ruben/halmstad_ws/datasets/final/baylands_super_75_15_10/images/test/road_to_spawn_v1_frame_000114_195300000000.jpg,/home/ruben/halmstad_ws/models/obb/experiments/sam3_hybrid_full/runs/predictions/v10-tuned-from-v9-tight-5/baylands_super_75_15_10_test_all
road_to_spawn_v1_frame_000118_199300000000,matched,1,1,1,0.519687,0.519687,0.932668,/home/ruben/halmstad_ws/datasets/final/baylands_super_75_15_10/images/test/road_to_spawn_v1_frame_000118_199300000000.jpg,/home/ruben/halmstad_ws/models/obb/experiments/sam3_hybrid_full/runs/predictions/v10-tuned-from-v9-tight-5/baylands_super_75_15_10_test_all
road_to_spawn_v1_frame_000119_200300000000,matched,1,1,1,0.391485,0.391485,0.917685,/home/ruben/halmstad_ws/datasets/final/baylands_super_75_15_10/images/test/road_to_spawn_v1_frame_000119_200300000000.jpg,/home/ruben/halmstad_ws/models/obb/experiments/sam3_hybrid_full/runs/predictions/v10-tuned-from-v9-tight-5/baylands_super_75_15_10_test_all
road_to_spawn_v1_frame_000120_201300000000,matched,1,1,1,0.630579,0.630579,0.929214,/home/ruben/halmstad_ws/datasets/final/baylands_super_75_15_10/images/test/road_to_spawn_v1_frame_000120_201300000000.jpg,/home/ruben/halmstad_ws/models/obb/experiments/sam3_hybrid_full/runs/predictions/v10-tuned-from-v9-tight-5/baylands_super_75_15_10_test_all
road_to_spawn_v1_frame_000122_203352000000,matched,1,1,1,0.869913,0.869913,0.954968,/home/ruben/halmstad_ws/datasets/final/baylands_super_75_15_10/images/test/road_to_spawn_v1_frame_000122_203352000000.jpg,/home/ruben/halmstad_ws/models/obb/experiments/sam3_hybrid_full/runs/predictions/v10-tuned-from-v9-tight-5/baylands_super_75_15_10_test_all
road_to_spawn_v2_frame_000020_198100000000,matched,1,1,1,0.734243,0.734243,0.941398,/home/ruben/halmstad_ws/datasets/final/baylands_super_75_15_10/images/test/road_to_spawn_v2_frame_000020_198100000000.jpg,/home/ruben/halmstad_ws/models/obb/experiments/sam3_hybrid_full/runs/predictions/v10-tuned-from-v9-tight-5/baylands_super_75_15_10_test_all
road_to_spawn_v2_frame_000021_202100000000,matched,1,1,1,0.911304,0.911304,0.956718,/home/ruben/halmstad_ws/datasets/final/baylands_super_75_15_10/images/test/road_to_spawn_v2_frame_000021_202100000000.jpg,/home/ruben/halmstad_ws/models/obb/experiments/sam3_hybrid_full/runs/predictions/v10-tuned-from-v9-tight-5/baylands_super_75_15_10_test_all
road_to_spawn_v3_frame_000115_196200000000,matched,1,1,1,0.570397,0.570397,0.957033,/home/ruben/halmstad_ws/datasets/final/baylands_super_75_15_10/images/test/road_to_spawn_v3_frame_000115_196200000000.jpg,/home/ruben/halmstad_ws/models/obb/experiments/sam3_hybrid_full/runs/predictions/v10-tuned-from-v9-tight-5/baylands_super_75_15_10_test_all
road_to_spawn_v3_frame_000116_197152000000,matched,1,1,1,0.928933,0.928933,0.969528,/home/ruben/halmstad_ws/datasets/final/baylands_super_75_15_10/images/test/road_to_spawn_v3_frame_000116_197152000000.jpg,/home/ruben/halmstad_ws/models/obb/experiments/sam3_hybrid_full/runs/predictions/v10-tuned-from-v9-tight-5/baylands_super_75_15_10_test_all
road_to_spawn_v3_frame_000117_198200000000,matched,1,1,1,0.904864,0.904864,0.965301,/home/ruben/halmstad_ws/datasets/final/baylands_super_75_15_10/images/test/road_to_spawn_v3_frame_000117_198200000000.jpg,/home/ruben/halmstad_ws/models/obb/experiments/sam3_hybrid_full/runs/predictions/v10-tuned-from-v9-tight-5/baylands_super_75_15_10_test_all
road_to_spawn_v3_frame_000118_199200000000,matched,1,1,1,0.943153,0.943153,0.962421,/home/ruben/halmstad_ws/datasets/final/baylands_super_75_15_10/images/test/road_to_spawn_v3_frame_000118_199200000000.jpg,/home/ruben/halmstad_ws/models/obb/experiments/sam3_hybrid_full/runs/predictions/v10-tuned-from-v9-tight-5/baylands_super_75_15_10_test_all
road_to_spawn_v3_frame_000119_200200000000,matched,1,1,1,0.840199,0.840199,0.943006,/home/ruben/halmstad_ws/datasets/final/baylands_super_75_15_10/images/test/road_to_spawn_v3_frame_000119_200200000000.jpg,/home/ruben/halmstad_ws/models/obb/experiments/sam3_hybrid_full/runs/predictions/v10-tuned-from-v9-tight-5/baylands_super_75_15_10_test_all
road_to_spawn_v3_frame_000120_201200000000,matched,1,1,1,0.909669,0.909669,0.938544,/home/ruben/halmstad_ws/datasets/final/baylands_super_75_15_10/images/test/road_to_spawn_v3_frame_000120_201200000000.jpg,/home/ruben/halmstad_ws/models/obb/experiments/sam3_hybrid_full/runs/predictions/v10-tuned-from-v9-tight-5/baylands_super_75_15_10_test_all
road_to_spawn_v3_frame_000122_203252000000,matched,1,1,1,0.869669,0.869669,0.925076,/home/ruben/halmstad_ws/datasets/final/baylands_super_75_15_10/images/test/road_to_spawn_v3_frame_000122_203252000000.jpg,/home/ruben/halmstad_ws/models/obb/experiments/sam3_hybrid_full/runs/predictions/v10-tuned-from-v9-tight-5/baylands_super_75_15_10_test_all
road_to_spawn_v3_frame_000125_206252000000,matched,1,1,1,0.806143,0.806143,0.915039,/home/ruben/halmstad_ws/datasets/final/baylands_super_75_15_10/images/test/road_to_spawn_v3_frame_000125_206252000000.jpg,/home/ruben/halmstad_ws/models/obb/experiments/sam3_hybrid_full/runs/predictions/v10-tuned-from-v9-tight-5/baylands_super_75_15_10_test_all
road_to_spawn_v3_frame_000126_207300000000,multi_prediction,1,2,1,0.702226,0.702226,0.938722,/home/ruben/halmstad_ws/datasets/final/baylands_super_75_15_10/images/test/road_to_spawn_v3_frame_000126_207300000000.jpg,/home/ruben/halmstad_ws/models/obb/experiments/sam3_hybrid_full/runs/predictions/v10-tuned-from-v9-tight-5/baylands_super_75_15_10_test_all
road_to_spawn_v5_frame_000128_195500000000,matched,1,1,1,0.963573,0.963573,0.969478,/home/ruben/halmstad_ws/datasets/final/baylands_super_75_15_10/images/test/road_to_spawn_v5_frame_000128_195500000000.jpg,/home/ruben/halmstad_ws/models/obb/experiments/sam3_hybrid_full/runs/predictions/v10-tuned-from-v9-tight-5/baylands_super_75_15_10_test_all
road_to_spawn_v5_frame_000129_196500000000,matched,1,1,1,0.881981,0.881981,0.965497,/home/ruben/halmstad_ws/datasets/final/baylands_super_75_15_10/images/test/road_to_spawn_v5_frame_000129_196500000000.jpg,/home/ruben/halmstad_ws/models/obb/experiments/sam3_hybrid_full/runs/predictions/v10-tuned-from-v9-tight-5/baylands_super_75_15_10_test_all
road_to_spawn_v5_frame_000130_197500000000,matched,1,1,1,0.882326,0.882326,0.958828,/home/ruben/halmstad_ws/datasets/final/baylands_super_75_15_10/images/test/road_to_spawn_v5_frame_000130_197500000000.jpg,/home/ruben/halmstad_ws/models/obb/experiments/sam3_hybrid_full/runs/predictions/v10-tuned-from-v9-tight-5/baylands_super_75_15_10_test_all
road_to_spawn_v5_frame_000133_200552000000,matched,1,1,1,0.901407,0.901407,0.964838,/home/ruben/halmstad_ws/datasets/final/baylands_super_75_15_10/images/test/road_to_spawn_v5_frame_000133_200552000000.jpg,/home/ruben/halmstad_ws/models/obb/experiments/sam3_hybrid_full/runs/predictions/v10-tuned-from-v9-tight-5/baylands_super_75_15_10_test_all
road_to_spawn_v5_frame_000134_201552000000,matched,1,1,1,0.913092,0.913092,0.967937,/home/ruben/halmstad_ws/datasets/final/baylands_super_75_15_10/images/test/road_to_spawn_v5_frame_000134_201552000000.jpg,/home/ruben/halmstad_ws/models/obb/experiments/sam3_hybrid_full/runs/predictions/v10-tuned-from-v9-tight-5/baylands_super_75_15_10_test_all
road_to_spawn_v5_frame_000135_202552000000,matched,1,1,1,0.945196,0.945196,0.965558,/home/ruben/halmstad_ws/datasets/final/baylands_super_75_15_10/images/test/road_to_spawn_v5_frame_000135_202552000000.jpg,/home/ruben/halmstad_ws/models/obb/experiments/sam3_hybrid_full/runs/predictions/v10-tuned-from-v9-tight-5/baylands_super_75_15_10_test_all
road_to_spawn_v5_frame_000136_203600000000,matched,1,1,1,0.969038,0.969038,0.960963,/home/ruben/halmstad_ws/datasets/final/baylands_super_75_15_10/images/test/road_to_spawn_v5_frame_000136_203600000000.jpg,/home/ruben/halmstad_ws/models/obb/experiments/sam3_hybrid_full/runs/predictions/v10-tuned-from-v9-tight-5/baylands_super_75_15_10_test_all
road_to_spawn_v5_frame_000138_205600000000,matched,1,1,1,0.928,0.928,0.966945,/home/ruben/halmstad_ws/datasets/final/baylands_super_75_15_10/images/test/road_to_spawn_v5_frame_000138_205600000000.jpg,/home/ruben/halmstad_ws/models/obb/experiments/sam3_hybrid_full/runs/predictions/v10-tuned-from-v9-tight-5/baylands_super_75_15_10_test_all
road_to_spawn_v5_frame_000139_206600000000,matched,1,1,1,0.913288,0.913288,0.967679,/home/ruben/halmstad_ws/datasets/final/baylands_super_75_15_10/images/test/road_to_spawn_v5_frame_000139_206600000000.jpg,/home/ruben/halmstad_ws/models/obb/experiments/sam3_hybrid_full/runs/predictions/v10-tuned-from-v9-tight-5/baylands_super_75_15_10_test_all
road_to_strip_v1_frame_000101_273800000000,matched,1,1,1,0.759107,0.759107,0.909857,/home/ruben/halmstad_ws/datasets/final/baylands_super_75_15_10/images/test/road_to_strip_v1_frame_000101_273800000000.jpg,/home/ruben/halmstad_ws/models/obb/experiments/sam3_hybrid_full/runs/predictions/v10-tuned-from-v9-tight-5/baylands_super_75_15_10_test_all
road_to_strip_v1_frame_000119_291952000000,matched,1,1,1,0.937424,0.937424,0.950516,/home/ruben/halmstad_ws/datasets/final/baylands_super_75_15_10/images/test/road_to_strip_v1_frame_000119_291952000000.jpg,/home/ruben/halmstad_ws/models/obb/experiments/sam3_hybrid_full/runs/predictions/v10-tuned-from-v9-tight-5/baylands_super_75_15_10_test_all
road_to_strip_v1_frame_000120_293000000000,matched,1,1,1,0.699675,0.699675,0.944009,/home/ruben/halmstad_ws/datasets/final/baylands_super_75_15_10/images/test/road_to_strip_v1_frame_000120_293000000000.jpg,/home/ruben/halmstad_ws/models/obb/experiments/sam3_hybrid_full/runs/predictions/v10-tuned-from-v9-tight-5/baylands_super_75_15_10_test_all
road_to_strip_v1_frame_000122_295000000000,matched,1,1,1,0.640675,0.640675,0.945119,/home/ruben/halmstad_ws/datasets/final/baylands_super_75_15_10/images/test/road_to_strip_v1_frame_000122_295000000000.jpg,/home/ruben/halmstad_ws/models/obb/experiments/sam3_hybrid_full/runs/predictions/v10-tuned-from-v9-tight-5/baylands_super_75_15_10_test_all
road_to_strip_v1_frame_000123_296000000000,matched,1,1,1,0.769209,0.769209,0.924789,/home/ruben/halmstad_ws/datasets/final/baylands_super_75_15_10/images/test/road_to_strip_v1_frame_000123_296000000000.jpg,/home/ruben/halmstad_ws/models/obb/experiments/sam3_hybrid_full/runs/predictions/v10-tuned-from-v9-tight-5/baylands_super_75_15_10_test_all
road_to_strip_v1_frame_000124_297000000000,matched,1,1,1,0.899516,0.899516,0.928641,/home/ruben/halmstad_ws/datasets/final/baylands_super_75_15_10/images/test/road_to_strip_v1_frame_000124_297000000000.jpg,/home/ruben/halmstad_ws/models/obb/experiments/sam3_hybrid_full/runs/predictions/v10-tuned-from-v9-tight-5/baylands_super_75_15_10_test_all
road_to_strip_v2_frame_000083_145452000000,matched,1,1,1,0.939718,0.939718,0.960251,/home/ruben/halmstad_ws/datasets/final/baylands_super_75_15_10/images/test/road_to_strip_v2_frame_000083_145452000000.jpg,/home/ruben/halmstad_ws/models/obb/experiments/sam3_hybrid_full/runs/predictions/v10-tuned-from-v9-tight-5/baylands_super_75_15_10_test_all
road_to_strip_v2_frame_000084_146452000000,matched,1,1,1,0.930872,0.930872,0.967323,/home/ruben/halmstad_ws/datasets/final/baylands_super_75_15_10/images/test/road_to_strip_v2_frame_000084_146452000000.jpg,/home/ruben/halmstad_ws/models/obb/experiments/sam3_hybrid_full/runs/predictions/v10-tuned-from-v9-tight-5/baylands_super_75_15_10_test_all
road_to_strip_v2_frame_000085_147452000000,matched,1,1,1,0.693963,0.693963,0.95543,/home/ruben/halmstad_ws/datasets/final/baylands_super_75_15_10/images/test/road_to_strip_v2_frame_000085_147452000000.jpg,/home/ruben/halmstad_ws/models/obb/experiments/sam3_hybrid_full/runs/predictions/v10-tuned-from-v9-tight-5/baylands_super_75_15_10_test_all
road_to_strip_v2_frame_000086_148452000000,matched,1,1,1,0.931502,0.931502,0.962459,/home/ruben/halmstad_ws/datasets/final/baylands_super_75_15_10/images/test/road_to_strip_v2_frame_000086_148452000000.jpg,/home/ruben/halmstad_ws/models/obb/experiments/sam3_hybrid_full/runs/predictions/v10-tuned-from-v9-tight-5/baylands_super_75_15_10_test_all
road_to_strip_v2_frame_000087_149452000000,matched,1,1,1,0.906653,0.906653,0.942428,/home/ruben/halmstad_ws/datasets/final/baylands_super_75_15_10/images/test/road_to_strip_v2_frame_000087_149452000000.jpg,/home/ruben/halmstad_ws/models/obb/experiments/sam3_hybrid_full/runs/predictions/v10-tuned-from-v9-tight-5/baylands_super_75_15_10_test_all
road_to_strip_v2_frame_000088_150500000000,matched,1,1,1,0.923094,0.923094,0.96314,/home/ruben/halmstad_ws/datasets/final/baylands_super_75_15_10/images/test/road_to_strip_v2_frame_000088_150500000000.jpg,/home/ruben/halmstad_ws/models/obb/experiments/sam3_hybrid_full/runs/predictions/v10-tuned-from-v9-tight-5/baylands_super_75_15_10_test_all
road_to_strip_v2_frame_000089_151500000000,matched,1,1,1,0.938989,0.938989,0.968235,/home/ruben/halmstad_ws/datasets/final/baylands_super_75_15_10/images/test/road_to_strip_v2_frame_000089_151500000000.jpg,/home/ruben/halmstad_ws/models/obb/experiments/sam3_hybrid_full/runs/predictions/v10-tuned-from-v9-tight-5/baylands_super_75_15_10_test_all
road_to_strip_v2_frame_000090_152552000000,matched,1,1,1,0.933573,0.933573,0.95336,/home/ruben/halmstad_ws/datasets/final/baylands_super_75_15_10/images/test/road_to_strip_v2_frame_000090_152552000000.jpg,/home/ruben/halmstad_ws/models/obb/experiments/sam3_hybrid_full/runs/predictions/v10-tuned-from-v9-tight-5/baylands_super_75_15_10_test_all
road_to_strip_v2_frame_000091_153552000000,matched,1,1,1,0.944577,0.944577,0.938686,/home/ruben/halmstad_ws/datasets/final/baylands_super_75_15_10/images/test/road_to_strip_v2_frame_000091_153552000000.jpg,/home/ruben/halmstad_ws/models/obb/experiments/sam3_hybrid_full/runs/predictions/v10-tuned-from-v9-tight-5/baylands_super_75_15_10_test_all
road_to_strip_v2_frame_000092_154552000000,correct_empty,0,0,0,0.0,0.0,,/home/ruben/halmstad_ws/datasets/final/baylands_super_75_15_10/images/test/road_to_strip_v2_frame_000092_154552000000.jpg,/home/ruben/halmstad_ws/models/obb/experiments/sam3_hybrid_full/runs/predictions/v10-tuned-from-v9-tight-5/baylands_super_75_15_10_test_all
road_to_strip_v2_frame_000093_155552000000,correct_empty,0,0,0,0.0,0.0,,/home/ruben/halmstad_ws/datasets/final/baylands_super_75_15_10/images/test/road_to_strip_v2_frame_000093_155552000000.jpg,/home/ruben/halmstad_ws/models/obb/experiments/sam3_hybrid_full/runs/predictions/v10-tuned-from-v9-tight-5/baylands_super_75_15_10_test_all
road_to_strip_v2_frame_000094_156600000000,matched,1,1,1,0.588715,0.588715,0.92793,/home/ruben/halmstad_ws/datasets/final/baylands_super_75_15_10/images/test/road_to_strip_v2_frame_000094_156600000000.jpg,/home/ruben/halmstad_ws/models/obb/experiments/sam3_hybrid_full/runs/predictions/v10-tuned-from-v9-tight-5/baylands_super_75_15_10_test_all
road_to_strip_v2_frame_000095_157600000000,correct_empty,0,0,0,0.0,0.0,,/home/ruben/halmstad_ws/datasets/final/baylands_super_75_15_10/images/test/road_to_strip_v2_frame_000095_157600000000.jpg,/home/ruben/halmstad_ws/models/obb/experiments/sam3_hybrid_full/runs/predictions/v10-tuned-from-v9-tight-5/baylands_super_75_15_10_test_all
road_to_strip_v2_frame_000096_158600000000,correct_empty,0,0,0,0.0,0.0,,/home/ruben/halmstad_ws/datasets/final/baylands_super_75_15_10/images/test/road_to_strip_v2_frame_000096_158600000000.jpg,/home/ruben/halmstad_ws/models/obb/experiments/sam3_hybrid_full/runs/predictions/v10-tuned-from-v9-tight-5/baylands_super_75_15_10_test_all
road_to_strip_v2_frame_000097_159652000000,correct_empty,0,0,0,0.0,0.0,,/home/ruben/halmstad_ws/datasets/final/baylands_super_75_15_10/images/test/road_to_strip_v2_frame_000097_159652000000.jpg,/home/ruben/halmstad_ws/models/obb/experiments/sam3_hybrid_full/runs/predictions/v10-tuned-from-v9-tight-5/baylands_super_75_15_10_test_all
road_to_strip_v3_frame_000041_145952000000,matched,1,1,1,0.9159,0.9159,0.955835,/home/ruben/halmstad_ws/datasets/final/baylands_super_75_15_10/images/test/road_to_strip_v3_frame_000041_145952000000.jpg,/home/ruben/halmstad_ws/models/obb/experiments/sam3_hybrid_full/runs/predictions/v10-tuned-from-v9-tight-5/baylands_super_75_15_10_test_all
road_to_strip_v3_frame_000047_152000000000,matched,1,1,1,0.898615,0.898615,0.968868,/home/ruben/halmstad_ws/datasets/final/baylands_super_75_15_10/images/test/road_to_strip_v3_frame_000047_152000000000.jpg,/home/ruben/halmstad_ws/models/obb/experiments/sam3_hybrid_full/runs/predictions/v10-tuned-from-v9-tight-5/baylands_super_75_15_10_test_all
road_to_strip_v3_frame_000049_154052000000,matched,1,1,1,0.961209,0.961209,0.965559,/home/ruben/halmstad_ws/datasets/final/baylands_super_75_15_10/images/test/road_to_strip_v3_frame_000049_154052000000.jpg,/home/ruben/halmstad_ws/models/obb/experiments/sam3_hybrid_full/runs/predictions/v10-tuned-from-v9-tight-5/baylands_super_75_15_10_test_all
road_to_strip_v3_frame_000050_155052000000,matched,1,1,1,0.924987,0.924987,0.971994,/home/ruben/halmstad_ws/datasets/final/baylands_super_75_15_10/images/test/road_to_strip_v3_frame_000050_155052000000.jpg,/home/ruben/halmstad_ws/models/obb/experiments/sam3_hybrid_full/runs/predictions/v10-tuned-from-v9-tight-5/baylands_super_75_15_10_test_all
road_to_strip_v3_frame_000051_156100000000,matched,1,1,1,0.912429,0.912429,0.968131,/home/ruben/halmstad_ws/datasets/final/baylands_super_75_15_10/images/test/road_to_strip_v3_frame_000051_156100000000.jpg,/home/ruben/halmstad_ws/models/obb/experiments/sam3_hybrid_full/runs/predictions/v10-tuned-from-v9-tight-5/baylands_super_75_15_10_test_all
road_to_strip_v3_frame_000052_157100000000,matched,1,1,1,0.886563,0.886563,0.957517,/home/ruben/halmstad_ws/datasets/final/baylands_super_75_15_10/images/test/road_to_strip_v3_frame_000052_157100000000.jpg,/home/ruben/halmstad_ws/models/obb/experiments/sam3_hybrid_full/runs/predictions/v10-tuned-from-v9-tight-5/baylands_super_75_15_10_test_all
road_to_strip_v3_frame_000053_158100000000,matched,1,1,1,0.883585,0.883585,0.955731,/home/ruben/halmstad_ws/datasets/final/baylands_super_75_15_10/images/test/road_to_strip_v3_frame_000053_158100000000.jpg,/home/ruben/halmstad_ws/models/obb/experiments/sam3_hybrid_full/runs/predictions/v10-tuned-from-v9-tight-5/baylands_super_75_15_10_test_all
road_to_strip_v3_frame_000056_161152000000,matched,1,1,1,0.966556,0.966556,0.954449,/home/ruben/halmstad_ws/datasets/final/baylands_super_75_15_10/images/test/road_to_strip_v3_frame_000056_161152000000.jpg,/home/ruben/halmstad_ws/models/obb/experiments/sam3_hybrid_full/runs/predictions/v10-tuned-from-v9-tight-5/baylands_super_75_15_10_test_all
road_to_strip_v3_frame_000142_263800000000,matched,1,1,1,0.922908,0.922908,0.97488,/home/ruben/halmstad_ws/datasets/final/baylands_super_75_15_10/images/test/road_to_strip_v3_frame_000142_263800000000.jpg,/home/ruben/halmstad_ws/models/obb/experiments/sam3_hybrid_full/runs/predictions/v10-tuned-from-v9-tight-5/baylands_super_75_15_10_test_all
road_to_strip_v3_frame_000143_264800000000,matched,1,1,1,0.922678,0.922678,0.970303,/home/ruben/halmstad_ws/datasets/final/baylands_super_75_15_10/images/test/road_to_strip_v3_frame_000143_264800000000.jpg,/home/ruben/halmstad_ws/models/obb/experiments/sam3_hybrid_full/runs/predictions/v10-tuned-from-v9-tight-5/baylands_super_75_15_10_test_all
road_to_strip_v3_frame_000145_266852000000,matched,1,1,1,0.947544,0.947544,0.962917,/home/ruben/halmstad_ws/datasets/final/baylands_super_75_15_10/images/test/road_to_strip_v3_frame_000145_266852000000.jpg,/home/ruben/halmstad_ws/models/obb/experiments/sam3_hybrid_full/runs/predictions/v10-tuned-from-v9-tight-5/baylands_super_75_15_10_test_all
road_to_strip_v3_frame_000147_268852000000,matched,1,1,1,0.913164,0.913164,0.965051,/home/ruben/halmstad_ws/datasets/final/baylands_super_75_15_10/images/test/road_to_strip_v3_frame_000147_268852000000.jpg,/home/ruben/halmstad_ws/models/obb/experiments/sam3_hybrid_full/runs/predictions/v10-tuned-from-v9-tight-5/baylands_super_75_15_10_test_all
road_to_strip_v3_frame_000148_269900000000,matched,1,1,1,0.792378,0.792378,0.831243,/home/ruben/halmstad_ws/datasets/final/baylands_super_75_15_10/images/test/road_to_strip_v3_frame_000148_269900000000.jpg,/home/ruben/halmstad_ws/models/obb/experiments/sam3_hybrid_full/runs/predictions/v10-tuned-from-v9-tight-5/baylands_super_75_15_10_test_all
road_to_strip_v3_frame_000150_278400000000,matched,1,1,1,0.872686,0.872686,0.93971,/home/ruben/halmstad_ws/datasets/final/baylands_super_75_15_10/images/test/road_to_strip_v3_frame_000150_278400000000.jpg,/home/ruben/halmstad_ws/models/obb/experiments/sam3_hybrid_full/runs/predictions/v10-tuned-from-v9-tight-5/baylands_super_75_15_10_test_all
road_to_strip_v3_frame_000152_280400000000,matched,1,1,1,0.925853,0.925853,0.945059,/home/ruben/halmstad_ws/datasets/final/baylands_super_75_15_10/images/test/road_to_strip_v3_frame_000152_280400000000.jpg,/home/ruben/halmstad_ws/models/obb/experiments/sam3_hybrid_full/runs/predictions/v10-tuned-from-v9-tight-5/baylands_super_75_15_10_test_all
road_to_strip_v3_frame_000153_281452000000,matched,1,1,1,0.741202,0.741202,0.930077,/home/ruben/halmstad_ws/datasets/final/baylands_super_75_15_10/images/test/road_to_strip_v3_frame_000153_281452000000.jpg,/home/ruben/halmstad_ws/models/obb/experiments/sam3_hybrid_full/runs/predictions/v10-tuned-from-v9-tight-5/baylands_super_75_15_10_test_all
road_to_strip_v3_frame_000155_283452000000,matched,1,1,1,0.609874,0.609874,0.891249,/home/ruben/halmstad_ws/datasets/final/baylands_super_75_15_10/images/test/road_to_strip_v3_frame_000155_283452000000.jpg,/home/ruben/halmstad_ws/models/obb/experiments/sam3_hybrid_full/runs/predictions/v10-tuned-from-v9-tight-5/baylands_super_75_15_10_test_all
road_to_strip_v3_frame_000156_284452000000,matched,1,1,1,0.628736,0.628736,0.923665,/home/ruben/halmstad_ws/datasets/final/baylands_super_75_15_10/images/test/road_to_strip_v3_frame_000156_284452000000.jpg,/home/ruben/halmstad_ws/models/obb/experiments/sam3_hybrid_full/runs/predictions/v10-tuned-from-v9-tight-5/baylands_super_75_15_10_test_all
road_to_strip_v3_frame_000157_285452000000,matched,1,1,1,0.946481,0.946481,0.969698,/home/ruben/halmstad_ws/datasets/final/baylands_super_75_15_10/images/test/road_to_strip_v3_frame_000157_285452000000.jpg,/home/ruben/halmstad_ws/models/obb/experiments/sam3_hybrid_full/runs/predictions/v10-tuned-from-v9-tight-5/baylands_super_75_15_10_test_all
road_to_strip_v3_frame_000158_286452000000,matched,1,1,1,0.748701,0.748701,0.966363,/home/ruben/halmstad_ws/datasets/final/baylands_super_75_15_10/images/test/road_to_strip_v3_frame_000158_286452000000.jpg,/home/ruben/halmstad_ws/models/obb/experiments/sam3_hybrid_full/runs/predictions/v10-tuned-from-v9-tight-5/baylands_super_75_15_10_test_all
road_to_strip_v3_frame_000159_287452000000,matched,1,1,1,0.837868,0.837868,0.954578,/home/ruben/halmstad_ws/datasets/final/baylands_super_75_15_10/images/test/road_to_strip_v3_frame_000159_287452000000.jpg,/home/ruben/halmstad_ws/models/obb/experiments/sam3_hybrid_full/runs/predictions/v10-tuned-from-v9-tight-5/baylands_super_75_15_10_test_all
road_to_strip_v3_frame_000160_288452000000,matched,1,1,1,0.933265,0.933265,0.926636,/home/ruben/halmstad_ws/datasets/final/baylands_super_75_15_10/images/test/road_to_strip_v3_frame_000160_288452000000.jpg,/home/ruben/halmstad_ws/models/obb/experiments/sam3_hybrid_full/runs/predictions/v10-tuned-from-v9-tight-5/baylands_super_75_15_10_test_all
road_to_strip_v3_frame_000161_289500000000,matched,1,1,1,0.384456,0.384456,0.872889,/home/ruben/halmstad_ws/datasets/final/baylands_super_75_15_10/images/test/road_to_strip_v3_frame_000161_289500000000.jpg,/home/ruben/halmstad_ws/models/obb/experiments/sam3_hybrid_full/runs/predictions/v10-tuned-from-v9-tight-5/baylands_super_75_15_10_test_all
road_to_strip_v3_frame_000163_291552000000,matched,1,1,1,0.848352,0.848352,0.950883,/home/ruben/halmstad_ws/datasets/final/baylands_super_75_15_10/images/test/road_to_strip_v3_frame_000163_291552000000.jpg,/home/ruben/halmstad_ws/models/obb/experiments/sam3_hybrid_full/runs/predictions/v10-tuned-from-v9-tight-5/baylands_super_75_15_10_test_all
road_to_strip_v3_frame_000164_292552000000,matched,1,1,1,0.925567,0.925567,0.967023,/home/ruben/halmstad_ws/datasets/final/baylands_super_75_15_10/images/test/road_to_strip_v3_frame_000164_292552000000.jpg,/home/ruben/halmstad_ws/models/obb/experiments/sam3_hybrid_full/runs/predictions/v10-tuned-from-v9-tight-5/baylands_super_75_15_10_test_all
road_to_strip_v3_frame_000166_294552000000,matched,1,1,1,0.900313,0.900313,0.970449,/home/ruben/halmstad_ws/datasets/final/baylands_super_75_15_10/images/test/road_to_strip_v3_frame_000166_294552000000.jpg,/home/ruben/halmstad_ws/models/obb/experiments/sam3_hybrid_full/runs/predictions/v10-tuned-from-v9-tight-5/baylands_super_75_15_10_test_all
road_to_strip_v3_frame_000167_295552000000,matched,1,1,1,0.884488,0.884488,0.96417,/home/ruben/halmstad_ws/datasets/final/baylands_super_75_15_10/images/test/road_to_strip_v3_frame_000167_295552000000.jpg,/home/ruben/halmstad_ws/models/obb/experiments/sam3_hybrid_full/runs/predictions/v10-tuned-from-v9-tight-5/baylands_super_75_15_10_test_all
road_to_strip_v4_frame_000022_145300000000,matched,1,1,1,0.885936,0.885936,0.946462,/home/ruben/halmstad_ws/datasets/final/baylands_super_75_15_10/images/test/road_to_strip_v4_frame_000022_145300000000.jpg,/home/ruben/halmstad_ws/models/obb/experiments/sam3_hybrid_full/runs/predictions/v10-tuned-from-v9-tight-5/baylands_super_75_15_10_test_all
road_to_strip_v4_frame_000025_157300000000,correct_empty,0,0,0,0.0,0.0,,/home/ruben/halmstad_ws/datasets/final/baylands_super_75_15_10/images/test/road_to_strip_v4_frame_000025_157300000000.jpg,/home/ruben/halmstad_ws/models/obb/experiments/sam3_hybrid_full/runs/predictions/v10-tuned-from-v9-tight-5/baylands_super_75_15_10_test_all
road_to_west_v1_frame_000021_119652000000,matched,1,1,1,0.933372,0.933372,0.958882,/home/ruben/halmstad_ws/datasets/final/baylands_super_75_15_10/images/test/road_to_west_v1_frame_000021_119652000000.jpg,/home/ruben/halmstad_ws/models/obb/experiments/sam3_hybrid_full/runs/predictions/v10-tuned-from-v9-tight-5/baylands_super_75_15_10_test_all
road_to_west_v1_frame_000023_121652000000,matched,1,1,1,0.889471,0.889471,0.970164,/home/ruben/halmstad_ws/datasets/final/baylands_super_75_15_10/images/test/road_to_west_v1_frame_000023_121652000000.jpg,/home/ruben/halmstad_ws/models/obb/experiments/sam3_hybrid_full/runs/predictions/v10-tuned-from-v9-tight-5/baylands_super_75_15_10_test_all
road_to_west_v1_frame_000024_122652000000,matched,1,1,1,0.809506,0.809506,0.93673,/home/ruben/halmstad_ws/datasets/final/baylands_super_75_15_10/images/test/road_to_west_v1_frame_000024_122652000000.jpg,/home/ruben/halmstad_ws/models/obb/experiments/sam3_hybrid_full/runs/predictions/v10-tuned-from-v9-tight-5/baylands_super_75_15_10_test_all
road_to_west_v1_frame_000029_127700000000,matched,1,1,1,0.513511,0.513511,0.901896,/home/ruben/halmstad_ws/datasets/final/baylands_super_75_15_10/images/test/road_to_west_v1_frame_000029_127700000000.jpg,/home/ruben/halmstad_ws/models/obb/experiments/sam3_hybrid_full/runs/predictions/v10-tuned-from-v9-tight-5/baylands_super_75_15_10_test_all
road_to_west_v1_frame_000030_128700000000,matched,1,1,1,0.771858,0.771858,0.907106,/home/ruben/halmstad_ws/datasets/final/baylands_super_75_15_10/images/test/road_to_west_v1_frame_000030_128700000000.jpg,/home/ruben/halmstad_ws/models/obb/experiments/sam3_hybrid_full/runs/predictions/v10-tuned-from-v9-tight-5/baylands_super_75_15_10_test_all
road_to_west_v1_frame_000031_129700000000,matched,1,1,1,0.663425,0.663425,0.903851,/home/ruben/halmstad_ws/datasets/final/baylands_super_75_15_10/images/test/road_to_west_v1_frame_000031_129700000000.jpg,/home/ruben/halmstad_ws/models/obb/experiments/sam3_hybrid_full/runs/predictions/v10-tuned-from-v9-tight-5/baylands_super_75_15_10_test_all
road_to_west_v1_frame_000033_131752000000,matched,1,1,1,0.633075,0.633075,0.880545,/home/ruben/halmstad_ws/datasets/final/baylands_super_75_15_10/images/test/road_to_west_v1_frame_000033_131752000000.jpg,/home/ruben/halmstad_ws/models/obb/experiments/sam3_hybrid_full/runs/predictions/v10-tuned-from-v9-tight-5/baylands_super_75_15_10_test_all
road_to_west_v1_frame_000034_132752000000,matched,1,1,1,0.946953,0.946953,0.940915,/home/ruben/halmstad_ws/datasets/final/baylands_super_75_15_10/images/test/road_to_west_v1_frame_000034_132752000000.jpg,/home/ruben/halmstad_ws/models/obb/experiments/sam3_hybrid_full/runs/predictions/v10-tuned-from-v9-tight-5/baylands_super_75_15_10_test_all
road_to_west_v1_frame_000035_133752000000,matched,1,1,1,0.655783,0.655783,0.911633,/home/ruben/halmstad_ws/datasets/final/baylands_super_75_15_10/images/test/road_to_west_v1_frame_000035_133752000000.jpg,/home/ruben/halmstad_ws/models/obb/experiments/sam3_hybrid_full/runs/predictions/v10-tuned-from-v9-tight-5/baylands_super_75_15_10_test_all
road_to_west_v1_frame_000037_135800000000,matched,1,1,1,0.859525,0.859525,0.943336,/home/ruben/halmstad_ws/datasets/final/baylands_super_75_15_10/images/test/road_to_west_v1_frame_000037_135800000000.jpg,/home/ruben/halmstad_ws/models/obb/experiments/sam3_hybrid_full/runs/predictions/v10-tuned-from-v9-tight-5/baylands_super_75_15_10_test_all
road_to_west_v1_frame_000039_137800000000,matched,1,1,1,0.891592,0.891592,0.942349,/home/ruben/halmstad_ws/datasets/final/baylands_super_75_15_10/images/test/road_to_west_v1_frame_000039_137800000000.jpg,/home/ruben/halmstad_ws/models/obb/experiments/sam3_hybrid_full/runs/predictions/v10-tuned-from-v9-tight-5/baylands_super_75_15_10_test_all
road_to_west_v1_frame_000040_138800000000,matched,1,1,1,0.843278,0.843278,0.942552,/home/ruben/halmstad_ws/datasets/final/baylands_super_75_15_10/images/test/road_to_west_v1_frame_000040_138800000000.jpg,/home/ruben/halmstad_ws/models/obb/experiments/sam3_hybrid_full/runs/predictions/v10-tuned-from-v9-tight-5/baylands_super_75_15_10_test_all
road_to_west_v1_frame_000041_139800000000,matched,1,1,1,0.902837,0.902837,0.952309,/home/ruben/halmstad_ws/datasets/final/baylands_super_75_15_10/images/test/road_to_west_v1_frame_000041_139800000000.jpg,/home/ruben/halmstad_ws/models/obb/experiments/sam3_hybrid_full/runs/predictions/v10-tuned-from-v9-tight-5/baylands_super_75_15_10_test_all
road_to_west_v1_frame_000043_141800000000,matched,1,1,1,0.686228,0.686228,0.907642,/home/ruben/halmstad_ws/datasets/final/baylands_super_75_15_10/images/test/road_to_west_v1_frame_000043_141800000000.jpg,/home/ruben/halmstad_ws/models/obb/experiments/sam3_hybrid_full/runs/predictions/v10-tuned-from-v9-tight-5/baylands_super_75_15_10_test_all
road_to_west_v1_frame_000046_144800000000,matched,1,1,1,0.770829,0.770829,0.936691,/home/ruben/halmstad_ws/datasets/final/baylands_super_75_15_10/images/test/road_to_west_v1_frame_000046_144800000000.jpg,/home/ruben/halmstad_ws/models/obb/experiments/sam3_hybrid_full/runs/predictions/v10-tuned-from-v9-tight-5/baylands_super_75_15_10_test_all
road_to_west_v2_frame_000058_119700000000,matched,1,1,1,0.931167,0.931167,0.952514,/home/ruben/halmstad_ws/datasets/final/baylands_super_75_15_10/images/test/road_to_west_v2_frame_000058_119700000000.jpg,/home/ruben/halmstad_ws/models/obb/experiments/sam3_hybrid_full/runs/predictions/v10-tuned-from-v9-tight-5/baylands_super_75_15_10_test_all
road_to_west_v2_frame_000060_121800000000,matched,1,1,1,0.897498,0.897498,0.952087,/home/ruben/halmstad_ws/datasets/final/baylands_super_75_15_10/images/test/road_to_west_v2_frame_000060_121800000000.jpg,/home/ruben/halmstad_ws/models/obb/experiments/sam3_hybrid_full/runs/predictions/v10-tuned-from-v9-tight-5/baylands_super_75_15_10_test_all
road_to_west_v2_frame_000061_122800000000,matched,1,1,1,0.742272,0.742272,0.960158,/home/ruben/halmstad_ws/datasets/final/baylands_super_75_15_10/images/test/road_to_west_v2_frame_000061_122800000000.jpg,/home/ruben/halmstad_ws/models/obb/experiments/sam3_hybrid_full/runs/predictions/v10-tuned-from-v9-tight-5/baylands_super_75_15_10_test_all
road_to_west_v2_frame_000067_128800000000,correct_empty,0,0,0,0.0,0.0,,/home/ruben/halmstad_ws/datasets/final/baylands_super_75_15_10/images/test/road_to_west_v2_frame_000067_128800000000.jpg,/home/ruben/halmstad_ws/models/obb/experiments/sam3_hybrid_full/runs/predictions/v10-tuned-from-v9-tight-5/baylands_super_75_15_10_test_all
road_to_west_v2_frame_000068_129800000000,matched,1,1,1,0.78671,0.78671,0.902622,/home/ruben/halmstad_ws/datasets/final/baylands_super_75_15_10/images/test/road_to_west_v2_frame_000068_129800000000.jpg,/home/ruben/halmstad_ws/models/obb/experiments/sam3_hybrid_full/runs/predictions/v10-tuned-from-v9-tight-5/baylands_super_75_15_10_test_all
road_to_west_v2_frame_000069_130900000000,matched,1,1,1,0.801969,0.801969,0.948775,/home/ruben/halmstad_ws/datasets/final/baylands_super_75_15_10/images/test/road_to_west_v2_frame_000069_130900000000.jpg,/home/ruben/halmstad_ws/models/obb/experiments/sam3_hybrid_full/runs/predictions/v10-tuned-from-v9-tight-5/baylands_super_75_15_10_test_all
road_to_west_v2_frame_000070_131900000000,matched,1,1,1,0.891933,0.891933,0.943249,/home/ruben/halmstad_ws/datasets/final/baylands_super_75_15_10/images/test/road_to_west_v2_frame_000070_131900000000.jpg,/home/ruben/halmstad_ws/models/obb/experiments/sam3_hybrid_full/runs/predictions/v10-tuned-from-v9-tight-5/baylands_super_75_15_10_test_all
road_to_west_v2_frame_000075_139500000000,matched,1,1,1,0.790378,0.790378,0.94096,/home/ruben/halmstad_ws/datasets/final/baylands_super_75_15_10/images/test/road_to_west_v2_frame_000075_139500000000.jpg,/home/ruben/halmstad_ws/models/obb/experiments/sam3_hybrid_full/runs/predictions/v10-tuned-from-v9-tight-5/baylands_super_75_15_10_test_all
road_to_west_v2_frame_000076_140500000000,matched,1,1,1,0.944863,0.944863,0.947494,/home/ruben/halmstad_ws/datasets/final/baylands_super_75_15_10/images/test/road_to_west_v2_frame_000076_140500000000.jpg,/home/ruben/halmstad_ws/models/obb/experiments/sam3_hybrid_full/runs/predictions/v10-tuned-from-v9-tight-5/baylands_super_75_15_10_test_all
road_to_west_v2_frame_000077_141500000000,matched,1,1,1,0.65989,0.65989,0.734295,/home/ruben/halmstad_ws/datasets/final/baylands_super_75_15_10/images/test/road_to_west_v2_frame_000077_141500000000.jpg,/home/ruben/halmstad_ws/models/obb/experiments/sam3_hybrid_full/runs/predictions/v10-tuned-from-v9-tight-5/baylands_super_75_15_10_test_all
road_to_west_v2_frame_000079_143600000000,matched,1,1,1,0.912089,0.912089,0.959282,/home/ruben/halmstad_ws/datasets/final/baylands_super_75_15_10/images/test/road_to_west_v2_frame_000079_143600000000.jpg,/home/ruben/halmstad_ws/models/obb/experiments/sam3_hybrid_full/runs/predictions/v10-tuned-from-v9-tight-5/baylands_super_75_15_10_test_all
road_to_west_v2_frame_000080_144600000000,matched,1,1,1,0.922514,0.922514,0.94867,/home/ruben/halmstad_ws/datasets/final/baylands_super_75_15_10/images/test/road_to_west_v2_frame_000080_144600000000.jpg,/home/ruben/halmstad_ws/models/obb/experiments/sam3_hybrid_full/runs/predictions/v10-tuned-from-v9-tight-5/baylands_super_75_15_10_test_all
road_to_west_v2_frame_000081_145600000000,multi_prediction,1,2,1,0.902004,0.902004,0.770127,/home/ruben/halmstad_ws/datasets/final/baylands_super_75_15_10/images/test/road_to_west_v2_frame_000081_145600000000.jpg,/home/ruben/halmstad_ws/models/obb/experiments/sam3_hybrid_full/runs/predictions/v10-tuned-from-v9-tight-5/baylands_super_75_15_10_test_all
road_to_west_v4_frame_000022_118700000000,matched,1,1,1,0.603484,0.603484,0.569419,/home/ruben/halmstad_ws/datasets/final/baylands_super_75_15_10/images/test/road_to_west_v4_frame_000022_118700000000.jpg,/home/ruben/halmstad_ws/models/obb/experiments/sam3_hybrid_full/runs/predictions/v10-tuned-from-v9-tight-5/baylands_super_75_15_10_test_all
road_to_west_v4_frame_000029_130400000000,false_positive_empty,0,1,0,0.0,0.0,0.671994,/home/ruben/halmstad_ws/datasets/final/baylands_super_75_15_10/images/test/road_to_west_v4_frame_000029_130400000000.jpg,/home/ruben/halmstad_ws/models/obb/experiments/sam3_hybrid_full/runs/predictions/v10-tuned-from-v9-tight-5/baylands_super_75_15_10_test_all
road_to_west_v4_frame_000032_137900000000,correct_empty,0,0,0,0.0,0.0,,/home/ruben/halmstad_ws/datasets/final/baylands_super_75_15_10/images/test/road_to_west_v4_frame_000032_137900000000.jpg,/home/ruben/halmstad_ws/models/obb/experiments/sam3_hybrid_full/runs/predictions/v10-tuned-from-v9-tight-5/baylands_super_75_15_10_test_all
road_to_west_v4_frame_000033_138900000000,matched,1,1,1,0.834505,0.834505,0.947031,/home/ruben/halmstad_ws/datasets/final/baylands_super_75_15_10/images/test/road_to_west_v4_frame_000033_138900000000.jpg,/home/ruben/halmstad_ws/models/obb/experiments/sam3_hybrid_full/runs/predictions/v10-tuned-from-v9-tight-5/baylands_super_75_15_10_test_all
road_to_west_v4_frame_000034_139900000000,matched,1,1,1,0.9271,0.9271,0.945756,/home/ruben/halmstad_ws/datasets/final/baylands_super_75_15_10/images/test/road_to_west_v4_frame_000034_139900000000.jpg,/home/ruben/halmstad_ws/models/obb/experiments/sam3_hybrid_full/runs/predictions/v10-tuned-from-v9-tight-5/baylands_super_75_15_10_test_all
road_to_west_v4_frame_000036_141900000000,matched,1,1,1,0.698471,0.698471,0.666046,/home/ruben/halmstad_ws/datasets/final/baylands_super_75_15_10/images/test/road_to_west_v4_frame_000036_141900000000.jpg,/home/ruben/halmstad_ws/models/obb/experiments/sam3_hybrid_full/runs/predictions/v10-tuned-from-v9-tight-5/baylands_super_75_15_10_test_all
road_to_west_v6_frame_000046_122752000000,matched,1,1,1,0.907158,0.907158,0.949062,/home/ruben/halmstad_ws/datasets/final/baylands_super_75_15_10/images/test/road_to_west_v6_frame_000046_122752000000.jpg,/home/ruben/halmstad_ws/models/obb/experiments/sam3_hybrid_full/runs/predictions/v10-tuned-from-v9-tight-5/baylands_super_75_15_10_test_all
road_to_west_v6_frame_000049_125752000000,multi_prediction,1,2,1,0.830524,0.830524,0.594844,/home/ruben/halmstad_ws/datasets/final/baylands_super_75_15_10/images/test/road_to_west_v6_frame_000049_125752000000.jpg,/home/ruben/halmstad_ws/models/obb/experiments/sam3_hybrid_full/runs/predictions/v10-tuned-from-v9-tight-5/baylands_super_75_15_10_test_all
road_to_west_v6_frame_000059_135852000000,matched,1,1,1,0.860722,0.860722,0.936146,/home/ruben/halmstad_ws/datasets/final/baylands_super_75_15_10/images/test/road_to_west_v6_frame_000059_135852000000.jpg,/home/ruben/halmstad_ws/models/obb/experiments/sam3_hybrid_full/runs/predictions/v10-tuned-from-v9-tight-5/baylands_super_75_15_10_test_all
road_to_west_v6_frame_000060_136900000000,matched,1,1,1,0.916454,0.916454,0.95327,/home/ruben/halmstad_ws/datasets/final/baylands_super_75_15_10/images/test/road_to_west_v6_frame_000060_136900000000.jpg,/home/ruben/halmstad_ws/models/obb/experiments/sam3_hybrid_full/runs/predictions/v10-tuned-from-v9-tight-5/baylands_super_75_15_10_test_all
road_to_west_v6_frame_000065_141900000000,matched,1,1,1,0.873608,0.873608,0.92166,/home/ruben/halmstad_ws/datasets/final/baylands_super_75_15_10/images/test/road_to_west_v6_frame_000065_141900000000.jpg,/home/ruben/halmstad_ws/models/obb/experiments/sam3_hybrid_full/runs/predictions/v10-tuned-from-v9-tight-5/baylands_super_75_15_10_test_all
road_to_west_v7_frame_000014_119900000000,matched,1,1,1,0.965454,0.965454,0.936867,/home/ruben/halmstad_ws/datasets/final/baylands_super_75_15_10/images/test/road_to_west_v7_frame_000014_119900000000.jpg,/home/ruben/halmstad_ws/models/obb/experiments/sam3_hybrid_full/runs/predictions/v10-tuned-from-v9-tight-5/baylands_super_75_15_10_test_all
road_to_west_v7_frame_000015_123900000000,no_prediction,1,0,0,0.0,0.0,,/home/ruben/halmstad_ws/datasets/final/baylands_super_75_15_10/images/test/road_to_west_v7_frame_000015_123900000000.jpg,/home/ruben/halmstad_ws/models/obb/experiments/sam3_hybrid_full/runs/predictions/v10-tuned-from-v9-tight-5/baylands_super_75_15_10_test_all
road_to_west_v7_frame_000016_128000000000,matched,1,1,1,0.791859,0.791859,0.815017,/home/ruben/halmstad_ws/datasets/final/baylands_super_75_15_10/images/test/road_to_west_v7_frame_000016_128000000000.jpg,/home/ruben/halmstad_ws/models/obb/experiments/sam3_hybrid_full/runs/predictions/v10-tuned-from-v9-tight-5/baylands_super_75_15_10_test_all
road_to_west_v7_frame_000017_131900000000,matched,1,1,1,0.908331,0.908331,0.943929,/home/ruben/halmstad_ws/datasets/final/baylands_super_75_15_10/images/test/road_to_west_v7_frame_000017_131900000000.jpg,/home/ruben/halmstad_ws/models/obb/experiments/sam3_hybrid_full/runs/predictions/v10-tuned-from-v9-tight-5/baylands_super_75_15_10_test_all
road_to_west_v7_frame_000019_140000000000,matched,1,1,1,0.807216,0.807216,0.923788,/home/ruben/halmstad_ws/datasets/final/baylands_super_75_15_10/images/test/road_to_west_v7_frame_000019_140000000000.jpg,/home/ruben/halmstad_ws/models/obb/experiments/sam3_hybrid_full/runs/predictions/v10-tuned-from-v9-tight-5/baylands_super_75_15_10_test_all
road_to_west_v7_frame_000020_144000000000,matched,1,1,1,0.915016,0.915016,0.923731,/home/ruben/halmstad_ws/datasets/final/baylands_super_75_15_10/images/test/road_to_west_v7_frame_000020_144000000000.jpg,/home/ruben/halmstad_ws/models/obb/experiments/sam3_hybrid_full/runs/predictions/v10-tuned-from-v9-tight-5/baylands_super_75_15_10_test_all
road_to_west_v9_frame_000006_120700000000,matched,1,1,1,0.813738,0.813738,0.898177,/home/ruben/halmstad_ws/datasets/final/baylands_super_75_15_10/images/test/road_to_west_v9_frame_000006_120700000000.jpg,/home/ruben/halmstad_ws/models/obb/experiments/sam3_hybrid_full/runs/predictions/v10-tuned-from-v9-tight-5/baylands_super_75_15_10_test_all
road_to_west_v9_frame_000007_124700000000,matched,1,1,1,0.590026,0.590026,0.925919,/home/ruben/halmstad_ws/datasets/final/baylands_super_75_15_10/images/test/road_to_west_v9_frame_000007_124700000000.jpg,/home/ruben/halmstad_ws/models/obb/experiments/sam3_hybrid_full/runs/predictions/v10-tuned-from-v9-tight-5/baylands_super_75_15_10_test_all
road_to_west_v9_frame_000008_128700000000,matched,1,1,1,0.530071,0.530071,0.888623,/home/ruben/halmstad_ws/datasets/final/baylands_super_75_15_10/images/test/road_to_west_v9_frame_000008_128700000000.jpg,/home/ruben/halmstad_ws/models/obb/experiments/sam3_hybrid_full/runs/predictions/v10-tuned-from-v9-tight-5/baylands_super_75_15_10_test_all
road_to_west_v9_frame_000011_140700000000,matched,1,1,1,0.757043,0.757043,0.906023,/home/ruben/halmstad_ws/datasets/final/baylands_super_75_15_10/images/test/road_to_west_v9_frame_000011_140700000000.jpg,/home/ruben/halmstad_ws/models/obb/experiments/sam3_hybrid_full/runs/predictions/v10-tuned-from-v9-tight-5/baylands_super_75_15_10_test_all
road_to_west_v9_frame_000012_144700000000,matched,1,1,1,0.515911,0.515911,0.916682,/home/ruben/halmstad_ws/datasets/final/baylands_super_75_15_10/images/test/road_to_west_v9_frame_000012_144700000000.jpg,/home/ruben/halmstad_ws/models/obb/experiments/sam3_hybrid_full/runs/predictions/v10-tuned-from-v9-tight-5/baylands_super_75_15_10_test_all
spawn_v1_frame_000049_137400000000,matched,1,1,1,0.907869,0.907869,0.920845,/home/ruben/halmstad_ws/datasets/final/baylands_super_75_15_10/images/test/spawn_v1_frame_000049_137400000000.jpg,/home/ruben/halmstad_ws/models/obb/experiments/sam3_hybrid_full/runs/predictions/v10-tuned-from-v9-tight-5/baylands_super_75_15_10_test_all
spawn_v1_frame_000050_138400000000,matched,1,1,1,0.872661,0.872661,0.960459,/home/ruben/halmstad_ws/datasets/final/baylands_super_75_15_10/images/test/spawn_v1_frame_000050_138400000000.jpg,/home/ruben/halmstad_ws/models/obb/experiments/sam3_hybrid_full/runs/predictions/v10-tuned-from-v9-tight-5/baylands_super_75_15_10_test_all
spawn_v1_frame_000054_142452000000,matched,1,1,1,0.822446,0.822446,0.929267,/home/ruben/halmstad_ws/datasets/final/baylands_super_75_15_10/images/test/spawn_v1_frame_000054_142452000000.jpg,/home/ruben/halmstad_ws/models/obb/experiments/sam3_hybrid_full/runs/predictions/v10-tuned-from-v9-tight-5/baylands_super_75_15_10_test_all
spawn_v1_frame_000055_143452000000,matched,1,1,1,0.892028,0.892028,0.936982,/home/ruben/halmstad_ws/datasets/final/baylands_super_75_15_10/images/test/spawn_v1_frame_000055_143452000000.jpg,/home/ruben/halmstad_ws/models/obb/experiments/sam3_hybrid_full/runs/predictions/v10-tuned-from-v9-tight-5/baylands_super_75_15_10_test_all
spawn_v1_frame_000062_150452000000,matched,1,1,1,0.705348,0.705348,0.884051,/home/ruben/halmstad_ws/datasets/final/baylands_super_75_15_10/images/test/spawn_v1_frame_000062_150452000000.jpg,/home/ruben/halmstad_ws/models/obb/experiments/sam3_hybrid_full/runs/predictions/v10-tuned-from-v9-tight-5/baylands_super_75_15_10_test_all
spawn_v1_frame_000063_151500000000,matched,1,1,1,0.856764,0.856764,0.88819,/home/ruben/halmstad_ws/datasets/final/baylands_super_75_15_10/images/test/spawn_v1_frame_000063_151500000000.jpg,/home/ruben/halmstad_ws/models/obb/experiments/sam3_hybrid_full/runs/predictions/v10-tuned-from-v9-tight-5/baylands_super_75_15_10_test_all
spawn_v1_frame_000065_153500000000,matched,1,1,1,0.899799,0.899799,0.890274,/home/ruben/halmstad_ws/datasets/final/baylands_super_75_15_10/images/test/spawn_v1_frame_000065_153500000000.jpg,/home/ruben/halmstad_ws/models/obb/experiments/sam3_hybrid_full/runs/predictions/v10-tuned-from-v9-tight-5/baylands_super_75_15_10_test_all
spawn_v1_frame_000148_243700000000,matched,1,1,1,0.805913,0.805913,0.945198,/home/ruben/halmstad_ws/datasets/final/baylands_super_75_15_10/images/test/spawn_v1_frame_000148_243700000000.jpg,/home/ruben/halmstad_ws/models/obb/experiments/sam3_hybrid_full/runs/predictions/v10-tuned-from-v9-tight-5/baylands_super_75_15_10_test_all
spawn_v1_frame_000149_244700000000,matched,1,1,1,0.774736,0.774736,0.907494,/home/ruben/halmstad_ws/datasets/final/baylands_super_75_15_10/images/test/spawn_v1_frame_000149_244700000000.jpg,/home/ruben/halmstad_ws/models/obb/experiments/sam3_hybrid_full/runs/predictions/v10-tuned-from-v9-tight-5/baylands_super_75_15_10_test_all
spawn_v1_frame_000150_245700000000,matched,1,1,1,0.948124,0.948124,0.959259,/home/ruben/halmstad_ws/datasets/final/baylands_super_75_15_10/images/test/spawn_v1_frame_000150_245700000000.jpg,/home/ruben/halmstad_ws/models/obb/experiments/sam3_hybrid_full/runs/predictions/v10-tuned-from-v9-tight-5/baylands_super_75_15_10_test_all
spawn_v1_frame_000151_246700000000,matched,1,1,1,0.903597,0.903597,0.950969,/home/ruben/halmstad_ws/datasets/final/baylands_super_75_15_10/images/test/spawn_v1_frame_000151_246700000000.jpg,/home/ruben/halmstad_ws/models/obb/experiments/sam3_hybrid_full/runs/predictions/v10-tuned-from-v9-tight-5/baylands_super_75_15_10_test_all
spawn_v1_frame_000152_247700000000,matched,1,1,1,0.896678,0.896678,0.936382,/home/ruben/halmstad_ws/datasets/final/baylands_super_75_15_10/images/test/spawn_v1_frame_000152_247700000000.jpg,/home/ruben/halmstad_ws/models/obb/experiments/sam3_hybrid_full/runs/predictions/v10-tuned-from-v9-tight-5/baylands_super_75_15_10_test_all
spawn_v1_frame_000154_249700000000,matched,1,1,1,0.896886,0.896886,0.959969,/home/ruben/halmstad_ws/datasets/final/baylands_super_75_15_10/images/test/spawn_v1_frame_000154_249700000000.jpg,/home/ruben/halmstad_ws/models/obb/experiments/sam3_hybrid_full/runs/predictions/v10-tuned-from-v9-tight-5/baylands_super_75_15_10_test_all
spawn_v1_frame_000156_251752000000,matched,1,1,1,0.752066,0.752066,0.928034,/home/ruben/halmstad_ws/datasets/final/baylands_super_75_15_10/images/test/spawn_v1_frame_000156_251752000000.jpg,/home/ruben/halmstad_ws/models/obb/experiments/sam3_hybrid_full/runs/predictions/v10-tuned-from-v9-tight-5/baylands_super_75_15_10_test_all
spawn_v1_frame_000157_252752000000,matched,1,1,1,0.813808,0.813808,0.947315,/home/ruben/halmstad_ws/datasets/final/baylands_super_75_15_10/images/test/spawn_v1_frame_000157_252752000000.jpg,/home/ruben/halmstad_ws/models/obb/experiments/sam3_hybrid_full/runs/predictions/v10-tuned-from-v9-tight-5/baylands_super_75_15_10_test_all
spawn_v1_frame_000159_254752000000,matched,1,1,1,0.698017,0.698017,0.931066,/home/ruben/halmstad_ws/datasets/final/baylands_super_75_15_10/images/test/spawn_v1_frame_000159_254752000000.jpg,/home/ruben/halmstad_ws/models/obb/experiments/sam3_hybrid_full/runs/predictions/v10-tuned-from-v9-tight-5/baylands_super_75_15_10_test_all
spawn_v1_frame_000160_255752000000,matched,1,1,1,0.860877,0.860877,0.937092,/home/ruben/halmstad_ws/datasets/final/baylands_super_75_15_10/images/test/spawn_v1_frame_000160_255752000000.jpg,/home/ruben/halmstad_ws/models/obb/experiments/sam3_hybrid_full/runs/predictions/v10-tuned-from-v9-tight-5/baylands_super_75_15_10_test_all
spawn_v1_frame_000161_256800000000,matched,1,1,1,0.650863,0.650863,0.93841,/home/ruben/halmstad_ws/datasets/final/baylands_super_75_15_10/images/test/spawn_v1_frame_000161_256800000000.jpg,/home/ruben/halmstad_ws/models/obb/experiments/sam3_hybrid_full/runs/predictions/v10-tuned-from-v9-tight-5/baylands_super_75_15_10_test_all
spawn_v1_frame_000162_257800000000,matched,1,1,1,1.0,1.0,0.928876,/home/ruben/halmstad_ws/datasets/final/baylands_super_75_15_10/images/test/spawn_v1_frame_000162_257800000000.jpg,/home/ruben/halmstad_ws/models/obb/experiments/sam3_hybrid_full/runs/predictions/v10-tuned-from-v9-tight-5/baylands_super_75_15_10_test_all
spawn_v1_frame_000163_258800000000,matched,1,1,1,0.677838,0.677838,0.925423,/home/ruben/halmstad_ws/datasets/final/baylands_super_75_15_10/images/test/spawn_v1_frame_000163_258800000000.jpg,/home/ruben/halmstad_ws/models/obb/experiments/sam3_hybrid_full/runs/predictions/v10-tuned-from-v9-tight-5/baylands_super_75_15_10_test_all
spawn_v1_frame_000164_259800000000,matched,1,1,1,0.805267,0.805267,0.941424,/home/ruben/halmstad_ws/datasets/final/baylands_super_75_15_10/images/test/spawn_v1_frame_000164_259800000000.jpg,/home/ruben/halmstad_ws/models/obb/experiments/sam3_hybrid_full/runs/predictions/v10-tuned-from-v9-tight-5/baylands_super_75_15_10_test_all
spawn_v1_frame_000166_261852000000,matched,1,1,1,0.50418,0.50418,0.909606,/home/ruben/halmstad_ws/datasets/final/baylands_super_75_15_10/images/test/spawn_v1_frame_000166_261852000000.jpg,/home/ruben/halmstad_ws/models/obb/experiments/sam3_hybrid_full/runs/predictions/v10-tuned-from-v9-tight-5/baylands_super_75_15_10_test_all
spawn_v2_frame_000062_135652000000,matched,1,1,1,0.887554,0.887554,0.91589,/home/ruben/halmstad_ws/datasets/final/baylands_super_75_15_10/images/test/spawn_v2_frame_000062_135652000000.jpg,/home/ruben/halmstad_ws/models/obb/experiments/sam3_hybrid_full/runs/predictions/v10-tuned-from-v9-tight-5/baylands_super_75_15_10_test_all
spawn_v2_frame_000063_136652000000,matched,1,1,1,0.766477,0.766477,0.927574,/home/ruben/halmstad_ws/datasets/final/baylands_super_75_15_10/images/test/spawn_v2_frame_000063_136652000000.jpg,/home/ruben/halmstad_ws/models/obb/experiments/sam3_hybrid_full/runs/predictions/v10-tuned-from-v9-tight-5/baylands_super_75_15_10_test_all
spawn_v2_frame_000064_137652000000,matched,1,1,1,0.820032,0.820032,0.934237,/home/ruben/halmstad_ws/datasets/final/baylands_super_75_15_10/images/test/spawn_v2_frame_000064_137652000000.jpg,/home/ruben/halmstad_ws/models/obb/experiments/sam3_hybrid_full/runs/predictions/v10-tuned-from-v9-tight-5/baylands_super_75_15_10_test_all
spawn_v2_frame_000066_139652000000,matched,1,1,1,0.963109,0.963109,0.958842,/home/ruben/halmstad_ws/datasets/final/baylands_super_75_15_10/images/test/spawn_v2_frame_000066_139652000000.jpg,/home/ruben/halmstad_ws/models/obb/experiments/sam3_hybrid_full/runs/predictions/v10-tuned-from-v9-tight-5/baylands_super_75_15_10_test_all
spawn_v2_frame_000067_140700000000,matched,1,1,1,0.829611,0.829611,0.939633,/home/ruben/halmstad_ws/datasets/final/baylands_super_75_15_10/images/test/spawn_v2_frame_000067_140700000000.jpg,/home/ruben/halmstad_ws/models/obb/experiments/sam3_hybrid_full/runs/predictions/v10-tuned-from-v9-tight-5/baylands_super_75_15_10_test_all
spawn_v2_frame_000069_142700000000,matched,1,1,1,0.577086,0.577086,0.941297,/home/ruben/halmstad_ws/datasets/final/baylands_super_75_15_10/images/test/spawn_v2_frame_000069_142700000000.jpg,/home/ruben/halmstad_ws/models/obb/experiments/sam3_hybrid_full/runs/predictions/v10-tuned-from-v9-tight-5/baylands_super_75_15_10_test_all
spawn_v2_frame_000070_143652000000,matched,1,1,1,0.947408,0.947408,0.960267,/home/ruben/halmstad_ws/datasets/final/baylands_super_75_15_10/images/test/spawn_v2_frame_000070_143652000000.jpg,/home/ruben/halmstad_ws/models/obb/experiments/sam3_hybrid_full/runs/predictions/v10-tuned-from-v9-tight-5/baylands_super_75_15_10_test_all
spawn_v2_frame_000071_144700000000,matched,1,1,1,0.917807,0.917807,0.968635,/home/ruben/halmstad_ws/datasets/final/baylands_super_75_15_10/images/test/spawn_v2_frame_000071_144700000000.jpg,/home/ruben/halmstad_ws/models/obb/experiments/sam3_hybrid_full/runs/predictions/v10-tuned-from-v9-tight-5/baylands_super_75_15_10_test_all
spawn_v2_frame_000072_145700000000,matched,1,1,1,0.891357,0.891357,0.920098,/home/ruben/halmstad_ws/datasets/final/baylands_super_75_15_10/images/test/spawn_v2_frame_000072_145700000000.jpg,/home/ruben/halmstad_ws/models/obb/experiments/sam3_hybrid_full/runs/predictions/v10-tuned-from-v9-tight-5/baylands_super_75_15_10_test_all
spawn_v2_frame_000073_146700000000,matched,1,1,1,0.918308,0.918308,0.969651,/home/ruben/halmstad_ws/datasets/final/baylands_super_75_15_10/images/test/spawn_v2_frame_000073_146700000000.jpg,/home/ruben/halmstad_ws/models/obb/experiments/sam3_hybrid_full/runs/predictions/v10-tuned-from-v9-tight-5/baylands_super_75_15_10_test_all
spawn_v2_frame_000075_148700000000,matched,1,1,1,0.919054,0.919054,0.964198,/home/ruben/halmstad_ws/datasets/final/baylands_super_75_15_10/images/test/spawn_v2_frame_000075_148700000000.jpg,/home/ruben/halmstad_ws/models/obb/experiments/sam3_hybrid_full/runs/predictions/v10-tuned-from-v9-tight-5/baylands_super_75_15_10_test_all
spawn_v2_frame_000082_155752000000,matched,1,1,1,0.856284,0.856284,0.911241,/home/ruben/halmstad_ws/datasets/final/baylands_super_75_15_10/images/test/spawn_v2_frame_000082_155752000000.jpg,/home/ruben/halmstad_ws/models/obb/experiments/sam3_hybrid_full/runs/predictions/v10-tuned-from-v9-tight-5/baylands_super_75_15_10_test_all
spawn_v2_frame_000169_243600000000,matched,1,1,1,0.814808,0.814808,0.904946,/home/ruben/halmstad_ws/datasets/final/baylands_super_75_15_10/images/test/spawn_v2_frame_000169_243600000000.jpg,/home/ruben/halmstad_ws/models/obb/experiments/sam3_hybrid_full/runs/predictions/v10-tuned-from-v9-tight-5/baylands_super_75_15_10_test_all
spawn_v2_frame_000175_249700000000,matched,1,1,1,0.893704,0.893704,0.957418,/home/ruben/halmstad_ws/datasets/final/baylands_super_75_15_10/images/test/spawn_v2_frame_000175_249700000000.jpg,/home/ruben/halmstad_ws/models/obb/experiments/sam3_hybrid_full/runs/predictions/v10-tuned-from-v9-tight-5/baylands_super_75_15_10_test_all
spawn_v2_frame_000179_253700000000,matched,1,1,1,0.886664,0.886664,0.960739,/home/ruben/halmstad_ws/datasets/final/baylands_super_75_15_10/images/test/spawn_v2_frame_000179_253700000000.jpg,/home/ruben/halmstad_ws/models/obb/experiments/sam3_hybrid_full/runs/predictions/v10-tuned-from-v9-tight-5/baylands_super_75_15_10_test_all
spawn_v2_frame_000182_256700000000,matched,1,1,1,0.894538,0.894538,0.956953,/home/ruben/halmstad_ws/datasets/final/baylands_super_75_15_10/images/test/spawn_v2_frame_000182_256700000000.jpg,/home/ruben/halmstad_ws/models/obb/experiments/sam3_hybrid_full/runs/predictions/v10-tuned-from-v9-tight-5/baylands_super_75_15_10_test_all
spawn_v2_frame_000184_258752000000,matched,1,1,1,0.816991,0.816991,0.92283,/home/ruben/halmstad_ws/datasets/final/baylands_super_75_15_10/images/test/spawn_v2_frame_000184_258752000000.jpg,/home/ruben/halmstad_ws/models/obb/experiments/sam3_hybrid_full/runs/predictions/v10-tuned-from-v9-tight-5/baylands_super_75_15_10_test_all
spawn_v2_frame_000186_260752000000,matched,1,1,1,0.548979,0.548979,0.922523,/home/ruben/halmstad_ws/datasets/final/baylands_super_75_15_10/images/test/spawn_v2_frame_000186_260752000000.jpg,/home/ruben/halmstad_ws/models/obb/experiments/sam3_hybrid_full/runs/predictions/v10-tuned-from-v9-tight-5/baylands_super_75_15_10_test_all
spawn_v2_frame_000187_261752000000,matched,1,1,1,0.726382,0.726382,0.928017,/home/ruben/halmstad_ws/datasets/final/baylands_super_75_15_10/images/test/spawn_v2_frame_000187_261752000000.jpg,/home/ruben/halmstad_ws/models/obb/experiments/sam3_hybrid_full/runs/predictions/v10-tuned-from-v9-tight-5/baylands_super_75_15_10_test_all
spawn_v2_frame_000188_262752000000,matched,1,1,1,0.739879,0.739879,0.920647,/home/ruben/halmstad_ws/datasets/final/baylands_super_75_15_10/images/test/spawn_v2_frame_000188_262752000000.jpg,/home/ruben/halmstad_ws/models/obb/experiments/sam3_hybrid_full/runs/predictions/v10-tuned-from-v9-tight-5/baylands_super_75_15_10_test_all
spawn_v2_frame_000189_263800000000,matched,1,1,1,0.863867,0.863867,0.903503,/home/ruben/halmstad_ws/datasets/final/baylands_super_75_15_10/images/test/spawn_v2_frame_000189_263800000000.jpg,/home/ruben/halmstad_ws/models/obb/experiments/sam3_hybrid_full/runs/predictions/v10-tuned-from-v9-tight-5/baylands_super_75_15_10_test_all
spawn_v3_frame_000011_137200000000,correct_empty,0,0,0,0.0,0.0,,/home/ruben/halmstad_ws/datasets/final/baylands_super_75_15_10/images/test/spawn_v3_frame_000011_137200000000.jpg,/home/ruben/halmstad_ws/models/obb/experiments/sam3_hybrid_full/runs/predictions/v10-tuned-from-v9-tight-5/baylands_super_75_15_10_test_all
spawn_v3_frame_000012_141200000000,correct_empty,0,0,0,0.0,0.0,,/home/ruben/halmstad_ws/datasets/final/baylands_super_75_15_10/images/test/spawn_v3_frame_000012_141200000000.jpg,/home/ruben/halmstad_ws/models/obb/experiments/sam3_hybrid_full/runs/predictions/v10-tuned-from-v9-tight-5/baylands_super_75_15_10_test_all
spawn_v3_frame_000013_145300000000,matched,1,1,1,0.737686,0.737686,0.947645,/home/ruben/halmstad_ws/datasets/final/baylands_super_75_15_10/images/test/spawn_v3_frame_000013_145300000000.jpg,/home/ruben/halmstad_ws/models/obb/experiments/sam3_hybrid_full/runs/predictions/v10-tuned-from-v9-tight-5/baylands_super_75_15_10_test_all
spawn_v3_frame_000014_149300000000,matched,1,1,1,0.52907,0.52907,0.884328,/home/ruben/halmstad_ws/datasets/final/baylands_super_75_15_10/images/test/spawn_v3_frame_000014_149300000000.jpg,/home/ruben/halmstad_ws/models/obb/experiments/sam3_hybrid_full/runs/predictions/v10-tuned-from-v9-tight-5/baylands_super_75_15_10_test_all
spawn_v3_frame_000015_153300000000,correct_empty,0,0,0,0.0,0.0,,/home/ruben/halmstad_ws/datasets/final/baylands_super_75_15_10/images/test/spawn_v3_frame_000015_153300000000.jpg,/home/ruben/halmstad_ws/models/obb/experiments/sam3_hybrid_full/runs/predictions/v10-tuned-from-v9-tight-5/baylands_super_75_15_10_test_all
spawn_v3_frame_000016_157300000000,correct_empty,0,0,0,0.0,0.0,,/home/ruben/halmstad_ws/datasets/final/baylands_super_75_15_10/images/test/spawn_v3_frame_000016_157300000000.jpg,/home/ruben/halmstad_ws/models/obb/experiments/sam3_hybrid_full/runs/predictions/v10-tuned-from-v9-tight-5/baylands_super_75_15_10_test_all
spawn_v3_frame_000038_245500000000,correct_empty,0,0,0,0.0,0.0,,/home/ruben/halmstad_ws/datasets/final/baylands_super_75_15_10/images/test/spawn_v3_frame_000038_245500000000.jpg,/home/ruben/halmstad_ws/models/obb/experiments/sam3_hybrid_full/runs/predictions/v10-tuned-from-v9-tight-5/baylands_super_75_15_10_test_all
strip_v1_frame_000009_92400000000,matched,1,1,1,0.825671,0.825671,0.943284,/home/ruben/halmstad_ws/datasets/final/baylands_super_75_15_10/images/test/strip_v1_frame_000009_92400000000.jpg,/home/ruben/halmstad_ws/models/obb/experiments/sam3_hybrid_full/runs/predictions/v10-tuned-from-v9-tight-5/baylands_super_75_15_10_test_all
strip_v1_frame_000011_100500000000,matched,1,1,1,0.937288,0.937288,0.937243,/home/ruben/halmstad_ws/datasets/final/baylands_super_75_15_10/images/test/strip_v1_frame_000011_100500000000.jpg,/home/ruben/halmstad_ws/models/obb/experiments/sam3_hybrid_full/runs/predictions/v10-tuned-from-v9-tight-5/baylands_super_75_15_10_test_all
strip_v1_frame_000014_112500000000,correct_empty,0,0,0,0.0,0.0,,/home/ruben/halmstad_ws/datasets/final/baylands_super_75_15_10/images/test/strip_v1_frame_000014_112500000000.jpg,/home/ruben/halmstad_ws/models/obb/experiments/sam3_hybrid_full/runs/predictions/v10-tuned-from-v9-tight-5/baylands_super_75_15_10_test_all
strip_v1_frame_000029_172700000000,matched,1,1,1,0.605608,0.605608,0.911071,/home/ruben/halmstad_ws/datasets/final/baylands_super_75_15_10/images/test/strip_v1_frame_000029_172700000000.jpg,/home/ruben/halmstad_ws/models/obb/experiments/sam3_hybrid_full/runs/predictions/v10-tuned-from-v9-tight-5/baylands_super_75_15_10_test_all
strip_v1_frame_000030_176700000000,matched,1,1,1,0.873221,0.873221,0.923636,/home/ruben/halmstad_ws/datasets/final/baylands_super_75_15_10/images/test/strip_v1_frame_000030_176700000000.jpg,/home/ruben/halmstad_ws/models/obb/experiments/sam3_hybrid_full/runs/predictions/v10-tuned-from-v9-tight-5/baylands_super_75_15_10_test_all
strip_v1_frame_000032_184700000000,correct_empty,0,0,0,0.0,0.0,,/home/ruben/halmstad_ws/datasets/final/baylands_super_75_15_10/images/test/strip_v1_frame_000032_184700000000.jpg,/home/ruben/halmstad_ws/models/obb/experiments/sam3_hybrid_full/runs/predictions/v10-tuned-from-v9-tight-5/baylands_super_75_15_10_test_all
strip_v2_frame_000004_94800000000,matched,1,1,1,0.818946,0.818946,0.950061,/home/ruben/halmstad_ws/datasets/final/baylands_super_75_15_10/images/test/strip_v2_frame_000004_94800000000.jpg,/home/ruben/halmstad_ws/models/obb/experiments/sam3_hybrid_full/runs/predictions/v10-tuned-from-v9-tight-5/baylands_super_75_15_10_test_all
strip_v2_frame_000005_98800000000,matched,1,1,1,0.515152,0.515152,0.673238,/home/ruben/halmstad_ws/datasets/final/baylands_super_75_15_10/images/test/strip_v2_frame_000005_98800000000.jpg,/home/ruben/halmstad_ws/models/obb/experiments/sam3_hybrid_full/runs/predictions/v10-tuned-from-v9-tight-5/baylands_super_75_15_10_test_all
strip_v2_frame_000025_178900000000,correct_empty,0,0,0,0.0,0.0,,/home/ruben/halmstad_ws/datasets/final/baylands_super_75_15_10/images/test/strip_v2_frame_000025_178900000000.jpg,/home/ruben/halmstad_ws/models/obb/experiments/sam3_hybrid_full/runs/predictions/v10-tuned-from-v9-tight-5/baylands_super_75_15_10_test_all
strip_v2_frame_000026_183000000000,correct_empty,0,0,0,0.0,0.0,,/home/ruben/halmstad_ws/datasets/final/baylands_super_75_15_10/images/test/strip_v2_frame_000026_183000000000.jpg,/home/ruben/halmstad_ws/models/obb/experiments/sam3_hybrid_full/runs/predictions/v10-tuned-from-v9-tight-5/baylands_super_75_15_10_test_all
strip_v3_frame_000017_95952000000,matched,1,1,1,0.948139,0.948139,0.951534,/home/ruben/halmstad_ws/datasets/final/baylands_super_75_15_10/images/test/strip_v3_frame_000017_95952000000.jpg,/home/ruben/halmstad_ws/models/obb/experiments/sam3_hybrid_full/runs/predictions/v10-tuned-from-v9-tight-5/baylands_super_75_15_10_test_all
strip_v3_frame_000019_98000000000,matched,1,1,1,0.950635,0.950635,0.96131,/home/ruben/halmstad_ws/datasets/final/baylands_super_75_15_10/images/test/strip_v3_frame_000019_98000000000.jpg,/home/ruben/halmstad_ws/models/obb/experiments/sam3_hybrid_full/runs/predictions/v10-tuned-from-v9-tight-5/baylands_super_75_15_10_test_all
strip_v3_frame_000020_99000000000,matched,1,1,1,0.0,0.0,0.959204,/home/ruben/halmstad_ws/datasets/final/baylands_super_75_15_10/images/test/strip_v3_frame_000020_99000000000.jpg,/home/ruben/halmstad_ws/models/obb/experiments/sam3_hybrid_full/runs/predictions/v10-tuned-from-v9-tight-5/baylands_super_75_15_10_test_all
strip_v3_frame_000021_100052000000,matched,1,1,1,0.914949,0.914949,0.921448,/home/ruben/halmstad_ws/datasets/final/baylands_super_75_15_10/images/test/strip_v3_frame_000021_100052000000.jpg,/home/ruben/halmstad_ws/models/obb/experiments/sam3_hybrid_full/runs/predictions/v10-tuned-from-v9-tight-5/baylands_super_75_15_10_test_all
strip_v3_frame_000029_108100000000,matched,1,1,1,0.882847,0.882847,0.668038,/home/ruben/halmstad_ws/datasets/final/baylands_super_75_15_10/images/test/strip_v3_frame_000029_108100000000.jpg,/home/ruben/halmstad_ws/models/obb/experiments/sam3_hybrid_full/runs/predictions/v10-tuned-from-v9-tight-5/baylands_super_75_15_10_test_all
strip_v3_frame_000083_172852000000,correct_empty,0,0,0,0.0,0.0,,/home/ruben/halmstad_ws/datasets/final/baylands_super_75_15_10/images/test/strip_v3_frame_000083_172852000000.jpg,/home/ruben/halmstad_ws/models/obb/experiments/sam3_hybrid_full/runs/predictions/v10-tuned-from-v9-tight-5/baylands_super_75_15_10_test_all
strip_v3_frame_000084_173852000000,matched,1,1,1,0.785144,0.785144,0.926907,/home/ruben/halmstad_ws/datasets/final/baylands_super_75_15_10/images/test/strip_v3_frame_000084_173852000000.jpg,/home/ruben/halmstad_ws/models/obb/experiments/sam3_hybrid_full/runs/predictions/v10-tuned-from-v9-tight-5/baylands_super_75_15_10_test_all
strip_v3_frame_000096_185952000000,matched,1,1,1,0.793777,0.793777,0.952391,/home/ruben/halmstad_ws/datasets/final/baylands_super_75_15_10/images/test/strip_v3_frame_000096_185952000000.jpg,/home/ruben/halmstad_ws/models/obb/experiments/sam3_hybrid_full/runs/predictions/v10-tuned-from-v9-tight-5/baylands_super_75_15_10_test_all
strip_v3_frame_000097_186952000000,matched,1,1,1,0.979169,0.979169,0.957755,/home/ruben/halmstad_ws/datasets/final/baylands_super_75_15_10/images/test/strip_v3_frame_000097_186952000000.jpg,/home/ruben/halmstad_ws/models/obb/experiments/sam3_hybrid_full/runs/predictions/v10-tuned-from-v9-tight-5/baylands_super_75_15_10_test_all
strip_v4_frame_000003_95200000000,matched,1,1,1,0.618546,0.618546,0.883545,/home/ruben/halmstad_ws/datasets/final/baylands_super_75_15_10/images/test/strip_v4_frame_000003_95200000000.jpg,/home/ruben/halmstad_ws/models/obb/experiments/sam3_hybrid_full/runs/predictions/v10-tuned-from-v9-tight-5/baylands_super_75_15_10_test_all
strip_v4_frame_000004_99200000000,matched,1,1,1,0.886288,0.886288,0.94093,/home/ruben/halmstad_ws/datasets/final/baylands_super_75_15_10/images/test/strip_v4_frame_000004_99200000000.jpg,/home/ruben/halmstad_ws/models/obb/experiments/sam3_hybrid_full/runs/predictions/v10-tuned-from-v9-tight-5/baylands_super_75_15_10_test_all
strip_v4_frame_000005_103200000000,matched,1,1,1,0.862383,0.862383,0.954503,/home/ruben/halmstad_ws/datasets/final/baylands_super_75_15_10/images/test/strip_v4_frame_000005_103200000000.jpg,/home/ruben/halmstad_ws/models/obb/experiments/sam3_hybrid_full/runs/predictions/v10-tuned-from-v9-tight-5/baylands_super_75_15_10_test_all
strip_v4_frame_000007_111200000000,matched,1,1,1,0.966185,0.966185,0.961068,/home/ruben/halmstad_ws/datasets/final/baylands_super_75_15_10/images/test/strip_v4_frame_000007_111200000000.jpg,/home/ruben/halmstad_ws/models/obb/experiments/sam3_hybrid_full/runs/predictions/v10-tuned-from-v9-tight-5/baylands_super_75_15_10_test_all
strip_v4_frame_000023_175400000000,matched,1,1,1,0.244687,0.244687,0.895177,/home/ruben/halmstad_ws/datasets/final/baylands_super_75_15_10/images/test/strip_v4_frame_000023_175400000000.jpg,/home/ruben/halmstad_ws/models/obb/experiments/sam3_hybrid_full/runs/predictions/v10-tuned-from-v9-tight-5/baylands_super_75_15_10_test_all
strip_v4_frame_000024_179400000000,correct_empty,0,0,0,0.0,0.0,,/home/ruben/halmstad_ws/datasets/final/baylands_super_75_15_10/images/test/strip_v4_frame_000024_179400000000.jpg,/home/ruben/halmstad_ws/models/obb/experiments/sam3_hybrid_full/runs/predictions/v10-tuned-from-v9-tight-5/baylands_super_75_15_10_test_all
strip_v4_frame_000025_183400000000,matched,1,1,1,0.93135,0.93135,0.948226,/home/ruben/halmstad_ws/datasets/final/baylands_super_75_15_10/images/test/strip_v4_frame_000025_183400000000.jpg,/home/ruben/halmstad_ws/models/obb/experiments/sam3_hybrid_full/runs/predictions/v10-tuned-from-v9-tight-5/baylands_super_75_15_10_test_all
strip_v5_frame_000000_110252000000,matched,1,1,1,0.918668,0.918668,0.931377,/home/ruben/halmstad_ws/datasets/final/baylands_super_75_15_10/images/test/strip_v5_frame_000000_110252000000.jpg,/home/ruben/halmstad_ws/models/obb/experiments/sam3_hybrid_full/runs/predictions/v10-tuned-from-v9-tight-5/baylands_super_75_15_10_test_all
strip_v5_frame_000004_114252000000,matched,1,1,1,0.949442,0.949442,0.945417,/home/ruben/halmstad_ws/datasets/final/baylands_super_75_15_10/images/test/strip_v5_frame_000004_114252000000.jpg,/home/ruben/halmstad_ws/models/obb/experiments/sam3_hybrid_full/runs/predictions/v10-tuned-from-v9-tight-5/baylands_super_75_15_10_test_all
strip_v5_frame_000007_117252000000,matched,1,1,1,0.951753,0.951753,0.942013,/home/ruben/halmstad_ws/datasets/final/baylands_super_75_15_10/images/test/strip_v5_frame_000007_117252000000.jpg,/home/ruben/halmstad_ws/models/obb/experiments/sam3_hybrid_full/runs/predictions/v10-tuned-from-v9-tight-5/baylands_super_75_15_10_test_all
strip_v5_frame_000051_171552000000,matched,1,1,1,0.54406,0.54406,0.936665,/home/ruben/halmstad_ws/datasets/final/baylands_super_75_15_10/images/test/strip_v5_frame_000051_171552000000.jpg,/home/ruben/halmstad_ws/models/obb/experiments/sam3_hybrid_full/runs/predictions/v10-tuned-from-v9-tight-5/baylands_super_75_15_10_test_all
strip_v5_frame_000052_172600000000,matched,1,1,1,0.744123,0.744123,0.911957,/home/ruben/halmstad_ws/datasets/final/baylands_super_75_15_10/images/test/strip_v5_frame_000052_172600000000.jpg,/home/ruben/halmstad_ws/models/obb/experiments/sam3_hybrid_full/runs/predictions/v10-tuned-from-v9-tight-5/baylands_super_75_15_10_test_all
strip_v5_frame_000053_173600000000,matched,1,1,1,0.74436,0.74436,0.952367,/home/ruben/halmstad_ws/datasets/final/baylands_super_75_15_10/images/test/strip_v5_frame_000053_173600000000.jpg,/home/ruben/halmstad_ws/models/obb/experiments/sam3_hybrid_full/runs/predictions/v10-tuned-from-v9-tight-5/baylands_super_75_15_10_test_all
strip_v5_frame_000054_174600000000,matched,1,1,1,0.805597,0.805597,0.958604,/home/ruben/halmstad_ws/datasets/final/baylands_super_75_15_10/images/test/strip_v5_frame_000054_174600000000.jpg,/home/ruben/halmstad_ws/models/obb/experiments/sam3_hybrid_full/runs/predictions/v10-tuned-from-v9-tight-5/baylands_super_75_15_10_test_all
strip_v5_frame_000056_179552000000,matched,1,1,1,0.951228,0.951228,0.966658,/home/ruben/halmstad_ws/datasets/final/baylands_super_75_15_10/images/test/strip_v5_frame_000056_179552000000.jpg,/home/ruben/halmstad_ws/models/obb/experiments/sam3_hybrid_full/runs/predictions/v10-tuned-from-v9-tight-5/baylands_super_75_15_10_test_all
strip_v5_frame_000057_180552000000,matched,1,1,1,0.945512,0.945512,0.959605,/home/ruben/halmstad_ws/datasets/final/baylands_super_75_15_10/images/test/strip_v5_frame_000057_180552000000.jpg,/home/ruben/halmstad_ws/models/obb/experiments/sam3_hybrid_full/runs/predictions/v10-tuned-from-v9-tight-5/baylands_super_75_15_10_test_all
strip_v5_frame_000058_181552000000,matched,1,1,1,0.889885,0.889885,0.96297,/home/ruben/halmstad_ws/datasets/final/baylands_super_75_15_10/images/test/strip_v5_frame_000058_181552000000.jpg,/home/ruben/halmstad_ws/models/obb/experiments/sam3_hybrid_full/runs/predictions/v10-tuned-from-v9-tight-5/baylands_super_75_15_10_test_all
strip_v5_frame_000059_182552000000,matched,1,1,1,0.958849,0.958849,0.965345,/home/ruben/halmstad_ws/datasets/final/baylands_super_75_15_10/images/test/strip_v5_frame_000059_182552000000.jpg,/home/ruben/halmstad_ws/models/obb/experiments/sam3_hybrid_full/runs/predictions/v10-tuned-from-v9-tight-5/baylands_super_75_15_10_test_all
strip_v5_frame_000060_183552000000,matched,1,1,1,0.933937,0.933937,0.966018,/home/ruben/halmstad_ws/datasets/final/baylands_super_75_15_10/images/test/strip_v5_frame_000060_183552000000.jpg,/home/ruben/halmstad_ws/models/obb/experiments/sam3_hybrid_full/runs/predictions/v10-tuned-from-v9-tight-5/baylands_super_75_15_10_test_all
strip_v5_frame_000062_185600000000,matched,1,1,1,0.879091,0.879091,0.962979,/home/ruben/halmstad_ws/datasets/final/baylands_super_75_15_10/images/test/strip_v5_frame_000062_185600000000.jpg,/home/ruben/halmstad_ws/models/obb/experiments/sam3_hybrid_full/runs/predictions/v10-tuned-from-v9-tight-5/baylands_super_75_15_10_test_all
strip_v5_frame_000063_186600000000,matched,1,1,1,0.923797,0.923797,0.942275,/home/ruben/halmstad_ws/datasets/final/baylands_super_75_15_10/images/test/strip_v5_frame_000063_186600000000.jpg,/home/ruben/halmstad_ws/models/obb/experiments/sam3_hybrid_full/runs/predictions/v10-tuned-from-v9-tight-5/baylands_super_75_15_10_test_all
strip_v7_frame_000019_91652000000,matched,1,1,1,0.893242,0.893242,0.962083,/home/ruben/halmstad_ws/datasets/final/baylands_super_75_15_10/images/test/strip_v7_frame_000019_91652000000.jpg,/home/ruben/halmstad_ws/models/obb/experiments/sam3_hybrid_full/runs/predictions/v10-tuned-from-v9-tight-5/baylands_super_75_15_10_test_all
strip_v7_frame_000022_94752000000,matched,1,1,1,0.9668,0.9668,0.963809,/home/ruben/halmstad_ws/datasets/final/baylands_super_75_15_10/images/test/strip_v7_frame_000022_94752000000.jpg,/home/ruben/halmstad_ws/models/obb/experiments/sam3_hybrid_full/runs/predictions/v10-tuned-from-v9-tight-5/baylands_super_75_15_10_test_all
strip_v7_frame_000027_99800000000,matched,1,1,1,0.926016,0.926016,0.958658,/home/ruben/halmstad_ws/datasets/final/baylands_super_75_15_10/images/test/strip_v7_frame_000027_99800000000.jpg,/home/ruben/halmstad_ws/models/obb/experiments/sam3_hybrid_full/runs/predictions/v10-tuned-from-v9-tight-5/baylands_super_75_15_10_test_all
strip_v7_frame_000028_100800000000,matched,1,1,1,0.967045,0.967045,0.963809,/home/ruben/halmstad_ws/datasets/final/baylands_super_75_15_10/images/test/strip_v7_frame_000028_100800000000.jpg,/home/ruben/halmstad_ws/models/obb/experiments/sam3_hybrid_full/runs/predictions/v10-tuned-from-v9-tight-5/baylands_super_75_15_10_test_all
strip_v7_frame_000029_101852000000,matched,1,1,1,0.911466,0.911466,0.962375,/home/ruben/halmstad_ws/datasets/final/baylands_super_75_15_10/images/test/strip_v7_frame_000029_101852000000.jpg,/home/ruben/halmstad_ws/models/obb/experiments/sam3_hybrid_full/runs/predictions/v10-tuned-from-v9-tight-5/baylands_super_75_15_10_test_all
strip_v7_frame_000031_103900000000,matched,1,1,1,0.859858,0.859858,0.962094,/home/ruben/halmstad_ws/datasets/final/baylands_super_75_15_10/images/test/strip_v7_frame_000031_103900000000.jpg,/home/ruben/halmstad_ws/models/obb/experiments/sam3_hybrid_full/runs/predictions/v10-tuned-from-v9-tight-5/baylands_super_75_15_10_test_all
strip_v7_frame_000032_104900000000,matched,1,1,1,0.921652,0.921652,0.961514,/home/ruben/halmstad_ws/datasets/final/baylands_super_75_15_10/images/test/strip_v7_frame_000032_104900000000.jpg,/home/ruben/halmstad_ws/models/obb/experiments/sam3_hybrid_full/runs/predictions/v10-tuned-from-v9-tight-5/baylands_super_75_15_10_test_all
strip_v7_frame_000039_112000000000,matched,1,1,1,0.918922,0.918922,0.960818,/home/ruben/halmstad_ws/datasets/final/baylands_super_75_15_10/images/test/strip_v7_frame_000039_112000000000.jpg,/home/ruben/halmstad_ws/models/obb/experiments/sam3_hybrid_full/runs/predictions/v10-tuned-from-v9-tight-5/baylands_super_75_15_10_test_all
strip_v7_frame_000094_177300000000,correct_empty,0,0,0,0.0,0.0,,/home/ruben/halmstad_ws/datasets/final/baylands_super_75_15_10/images/test/strip_v7_frame_000094_177300000000.jpg,/home/ruben/halmstad_ws/models/obb/experiments/sam3_hybrid_full/runs/predictions/v10-tuned-from-v9-tight-5/baylands_super_75_15_10_test_all
strip_v7_frame_000099_182352000000,matched,1,1,1,0.851301,0.851301,0.940721,/home/ruben/halmstad_ws/datasets/final/baylands_super_75_15_10/images/test/strip_v7_frame_000099_182352000000.jpg,/home/ruben/halmstad_ws/models/obb/experiments/sam3_hybrid_full/runs/predictions/v10-tuned-from-v9-tight-5/baylands_super_75_15_10_test_all
