stem,status,gt_count,pred_count,matches,best_iou,mean_iou,max_conf,image,pred_dir
parkinglot_east_v1_frame_000015_113500000000,matched,1,1,1,0.778937,0.778937,0.891791,/home/ruben/halmstad_ws/datasets/final/baylands_super_75_15_10/images/test/parkinglot_east_v1_frame_000015_113500000000.jpg,/home/ruben/halmstad_ws/models/obb/experiments/sam3_hybrid_full/runs/predictions/baylands-leader-v10-tuned-full/baylands_super_75_15_10_test_all
parkinglot_east_v1_frame_000016_117500000000,correct_empty,0,0,0,0.0,0.0,,/home/ruben/halmstad_ws/datasets/final/baylands_super_75_15_10/images/test/parkinglot_east_v1_frame_000016_117500000000.jpg,/home/ruben/halmstad_ws/models/obb/experiments/sam3_hybrid_full/runs/predictions/baylands-leader-v10-tuned-full/baylands_super_75_15_10_test_all
parkinglot_east_v2_frame_000000_168400000000,matched,1,1,1,0.799906,0.799906,0.948801,/home/ruben/halmstad_ws/datasets/final/baylands_super_75_15_10/images/test/parkinglot_east_v2_frame_000000_168400000000.jpg,/home/ruben/halmstad_ws/models/obb/experiments/sam3_hybrid_full/runs/predictions/baylands-leader-v10-tuned-full/baylands_super_75_15_10_test_all
parkinglot_east_v2_frame_000001_169400000000,matched,1,1,1,0.808706,0.808706,0.948837,/home/ruben/halmstad_ws/datasets/final/baylands_super_75_15_10/images/test/parkinglot_east_v2_frame_000001_169400000000.jpg,/home/ruben/halmstad_ws/models/obb/experiments/sam3_hybrid_full/runs/predictions/baylands-leader-v10-tuned-full/baylands_super_75_15_10_test_all
parkinglot_east_v2_frame_000002_170500000000,matched,1,1,1,0.824995,0.824995,0.958088,/home/ruben/halmstad_ws/datasets/final/baylands_super_75_15_10/images/test/parkinglot_east_v2_frame_000002_170500000000.jpg,/home/ruben/halmstad_ws/models/obb/experiments/sam3_hybrid_full/runs/predictions/baylands-leader-v10-tuned-full/baylands_super_75_15_10_test_all
parkinglot_east_v2_frame_000005_173500000000,matched,1,1,1,0.811225,0.811225,0.953599,/home/ruben/halmstad_ws/datasets/final/baylands_super_75_15_10/images/test/parkinglot_east_v2_frame_000005_173500000000.jpg,/home/ruben/halmstad_ws/models/obb/experiments/sam3_hybrid_full/runs/predictions/baylands-leader-v10-tuned-full/baylands_super_75_15_10_test_all
parkinglot_east_v2_frame_000007_175500000000,matched,1,1,1,0.816773,0.816773,0.957631,/home/ruben/halmstad_ws/datasets/final/baylands_super_75_15_10/images/test/parkinglot_east_v2_frame_000007_175500000000.jpg,/home/ruben/halmstad_ws/models/obb/experiments/sam3_hybrid_full/runs/predictions/baylands-leader-v10-tuned-full/baylands_super_75_15_10_test_all
parkinglot_east_v2_frame_000009_177500000000,matched,1,1,1,0.694563,0.694563,0.917049,/home/ruben/halmstad_ws/datasets/final/baylands_super_75_15_10/images/test/parkinglot_east_v2_frame_000009_177500000000.jpg,/home/ruben/halmstad_ws/models/obb/experiments/sam3_hybrid_full/runs/predictions/baylands-leader-v10-tuned-full/baylands_super_75_15_10_test_all
parkinglot_east_v2_frame_000010_178500000000,matched,1,1,1,0.690128,0.690128,0.915921,/home/ruben/halmstad_ws/datasets/final/baylands_super_75_15_10/images/test/parkinglot_east_v2_frame_000010_178500000000.jpg,/home/ruben/halmstad_ws/models/obb/experiments/sam3_hybrid_full/runs/predictions/baylands-leader-v10-tuned-full/baylands_super_75_15_10_test_all
parkinglot_east_v3_frame_000269_512600000000,matched,1,1,1,0.787858,0.787858,0.944252,/home/ruben/halmstad_ws/datasets/final/baylands_super_75_15_10/images/test/parkinglot_east_v3_frame_000269_512600000000.jpg,/home/ruben/halmstad_ws/models/obb/experiments/sam3_hybrid_full/runs/predictions/baylands-leader-v10-tuned-full/baylands_super_75_15_10_test_all
parkinglot_east_v3_frame_000270_513600000000,matched,1,1,1,0.810324,0.810324,0.94369,/home/ruben/halmstad_ws/datasets/final/baylands_super_75_15_10/images/test/parkinglot_east_v3_frame_000270_513600000000.jpg,/home/ruben/halmstad_ws/models/obb/experiments/sam3_hybrid_full/runs/predictions/baylands-leader-v10-tuned-full/baylands_super_75_15_10_test_all
parkinglot_east_v3_frame_000272_515700000000,matched,1,1,1,0.731336,0.731336,0.949191,/home/ruben/halmstad_ws/datasets/final/baylands_super_75_15_10/images/test/parkinglot_east_v3_frame_000272_515700000000.jpg,/home/ruben/halmstad_ws/models/obb/experiments/sam3_hybrid_full/runs/predictions/baylands-leader-v10-tuned-full/baylands_super_75_15_10_test_all
parkinglot_east_v3_frame_000273_516700000000,matched,1,1,1,0.770557,0.770557,0.944678,/home/ruben/halmstad_ws/datasets/final/baylands_super_75_15_10/images/test/parkinglot_east_v3_frame_000273_516700000000.jpg,/home/ruben/halmstad_ws/models/obb/experiments/sam3_hybrid_full/runs/predictions/baylands-leader-v10-tuned-full/baylands_super_75_15_10_test_all
parkinglot_east_v3_frame_000274_517700000000,matched,1,1,1,0.727376,0.727376,0.952348,/home/ruben/halmstad_ws/datasets/final/baylands_super_75_15_10/images/test/parkinglot_east_v3_frame_000274_517700000000.jpg,/home/ruben/halmstad_ws/models/obb/experiments/sam3_hybrid_full/runs/predictions/baylands-leader-v10-tuned-full/baylands_super_75_15_10_test_all
parkinglot_east_v3_frame_000275_518700000000,matched,1,1,1,0.685624,0.685624,0.951051,/home/ruben/halmstad_ws/datasets/final/baylands_super_75_15_10/images/test/parkinglot_east_v3_frame_000275_518700000000.jpg,/home/ruben/halmstad_ws/models/obb/experiments/sam3_hybrid_full/runs/predictions/baylands-leader-v10-tuned-full/baylands_super_75_15_10_test_all
parkinglot_east_v3_frame_000276_519700000000,matched,1,1,1,0.842747,0.842747,0.949849,/home/ruben/halmstad_ws/datasets/final/baylands_super_75_15_10/images/test/parkinglot_east_v3_frame_000276_519700000000.jpg,/home/ruben/halmstad_ws/models/obb/experiments/sam3_hybrid_full/runs/predictions/baylands-leader-v10-tuned-full/baylands_super_75_15_10_test_all
parkinglot_east_v3_frame_000277_520700000000,matched,1,1,1,0.691772,0.691772,0.935287,/home/ruben/halmstad_ws/datasets/final/baylands_super_75_15_10/images/test/parkinglot_east_v3_frame_000277_520700000000.jpg,/home/ruben/halmstad_ws/models/obb/experiments/sam3_hybrid_full/runs/predictions/baylands-leader-v10-tuned-full/baylands_super_75_15_10_test_all
parkinglot_east_v3_frame_000278_521700000000,matched,1,1,1,0.848561,0.848561,0.939129,/home/ruben/halmstad_ws/datasets/final/baylands_super_75_15_10/images/test/parkinglot_east_v3_frame_000278_521700000000.jpg,/home/ruben/halmstad_ws/models/obb/experiments/sam3_hybrid_full/runs/predictions/baylands-leader-v10-tuned-full/baylands_super_75_15_10_test_all
parkinglot_east_v3_frame_000279_522700000000,matched,1,1,1,0.860658,0.860658,0.952917,/home/ruben/halmstad_ws/datasets/final/baylands_super_75_15_10/images/test/parkinglot_east_v3_frame_000279_522700000000.jpg,/home/ruben/halmstad_ws/models/obb/experiments/sam3_hybrid_full/runs/predictions/baylands-leader-v10-tuned-full/baylands_super_75_15_10_test_all
parkinglot_east_v3_frame_000280_523800000000,matched,1,1,1,0.944876,0.944876,0.956958,/home/ruben/halmstad_ws/datasets/final/baylands_super_75_15_10/images/test/parkinglot_east_v3_frame_000280_523800000000.jpg,/home/ruben/halmstad_ws/models/obb/experiments/sam3_hybrid_full/runs/predictions/baylands-leader-v10-tuned-full/baylands_super_75_15_10_test_all
parkinglot_east_v3_frame_000281_524800000000,matched,1,1,1,0.906334,0.906334,0.960855,/home/ruben/halmstad_ws/datasets/final/baylands_super_75_15_10/images/test/parkinglot_east_v3_frame_000281_524800000000.jpg,/home/ruben/halmstad_ws/models/obb/experiments/sam3_hybrid_full/runs/predictions/baylands-leader-v10-tuned-full/baylands_super_75_15_10_test_all
parkinglot_east_v3_frame_000282_525800000000,matched,1,1,1,0.827933,0.827933,0.936454,/home/ruben/halmstad_ws/datasets/final/baylands_super_75_15_10/images/test/parkinglot_east_v3_frame_000282_525800000000.jpg,/home/ruben/halmstad_ws/models/obb/experiments/sam3_hybrid_full/runs/predictions/baylands-leader-v10-tuned-full/baylands_super_75_15_10_test_all
parkinglot_east_v3_frame_000283_526800000000,matched,1,1,1,0.793707,0.793707,0.944612,/home/ruben/halmstad_ws/datasets/final/baylands_super_75_15_10/images/test/parkinglot_east_v3_frame_000283_526800000000.jpg,/home/ruben/halmstad_ws/models/obb/experiments/sam3_hybrid_full/runs/predictions/baylands-leader-v10-tuned-full/baylands_super_75_15_10_test_all
parkinglot_east_v3_frame_000284_527800000000,matched,1,1,1,0.555817,0.555817,0.949696,/home/ruben/halmstad_ws/datasets/final/baylands_super_75_15_10/images/test/parkinglot_east_v3_frame_000284_527800000000.jpg,/home/ruben/halmstad_ws/models/obb/experiments/sam3_hybrid_full/runs/predictions/baylands-leader-v10-tuned-full/baylands_super_75_15_10_test_all
parkinglot_east_v3_frame_000285_528800000000,matched,1,1,1,0.908936,0.908936,0.935655,/home/ruben/halmstad_ws/datasets/final/baylands_super_75_15_10/images/test/parkinglot_east_v3_frame_000285_528800000000.jpg,/home/ruben/halmstad_ws/models/obb/experiments/sam3_hybrid_full/runs/predictions/baylands-leader-v10-tuned-full/baylands_super_75_15_10_test_all
parkinglot_east_v3_frame_000286_529800000000,matched,1,1,1,0.774179,0.774179,0.848046,/home/ruben/halmstad_ws/datasets/final/baylands_super_75_15_10/images/test/parkinglot_east_v3_frame_000286_529800000000.jpg,/home/ruben/halmstad_ws/models/obb/experiments/sam3_hybrid_full/runs/predictions/baylands-leader-v10-tuned-full/baylands_super_75_15_10_test_all
parkinglot_east_v3_frame_000287_530800000000,matched,1,1,1,0.768612,0.768612,0.883252,/home/ruben/halmstad_ws/datasets/final/baylands_super_75_15_10/images/test/parkinglot_east_v3_frame_000287_530800000000.jpg,/home/ruben/halmstad_ws/models/obb/experiments/sam3_hybrid_full/runs/predictions/baylands-leader-v10-tuned-full/baylands_super_75_15_10_test_all
parkinglot_east_v3_frame_000288_531800000000,matched,1,1,1,0.798738,0.798738,0.892871,/home/ruben/halmstad_ws/datasets/final/baylands_super_75_15_10/images/test/parkinglot_east_v3_frame_000288_531800000000.jpg,/home/ruben/halmstad_ws/models/obb/experiments/sam3_hybrid_full/runs/predictions/baylands-leader-v10-tuned-full/baylands_super_75_15_10_test_all
parkinglot_east_v3_frame_000289_532800000000,matched,1,1,1,0.748684,0.748684,0.880159,/home/ruben/halmstad_ws/datasets/final/baylands_super_75_15_10/images/test/parkinglot_east_v3_frame_000289_532800000000.jpg,/home/ruben/halmstad_ws/models/obb/experiments/sam3_hybrid_full/runs/predictions/baylands-leader-v10-tuned-full/baylands_super_75_15_10_test_all
parkinglot_east_v3_frame_000290_533900000000,matched,1,1,1,0.761746,0.761746,0.882946,/home/ruben/halmstad_ws/datasets/final/baylands_super_75_15_10/images/test/parkinglot_east_v3_frame_000290_533900000000.jpg,/home/ruben/halmstad_ws/models/obb/experiments/sam3_hybrid_full/runs/predictions/baylands-leader-v10-tuned-full/baylands_super_75_15_10_test_all
parkinglot_east_v3_frame_000291_534900000000,matched,1,1,1,0.662914,0.662914,0.889473,/home/ruben/halmstad_ws/datasets/final/baylands_super_75_15_10/images/test/parkinglot_east_v3_frame_000291_534900000000.jpg,/home/ruben/halmstad_ws/models/obb/experiments/sam3_hybrid_full/runs/predictions/baylands-leader-v10-tuned-full/baylands_super_75_15_10_test_all
parkinglot_east_v3_frame_000293_536900000000,matched,1,1,1,0.855575,0.855575,0.945716,/home/ruben/halmstad_ws/datasets/final/baylands_super_75_15_10/images/test/parkinglot_east_v3_frame_000293_536900000000.jpg,/home/ruben/halmstad_ws/models/obb/experiments/sam3_hybrid_full/runs/predictions/baylands-leader-v10-tuned-full/baylands_super_75_15_10_test_all
parkinglot_east_v3_frame_000294_537900000000,matched,1,1,1,0.835998,0.835998,0.952969,/home/ruben/halmstad_ws/datasets/final/baylands_super_75_15_10/images/test/parkinglot_east_v3_frame_000294_537900000000.jpg,/home/ruben/halmstad_ws/models/obb/experiments/sam3_hybrid_full/runs/predictions/baylands-leader-v10-tuned-full/baylands_super_75_15_10_test_all
parkinglot_east_v3_frame_000295_538900000000,matched,1,1,1,0.889584,0.889584,0.961619,/home/ruben/halmstad_ws/datasets/final/baylands_super_75_15_10/images/test/parkinglot_east_v3_frame_000295_538900000000.jpg,/home/ruben/halmstad_ws/models/obb/experiments/sam3_hybrid_full/runs/predictions/baylands-leader-v10-tuned-full/baylands_super_75_15_10_test_all
parkinglot_east_v4_frame_000010_113700000000,correct_empty,0,0,0,0.0,0.0,,/home/ruben/halmstad_ws/datasets/final/baylands_super_75_15_10/images/test/parkinglot_east_v4_frame_000010_113700000000.jpg,/home/ruben/halmstad_ws/models/obb/experiments/sam3_hybrid_full/runs/predictions/baylands-leader-v10-tuned-full/baylands_super_75_15_10_test_all
parkinglot_east_v4_frame_000012_121700000000,matched,1,1,1,0.710388,0.710388,0.959381,/home/ruben/halmstad_ws/datasets/final/baylands_super_75_15_10/images/test/parkinglot_east_v4_frame_000012_121700000000.jpg,/home/ruben/halmstad_ws/models/obb/experiments/sam3_hybrid_full/runs/predictions/baylands-leader-v10-tuned-full/baylands_super_75_15_10_test_all
parkinglot_east_v4_frame_000013_125700000000,matched,1,1,1,0.821409,0.821409,0.968346,/home/ruben/halmstad_ws/datasets/final/baylands_super_75_15_10/images/test/parkinglot_east_v4_frame_000013_125700000000.jpg,/home/ruben/halmstad_ws/models/obb/experiments/sam3_hybrid_full/runs/predictions/baylands-leader-v10-tuned-full/baylands_super_75_15_10_test_all
parkinglot_east_v4_frame_000014_129700000000,correct_empty,0,0,0,0.0,0.0,,/home/ruben/halmstad_ws/datasets/final/baylands_super_75_15_10/images/test/parkinglot_east_v4_frame_000014_129700000000.jpg,/home/ruben/halmstad_ws/models/obb/experiments/sam3_hybrid_full/runs/predictions/baylands-leader-v10-tuned-full/baylands_super_75_15_10_test_all
parkinglot_east_v4_frame_000015_133700000000,matched,1,1,1,0.921393,0.921393,0.943232,/home/ruben/halmstad_ws/datasets/final/baylands_super_75_15_10/images/test/parkinglot_east_v4_frame_000015_133700000000.jpg,/home/ruben/halmstad_ws/models/obb/experiments/sam3_hybrid_full/runs/predictions/baylands-leader-v10-tuned-full/baylands_super_75_15_10_test_all
parkinglot_east_v4_frame_000016_137700000000,matched,1,1,1,0.866406,0.866406,0.961392,/home/ruben/halmstad_ws/datasets/final/baylands_super_75_15_10/images/test/parkinglot_east_v4_frame_000016_137700000000.jpg,/home/ruben/halmstad_ws/models/obb/experiments/sam3_hybrid_full/runs/predictions/baylands-leader-v10-tuned-full/baylands_super_75_15_10_test_all
parkinglot_east_v4_frame_000017_141800000000,matched,1,1,1,0.917125,0.917125,0.960858,/home/ruben/halmstad_ws/datasets/final/baylands_super_75_15_10/images/test/parkinglot_east_v4_frame_000017_141800000000.jpg,/home/ruben/halmstad_ws/models/obb/experiments/sam3_hybrid_full/runs/predictions/baylands-leader-v10-tuned-full/baylands_super_75_15_10_test_all
parkinglot_east_v4_frame_000018_145800000000,matched,1,1,1,0.926372,0.926372,0.955006,/home/ruben/halmstad_ws/datasets/final/baylands_super_75_15_10/images/test/parkinglot_east_v4_frame_000018_145800000000.jpg,/home/ruben/halmstad_ws/models/obb/experiments/sam3_hybrid_full/runs/predictions/baylands-leader-v10-tuned-full/baylands_super_75_15_10_test_all
parkinglot_east_v4_frame_000019_149800000000,correct_empty,0,0,0,0.0,0.0,,/home/ruben/halmstad_ws/datasets/final/baylands_super_75_15_10/images/test/parkinglot_east_v4_frame_000019_149800000000.jpg,/home/ruben/halmstad_ws/models/obb/experiments/sam3_hybrid_full/runs/predictions/baylands-leader-v10-tuned-full/baylands_super_75_15_10_test_all
parkinglot_east_v4_frame_000020_153800000000,correct_empty,0,0,0,0.0,0.0,,/home/ruben/halmstad_ws/datasets/final/baylands_super_75_15_10/images/test/parkinglot_east_v4_frame_000020_153800000000.jpg,/home/ruben/halmstad_ws/models/obb/experiments/sam3_hybrid_full/runs/predictions/baylands-leader-v10-tuned-full/baylands_super_75_15_10_test_all
parkinglot_east_v4_frame_000021_157800000000,matched,1,1,1,0.8799,0.8799,0.959316,/home/ruben/halmstad_ws/datasets/final/baylands_super_75_15_10/images/test/parkinglot_east_v4_frame_000021_157800000000.jpg,/home/ruben/halmstad_ws/models/obb/experiments/sam3_hybrid_full/runs/predictions/baylands-leader-v10-tuned-full/baylands_super_75_15_10_test_all
parkinglot_east_v4_frame_000022_161800000000,matched,1,1,1,0.891914,0.891914,0.956061,/home/ruben/halmstad_ws/datasets/final/baylands_super_75_15_10/images/test/parkinglot_east_v4_frame_000022_161800000000.jpg,/home/ruben/halmstad_ws/models/obb/experiments/sam3_hybrid_full/runs/predictions/baylands-leader-v10-tuned-full/baylands_super_75_15_10_test_all
parkinglot_east_v4_frame_000023_165800000000,matched,1,1,1,0.926917,0.926917,0.962628,/home/ruben/halmstad_ws/datasets/final/baylands_super_75_15_10/images/test/parkinglot_east_v4_frame_000023_165800000000.jpg,/home/ruben/halmstad_ws/models/obb/experiments/sam3_hybrid_full/runs/predictions/baylands-leader-v10-tuned-full/baylands_super_75_15_10_test_all
parkinglot_east_v4_frame_000024_169800000000,matched,1,1,1,0.883381,0.883381,0.965168,/home/ruben/halmstad_ws/datasets/final/baylands_super_75_15_10/images/test/parkinglot_east_v4_frame_000024_169800000000.jpg,/home/ruben/halmstad_ws/models/obb/experiments/sam3_hybrid_full/runs/predictions/baylands-leader-v10-tuned-full/baylands_super_75_15_10_test_all
parkinglot_east_v4_frame_000025_173800000000,matched,1,1,1,0.876171,0.876171,0.958068,/home/ruben/halmstad_ws/datasets/final/baylands_super_75_15_10/images/test/parkinglot_east_v4_frame_000025_173800000000.jpg,/home/ruben/halmstad_ws/models/obb/experiments/sam3_hybrid_full/runs/predictions/baylands-leader-v10-tuned-full/baylands_super_75_15_10_test_all
parkinglot_east_v4_frame_000026_177900000000,matched,1,1,1,0.600116,0.600116,0.956602,/home/ruben/halmstad_ws/datasets/final/baylands_super_75_15_10/images/test/parkinglot_east_v4_frame_000026_177900000000.jpg,/home/ruben/halmstad_ws/models/obb/experiments/sam3_hybrid_full/runs/predictions/baylands-leader-v10-tuned-full/baylands_super_75_15_10_test_all
parkinglot_west_v1_frame_000144_224400000000,matched,1,1,1,0.832112,0.832112,0.917626,/home/ruben/halmstad_ws/datasets/final/baylands_super_75_15_10/images/test/parkinglot_west_v1_frame_000144_224400000000.jpg,/home/ruben/halmstad_ws/models/obb/experiments/sam3_hybrid_full/runs/predictions/baylands-leader-v10-tuned-full/baylands_super_75_15_10_test_all
parkinglot_west_v1_frame_000145_225400000000,multi_prediction,1,2,1,0.773074,0.773074,0.919305,/home/ruben/halmstad_ws/datasets/final/baylands_super_75_15_10/images/test/parkinglot_west_v1_frame_000145_225400000000.jpg,/home/ruben/halmstad_ws/models/obb/experiments/sam3_hybrid_full/runs/predictions/baylands-leader-v10-tuned-full/baylands_super_75_15_10_test_all
parkinglot_west_v1_frame_000149_229452000000,matched,1,1,1,0.793982,0.793982,0.951866,/home/ruben/halmstad_ws/datasets/final/baylands_super_75_15_10/images/test/parkinglot_west_v1_frame_000149_229452000000.jpg,/home/ruben/halmstad_ws/models/obb/experiments/sam3_hybrid_full/runs/predictions/baylands-leader-v10-tuned-full/baylands_super_75_15_10_test_all
parkinglot_west_v1_frame_000150_230500000000,matched,1,1,1,0.691888,0.691888,0.923221,/home/ruben/halmstad_ws/datasets/final/baylands_super_75_15_10/images/test/parkinglot_west_v1_frame_000150_230500000000.jpg,/home/ruben/halmstad_ws/models/obb/experiments/sam3_hybrid_full/runs/predictions/baylands-leader-v10-tuned-full/baylands_super_75_15_10_test_all
parkinglot_west_v1_frame_000159_239552000000,matched,1,1,1,0.829119,0.829119,0.950607,/home/ruben/halmstad_ws/datasets/final/baylands_super_75_15_10/images/test/parkinglot_west_v1_frame_000159_239552000000.jpg,/home/ruben/halmstad_ws/models/obb/experiments/sam3_hybrid_full/runs/predictions/baylands-leader-v10-tuned-full/baylands_super_75_15_10_test_all
parkinglot_west_v1_frame_000160_240552000000,matched,1,1,1,0.965214,0.965214,0.945884,/home/ruben/halmstad_ws/datasets/final/baylands_super_75_15_10/images/test/parkinglot_west_v1_frame_000160_240552000000.jpg,/home/ruben/halmstad_ws/models/obb/experiments/sam3_hybrid_full/runs/predictions/baylands-leader-v10-tuned-full/baylands_super_75_15_10_test_all
parkinglot_west_v1_frame_000161_241552000000,matched,1,1,1,0.859914,0.859914,0.954095,/home/ruben/halmstad_ws/datasets/final/baylands_super_75_15_10/images/test/parkinglot_west_v1_frame_000161_241552000000.jpg,/home/ruben/halmstad_ws/models/obb/experiments/sam3_hybrid_full/runs/predictions/baylands-leader-v10-tuned-full/baylands_super_75_15_10_test_all
parkinglot_west_v1_frame_000209_292500000000,matched,1,1,1,0.836115,0.836115,0.929323,/home/ruben/halmstad_ws/datasets/final/baylands_super_75_15_10/images/test/parkinglot_west_v1_frame_000209_292500000000.jpg,/home/ruben/halmstad_ws/models/obb/experiments/sam3_hybrid_full/runs/predictions/baylands-leader-v10-tuned-full/baylands_super_75_15_10_test_all
parkinglot_west_v1_frame_000210_293500000000,matched,1,1,1,0.858803,0.858803,0.913547,/home/ruben/halmstad_ws/datasets/final/baylands_super_75_15_10/images/test/parkinglot_west_v1_frame_000210_293500000000.jpg,/home/ruben/halmstad_ws/models/obb/experiments/sam3_hybrid_full/runs/predictions/baylands-leader-v10-tuned-full/baylands_super_75_15_10_test_all
parkinglot_west_v1_frame_000212_295552000000,matched,1,1,1,0.937832,0.937832,0.964789,/home/ruben/halmstad_ws/datasets/final/baylands_super_75_15_10/images/test/parkinglot_west_v1_frame_000212_295552000000.jpg,/home/ruben/halmstad_ws/models/obb/experiments/sam3_hybrid_full/runs/predictions/baylands-leader-v10-tuned-full/baylands_super_75_15_10_test_all
parkinglot_west_v1_frame_000214_297600000000,matched,1,1,1,0.62115,0.62115,0.959497,/home/ruben/halmstad_ws/datasets/final/baylands_super_75_15_10/images/test/parkinglot_west_v1_frame_000214_297600000000.jpg,/home/ruben/halmstad_ws/models/obb/experiments/sam3_hybrid_full/runs/predictions/baylands-leader-v10-tuned-full/baylands_super_75_15_10_test_all
parkinglot_west_v1_frame_000215_298600000000,matched,1,1,1,0.842781,0.842781,0.967332,/home/ruben/halmstad_ws/datasets/final/baylands_super_75_15_10/images/test/parkinglot_west_v1_frame_000215_298600000000.jpg,/home/ruben/halmstad_ws/models/obb/experiments/sam3_hybrid_full/runs/predictions/baylands-leader-v10-tuned-full/baylands_super_75_15_10_test_all
parkinglot_west_v1_frame_000217_300600000000,matched,1,1,1,0.757972,0.757972,0.961266,/home/ruben/halmstad_ws/datasets/final/baylands_super_75_15_10/images/test/parkinglot_west_v1_frame_000217_300600000000.jpg,/home/ruben/halmstad_ws/models/obb/experiments/sam3_hybrid_full/runs/predictions/baylands-leader-v10-tuned-full/baylands_super_75_15_10_test_all
parkinglot_west_v1_frame_000219_302652000000,matched,1,1,1,0.763632,0.763632,0.943559,/home/ruben/halmstad_ws/datasets/final/baylands_super_75_15_10/images/test/parkinglot_west_v1_frame_000219_302652000000.jpg,/home/ruben/halmstad_ws/models/obb/experiments/sam3_hybrid_full/runs/predictions/baylands-leader-v10-tuned-full/baylands_super_75_15_10_test_all
parkinglot_west_v1_frame_000220_303652000000,matched,1,1,1,0.868328,0.868328,0.956974,/home/ruben/halmstad_ws/datasets/final/baylands_super_75_15_10/images/test/parkinglot_west_v1_frame_000220_303652000000.jpg,/home/ruben/halmstad_ws/models/obb/experiments/sam3_hybrid_full/runs/predictions/baylands-leader-v10-tuned-full/baylands_super_75_15_10_test_all
parkinglot_west_v1_frame_000221_304652000000,matched,1,1,1,1.0,1.0,0.963528,/home/ruben/halmstad_ws/datasets/final/baylands_super_75_15_10/images/test/parkinglot_west_v1_frame_000221_304652000000.jpg,/home/ruben/halmstad_ws/models/obb/experiments/sam3_hybrid_full/runs/predictions/baylands-leader-v10-tuned-full/baylands_super_75_15_10_test_all
parkinglot_west_v1_frame_000225_308700000000,multi_prediction,1,2,1,0.861017,0.861017,0.802966,/home/ruben/halmstad_ws/datasets/final/baylands_super_75_15_10/images/test/parkinglot_west_v1_frame_000225_308700000000.jpg,/home/ruben/halmstad_ws/models/obb/experiments/sam3_hybrid_full/runs/predictions/baylands-leader-v10-tuned-full/baylands_super_75_15_10_test_all
parkinglot_west_v1_frame_000226_309752000000,matched,1,1,1,0.906043,0.906043,0.954592,/home/ruben/halmstad_ws/datasets/final/baylands_super_75_15_10/images/test/parkinglot_west_v1_frame_000226_309752000000.jpg,/home/ruben/halmstad_ws/models/obb/experiments/sam3_hybrid_full/runs/predictions/baylands-leader-v10-tuned-full/baylands_super_75_15_10_test_all
parkinglot_west_v2_frame_000139_228252000000,matched,1,1,1,0.866153,0.866153,0.944757,/home/ruben/halmstad_ws/datasets/final/baylands_super_75_15_10/images/test/parkinglot_west_v2_frame_000139_228252000000.jpg,/home/ruben/halmstad_ws/models/obb/experiments/sam3_hybrid_full/runs/predictions/baylands-leader-v10-tuned-full/baylands_super_75_15_10_test_all
parkinglot_west_v2_frame_000153_242352000000,matched,1,1,1,0.868479,0.868479,0.936289,/home/ruben/halmstad_ws/datasets/final/baylands_super_75_15_10/images/test/parkinglot_west_v2_frame_000153_242352000000.jpg,/home/ruben/halmstad_ws/models/obb/experiments/sam3_hybrid_full/runs/predictions/baylands-leader-v10-tuned-full/baylands_super_75_15_10_test_all
parkinglot_west_v2_frame_000154_243352000000,matched,1,1,1,0.766135,0.766135,0.936867,/home/ruben/halmstad_ws/datasets/final/baylands_super_75_15_10/images/test/parkinglot_west_v2_frame_000154_243352000000.jpg,/home/ruben/halmstad_ws/models/obb/experiments/sam3_hybrid_full/runs/predictions/baylands-leader-v10-tuned-full/baylands_super_75_15_10_test_all
parkinglot_west_v2_frame_000155_244352000000,matched,1,1,1,0.850648,0.850648,0.936388,/home/ruben/halmstad_ws/datasets/final/baylands_super_75_15_10/images/test/parkinglot_west_v2_frame_000155_244352000000.jpg,/home/ruben/halmstad_ws/models/obb/experiments/sam3_hybrid_full/runs/predictions/baylands-leader-v10-tuned-full/baylands_super_75_15_10_test_all
parkinglot_west_v3_frame_000138_229700000000,matched,1,1,1,0.722064,0.722064,0.935787,/home/ruben/halmstad_ws/datasets/final/baylands_super_75_15_10/images/test/parkinglot_west_v3_frame_000138_229700000000.jpg,/home/ruben/halmstad_ws/models/obb/experiments/sam3_hybrid_full/runs/predictions/baylands-leader-v10-tuned-full/baylands_super_75_15_10_test_all
parkinglot_west_v3_frame_000139_230700000000,matched,1,1,1,0.755606,0.755606,0.942972,/home/ruben/halmstad_ws/datasets/final/baylands_super_75_15_10/images/test/parkinglot_west_v3_frame_000139_230700000000.jpg,/home/ruben/halmstad_ws/models/obb/experiments/sam3_hybrid_full/runs/predictions/baylands-leader-v10-tuned-full/baylands_super_75_15_10_test_all
parkinglot_west_v3_frame_000140_231752000000,matched,1,1,1,0.606774,0.606774,0.938304,/home/ruben/halmstad_ws/datasets/final/baylands_super_75_15_10/images/test/parkinglot_west_v3_frame_000140_231752000000.jpg,/home/ruben/halmstad_ws/models/obb/experiments/sam3_hybrid_full/runs/predictions/baylands-leader-v10-tuned-full/baylands_super_75_15_10_test_all
parkinglot_west_v3_frame_000143_234800000000,matched,1,1,1,0.813417,0.813417,0.951104,/home/ruben/halmstad_ws/datasets/final/baylands_super_75_15_10/images/test/parkinglot_west_v3_frame_000143_234800000000.jpg,/home/ruben/halmstad_ws/models/obb/experiments/sam3_hybrid_full/runs/predictions/baylands-leader-v10-tuned-full/baylands_super_75_15_10_test_all
parkinglot_west_v3_frame_000145_236800000000,matched,1,1,1,0.93217,0.93217,0.951519,/home/ruben/halmstad_ws/datasets/final/baylands_super_75_15_10/images/test/parkinglot_west_v3_frame_000145_236800000000.jpg,/home/ruben/halmstad_ws/models/obb/experiments/sam3_hybrid_full/runs/predictions/baylands-leader-v10-tuned-full/baylands_super_75_15_10_test_all
parkinglot_west_v3_frame_000146_237800000000,matched,1,1,1,0.0,0.0,0.946453,/home/ruben/halmstad_ws/datasets/final/baylands_super_75_15_10/images/test/parkinglot_west_v3_frame_000146_237800000000.jpg,/home/ruben/halmstad_ws/models/obb/experiments/sam3_hybrid_full/runs/predictions/baylands-leader-v10-tuned-full/baylands_super_75_15_10_test_all
parkinglot_west_v3_frame_000147_238800000000,matched,1,1,1,0.979206,0.979206,0.944026,/home/ruben/halmstad_ws/datasets/final/baylands_super_75_15_10/images/test/parkinglot_west_v3_frame_000147_238800000000.jpg,/home/ruben/halmstad_ws/models/obb/experiments/sam3_hybrid_full/runs/predictions/baylands-leader-v10-tuned-full/baylands_super_75_15_10_test_all
parkinglot_west_v3_frame_000149_240800000000,matched,1,1,1,0.82381,0.82381,0.952072,/home/ruben/halmstad_ws/datasets/final/baylands_super_75_15_10/images/test/parkinglot_west_v3_frame_000149_240800000000.jpg,/home/ruben/halmstad_ws/models/obb/experiments/sam3_hybrid_full/runs/predictions/baylands-leader-v10-tuned-full/baylands_super_75_15_10_test_all
parkinglot_west_v3_frame_000150_241852000000,matched,1,1,1,0.885328,0.885328,0.951234,/home/ruben/halmstad_ws/datasets/final/baylands_super_75_15_10/images/test/parkinglot_west_v3_frame_000150_241852000000.jpg,/home/ruben/halmstad_ws/models/obb/experiments/sam3_hybrid_full/runs/predictions/baylands-leader-v10-tuned-full/baylands_super_75_15_10_test_all
parkinglot_west_v3_frame_000152_243852000000,matched,1,1,1,0.741271,0.741271,0.955222,/home/ruben/halmstad_ws/datasets/final/baylands_super_75_15_10/images/test/parkinglot_west_v3_frame_000152_243852000000.jpg,/home/ruben/halmstad_ws/models/obb/experiments/sam3_hybrid_full/runs/predictions/baylands-leader-v10-tuned-full/baylands_super_75_15_10_test_all
parkinglot_west_v3_frame_000198_290200000000,matched,1,1,1,0.834631,0.834631,0.947963,/home/ruben/halmstad_ws/datasets/final/baylands_super_75_15_10/images/test/parkinglot_west_v3_frame_000198_290200000000.jpg,/home/ruben/halmstad_ws/models/obb/experiments/sam3_hybrid_full/runs/predictions/baylands-leader-v10-tuned-full/baylands_super_75_15_10_test_all
parkinglot_west_v3_frame_000199_291252000000,matched,1,1,1,0.881052,0.881052,0.968156,/home/ruben/halmstad_ws/datasets/final/baylands_super_75_15_10/images/test/parkinglot_west_v3_frame_000199_291252000000.jpg,/home/ruben/halmstad_ws/models/obb/experiments/sam3_hybrid_full/runs/predictions/baylands-leader-v10-tuned-full/baylands_super_75_15_10_test_all
parkinglot_west_v3_frame_000200_292200000000,matched,1,1,1,0.912676,0.912676,0.969526,/home/ruben/halmstad_ws/datasets/final/baylands_super_75_15_10/images/test/parkinglot_west_v3_frame_000200_292200000000.jpg,/home/ruben/halmstad_ws/models/obb/experiments/sam3_hybrid_full/runs/predictions/baylands-leader-v10-tuned-full/baylands_super_75_15_10_test_all
parkinglot_west_v3_frame_000202_294252000000,matched,1,1,1,0.876525,0.876525,0.964987,/home/ruben/halmstad_ws/datasets/final/baylands_super_75_15_10/images/test/parkinglot_west_v3_frame_000202_294252000000.jpg,/home/ruben/halmstad_ws/models/obb/experiments/sam3_hybrid_full/runs/predictions/baylands-leader-v10-tuned-full/baylands_super_75_15_10_test_all
parkinglot_west_v3_frame_000203_295252000000,matched,1,1,1,0.923189,0.923189,0.958438,/home/ruben/halmstad_ws/datasets/final/baylands_super_75_15_10/images/test/parkinglot_west_v3_frame_000203_295252000000.jpg,/home/ruben/halmstad_ws/models/obb/experiments/sam3_hybrid_full/runs/predictions/baylands-leader-v10-tuned-full/baylands_super_75_15_10_test_all
parkinglot_west_v3_frame_000205_297252000000,matched,1,1,1,0.920488,0.920488,0.960075,/home/ruben/halmstad_ws/datasets/final/baylands_super_75_15_10/images/test/parkinglot_west_v3_frame_000205_297252000000.jpg,/home/ruben/halmstad_ws/models/obb/experiments/sam3_hybrid_full/runs/predictions/baylands-leader-v10-tuned-full/baylands_super_75_15_10_test_all
parkinglot_west_v3_frame_000206_298252000000,matched,1,1,1,0.868545,0.868545,0.96379,/home/ruben/halmstad_ws/datasets/final/baylands_super_75_15_10/images/test/parkinglot_west_v3_frame_000206_298252000000.jpg,/home/ruben/halmstad_ws/models/obb/experiments/sam3_hybrid_full/runs/predictions/baylands-leader-v10-tuned-full/baylands_super_75_15_10_test_all
parkinglot_west_v3_frame_000208_300252000000,matched,1,1,1,0.690017,0.690017,0.958941,/home/ruben/halmstad_ws/datasets/final/baylands_super_75_15_10/images/test/parkinglot_west_v3_frame_000208_300252000000.jpg,/home/ruben/halmstad_ws/models/obb/experiments/sam3_hybrid_full/runs/predictions/baylands-leader-v10-tuned-full/baylands_super_75_15_10_test_all
parkinglot_west_v3_frame_000209_301300000000,matched,1,1,1,0.786124,0.786124,0.85622,/home/ruben/halmstad_ws/datasets/final/baylands_super_75_15_10/images/test/parkinglot_west_v3_frame_000209_301300000000.jpg,/home/ruben/halmstad_ws/models/obb/experiments/sam3_hybrid_full/runs/predictions/baylands-leader-v10-tuned-full/baylands_super_75_15_10_test_all
parkinglot_west_v3_frame_000210_302300000000,matched,1,1,1,0.528634,0.528634,0.951519,/home/ruben/halmstad_ws/datasets/final/baylands_super_75_15_10/images/test/parkinglot_west_v3_frame_000210_302300000000.jpg,/home/ruben/halmstad_ws/models/obb/experiments/sam3_hybrid_full/runs/predictions/baylands-leader-v10-tuned-full/baylands_super_75_15_10_test_all
parkinglot_west_v3_frame_000212_304352000000,matched,1,1,1,0.767902,0.767902,0.941833,/home/ruben/halmstad_ws/datasets/final/baylands_super_75_15_10/images/test/parkinglot_west_v3_frame_000212_304352000000.jpg,/home/ruben/halmstad_ws/models/obb/experiments/sam3_hybrid_full/runs/predictions/baylands-leader-v10-tuned-full/baylands_super_75_15_10_test_all
parkinglot_west_v3_frame_000214_306352000000,matched,1,1,1,0.916292,0.916292,0.968264,/home/ruben/halmstad_ws/datasets/final/baylands_super_75_15_10/images/test/parkinglot_west_v3_frame_000214_306352000000.jpg,/home/ruben/halmstad_ws/models/obb/experiments/sam3_hybrid_full/runs/predictions/baylands-leader-v10-tuned-full/baylands_super_75_15_10_test_all
parkinglot_west_v5_frame_000027_225900000000,correct_empty,0,0,0,0.0,0.0,,/home/ruben/halmstad_ws/datasets/final/baylands_super_75_15_10/images/test/parkinglot_west_v5_frame_000027_225900000000.jpg,/home/ruben/halmstad_ws/models/obb/experiments/sam3_hybrid_full/runs/predictions/baylands-leader-v10-tuned-full/baylands_super_75_15_10_test_all
parkinglot_west_v5_frame_000029_233900000000,matched,1,1,1,0.882221,0.882221,0.970121,/home/ruben/halmstad_ws/datasets/final/baylands_super_75_15_10/images/test/parkinglot_west_v5_frame_000029_233900000000.jpg,/home/ruben/halmstad_ws/models/obb/experiments/sam3_hybrid_full/runs/predictions/baylands-leader-v10-tuned-full/baylands_super_75_15_10_test_all
parkinglot_west_v5_frame_000030_237900000000,correct_empty,0,0,0,0.0,0.0,,/home/ruben/halmstad_ws/datasets/final/baylands_super_75_15_10/images/test/parkinglot_west_v5_frame_000030_237900000000.jpg,/home/ruben/halmstad_ws/models/obb/experiments/sam3_hybrid_full/runs/predictions/baylands-leader-v10-tuned-full/baylands_super_75_15_10_test_all
parkinglot_west_v5_frame_000031_241900000000,correct_empty,0,0,0,0.0,0.0,,/home/ruben/halmstad_ws/datasets/final/baylands_super_75_15_10/images/test/parkinglot_west_v5_frame_000031_241900000000.jpg,/home/ruben/halmstad_ws/models/obb/experiments/sam3_hybrid_full/runs/predictions/baylands-leader-v10-tuned-full/baylands_super_75_15_10_test_all
parkinglot_west_v5_frame_000044_294100000000,correct_empty,0,0,0,0.0,0.0,,/home/ruben/halmstad_ws/datasets/final/baylands_super_75_15_10/images/test/parkinglot_west_v5_frame_000044_294100000000.jpg,/home/ruben/halmstad_ws/models/obb/experiments/sam3_hybrid_full/runs/predictions/baylands-leader-v10-tuned-full/baylands_super_75_15_10_test_all
parkinglot_west_v5_frame_000046_302100000000,correct_empty,0,0,0,0.0,0.0,,/home/ruben/halmstad_ws/datasets/final/baylands_super_75_15_10/images/test/parkinglot_west_v5_frame_000046_302100000000.jpg,/home/ruben/halmstad_ws/models/obb/experiments/sam3_hybrid_full/runs/predictions/baylands-leader-v10-tuned-full/baylands_super_75_15_10_test_all
road_to_east_v1_frame_000159_234300000000,matched,1,1,1,0.936455,0.936455,0.949008,/home/ruben/halmstad_ws/datasets/final/baylands_super_75_15_10/images/test/road_to_east_v1_frame_000159_234300000000.jpg,/home/ruben/halmstad_ws/models/obb/experiments/sam3_hybrid_full/runs/predictions/baylands-leader-v10-tuned-full/baylands_super_75_15_10_test_all
road_to_east_v1_frame_000160_235300000000,matched,1,1,1,0.846621,0.846621,0.94882,/home/ruben/halmstad_ws/datasets/final/baylands_super_75_15_10/images/test/road_to_east_v1_frame_000160_235300000000.jpg,/home/ruben/halmstad_ws/models/obb/experiments/sam3_hybrid_full/runs/predictions/baylands-leader-v10-tuned-full/baylands_super_75_15_10_test_all
road_to_east_v1_frame_000161_236300000000,matched,1,1,1,0.890209,0.890209,0.947483,/home/ruben/halmstad_ws/datasets/final/baylands_super_75_15_10/images/test/road_to_east_v1_frame_000161_236300000000.jpg,/home/ruben/halmstad_ws/models/obb/experiments/sam3_hybrid_full/runs/predictions/baylands-leader-v10-tuned-full/baylands_super_75_15_10_test_all
road_to_east_v1_frame_000169_244352000000,matched,1,1,1,0.809322,0.809322,0.944238,/home/ruben/halmstad_ws/datasets/final/baylands_super_75_15_10/images/test/road_to_east_v1_frame_000169_244352000000.jpg,/home/ruben/halmstad_ws/models/obb/experiments/sam3_hybrid_full/runs/predictions/baylands-leader-v10-tuned-full/baylands_super_75_15_10_test_all
road_to_east_v1_frame_000170_245352000000,matched,1,1,1,0.890767,0.890767,0.958229,/home/ruben/halmstad_ws/datasets/final/baylands_super_75_15_10/images/test/road_to_east_v1_frame_000170_245352000000.jpg,/home/ruben/halmstad_ws/models/obb/experiments/sam3_hybrid_full/runs/predictions/baylands-leader-v10-tuned-full/baylands_super_75_15_10_test_all
road_to_east_v1_frame_000172_247400000000,matched,1,1,1,0.889022,0.889022,0.922533,/home/ruben/halmstad_ws/datasets/final/baylands_super_75_15_10/images/test/road_to_east_v1_frame_000172_247400000000.jpg,/home/ruben/halmstad_ws/models/obb/experiments/sam3_hybrid_full/runs/predictions/baylands-leader-v10-tuned-full/baylands_super_75_15_10_test_all
road_to_east_v1_frame_000209_284752000000,matched,1,1,1,0.0,0.0,0.931055,/home/ruben/halmstad_ws/datasets/final/baylands_super_75_15_10/images/test/road_to_east_v1_frame_000209_284752000000.jpg,/home/ruben/halmstad_ws/models/obb/experiments/sam3_hybrid_full/runs/predictions/baylands-leader-v10-tuned-full/baylands_super_75_15_10_test_all
road_to_east_v1_frame_000215_291100000000,matched,1,1,1,0.941268,0.941268,0.969017,/home/ruben/halmstad_ws/datasets/final/baylands_super_75_15_10/images/test/road_to_east_v1_frame_000215_291100000000.jpg,/home/ruben/halmstad_ws/models/obb/experiments/sam3_hybrid_full/runs/predictions/baylands-leader-v10-tuned-full/baylands_super_75_15_10_test_all
road_to_east_v1_frame_000216_292100000000,matched,1,1,1,0.839744,0.839744,0.960411,/home/ruben/halmstad_ws/datasets/final/baylands_super_75_15_10/images/test/road_to_east_v1_frame_000216_292100000000.jpg,/home/ruben/halmstad_ws/models/obb/experiments/sam3_hybrid_full/runs/predictions/baylands-leader-v10-tuned-full/baylands_super_75_15_10_test_all
road_to_east_v1_frame_000217_293100000000,matched,1,1,1,0.837243,0.837243,0.953782,/home/ruben/halmstad_ws/datasets/final/baylands_super_75_15_10/images/test/road_to_east_v1_frame_000217_293100000000.jpg,/home/ruben/halmstad_ws/models/obb/experiments/sam3_hybrid_full/runs/predictions/baylands-leader-v10-tuned-full/baylands_super_75_15_10_test_all
road_to_east_v1_frame_000219_295100000000,matched,1,1,1,0.80078,0.80078,0.953124,/home/ruben/halmstad_ws/datasets/final/baylands_super_75_15_10/images/test/road_to_east_v1_frame_000219_295100000000.jpg,/home/ruben/halmstad_ws/models/obb/experiments/sam3_hybrid_full/runs/predictions/baylands-leader-v10-tuned-full/baylands_super_75_15_10_test_all
road_to_east_v1_frame_000224_300152000000,matched,1,1,1,0.742483,0.742483,0.913904,/home/ruben/halmstad_ws/datasets/final/baylands_super_75_15_10/images/test/road_to_east_v1_frame_000224_300152000000.jpg,/home/ruben/halmstad_ws/models/obb/experiments/sam3_hybrid_full/runs/predictions/baylands-leader-v10-tuned-full/baylands_super_75_15_10_test_all
road_to_east_v1_frame_000225_301152000000,matched,1,1,1,0.820652,0.820652,0.938803,/home/ruben/halmstad_ws/datasets/final/baylands_super_75_15_10/images/test/road_to_east_v1_frame_000225_301152000000.jpg,/home/ruben/halmstad_ws/models/obb/experiments/sam3_hybrid_full/runs/predictions/baylands-leader-v10-tuned-full/baylands_super_75_15_10_test_all
road_to_east_v1_frame_000232_308200000000,matched,1,1,1,0.85839,0.85839,0.936296,/home/ruben/halmstad_ws/datasets/final/baylands_super_75_15_10/images/test/road_to_east_v1_frame_000232_308200000000.jpg,/home/ruben/halmstad_ws/models/obb/experiments/sam3_hybrid_full/runs/predictions/baylands-leader-v10-tuned-full/baylands_super_75_15_10_test_all
road_to_east_v1_frame_000233_309200000000,matched,1,1,1,0.855925,0.855925,0.917936,/home/ruben/halmstad_ws/datasets/final/baylands_super_75_15_10/images/test/road_to_east_v1_frame_000233_309200000000.jpg,/home/ruben/halmstad_ws/models/obb/experiments/sam3_hybrid_full/runs/predictions/baylands-leader-v10-tuned-full/baylands_super_75_15_10_test_all
road_to_east_v1_frame_000239_315252000000,matched,1,1,1,0.691844,0.691844,0.95889,/home/ruben/halmstad_ws/datasets/final/baylands_super_75_15_10/images/test/road_to_east_v1_frame_000239_315252000000.jpg,/home/ruben/halmstad_ws/models/obb/experiments/sam3_hybrid_full/runs/predictions/baylands-leader-v10-tuned-full/baylands_super_75_15_10_test_all
road_to_east_v2_frame_000118_236352000000,matched,1,1,1,0.772825,0.772825,0.958054,/home/ruben/halmstad_ws/datasets/final/baylands_super_75_15_10/images/test/road_to_east_v2_frame_000118_236352000000.jpg,/home/ruben/halmstad_ws/models/obb/experiments/sam3_hybrid_full/runs/predictions/baylands-leader-v10-tuned-full/baylands_super_75_15_10_test_all
road_to_east_v2_frame_000119_237400000000,matched,1,1,1,0.879058,0.879058,0.958441,/home/ruben/halmstad_ws/datasets/final/baylands_super_75_15_10/images/test/road_to_east_v2_frame_000119_237400000000.jpg,/home/ruben/halmstad_ws/models/obb/experiments/sam3_hybrid_full/runs/predictions/baylands-leader-v10-tuned-full/baylands_super_75_15_10_test_all
road_to_east_v2_frame_000120_238400000000,matched,1,1,1,0.694832,0.694832,0.955862,/home/ruben/halmstad_ws/datasets/final/baylands_super_75_15_10/images/test/road_to_east_v2_frame_000120_238400000000.jpg,/home/ruben/halmstad_ws/models/obb/experiments/sam3_hybrid_full/runs/predictions/baylands-leader-v10-tuned-full/baylands_super_75_15_10_test_all
road_to_east_v2_frame_000122_240400000000,matched,1,1,1,0.875464,0.875464,0.96043,/home/ruben/halmstad_ws/datasets/final/baylands_super_75_15_10/images/test/road_to_east_v2_frame_000122_240400000000.jpg,/home/ruben/halmstad_ws/models/obb/experiments/sam3_hybrid_full/runs/predictions/baylands-leader-v10-tuned-full/baylands_super_75_15_10_test_all
road_to_east_v2_frame_000123_241400000000,matched,1,1,1,0.678316,0.678316,0.949559,/home/ruben/halmstad_ws/datasets/final/baylands_super_75_15_10/images/test/road_to_east_v2_frame_000123_241400000000.jpg,/home/ruben/halmstad_ws/models/obb/experiments/sam3_hybrid_full/runs/predictions/baylands-leader-v10-tuned-full/baylands_super_75_15_10_test_all
road_to_east_v2_frame_000124_242400000000,matched,1,1,1,0.932249,0.932249,0.964475,/home/ruben/halmstad_ws/datasets/final/baylands_super_75_15_10/images/test/road_to_east_v2_frame_000124_242400000000.jpg,/home/ruben/halmstad_ws/models/obb/experiments/sam3_hybrid_full/runs/predictions/baylands-leader-v10-tuned-full/baylands_super_75_15_10_test_all
road_to_east_v2_frame_000125_243400000000,matched,1,1,1,0.898955,0.898955,0.946702,/home/ruben/halmstad_ws/datasets/final/baylands_super_75_15_10/images/test/road_to_east_v2_frame_000125_243400000000.jpg,/home/ruben/halmstad_ws/models/obb/experiments/sam3_hybrid_full/runs/predictions/baylands-leader-v10-tuned-full/baylands_super_75_15_10_test_all
road_to_east_v2_frame_000129_248000000000,matched,1,1,1,0.695558,0.695558,0.922122,/home/ruben/halmstad_ws/datasets/final/baylands_super_75_15_10/images/test/road_to_east_v2_frame_000129_248000000000.jpg,/home/ruben/halmstad_ws/models/obb/experiments/sam3_hybrid_full/runs/predictions/baylands-leader-v10-tuned-full/baylands_super_75_15_10_test_all
road_to_east_v2_frame_000165_289052000000,matched,1,1,1,0.891167,0.891167,0.948197,/home/ruben/halmstad_ws/datasets/final/baylands_super_75_15_10/images/test/road_to_east_v2_frame_000165_289052000000.jpg,/home/ruben/halmstad_ws/models/obb/experiments/sam3_hybrid_full/runs/predictions/baylands-leader-v10-tuned-full/baylands_super_75_15_10_test_all
road_to_east_v2_frame_000171_295100000000,correct_empty,0,0,0,0.0,0.0,,/home/ruben/halmstad_ws/datasets/final/baylands_super_75_15_10/images/test/road_to_east_v2_frame_000171_295100000000.jpg,/home/ruben/halmstad_ws/models/obb/experiments/sam3_hybrid_full/runs/predictions/baylands-leader-v10-tuned-full/baylands_super_75_15_10_test_all
road_to_east_v2_frame_000175_301652000000,correct_empty,0,0,0,0.0,0.0,,/home/ruben/halmstad_ws/datasets/final/baylands_super_75_15_10/images/test/road_to_east_v2_frame_000175_301652000000.jpg,/home/ruben/halmstad_ws/models/obb/experiments/sam3_hybrid_full/runs/predictions/baylands-leader-v10-tuned-full/baylands_super_75_15_10_test_all
road_to_east_v2_frame_000179_305752000000,matched,1,1,1,0.845536,0.845536,0.931963,/home/ruben/halmstad_ws/datasets/final/baylands_super_75_15_10/images/test/road_to_east_v2_frame_000179_305752000000.jpg,/home/ruben/halmstad_ws/models/obb/experiments/sam3_hybrid_full/runs/predictions/baylands-leader-v10-tuned-full/baylands_super_75_15_10_test_all
road_to_east_v2_frame_000183_310200000000,correct_empty,0,0,0,0.0,0.0,,/home/ruben/halmstad_ws/datasets/final/baylands_super_75_15_10/images/test/road_to_east_v2_frame_000183_310200000000.jpg,/home/ruben/halmstad_ws/models/obb/experiments/sam3_hybrid_full/runs/predictions/baylands-leader-v10-tuned-full/baylands_super_75_15_10_test_all
road_to_east_v2_frame_000185_312252000000,matched,1,1,1,0.939219,0.939219,0.952696,/home/ruben/halmstad_ws/datasets/final/baylands_super_75_15_10/images/test/road_to_east_v2_frame_000185_312252000000.jpg,/home/ruben/halmstad_ws/models/obb/experiments/sam3_hybrid_full/runs/predictions/baylands-leader-v10-tuned-full/baylands_super_75_15_10_test_all
road_to_east_v2_frame_000187_314252000000,matched,1,1,1,0.686584,0.686584,0.952781,/home/ruben/halmstad_ws/datasets/final/baylands_super_75_15_10/images/test/road_to_east_v2_frame_000187_314252000000.jpg,/home/ruben/halmstad_ws/models/obb/experiments/sam3_hybrid_full/runs/predictions/baylands-leader-v10-tuned-full/baylands_super_75_15_10_test_all
road_to_east_v4_frame_000025_234400000000,matched,1,1,1,0.685454,0.685454,0.909048,/home/ruben/halmstad_ws/datasets/final/baylands_super_75_15_10/images/test/road_to_east_v4_frame_000025_234400000000.jpg,/home/ruben/halmstad_ws/models/obb/experiments/sam3_hybrid_full/runs/predictions/baylands-leader-v10-tuned-full/baylands_super_75_15_10_test_all
road_to_east_v4_frame_000026_238500000000,matched,1,1,1,0.908156,0.908156,0.956735,/home/ruben/halmstad_ws/datasets/final/baylands_super_75_15_10/images/test/road_to_east_v4_frame_000026_238500000000.jpg,/home/ruben/halmstad_ws/models/obb/experiments/sam3_hybrid_full/runs/predictions/baylands-leader-v10-tuned-full/baylands_super_75_15_10_test_all
road_to_east_v4_frame_000027_242500000000,correct_empty,0,0,0,0.0,0.0,,/home/ruben/halmstad_ws/datasets/final/baylands_super_75_15_10/images/test/road_to_east_v4_frame_000027_242500000000.jpg,/home/ruben/halmstad_ws/models/obb/experiments/sam3_hybrid_full/runs/predictions/baylands-leader-v10-tuned-full/baylands_super_75_15_10_test_all
road_to_east_v4_frame_000028_246500000000,matched,1,1,1,0.33532,0.33532,0.849671,/home/ruben/halmstad_ws/datasets/final/baylands_super_75_15_10/images/test/road_to_east_v4_frame_000028_246500000000.jpg,/home/ruben/halmstad_ws/models/obb/experiments/sam3_hybrid_full/runs/predictions/baylands-leader-v10-tuned-full/baylands_super_75_15_10_test_all
road_to_east_v4_frame_000029_250500000000,matched,1,1,1,0.819387,0.819387,0.961609,/home/ruben/halmstad_ws/datasets/final/baylands_super_75_15_10/images/test/road_to_east_v4_frame_000029_250500000000.jpg,/home/ruben/halmstad_ws/models/obb/experiments/sam3_hybrid_full/runs/predictions/baylands-leader-v10-tuned-full/baylands_super_75_15_10_test_all
road_to_east_v4_frame_000038_286600000000,matched,1,1,1,0.910907,0.910907,0.96259,/home/ruben/halmstad_ws/datasets/final/baylands_super_75_15_10/images/test/road_to_east_v4_frame_000038_286600000000.jpg,/home/ruben/halmstad_ws/models/obb/experiments/sam3_hybrid_full/runs/predictions/baylands-leader-v10-tuned-full/baylands_super_75_15_10_test_all
road_to_east_v4_frame_000039_290600000000,matched,1,1,1,0.934031,0.934031,0.965737,/home/ruben/halmstad_ws/datasets/final/baylands_super_75_15_10/images/test/road_to_east_v4_frame_000039_290600000000.jpg,/home/ruben/halmstad_ws/models/obb/experiments/sam3_hybrid_full/runs/predictions/baylands-leader-v10-tuned-full/baylands_super_75_15_10_test_all
road_to_east_v5_frame_000135_237752000000,matched,1,1,1,0.899606,0.899606,0.962044,/home/ruben/halmstad_ws/datasets/final/baylands_super_75_15_10/images/test/road_to_east_v5_frame_000135_237752000000.jpg,/home/ruben/halmstad_ws/models/obb/experiments/sam3_hybrid_full/runs/predictions/baylands-leader-v10-tuned-full/baylands_super_75_15_10_test_all
road_to_east_v5_frame_000136_238752000000,matched,1,1,1,0.952118,0.952118,0.961173,/home/ruben/halmstad_ws/datasets/final/baylands_super_75_15_10/images/test/road_to_east_v5_frame_000136_238752000000.jpg,/home/ruben/halmstad_ws/models/obb/experiments/sam3_hybrid_full/runs/predictions/baylands-leader-v10-tuned-full/baylands_super_75_15_10_test_all
road_to_east_v5_frame_000137_239752000000,matched,1,1,1,0.890088,0.890088,0.966426,/home/ruben/halmstad_ws/datasets/final/baylands_super_75_15_10/images/test/road_to_east_v5_frame_000137_239752000000.jpg,/home/ruben/halmstad_ws/models/obb/experiments/sam3_hybrid_full/runs/predictions/baylands-leader-v10-tuned-full/baylands_super_75_15_10_test_all
road_to_east_v5_frame_000138_240752000000,matched,1,1,1,0.753649,0.753649,0.960483,/home/ruben/halmstad_ws/datasets/final/baylands_super_75_15_10/images/test/road_to_east_v5_frame_000138_240752000000.jpg,/home/ruben/halmstad_ws/models/obb/experiments/sam3_hybrid_full/runs/predictions/baylands-leader-v10-tuned-full/baylands_super_75_15_10_test_all
road_to_east_v5_frame_000144_246800000000,matched,1,1,1,0.550796,0.550796,0.955778,/home/ruben/halmstad_ws/datasets/final/baylands_super_75_15_10/images/test/road_to_east_v5_frame_000144_246800000000.jpg,/home/ruben/halmstad_ws/models/obb/experiments/sam3_hybrid_full/runs/predictions/baylands-leader-v10-tuned-full/baylands_super_75_15_10_test_all
road_to_east_v5_frame_000146_248800000000,matched,1,1,1,0.862055,0.862055,0.961612,/home/ruben/halmstad_ws/datasets/final/baylands_super_75_15_10/images/test/road_to_east_v5_frame_000146_248800000000.jpg,/home/ruben/halmstad_ws/models/obb/experiments/sam3_hybrid_full/runs/predictions/baylands-leader-v10-tuned-full/baylands_super_75_15_10_test_all
road_to_east_v5_frame_000179_286800000000,matched,1,1,1,0.572041,0.572041,0.897854,/home/ruben/halmstad_ws/datasets/final/baylands_super_75_15_10/images/test/road_to_east_v5_frame_000179_286800000000.jpg,/home/ruben/halmstad_ws/models/obb/experiments/sam3_hybrid_full/runs/predictions/baylands-leader-v10-tuned-full/baylands_super_75_15_10_test_all
road_to_east_v5_frame_000180_287800000000,matched,1,1,1,0.929252,0.929252,0.95765,/home/ruben/halmstad_ws/datasets/final/baylands_super_75_15_10/images/test/road_to_east_v5_frame_000180_287800000000.jpg,/home/ruben/halmstad_ws/models/obb/experiments/sam3_hybrid_full/runs/predictions/baylands-leader-v10-tuned-full/baylands_super_75_15_10_test_all
road_to_east_v5_frame_000190_297952000000,matched,1,1,1,0.859041,0.859041,0.94516,/home/ruben/halmstad_ws/datasets/final/baylands_super_75_15_10/images/test/road_to_east_v5_frame_000190_297952000000.jpg,/home/ruben/halmstad_ws/models/obb/experiments/sam3_hybrid_full/runs/predictions/baylands-leader-v10-tuned-full/baylands_super_75_15_10_test_all
road_to_east_v5_frame_000191_298952000000,matched,1,1,1,0.87798,0.87798,0.959552,/home/ruben/halmstad_ws/datasets/final/baylands_super_75_15_10/images/test/road_to_east_v5_frame_000191_298952000000.jpg,/home/ruben/halmstad_ws/models/obb/experiments/sam3_hybrid_full/runs/predictions/baylands-leader-v10-tuned-full/baylands_super_75_15_10_test_all
road_to_east_v5_frame_000199_311400000000,matched,1,1,1,0.779161,0.779161,0.763988,/home/ruben/halmstad_ws/datasets/final/baylands_super_75_15_10/images/test/road_to_east_v5_frame_000199_311400000000.jpg,/home/ruben/halmstad_ws/models/obb/experiments/sam3_hybrid_full/runs/predictions/baylands-leader-v10-tuned-full/baylands_super_75_15_10_test_all
road_to_east_v5_frame_000201_314552000000,matched,1,1,1,0.824849,0.824849,0.937256,/home/ruben/halmstad_ws/datasets/final/baylands_super_75_15_10/images/test/road_to_east_v5_frame_000201_314552000000.jpg,/home/ruben/halmstad_ws/models/obb/experiments/sam3_hybrid_full/runs/predictions/baylands-leader-v10-tuned-full/baylands_super_75_15_10_test_all
road_to_spawn_v1_frame_000114_195300000000,matched,1,1,1,0.950014,0.950014,0.966609,/home/ruben/halmstad_ws/datasets/final/baylands_super_75_15_10/images/test/road_to_spawn_v1_frame_000114_195300000000.jpg,/home/ruben/halmstad_ws/models/obb/experiments/sam3_hybrid_full/runs/predictions/baylands-leader-v10-tuned-full/baylands_super_75_15_10_test_all
road_to_spawn_v1_frame_000118_199300000000,matched,1,1,1,0.519335,0.519335,0.940104,/home/ruben/halmstad_ws/datasets/final/baylands_super_75_15_10/images/test/road_to_spawn_v1_frame_000118_199300000000.jpg,/home/ruben/halmstad_ws/models/obb/experiments/sam3_hybrid_full/runs/predictions/baylands-leader-v10-tuned-full/baylands_super_75_15_10_test_all
road_to_spawn_v1_frame_000119_200300000000,matched,1,1,1,0.408759,0.408759,0.934177,/home/ruben/halmstad_ws/datasets/final/baylands_super_75_15_10/images/test/road_to_spawn_v1_frame_000119_200300000000.jpg,/home/ruben/halmstad_ws/models/obb/experiments/sam3_hybrid_full/runs/predictions/baylands-leader-v10-tuned-full/baylands_super_75_15_10_test_all
road_to_spawn_v1_frame_000120_201300000000,matched,1,1,1,0.640631,0.640631,0.951525,/home/ruben/halmstad_ws/datasets/final/baylands_super_75_15_10/images/test/road_to_spawn_v1_frame_000120_201300000000.jpg,/home/ruben/halmstad_ws/models/obb/experiments/sam3_hybrid_full/runs/predictions/baylands-leader-v10-tuned-full/baylands_super_75_15_10_test_all
road_to_spawn_v1_frame_000122_203352000000,matched,1,1,1,0.815068,0.815068,0.959176,/home/ruben/halmstad_ws/datasets/final/baylands_super_75_15_10/images/test/road_to_spawn_v1_frame_000122_203352000000.jpg,/home/ruben/halmstad_ws/models/obb/experiments/sam3_hybrid_full/runs/predictions/baylands-leader-v10-tuned-full/baylands_super_75_15_10_test_all
road_to_spawn_v2_frame_000020_198100000000,matched,1,1,1,0.88192,0.88192,0.963397,/home/ruben/halmstad_ws/datasets/final/baylands_super_75_15_10/images/test/road_to_spawn_v2_frame_000020_198100000000.jpg,/home/ruben/halmstad_ws/models/obb/experiments/sam3_hybrid_full/runs/predictions/baylands-leader-v10-tuned-full/baylands_super_75_15_10_test_all
road_to_spawn_v2_frame_000021_202100000000,matched,1,1,1,0.923935,0.923935,0.964233,/home/ruben/halmstad_ws/datasets/final/baylands_super_75_15_10/images/test/road_to_spawn_v2_frame_000021_202100000000.jpg,/home/ruben/halmstad_ws/models/obb/experiments/sam3_hybrid_full/runs/predictions/baylands-leader-v10-tuned-full/baylands_super_75_15_10_test_all
road_to_spawn_v3_frame_000115_196200000000,matched,1,1,1,0.588719,0.588719,0.944184,/home/ruben/halmstad_ws/datasets/final/baylands_super_75_15_10/images/test/road_to_spawn_v3_frame_000115_196200000000.jpg,/home/ruben/halmstad_ws/models/obb/experiments/sam3_hybrid_full/runs/predictions/baylands-leader-v10-tuned-full/baylands_super_75_15_10_test_all
road_to_spawn_v3_frame_000116_197152000000,matched,1,1,1,0.944817,0.944817,0.958465,/home/ruben/halmstad_ws/datasets/final/baylands_super_75_15_10/images/test/road_to_spawn_v3_frame_000116_197152000000.jpg,/home/ruben/halmstad_ws/models/obb/experiments/sam3_hybrid_full/runs/predictions/baylands-leader-v10-tuned-full/baylands_super_75_15_10_test_all
road_to_spawn_v3_frame_000117_198200000000,matched,1,1,1,0.927337,0.927337,0.966843,/home/ruben/halmstad_ws/datasets/final/baylands_super_75_15_10/images/test/road_to_spawn_v3_frame_000117_198200000000.jpg,/home/ruben/halmstad_ws/models/obb/experiments/sam3_hybrid_full/runs/predictions/baylands-leader-v10-tuned-full/baylands_super_75_15_10_test_all
road_to_spawn_v3_frame_000118_199200000000,matched,1,1,1,0.931369,0.931369,0.967032,/home/ruben/halmstad_ws/datasets/final/baylands_super_75_15_10/images/test/road_to_spawn_v3_frame_000118_199200000000.jpg,/home/ruben/halmstad_ws/models/obb/experiments/sam3_hybrid_full/runs/predictions/baylands-leader-v10-tuned-full/baylands_super_75_15_10_test_all
road_to_spawn_v3_frame_000119_200200000000,matched,1,1,1,0.801578,0.801578,0.960976,/home/ruben/halmstad_ws/datasets/final/baylands_super_75_15_10/images/test/road_to_spawn_v3_frame_000119_200200000000.jpg,/home/ruben/halmstad_ws/models/obb/experiments/sam3_hybrid_full/runs/predictions/baylands-leader-v10-tuned-full/baylands_super_75_15_10_test_all
road_to_spawn_v3_frame_000120_201200000000,matched,1,1,1,0.923401,0.923401,0.942936,/home/ruben/halmstad_ws/datasets/final/baylands_super_75_15_10/images/test/road_to_spawn_v3_frame_000120_201200000000.jpg,/home/ruben/halmstad_ws/models/obb/experiments/sam3_hybrid_full/runs/predictions/baylands-leader-v10-tuned-full/baylands_super_75_15_10_test_all
road_to_spawn_v3_frame_000122_203252000000,matched,1,1,1,0.866464,0.866464,0.939625,/home/ruben/halmstad_ws/datasets/final/baylands_super_75_15_10/images/test/road_to_spawn_v3_frame_000122_203252000000.jpg,/home/ruben/halmstad_ws/models/obb/experiments/sam3_hybrid_full/runs/predictions/baylands-leader-v10-tuned-full/baylands_super_75_15_10_test_all
road_to_spawn_v3_frame_000125_206252000000,multi_prediction,1,2,1,0.827493,0.827493,0.953142,/home/ruben/halmstad_ws/datasets/final/baylands_super_75_15_10/images/test/road_to_spawn_v3_frame_000125_206252000000.jpg,/home/ruben/halmstad_ws/models/obb/experiments/sam3_hybrid_full/runs/predictions/baylands-leader-v10-tuned-full/baylands_super_75_15_10_test_all
road_to_spawn_v3_frame_000126_207300000000,multi_prediction,1,2,1,0.866756,0.866756,0.955483,/home/ruben/halmstad_ws/datasets/final/baylands_super_75_15_10/images/test/road_to_spawn_v3_frame_000126_207300000000.jpg,/home/ruben/halmstad_ws/models/obb/experiments/sam3_hybrid_full/runs/predictions/baylands-leader-v10-tuned-full/baylands_super_75_15_10_test_all
road_to_spawn_v5_frame_000128_195500000000,matched,1,1,1,0.945924,0.945924,0.97306,/home/ruben/halmstad_ws/datasets/final/baylands_super_75_15_10/images/test/road_to_spawn_v5_frame_000128_195500000000.jpg,/home/ruben/halmstad_ws/models/obb/experiments/sam3_hybrid_full/runs/predictions/baylands-leader-v10-tuned-full/baylands_super_75_15_10_test_all
road_to_spawn_v5_frame_000129_196500000000,matched,1,1,1,0.886044,0.886044,0.967022,/home/ruben/halmstad_ws/datasets/final/baylands_super_75_15_10/images/test/road_to_spawn_v5_frame_000129_196500000000.jpg,/home/ruben/halmstad_ws/models/obb/experiments/sam3_hybrid_full/runs/predictions/baylands-leader-v10-tuned-full/baylands_super_75_15_10_test_all
road_to_spawn_v5_frame_000130_197500000000,matched,1,1,1,0.886146,0.886146,0.958569,/home/ruben/halmstad_ws/datasets/final/baylands_super_75_15_10/images/test/road_to_spawn_v5_frame_000130_197500000000.jpg,/home/ruben/halmstad_ws/models/obb/experiments/sam3_hybrid_full/runs/predictions/baylands-leader-v10-tuned-full/baylands_super_75_15_10_test_all
road_to_spawn_v5_frame_000133_200552000000,matched,1,1,1,0.945652,0.945652,0.965319,/home/ruben/halmstad_ws/datasets/final/baylands_super_75_15_10/images/test/road_to_spawn_v5_frame_000133_200552000000.jpg,/home/ruben/halmstad_ws/models/obb/experiments/sam3_hybrid_full/runs/predictions/baylands-leader-v10-tuned-full/baylands_super_75_15_10_test_all
road_to_spawn_v5_frame_000134_201552000000,matched,1,1,1,0.892156,0.892156,0.971135,/home/ruben/halmstad_ws/datasets/final/baylands_super_75_15_10/images/test/road_to_spawn_v5_frame_000134_201552000000.jpg,/home/ruben/halmstad_ws/models/obb/experiments/sam3_hybrid_full/runs/predictions/baylands-leader-v10-tuned-full/baylands_super_75_15_10_test_all
road_to_spawn_v5_frame_000135_202552000000,matched,1,1,1,0.947539,0.947539,0.97262,/home/ruben/halmstad_ws/datasets/final/baylands_super_75_15_10/images/test/road_to_spawn_v5_frame_000135_202552000000.jpg,/home/ruben/halmstad_ws/models/obb/experiments/sam3_hybrid_full/runs/predictions/baylands-leader-v10-tuned-full/baylands_super_75_15_10_test_all
road_to_spawn_v5_frame_000136_203600000000,matched,1,1,1,0.937083,0.937083,0.96321,/home/ruben/halmstad_ws/datasets/final/baylands_super_75_15_10/images/test/road_to_spawn_v5_frame_000136_203600000000.jpg,/home/ruben/halmstad_ws/models/obb/experiments/sam3_hybrid_full/runs/predictions/baylands-leader-v10-tuned-full/baylands_super_75_15_10_test_all
road_to_spawn_v5_frame_000138_205600000000,matched,1,1,1,0.931105,0.931105,0.976295,/home/ruben/halmstad_ws/datasets/final/baylands_super_75_15_10/images/test/road_to_spawn_v5_frame_000138_205600000000.jpg,/home/ruben/halmstad_ws/models/obb/experiments/sam3_hybrid_full/runs/predictions/baylands-leader-v10-tuned-full/baylands_super_75_15_10_test_all
road_to_spawn_v5_frame_000139_206600000000,matched,1,1,1,0.8868,0.8868,0.969478,/home/ruben/halmstad_ws/datasets/final/baylands_super_75_15_10/images/test/road_to_spawn_v5_frame_000139_206600000000.jpg,/home/ruben/halmstad_ws/models/obb/experiments/sam3_hybrid_full/runs/predictions/baylands-leader-v10-tuned-full/baylands_super_75_15_10_test_all
road_to_strip_v1_frame_000101_273800000000,matched,1,1,1,0.70206,0.70206,0.953897,/home/ruben/halmstad_ws/datasets/final/baylands_super_75_15_10/images/test/road_to_strip_v1_frame_000101_273800000000.jpg,/home/ruben/halmstad_ws/models/obb/experiments/sam3_hybrid_full/runs/predictions/baylands-leader-v10-tuned-full/baylands_super_75_15_10_test_all
road_to_strip_v1_frame_000119_291952000000,matched,1,1,1,0.878259,0.878259,0.961309,/home/ruben/halmstad_ws/datasets/final/baylands_super_75_15_10/images/test/road_to_strip_v1_frame_000119_291952000000.jpg,/home/ruben/halmstad_ws/models/obb/experiments/sam3_hybrid_full/runs/predictions/baylands-leader-v10-tuned-full/baylands_super_75_15_10_test_all
road_to_strip_v1_frame_000120_293000000000,matched,1,1,1,0.691205,0.691205,0.958873,/home/ruben/halmstad_ws/datasets/final/baylands_super_75_15_10/images/test/road_to_strip_v1_frame_000120_293000000000.jpg,/home/ruben/halmstad_ws/models/obb/experiments/sam3_hybrid_full/runs/predictions/baylands-leader-v10-tuned-full/baylands_super_75_15_10_test_all
road_to_strip_v1_frame_000122_295000000000,matched,1,1,1,0.673619,0.673619,0.949961,/home/ruben/halmstad_ws/datasets/final/baylands_super_75_15_10/images/test/road_to_strip_v1_frame_000122_295000000000.jpg,/home/ruben/halmstad_ws/models/obb/experiments/sam3_hybrid_full/runs/predictions/baylands-leader-v10-tuned-full/baylands_super_75_15_10_test_all
road_to_strip_v1_frame_000123_296000000000,matched,1,1,1,0.779459,0.779459,0.944826,/home/ruben/halmstad_ws/datasets/final/baylands_super_75_15_10/images/test/road_to_strip_v1_frame_000123_296000000000.jpg,/home/ruben/halmstad_ws/models/obb/experiments/sam3_hybrid_full/runs/predictions/baylands-leader-v10-tuned-full/baylands_super_75_15_10_test_all
road_to_strip_v1_frame_000124_297000000000,matched,1,1,1,0.871988,0.871988,0.944567,/home/ruben/halmstad_ws/datasets/final/baylands_super_75_15_10/images/test/road_to_strip_v1_frame_000124_297000000000.jpg,/home/ruben/halmstad_ws/models/obb/experiments/sam3_hybrid_full/runs/predictions/baylands-leader-v10-tuned-full/baylands_super_75_15_10_test_all
road_to_strip_v2_frame_000083_145452000000,matched,1,1,1,0.910995,0.910995,0.964769,/home/ruben/halmstad_ws/datasets/final/baylands_super_75_15_10/images/test/road_to_strip_v2_frame_000083_145452000000.jpg,/home/ruben/halmstad_ws/models/obb/experiments/sam3_hybrid_full/runs/predictions/baylands-leader-v10-tuned-full/baylands_super_75_15_10_test_all
road_to_strip_v2_frame_000084_146452000000,matched,1,1,1,0.921643,0.921643,0.964086,/home/ruben/halmstad_ws/datasets/final/baylands_super_75_15_10/images/test/road_to_strip_v2_frame_000084_146452000000.jpg,/home/ruben/halmstad_ws/models/obb/experiments/sam3_hybrid_full/runs/predictions/baylands-leader-v10-tuned-full/baylands_super_75_15_10_test_all
road_to_strip_v2_frame_000085_147452000000,matched,1,1,1,0.680633,0.680633,0.956901,/home/ruben/halmstad_ws/datasets/final/baylands_super_75_15_10/images/test/road_to_strip_v2_frame_000085_147452000000.jpg,/home/ruben/halmstad_ws/models/obb/experiments/sam3_hybrid_full/runs/predictions/baylands-leader-v10-tuned-full/baylands_super_75_15_10_test_all
road_to_strip_v2_frame_000086_148452000000,matched,1,1,1,0.932448,0.932448,0.96315,/home/ruben/halmstad_ws/datasets/final/baylands_super_75_15_10/images/test/road_to_strip_v2_frame_000086_148452000000.jpg,/home/ruben/halmstad_ws/models/obb/experiments/sam3_hybrid_full/runs/predictions/baylands-leader-v10-tuned-full/baylands_super_75_15_10_test_all
road_to_strip_v2_frame_000087_149452000000,matched,1,1,1,0.900815,0.900815,0.94682,/home/ruben/halmstad_ws/datasets/final/baylands_super_75_15_10/images/test/road_to_strip_v2_frame_000087_149452000000.jpg,/home/ruben/halmstad_ws/models/obb/experiments/sam3_hybrid_full/runs/predictions/baylands-leader-v10-tuned-full/baylands_super_75_15_10_test_all
road_to_strip_v2_frame_000088_150500000000,matched,1,1,1,0.915874,0.915874,0.961635,/home/ruben/halmstad_ws/datasets/final/baylands_super_75_15_10/images/test/road_to_strip_v2_frame_000088_150500000000.jpg,/home/ruben/halmstad_ws/models/obb/experiments/sam3_hybrid_full/runs/predictions/baylands-leader-v10-tuned-full/baylands_super_75_15_10_test_all
road_to_strip_v2_frame_000089_151500000000,matched,1,1,1,0.909713,0.909713,0.96651,/home/ruben/halmstad_ws/datasets/final/baylands_super_75_15_10/images/test/road_to_strip_v2_frame_000089_151500000000.jpg,/home/ruben/halmstad_ws/models/obb/experiments/sam3_hybrid_full/runs/predictions/baylands-leader-v10-tuned-full/baylands_super_75_15_10_test_all
road_to_strip_v2_frame_000090_152552000000,matched,1,1,1,0.902492,0.902492,0.959735,/home/ruben/halmstad_ws/datasets/final/baylands_super_75_15_10/images/test/road_to_strip_v2_frame_000090_152552000000.jpg,/home/ruben/halmstad_ws/models/obb/experiments/sam3_hybrid_full/runs/predictions/baylands-leader-v10-tuned-full/baylands_super_75_15_10_test_all
road_to_strip_v2_frame_000091_153552000000,matched,1,1,1,0.898216,0.898216,0.95302,/home/ruben/halmstad_ws/datasets/final/baylands_super_75_15_10/images/test/road_to_strip_v2_frame_000091_153552000000.jpg,/home/ruben/halmstad_ws/models/obb/experiments/sam3_hybrid_full/runs/predictions/baylands-leader-v10-tuned-full/baylands_super_75_15_10_test_all
road_to_strip_v2_frame_000092_154552000000,correct_empty,0,0,0,0.0,0.0,,/home/ruben/halmstad_ws/datasets/final/baylands_super_75_15_10/images/test/road_to_strip_v2_frame_000092_154552000000.jpg,/home/ruben/halmstad_ws/models/obb/experiments/sam3_hybrid_full/runs/predictions/baylands-leader-v10-tuned-full/baylands_super_75_15_10_test_all
road_to_strip_v2_frame_000093_155552000000,correct_empty,0,0,0,0.0,0.0,,/home/ruben/halmstad_ws/datasets/final/baylands_super_75_15_10/images/test/road_to_strip_v2_frame_000093_155552000000.jpg,/home/ruben/halmstad_ws/models/obb/experiments/sam3_hybrid_full/runs/predictions/baylands-leader-v10-tuned-full/baylands_super_75_15_10_test_all
road_to_strip_v2_frame_000094_156600000000,matched,1,1,1,0.639631,0.639631,0.938825,/home/ruben/halmstad_ws/datasets/final/baylands_super_75_15_10/images/test/road_to_strip_v2_frame_000094_156600000000.jpg,/home/ruben/halmstad_ws/models/obb/experiments/sam3_hybrid_full/runs/predictions/baylands-leader-v10-tuned-full/baylands_super_75_15_10_test_all
road_to_strip_v2_frame_000095_157600000000,correct_empty,0,0,0,0.0,0.0,,/home/ruben/halmstad_ws/datasets/final/baylands_super_75_15_10/images/test/road_to_strip_v2_frame_000095_157600000000.jpg,/home/ruben/halmstad_ws/models/obb/experiments/sam3_hybrid_full/runs/predictions/baylands-leader-v10-tuned-full/baylands_super_75_15_10_test_all
road_to_strip_v2_frame_000096_158600000000,correct_empty,0,0,0,0.0,0.0,,/home/ruben/halmstad_ws/datasets/final/baylands_super_75_15_10/images/test/road_to_strip_v2_frame_000096_158600000000.jpg,/home/ruben/halmstad_ws/models/obb/experiments/sam3_hybrid_full/runs/predictions/baylands-leader-v10-tuned-full/baylands_super_75_15_10_test_all
road_to_strip_v2_frame_000097_159652000000,correct_empty,0,0,0,0.0,0.0,,/home/ruben/halmstad_ws/datasets/final/baylands_super_75_15_10/images/test/road_to_strip_v2_frame_000097_159652000000.jpg,/home/ruben/halmstad_ws/models/obb/experiments/sam3_hybrid_full/runs/predictions/baylands-leader-v10-tuned-full/baylands_super_75_15_10_test_all
road_to_strip_v3_frame_000041_145952000000,matched,1,1,1,1.0,1.0,0.953879,/home/ruben/halmstad_ws/datasets/final/baylands_super_75_15_10/images/test/road_to_strip_v3_frame_000041_145952000000.jpg,/home/ruben/halmstad_ws/models/obb/experiments/sam3_hybrid_full/runs/predictions/baylands-leader-v10-tuned-full/baylands_super_75_15_10_test_all
road_to_strip_v3_frame_000047_152000000000,matched,1,1,1,0.886299,0.886299,0.967531,/home/ruben/halmstad_ws/datasets/final/baylands_super_75_15_10/images/test/road_to_strip_v3_frame_000047_152000000000.jpg,/home/ruben/halmstad_ws/models/obb/experiments/sam3_hybrid_full/runs/predictions/baylands-leader-v10-tuned-full/baylands_super_75_15_10_test_all
road_to_strip_v3_frame_000049_154052000000,matched,1,1,1,0.95591,0.95591,0.963279,/home/ruben/halmstad_ws/datasets/final/baylands_super_75_15_10/images/test/road_to_strip_v3_frame_000049_154052000000.jpg,/home/ruben/halmstad_ws/models/obb/experiments/sam3_hybrid_full/runs/predictions/baylands-leader-v10-tuned-full/baylands_super_75_15_10_test_all
road_to_strip_v3_frame_000050_155052000000,matched,1,1,1,0.933232,0.933232,0.970882,/home/ruben/halmstad_ws/datasets/final/baylands_super_75_15_10/images/test/road_to_strip_v3_frame_000050_155052000000.jpg,/home/ruben/halmstad_ws/models/obb/experiments/sam3_hybrid_full/runs/predictions/baylands-leader-v10-tuned-full/baylands_super_75_15_10_test_all
road_to_strip_v3_frame_000051_156100000000,matched,1,1,1,0.957944,0.957944,0.970349,/home/ruben/halmstad_ws/datasets/final/baylands_super_75_15_10/images/test/road_to_strip_v3_frame_000051_156100000000.jpg,/home/ruben/halmstad_ws/models/obb/experiments/sam3_hybrid_full/runs/predictions/baylands-leader-v10-tuned-full/baylands_super_75_15_10_test_all
road_to_strip_v3_frame_000052_157100000000,matched,1,1,1,0.976741,0.976741,0.965228,/home/ruben/halmstad_ws/datasets/final/baylands_super_75_15_10/images/test/road_to_strip_v3_frame_000052_157100000000.jpg,/home/ruben/halmstad_ws/models/obb/experiments/sam3_hybrid_full/runs/predictions/baylands-leader-v10-tuned-full/baylands_super_75_15_10_test_all
road_to_strip_v3_frame_000053_158100000000,matched,1,1,1,0.933889,0.933889,0.963716,/home/ruben/halmstad_ws/datasets/final/baylands_super_75_15_10/images/test/road_to_strip_v3_frame_000053_158100000000.jpg,/home/ruben/halmstad_ws/models/obb/experiments/sam3_hybrid_full/runs/predictions/baylands-leader-v10-tuned-full/baylands_super_75_15_10_test_all
road_to_strip_v3_frame_000056_161152000000,matched,1,1,1,0.941234,0.941234,0.961435,/home/ruben/halmstad_ws/datasets/final/baylands_super_75_15_10/images/test/road_to_strip_v3_frame_000056_161152000000.jpg,/home/ruben/halmstad_ws/models/obb/experiments/sam3_hybrid_full/runs/predictions/baylands-leader-v10-tuned-full/baylands_super_75_15_10_test_all
road_to_strip_v3_frame_000142_263800000000,matched,1,1,1,0.954667,0.954667,0.962826,/home/ruben/halmstad_ws/datasets/final/baylands_super_75_15_10/images/test/road_to_strip_v3_frame_000142_263800000000.jpg,/home/ruben/halmstad_ws/models/obb/experiments/sam3_hybrid_full/runs/predictions/baylands-leader-v10-tuned-full/baylands_super_75_15_10_test_all
road_to_strip_v3_frame_000143_264800000000,matched,1,1,1,0.935336,0.935336,0.963877,/home/ruben/halmstad_ws/datasets/final/baylands_super_75_15_10/images/test/road_to_strip_v3_frame_000143_264800000000.jpg,/home/ruben/halmstad_ws/models/obb/experiments/sam3_hybrid_full/runs/predictions/baylands-leader-v10-tuned-full/baylands_super_75_15_10_test_all
road_to_strip_v3_frame_000145_266852000000,matched,1,1,1,0.980687,0.980687,0.964458,/home/ruben/halmstad_ws/datasets/final/baylands_super_75_15_10/images/test/road_to_strip_v3_frame_000145_266852000000.jpg,/home/ruben/halmstad_ws/models/obb/experiments/sam3_hybrid_full/runs/predictions/baylands-leader-v10-tuned-full/baylands_super_75_15_10_test_all
road_to_strip_v3_frame_000147_268852000000,matched,1,1,1,0.89088,0.89088,0.959653,/home/ruben/halmstad_ws/datasets/final/baylands_super_75_15_10/images/test/road_to_strip_v3_frame_000147_268852000000.jpg,/home/ruben/halmstad_ws/models/obb/experiments/sam3_hybrid_full/runs/predictions/baylands-leader-v10-tuned-full/baylands_super_75_15_10_test_all
road_to_strip_v3_frame_000148_269900000000,matched,1,1,1,0.678362,0.678362,0.760046,/home/ruben/halmstad_ws/datasets/final/baylands_super_75_15_10/images/test/road_to_strip_v3_frame_000148_269900000000.jpg,/home/ruben/halmstad_ws/models/obb/experiments/sam3_hybrid_full/runs/predictions/baylands-leader-v10-tuned-full/baylands_super_75_15_10_test_all
road_to_strip_v3_frame_000150_278400000000,matched,1,1,1,0.850361,0.850361,0.951004,/home/ruben/halmstad_ws/datasets/final/baylands_super_75_15_10/images/test/road_to_strip_v3_frame_000150_278400000000.jpg,/home/ruben/halmstad_ws/models/obb/experiments/sam3_hybrid_full/runs/predictions/baylands-leader-v10-tuned-full/baylands_super_75_15_10_test_all
road_to_strip_v3_frame_000152_280400000000,matched,1,1,1,0.869088,0.869088,0.957548,/home/ruben/halmstad_ws/datasets/final/baylands_super_75_15_10/images/test/road_to_strip_v3_frame_000152_280400000000.jpg,/home/ruben/halmstad_ws/models/obb/experiments/sam3_hybrid_full/runs/predictions/baylands-leader-v10-tuned-full/baylands_super_75_15_10_test_all
road_to_strip_v3_frame_000153_281452000000,matched,1,1,1,0.721073,0.721073,0.941612,/home/ruben/halmstad_ws/datasets/final/baylands_super_75_15_10/images/test/road_to_strip_v3_frame_000153_281452000000.jpg,/home/ruben/halmstad_ws/models/obb/experiments/sam3_hybrid_full/runs/predictions/baylands-leader-v10-tuned-full/baylands_super_75_15_10_test_all
road_to_strip_v3_frame_000155_283452000000,matched,1,1,1,0.708363,0.708363,0.775085,/home/ruben/halmstad_ws/datasets/final/baylands_super_75_15_10/images/test/road_to_strip_v3_frame_000155_283452000000.jpg,/home/ruben/halmstad_ws/models/obb/experiments/sam3_hybrid_full/runs/predictions/baylands-leader-v10-tuned-full/baylands_super_75_15_10_test_all
road_to_strip_v3_frame_000156_284452000000,matched,1,1,1,0.678178,0.678178,0.926306,/home/ruben/halmstad_ws/datasets/final/baylands_super_75_15_10/images/test/road_to_strip_v3_frame_000156_284452000000.jpg,/home/ruben/halmstad_ws/models/obb/experiments/sam3_hybrid_full/runs/predictions/baylands-leader-v10-tuned-full/baylands_super_75_15_10_test_all
road_to_strip_v3_frame_000157_285452000000,matched,1,1,1,0.94662,0.94662,0.965678,/home/ruben/halmstad_ws/datasets/final/baylands_super_75_15_10/images/test/road_to_strip_v3_frame_000157_285452000000.jpg,/home/ruben/halmstad_ws/models/obb/experiments/sam3_hybrid_full/runs/predictions/baylands-leader-v10-tuned-full/baylands_super_75_15_10_test_all
road_to_strip_v3_frame_000158_286452000000,matched,1,1,1,0.752873,0.752873,0.964103,/home/ruben/halmstad_ws/datasets/final/baylands_super_75_15_10/images/test/road_to_strip_v3_frame_000158_286452000000.jpg,/home/ruben/halmstad_ws/models/obb/experiments/sam3_hybrid_full/runs/predictions/baylands-leader-v10-tuned-full/baylands_super_75_15_10_test_all
road_to_strip_v3_frame_000159_287452000000,matched,1,1,1,0.911975,0.911975,0.953318,/home/ruben/halmstad_ws/datasets/final/baylands_super_75_15_10/images/test/road_to_strip_v3_frame_000159_287452000000.jpg,/home/ruben/halmstad_ws/models/obb/experiments/sam3_hybrid_full/runs/predictions/baylands-leader-v10-tuned-full/baylands_super_75_15_10_test_all
road_to_strip_v3_frame_000160_288452000000,matched,1,1,1,0.847185,0.847185,0.965672,/home/ruben/halmstad_ws/datasets/final/baylands_super_75_15_10/images/test/road_to_strip_v3_frame_000160_288452000000.jpg,/home/ruben/halmstad_ws/models/obb/experiments/sam3_hybrid_full/runs/predictions/baylands-leader-v10-tuned-full/baylands_super_75_15_10_test_all
road_to_strip_v3_frame_000161_289500000000,matched,1,1,1,0.44824,0.44824,0.608552,/home/ruben/halmstad_ws/datasets/final/baylands_super_75_15_10/images/test/road_to_strip_v3_frame_000161_289500000000.jpg,/home/ruben/halmstad_ws/models/obb/experiments/sam3_hybrid_full/runs/predictions/baylands-leader-v10-tuned-full/baylands_super_75_15_10_test_all
road_to_strip_v3_frame_000163_291552000000,matched,1,1,1,0.761722,0.761722,0.919795,/home/ruben/halmstad_ws/datasets/final/baylands_super_75_15_10/images/test/road_to_strip_v3_frame_000163_291552000000.jpg,/home/ruben/halmstad_ws/models/obb/experiments/sam3_hybrid_full/runs/predictions/baylands-leader-v10-tuned-full/baylands_super_75_15_10_test_all
road_to_strip_v3_frame_000164_292552000000,matched,1,1,1,0.897408,0.897408,0.968032,/home/ruben/halmstad_ws/datasets/final/baylands_super_75_15_10/images/test/road_to_strip_v3_frame_000164_292552000000.jpg,/home/ruben/halmstad_ws/models/obb/experiments/sam3_hybrid_full/runs/predictions/baylands-leader-v10-tuned-full/baylands_super_75_15_10_test_all
road_to_strip_v3_frame_000166_294552000000,matched,1,1,1,0.902821,0.902821,0.95896,/home/ruben/halmstad_ws/datasets/final/baylands_super_75_15_10/images/test/road_to_strip_v3_frame_000166_294552000000.jpg,/home/ruben/halmstad_ws/models/obb/experiments/sam3_hybrid_full/runs/predictions/baylands-leader-v10-tuned-full/baylands_super_75_15_10_test_all
road_to_strip_v3_frame_000167_295552000000,matched,1,1,1,0.902567,0.902567,0.963175,/home/ruben/halmstad_ws/datasets/final/baylands_super_75_15_10/images/test/road_to_strip_v3_frame_000167_295552000000.jpg,/home/ruben/halmstad_ws/models/obb/experiments/sam3_hybrid_full/runs/predictions/baylands-leader-v10-tuned-full/baylands_super_75_15_10_test_all
road_to_strip_v4_frame_000022_145300000000,matched,1,1,1,0.0,0.0,0.947746,/home/ruben/halmstad_ws/datasets/final/baylands_super_75_15_10/images/test/road_to_strip_v4_frame_000022_145300000000.jpg,/home/ruben/halmstad_ws/models/obb/experiments/sam3_hybrid_full/runs/predictions/baylands-leader-v10-tuned-full/baylands_super_75_15_10_test_all
road_to_strip_v4_frame_000025_157300000000,correct_empty,0,0,0,0.0,0.0,,/home/ruben/halmstad_ws/datasets/final/baylands_super_75_15_10/images/test/road_to_strip_v4_frame_000025_157300000000.jpg,/home/ruben/halmstad_ws/models/obb/experiments/sam3_hybrid_full/runs/predictions/baylands-leader-v10-tuned-full/baylands_super_75_15_10_test_all
road_to_west_v1_frame_000021_119652000000,matched,1,1,1,0.86308,0.86308,0.951555,/home/ruben/halmstad_ws/datasets/final/baylands_super_75_15_10/images/test/road_to_west_v1_frame_000021_119652000000.jpg,/home/ruben/halmstad_ws/models/obb/experiments/sam3_hybrid_full/runs/predictions/baylands-leader-v10-tuned-full/baylands_super_75_15_10_test_all
road_to_west_v1_frame_000023_121652000000,matched,1,1,1,0.908238,0.908238,0.964542,/home/ruben/halmstad_ws/datasets/final/baylands_super_75_15_10/images/test/road_to_west_v1_frame_000023_121652000000.jpg,/home/ruben/halmstad_ws/models/obb/experiments/sam3_hybrid_full/runs/predictions/baylands-leader-v10-tuned-full/baylands_super_75_15_10_test_all
road_to_west_v1_frame_000024_122652000000,matched,1,1,1,0.778912,0.778912,0.949873,/home/ruben/halmstad_ws/datasets/final/baylands_super_75_15_10/images/test/road_to_west_v1_frame_000024_122652000000.jpg,/home/ruben/halmstad_ws/models/obb/experiments/sam3_hybrid_full/runs/predictions/baylands-leader-v10-tuned-full/baylands_super_75_15_10_test_all
road_to_west_v1_frame_000029_127700000000,matched,1,1,1,0.607088,0.607088,0.93336,/home/ruben/halmstad_ws/datasets/final/baylands_super_75_15_10/images/test/road_to_west_v1_frame_000029_127700000000.jpg,/home/ruben/halmstad_ws/models/obb/experiments/sam3_hybrid_full/runs/predictions/baylands-leader-v10-tuned-full/baylands_super_75_15_10_test_all
road_to_west_v1_frame_000030_128700000000,matched,1,1,1,0.897767,0.897767,0.929469,/home/ruben/halmstad_ws/datasets/final/baylands_super_75_15_10/images/test/road_to_west_v1_frame_000030_128700000000.jpg,/home/ruben/halmstad_ws/models/obb/experiments/sam3_hybrid_full/runs/predictions/baylands-leader-v10-tuned-full/baylands_super_75_15_10_test_all
road_to_west_v1_frame_000031_129700000000,matched,1,1,1,0.688547,0.688547,0.920079,/home/ruben/halmstad_ws/datasets/final/baylands_super_75_15_10/images/test/road_to_west_v1_frame_000031_129700000000.jpg,/home/ruben/halmstad_ws/models/obb/experiments/sam3_hybrid_full/runs/predictions/baylands-leader-v10-tuned-full/baylands_super_75_15_10_test_all
road_to_west_v1_frame_000033_131752000000,matched,1,1,1,0.754087,0.754087,0.908301,/home/ruben/halmstad_ws/datasets/final/baylands_super_75_15_10/images/test/road_to_west_v1_frame_000033_131752000000.jpg,/home/ruben/halmstad_ws/models/obb/experiments/sam3_hybrid_full/runs/predictions/baylands-leader-v10-tuned-full/baylands_super_75_15_10_test_all
road_to_west_v1_frame_000034_132752000000,matched,1,1,1,0.85034,0.85034,0.928806,/home/ruben/halmstad_ws/datasets/final/baylands_super_75_15_10/images/test/road_to_west_v1_frame_000034_132752000000.jpg,/home/ruben/halmstad_ws/models/obb/experiments/sam3_hybrid_full/runs/predictions/baylands-leader-v10-tuned-full/baylands_super_75_15_10_test_all
road_to_west_v1_frame_000035_133752000000,matched,1,1,1,0.804985,0.804985,0.932899,/home/ruben/halmstad_ws/datasets/final/baylands_super_75_15_10/images/test/road_to_west_v1_frame_000035_133752000000.jpg,/home/ruben/halmstad_ws/models/obb/experiments/sam3_hybrid_full/runs/predictions/baylands-leader-v10-tuned-full/baylands_super_75_15_10_test_all
road_to_west_v1_frame_000037_135800000000,matched,1,1,1,0.734723,0.734723,0.91766,/home/ruben/halmstad_ws/datasets/final/baylands_super_75_15_10/images/test/road_to_west_v1_frame_000037_135800000000.jpg,/home/ruben/halmstad_ws/models/obb/experiments/sam3_hybrid_full/runs/predictions/baylands-leader-v10-tuned-full/baylands_super_75_15_10_test_all
road_to_west_v1_frame_000039_137800000000,matched,1,1,1,0.958955,0.958955,0.954016,/home/ruben/halmstad_ws/datasets/final/baylands_super_75_15_10/images/test/road_to_west_v1_frame_000039_137800000000.jpg,/home/ruben/halmstad_ws/models/obb/experiments/sam3_hybrid_full/runs/predictions/baylands-leader-v10-tuned-full/baylands_super_75_15_10_test_all
road_to_west_v1_frame_000040_138800000000,matched,1,1,1,0.87486,0.87486,0.93069,/home/ruben/halmstad_ws/datasets/final/baylands_super_75_15_10/images/test/road_to_west_v1_frame_000040_138800000000.jpg,/home/ruben/halmstad_ws/models/obb/experiments/sam3_hybrid_full/runs/predictions/baylands-leader-v10-tuned-full/baylands_super_75_15_10_test_all
road_to_west_v1_frame_000041_139800000000,matched,1,1,1,0.930783,0.930783,0.940319,/home/ruben/halmstad_ws/datasets/final/baylands_super_75_15_10/images/test/road_to_west_v1_frame_000041_139800000000.jpg,/home/ruben/halmstad_ws/models/obb/experiments/sam3_hybrid_full/runs/predictions/baylands-leader-v10-tuned-full/baylands_super_75_15_10_test_all
road_to_west_v1_frame_000043_141800000000,multi_prediction,1,2,1,0.716628,0.716628,0.782252,/home/ruben/halmstad_ws/datasets/final/baylands_super_75_15_10/images/test/road_to_west_v1_frame_000043_141800000000.jpg,/home/ruben/halmstad_ws/models/obb/experiments/sam3_hybrid_full/runs/predictions/baylands-leader-v10-tuned-full/baylands_super_75_15_10_test_all
road_to_west_v1_frame_000046_144800000000,matched,1,1,1,0.746423,0.746423,0.942306,/home/ruben/halmstad_ws/datasets/final/baylands_super_75_15_10/images/test/road_to_west_v1_frame_000046_144800000000.jpg,/home/ruben/halmstad_ws/models/obb/experiments/sam3_hybrid_full/runs/predictions/baylands-leader-v10-tuned-full/baylands_super_75_15_10_test_all
road_to_west_v2_frame_000058_119700000000,matched,1,1,1,0.921289,0.921289,0.951027,/home/ruben/halmstad_ws/datasets/final/baylands_super_75_15_10/images/test/road_to_west_v2_frame_000058_119700000000.jpg,/home/ruben/halmstad_ws/models/obb/experiments/sam3_hybrid_full/runs/predictions/baylands-leader-v10-tuned-full/baylands_super_75_15_10_test_all
road_to_west_v2_frame_000060_121800000000,matched,1,1,1,0.896244,0.896244,0.963468,/home/ruben/halmstad_ws/datasets/final/baylands_super_75_15_10/images/test/road_to_west_v2_frame_000060_121800000000.jpg,/home/ruben/halmstad_ws/models/obb/experiments/sam3_hybrid_full/runs/predictions/baylands-leader-v10-tuned-full/baylands_super_75_15_10_test_all
road_to_west_v2_frame_000061_122800000000,matched,1,1,1,0.695482,0.695482,0.95184,/home/ruben/halmstad_ws/datasets/final/baylands_super_75_15_10/images/test/road_to_west_v2_frame_000061_122800000000.jpg,/home/ruben/halmstad_ws/models/obb/experiments/sam3_hybrid_full/runs/predictions/baylands-leader-v10-tuned-full/baylands_super_75_15_10_test_all
road_to_west_v2_frame_000067_128800000000,correct_empty,0,0,0,0.0,0.0,,/home/ruben/halmstad_ws/datasets/final/baylands_super_75_15_10/images/test/road_to_west_v2_frame_000067_128800000000.jpg,/home/ruben/halmstad_ws/models/obb/experiments/sam3_hybrid_full/runs/predictions/baylands-leader-v10-tuned-full/baylands_super_75_15_10_test_all
road_to_west_v2_frame_000068_129800000000,matched,1,1,1,0.716443,0.716443,0.918886,/home/ruben/halmstad_ws/datasets/final/baylands_super_75_15_10/images/test/road_to_west_v2_frame_000068_129800000000.jpg,/home/ruben/halmstad_ws/models/obb/experiments/sam3_hybrid_full/runs/predictions/baylands-leader-v10-tuned-full/baylands_super_75_15_10_test_all
road_to_west_v2_frame_000069_130900000000,matched,1,1,1,0.782281,0.782281,0.962422,/home/ruben/halmstad_ws/datasets/final/baylands_super_75_15_10/images/test/road_to_west_v2_frame_000069_130900000000.jpg,/home/ruben/halmstad_ws/models/obb/experiments/sam3_hybrid_full/runs/predictions/baylands-leader-v10-tuned-full/baylands_super_75_15_10_test_all
road_to_west_v2_frame_000070_131900000000,matched,1,1,1,0.767806,0.767806,0.954441,/home/ruben/halmstad_ws/datasets/final/baylands_super_75_15_10/images/test/road_to_west_v2_frame_000070_131900000000.jpg,/home/ruben/halmstad_ws/models/obb/experiments/sam3_hybrid_full/runs/predictions/baylands-leader-v10-tuned-full/baylands_super_75_15_10_test_all
road_to_west_v2_frame_000075_139500000000,matched,1,1,1,0.806739,0.806739,0.923012,/home/ruben/halmstad_ws/datasets/final/baylands_super_75_15_10/images/test/road_to_west_v2_frame_000075_139500000000.jpg,/home/ruben/halmstad_ws/models/obb/experiments/sam3_hybrid_full/runs/predictions/baylands-leader-v10-tuned-full/baylands_super_75_15_10_test_all
road_to_west_v2_frame_000076_140500000000,matched,1,1,1,0.903975,0.903975,0.964328,/home/ruben/halmstad_ws/datasets/final/baylands_super_75_15_10/images/test/road_to_west_v2_frame_000076_140500000000.jpg,/home/ruben/halmstad_ws/models/obb/experiments/sam3_hybrid_full/runs/predictions/baylands-leader-v10-tuned-full/baylands_super_75_15_10_test_all
road_to_west_v2_frame_000077_141500000000,matched,1,1,1,0.581502,0.581502,0.757733,/home/ruben/halmstad_ws/datasets/final/baylands_super_75_15_10/images/test/road_to_west_v2_frame_000077_141500000000.jpg,/home/ruben/halmstad_ws/models/obb/experiments/sam3_hybrid_full/runs/predictions/baylands-leader-v10-tuned-full/baylands_super_75_15_10_test_all
road_to_west_v2_frame_000079_143600000000,matched,1,1,1,0.90695,0.90695,0.962365,/home/ruben/halmstad_ws/datasets/final/baylands_super_75_15_10/images/test/road_to_west_v2_frame_000079_143600000000.jpg,/home/ruben/halmstad_ws/models/obb/experiments/sam3_hybrid_full/runs/predictions/baylands-leader-v10-tuned-full/baylands_super_75_15_10_test_all
road_to_west_v2_frame_000080_144600000000,matched,1,1,1,0.721991,0.721991,0.948013,/home/ruben/halmstad_ws/datasets/final/baylands_super_75_15_10/images/test/road_to_west_v2_frame_000080_144600000000.jpg,/home/ruben/halmstad_ws/models/obb/experiments/sam3_hybrid_full/runs/predictions/baylands-leader-v10-tuned-full/baylands_super_75_15_10_test_all
road_to_west_v2_frame_000081_145600000000,matched,1,1,1,0.91222,0.91222,0.917704,/home/ruben/halmstad_ws/datasets/final/baylands_super_75_15_10/images/test/road_to_west_v2_frame_000081_145600000000.jpg,/home/ruben/halmstad_ws/models/obb/experiments/sam3_hybrid_full/runs/predictions/baylands-leader-v10-tuned-full/baylands_super_75_15_10_test_all
road_to_west_v4_frame_000022_118700000000,matched,1,1,1,0.506843,0.506843,0.433614,/home/ruben/halmstad_ws/datasets/final/baylands_super_75_15_10/images/test/road_to_west_v4_frame_000022_118700000000.jpg,/home/ruben/halmstad_ws/models/obb/experiments/sam3_hybrid_full/runs/predictions/baylands-leader-v10-tuned-full/baylands_super_75_15_10_test_all
road_to_west_v4_frame_000029_130400000000,false_positive_empty,0,1,0,0.0,0.0,0.423258,/home/ruben/halmstad_ws/datasets/final/baylands_super_75_15_10/images/test/road_to_west_v4_frame_000029_130400000000.jpg,/home/ruben/halmstad_ws/models/obb/experiments/sam3_hybrid_full/runs/predictions/baylands-leader-v10-tuned-full/baylands_super_75_15_10_test_all
road_to_west_v4_frame_000032_137900000000,correct_empty,0,0,0,0.0,0.0,,/home/ruben/halmstad_ws/datasets/final/baylands_super_75_15_10/images/test/road_to_west_v4_frame_000032_137900000000.jpg,/home/ruben/halmstad_ws/models/obb/experiments/sam3_hybrid_full/runs/predictions/baylands-leader-v10-tuned-full/baylands_super_75_15_10_test_all
road_to_west_v4_frame_000033_138900000000,matched,1,1,1,0.808017,0.808017,0.954457,/home/ruben/halmstad_ws/datasets/final/baylands_super_75_15_10/images/test/road_to_west_v4_frame_000033_138900000000.jpg,/home/ruben/halmstad_ws/models/obb/experiments/sam3_hybrid_full/runs/predictions/baylands-leader-v10-tuned-full/baylands_super_75_15_10_test_all
road_to_west_v4_frame_000034_139900000000,matched,1,1,1,0.885271,0.885271,0.943974,/home/ruben/halmstad_ws/datasets/final/baylands_super_75_15_10/images/test/road_to_west_v4_frame_000034_139900000000.jpg,/home/ruben/halmstad_ws/models/obb/experiments/sam3_hybrid_full/runs/predictions/baylands-leader-v10-tuned-full/baylands_super_75_15_10_test_all
road_to_west_v4_frame_000036_141900000000,matched,1,1,1,0.753615,0.753615,0.483527,/home/ruben/halmstad_ws/datasets/final/baylands_super_75_15_10/images/test/road_to_west_v4_frame_000036_141900000000.jpg,/home/ruben/halmstad_ws/models/obb/experiments/sam3_hybrid_full/runs/predictions/baylands-leader-v10-tuned-full/baylands_super_75_15_10_test_all
road_to_west_v6_frame_000046_122752000000,matched,1,1,1,0.899144,0.899144,0.955799,/home/ruben/halmstad_ws/datasets/final/baylands_super_75_15_10/images/test/road_to_west_v6_frame_000046_122752000000.jpg,/home/ruben/halmstad_ws/models/obb/experiments/sam3_hybrid_full/runs/predictions/baylands-leader-v10-tuned-full/baylands_super_75_15_10_test_all
road_to_west_v6_frame_000049_125752000000,matched,1,1,1,0.849622,0.849622,0.947375,/home/ruben/halmstad_ws/datasets/final/baylands_super_75_15_10/images/test/road_to_west_v6_frame_000049_125752000000.jpg,/home/ruben/halmstad_ws/models/obb/experiments/sam3_hybrid_full/runs/predictions/baylands-leader-v10-tuned-full/baylands_super_75_15_10_test_all
road_to_west_v6_frame_000059_135852000000,matched,1,1,1,0.861598,0.861598,0.935985,/home/ruben/halmstad_ws/datasets/final/baylands_super_75_15_10/images/test/road_to_west_v6_frame_000059_135852000000.jpg,/home/ruben/halmstad_ws/models/obb/experiments/sam3_hybrid_full/runs/predictions/baylands-leader-v10-tuned-full/baylands_super_75_15_10_test_all
road_to_west_v6_frame_000060_136900000000,matched,1,1,1,0.913991,0.913991,0.957663,/home/ruben/halmstad_ws/datasets/final/baylands_super_75_15_10/images/test/road_to_west_v6_frame_000060_136900000000.jpg,/home/ruben/halmstad_ws/models/obb/experiments/sam3_hybrid_full/runs/predictions/baylands-leader-v10-tuned-full/baylands_super_75_15_10_test_all
road_to_west_v6_frame_000065_141900000000,matched,1,1,1,0.80604,0.80604,0.926578,/home/ruben/halmstad_ws/datasets/final/baylands_super_75_15_10/images/test/road_to_west_v6_frame_000065_141900000000.jpg,/home/ruben/halmstad_ws/models/obb/experiments/sam3_hybrid_full/runs/predictions/baylands-leader-v10-tuned-full/baylands_super_75_15_10_test_all
road_to_west_v7_frame_000014_119900000000,matched,1,1,1,0.903247,0.903247,0.94671,/home/ruben/halmstad_ws/datasets/final/baylands_super_75_15_10/images/test/road_to_west_v7_frame_000014_119900000000.jpg,/home/ruben/halmstad_ws/models/obb/experiments/sam3_hybrid_full/runs/predictions/baylands-leader-v10-tuned-full/baylands_super_75_15_10_test_all
road_to_west_v7_frame_000015_123900000000,matched,1,1,1,0.891342,0.891342,0.44312,/home/ruben/halmstad_ws/datasets/final/baylands_super_75_15_10/images/test/road_to_west_v7_frame_000015_123900000000.jpg,/home/ruben/halmstad_ws/models/obb/experiments/sam3_hybrid_full/runs/predictions/baylands-leader-v10-tuned-full/baylands_super_75_15_10_test_all
road_to_west_v7_frame_000016_128000000000,matched,1,1,1,0.802859,0.802859,0.321789,/home/ruben/halmstad_ws/datasets/final/baylands_super_75_15_10/images/test/road_to_west_v7_frame_000016_128000000000.jpg,/home/ruben/halmstad_ws/models/obb/experiments/sam3_hybrid_full/runs/predictions/baylands-leader-v10-tuned-full/baylands_super_75_15_10_test_all
road_to_west_v7_frame_000017_131900000000,matched,1,1,1,0.875391,0.875391,0.958198,/home/ruben/halmstad_ws/datasets/final/baylands_super_75_15_10/images/test/road_to_west_v7_frame_000017_131900000000.jpg,/home/ruben/halmstad_ws/models/obb/experiments/sam3_hybrid_full/runs/predictions/baylands-leader-v10-tuned-full/baylands_super_75_15_10_test_all
road_to_west_v7_frame_000019_140000000000,matched,1,1,1,0.774042,0.774042,0.93199,/home/ruben/halmstad_ws/datasets/final/baylands_super_75_15_10/images/test/road_to_west_v7_frame_000019_140000000000.jpg,/home/ruben/halmstad_ws/models/obb/experiments/sam3_hybrid_full/runs/predictions/baylands-leader-v10-tuned-full/baylands_super_75_15_10_test_all
road_to_west_v7_frame_000020_144000000000,matched,1,1,1,0.888643,0.888643,0.937445,/home/ruben/halmstad_ws/datasets/final/baylands_super_75_15_10/images/test/road_to_west_v7_frame_000020_144000000000.jpg,/home/ruben/halmstad_ws/models/obb/experiments/sam3_hybrid_full/runs/predictions/baylands-leader-v10-tuned-full/baylands_super_75_15_10_test_all
road_to_west_v9_frame_000006_120700000000,matched,1,1,1,0.702109,0.702109,0.92193,/home/ruben/halmstad_ws/datasets/final/baylands_super_75_15_10/images/test/road_to_west_v9_frame_000006_120700000000.jpg,/home/ruben/halmstad_ws/models/obb/experiments/sam3_hybrid_full/runs/predictions/baylands-leader-v10-tuned-full/baylands_super_75_15_10_test_all
road_to_west_v9_frame_000007_124700000000,matched,1,1,1,0.630114,0.630114,0.944893,/home/ruben/halmstad_ws/datasets/final/baylands_super_75_15_10/images/test/road_to_west_v9_frame_000007_124700000000.jpg,/home/ruben/halmstad_ws/models/obb/experiments/sam3_hybrid_full/runs/predictions/baylands-leader-v10-tuned-full/baylands_super_75_15_10_test_all
road_to_west_v9_frame_000008_128700000000,matched,1,1,1,0.615023,0.615023,0.827734,/home/ruben/halmstad_ws/datasets/final/baylands_super_75_15_10/images/test/road_to_west_v9_frame_000008_128700000000.jpg,/home/ruben/halmstad_ws/models/obb/experiments/sam3_hybrid_full/runs/predictions/baylands-leader-v10-tuned-full/baylands_super_75_15_10_test_all
road_to_west_v9_frame_000011_140700000000,matched,1,1,1,0.734293,0.734293,0.923155,/home/ruben/halmstad_ws/datasets/final/baylands_super_75_15_10/images/test/road_to_west_v9_frame_000011_140700000000.jpg,/home/ruben/halmstad_ws/models/obb/experiments/sam3_hybrid_full/runs/predictions/baylands-leader-v10-tuned-full/baylands_super_75_15_10_test_all
road_to_west_v9_frame_000012_144700000000,matched,1,1,1,0.727859,0.727859,0.930538,/home/ruben/halmstad_ws/datasets/final/baylands_super_75_15_10/images/test/road_to_west_v9_frame_000012_144700000000.jpg,/home/ruben/halmstad_ws/models/obb/experiments/sam3_hybrid_full/runs/predictions/baylands-leader-v10-tuned-full/baylands_super_75_15_10_test_all
spawn_v1_frame_000049_137400000000,matched,1,1,1,0.764244,0.764244,0.947383,/home/ruben/halmstad_ws/datasets/final/baylands_super_75_15_10/images/test/spawn_v1_frame_000049_137400000000.jpg,/home/ruben/halmstad_ws/models/obb/experiments/sam3_hybrid_full/runs/predictions/baylands-leader-v10-tuned-full/baylands_super_75_15_10_test_all
spawn_v1_frame_000050_138400000000,matched,1,1,1,0.877136,0.877136,0.965614,/home/ruben/halmstad_ws/datasets/final/baylands_super_75_15_10/images/test/spawn_v1_frame_000050_138400000000.jpg,/home/ruben/halmstad_ws/models/obb/experiments/sam3_hybrid_full/runs/predictions/baylands-leader-v10-tuned-full/baylands_super_75_15_10_test_all
spawn_v1_frame_000054_142452000000,matched,1,1,1,0.863783,0.863783,0.910559,/home/ruben/halmstad_ws/datasets/final/baylands_super_75_15_10/images/test/spawn_v1_frame_000054_142452000000.jpg,/home/ruben/halmstad_ws/models/obb/experiments/sam3_hybrid_full/runs/predictions/baylands-leader-v10-tuned-full/baylands_super_75_15_10_test_all
spawn_v1_frame_000055_143452000000,matched,1,1,1,0.93718,0.93718,0.950583,/home/ruben/halmstad_ws/datasets/final/baylands_super_75_15_10/images/test/spawn_v1_frame_000055_143452000000.jpg,/home/ruben/halmstad_ws/models/obb/experiments/sam3_hybrid_full/runs/predictions/baylands-leader-v10-tuned-full/baylands_super_75_15_10_test_all
spawn_v1_frame_000062_150452000000,matched,1,1,1,0.628991,0.628991,0.901004,/home/ruben/halmstad_ws/datasets/final/baylands_super_75_15_10/images/test/spawn_v1_frame_000062_150452000000.jpg,/home/ruben/halmstad_ws/models/obb/experiments/sam3_hybrid_full/runs/predictions/baylands-leader-v10-tuned-full/baylands_super_75_15_10_test_all
spawn_v1_frame_000063_151500000000,matched,1,1,1,0.679573,0.679573,0.914044,/home/ruben/halmstad_ws/datasets/final/baylands_super_75_15_10/images/test/spawn_v1_frame_000063_151500000000.jpg,/home/ruben/halmstad_ws/models/obb/experiments/sam3_hybrid_full/runs/predictions/baylands-leader-v10-tuned-full/baylands_super_75_15_10_test_all
spawn_v1_frame_000065_153500000000,matched,1,1,1,0.79926,0.79926,0.917832,/home/ruben/halmstad_ws/datasets/final/baylands_super_75_15_10/images/test/spawn_v1_frame_000065_153500000000.jpg,/home/ruben/halmstad_ws/models/obb/experiments/sam3_hybrid_full/runs/predictions/baylands-leader-v10-tuned-full/baylands_super_75_15_10_test_all
spawn_v1_frame_000148_243700000000,matched,1,1,1,0.797141,0.797141,0.918621,/home/ruben/halmstad_ws/datasets/final/baylands_super_75_15_10/images/test/spawn_v1_frame_000148_243700000000.jpg,/home/ruben/halmstad_ws/models/obb/experiments/sam3_hybrid_full/runs/predictions/baylands-leader-v10-tuned-full/baylands_super_75_15_10_test_all
spawn_v1_frame_000149_244700000000,matched,1,1,1,0.753881,0.753881,0.932208,/home/ruben/halmstad_ws/datasets/final/baylands_super_75_15_10/images/test/spawn_v1_frame_000149_244700000000.jpg,/home/ruben/halmstad_ws/models/obb/experiments/sam3_hybrid_full/runs/predictions/baylands-leader-v10-tuned-full/baylands_super_75_15_10_test_all
spawn_v1_frame_000150_245700000000,matched,1,1,1,0.941512,0.941512,0.959507,/home/ruben/halmstad_ws/datasets/final/baylands_super_75_15_10/images/test/spawn_v1_frame_000150_245700000000.jpg,/home/ruben/halmstad_ws/models/obb/experiments/sam3_hybrid_full/runs/predictions/baylands-leader-v10-tuned-full/baylands_super_75_15_10_test_all
spawn_v1_frame_000151_246700000000,matched,1,1,1,0.894472,0.894472,0.94821,/home/ruben/halmstad_ws/datasets/final/baylands_super_75_15_10/images/test/spawn_v1_frame_000151_246700000000.jpg,/home/ruben/halmstad_ws/models/obb/experiments/sam3_hybrid_full/runs/predictions/baylands-leader-v10-tuned-full/baylands_super_75_15_10_test_all
spawn_v1_frame_000152_247700000000,matched,1,1,1,0.808595,0.808595,0.927486,/home/ruben/halmstad_ws/datasets/final/baylands_super_75_15_10/images/test/spawn_v1_frame_000152_247700000000.jpg,/home/ruben/halmstad_ws/models/obb/experiments/sam3_hybrid_full/runs/predictions/baylands-leader-v10-tuned-full/baylands_super_75_15_10_test_all
spawn_v1_frame_000154_249700000000,matched,1,1,1,0.913871,0.913871,0.96107,/home/ruben/halmstad_ws/datasets/final/baylands_super_75_15_10/images/test/spawn_v1_frame_000154_249700000000.jpg,/home/ruben/halmstad_ws/models/obb/experiments/sam3_hybrid_full/runs/predictions/baylands-leader-v10-tuned-full/baylands_super_75_15_10_test_all
spawn_v1_frame_000156_251752000000,matched,1,1,1,0.767632,0.767632,0.940024,/home/ruben/halmstad_ws/datasets/final/baylands_super_75_15_10/images/test/spawn_v1_frame_000156_251752000000.jpg,/home/ruben/halmstad_ws/models/obb/experiments/sam3_hybrid_full/runs/predictions/baylands-leader-v10-tuned-full/baylands_super_75_15_10_test_all
spawn_v1_frame_000157_252752000000,matched,1,1,1,0.752596,0.752596,0.958282,/home/ruben/halmstad_ws/datasets/final/baylands_super_75_15_10/images/test/spawn_v1_frame_000157_252752000000.jpg,/home/ruben/halmstad_ws/models/obb/experiments/sam3_hybrid_full/runs/predictions/baylands-leader-v10-tuned-full/baylands_super_75_15_10_test_all
spawn_v1_frame_000159_254752000000,matched,1,1,1,0.675031,0.675031,0.942344,/home/ruben/halmstad_ws/datasets/final/baylands_super_75_15_10/images/test/spawn_v1_frame_000159_254752000000.jpg,/home/ruben/halmstad_ws/models/obb/experiments/sam3_hybrid_full/runs/predictions/baylands-leader-v10-tuned-full/baylands_super_75_15_10_test_all
spawn_v1_frame_000160_255752000000,matched,1,1,1,0.871153,0.871153,0.94388,/home/ruben/halmstad_ws/datasets/final/baylands_super_75_15_10/images/test/spawn_v1_frame_000160_255752000000.jpg,/home/ruben/halmstad_ws/models/obb/experiments/sam3_hybrid_full/runs/predictions/baylands-leader-v10-tuned-full/baylands_super_75_15_10_test_all
spawn_v1_frame_000161_256800000000,matched,1,1,1,0.628749,0.628749,0.947712,/home/ruben/halmstad_ws/datasets/final/baylands_super_75_15_10/images/test/spawn_v1_frame_000161_256800000000.jpg,/home/ruben/halmstad_ws/models/obb/experiments/sam3_hybrid_full/runs/predictions/baylands-leader-v10-tuned-full/baylands_super_75_15_10_test_all
spawn_v1_frame_000162_257800000000,matched,1,1,1,0.702714,0.702714,0.9458,/home/ruben/halmstad_ws/datasets/final/baylands_super_75_15_10/images/test/spawn_v1_frame_000162_257800000000.jpg,/home/ruben/halmstad_ws/models/obb/experiments/sam3_hybrid_full/runs/predictions/baylands-leader-v10-tuned-full/baylands_super_75_15_10_test_all
spawn_v1_frame_000163_258800000000,matched,1,1,1,0.576988,0.576988,0.925829,/home/ruben/halmstad_ws/datasets/final/baylands_super_75_15_10/images/test/spawn_v1_frame_000163_258800000000.jpg,/home/ruben/halmstad_ws/models/obb/experiments/sam3_hybrid_full/runs/predictions/baylands-leader-v10-tuned-full/baylands_super_75_15_10_test_all
spawn_v1_frame_000164_259800000000,matched,1,1,1,0.771262,0.771262,0.945167,/home/ruben/halmstad_ws/datasets/final/baylands_super_75_15_10/images/test/spawn_v1_frame_000164_259800000000.jpg,/home/ruben/halmstad_ws/models/obb/experiments/sam3_hybrid_full/runs/predictions/baylands-leader-v10-tuned-full/baylands_super_75_15_10_test_all
spawn_v1_frame_000166_261852000000,matched,1,1,1,0.465421,0.465421,0.916188,/home/ruben/halmstad_ws/datasets/final/baylands_super_75_15_10/images/test/spawn_v1_frame_000166_261852000000.jpg,/home/ruben/halmstad_ws/models/obb/experiments/sam3_hybrid_full/runs/predictions/baylands-leader-v10-tuned-full/baylands_super_75_15_10_test_all
spawn_v2_frame_000062_135652000000,matched,1,1,1,0.826238,0.826238,0.94588,/home/ruben/halmstad_ws/datasets/final/baylands_super_75_15_10/images/test/spawn_v2_frame_000062_135652000000.jpg,/home/ruben/halmstad_ws/models/obb/experiments/sam3_hybrid_full/runs/predictions/baylands-leader-v10-tuned-full/baylands_super_75_15_10_test_all
spawn_v2_frame_000063_136652000000,matched,1,1,1,0.848144,0.848144,0.952799,/home/ruben/halmstad_ws/datasets/final/baylands_super_75_15_10/images/test/spawn_v2_frame_000063_136652000000.jpg,/home/ruben/halmstad_ws/models/obb/experiments/sam3_hybrid_full/runs/predictions/baylands-leader-v10-tuned-full/baylands_super_75_15_10_test_all
spawn_v2_frame_000064_137652000000,matched,1,1,1,0.809776,0.809776,0.952006,/home/ruben/halmstad_ws/datasets/final/baylands_super_75_15_10/images/test/spawn_v2_frame_000064_137652000000.jpg,/home/ruben/halmstad_ws/models/obb/experiments/sam3_hybrid_full/runs/predictions/baylands-leader-v10-tuned-full/baylands_super_75_15_10_test_all
spawn_v2_frame_000066_139652000000,matched,1,1,1,1.0,1.0,0.959429,/home/ruben/halmstad_ws/datasets/final/baylands_super_75_15_10/images/test/spawn_v2_frame_000066_139652000000.jpg,/home/ruben/halmstad_ws/models/obb/experiments/sam3_hybrid_full/runs/predictions/baylands-leader-v10-tuned-full/baylands_super_75_15_10_test_all
spawn_v2_frame_000067_140700000000,matched,1,1,1,0.875474,0.875474,0.951454,/home/ruben/halmstad_ws/datasets/final/baylands_super_75_15_10/images/test/spawn_v2_frame_000067_140700000000.jpg,/home/ruben/halmstad_ws/models/obb/experiments/sam3_hybrid_full/runs/predictions/baylands-leader-v10-tuned-full/baylands_super_75_15_10_test_all
spawn_v2_frame_000069_142700000000,matched,1,1,1,0.544855,0.544855,0.948818,/home/ruben/halmstad_ws/datasets/final/baylands_super_75_15_10/images/test/spawn_v2_frame_000069_142700000000.jpg,/home/ruben/halmstad_ws/models/obb/experiments/sam3_hybrid_full/runs/predictions/baylands-leader-v10-tuned-full/baylands_super_75_15_10_test_all
spawn_v2_frame_000070_143652000000,matched,1,1,1,0.954625,0.954625,0.96745,/home/ruben/halmstad_ws/datasets/final/baylands_super_75_15_10/images/test/spawn_v2_frame_000070_143652000000.jpg,/home/ruben/halmstad_ws/models/obb/experiments/sam3_hybrid_full/runs/predictions/baylands-leader-v10-tuned-full/baylands_super_75_15_10_test_all
spawn_v2_frame_000071_144700000000,matched,1,1,1,0.959387,0.959387,0.970193,/home/ruben/halmstad_ws/datasets/final/baylands_super_75_15_10/images/test/spawn_v2_frame_000071_144700000000.jpg,/home/ruben/halmstad_ws/models/obb/experiments/sam3_hybrid_full/runs/predictions/baylands-leader-v10-tuned-full/baylands_super_75_15_10_test_all
spawn_v2_frame_000072_145700000000,matched,1,1,1,0.922742,0.922742,0.967849,/home/ruben/halmstad_ws/datasets/final/baylands_super_75_15_10/images/test/spawn_v2_frame_000072_145700000000.jpg,/home/ruben/halmstad_ws/models/obb/experiments/sam3_hybrid_full/runs/predictions/baylands-leader-v10-tuned-full/baylands_super_75_15_10_test_all
spawn_v2_frame_000073_146700000000,matched,1,1,1,0.955986,0.955986,0.972494,/home/ruben/halmstad_ws/datasets/final/baylands_super_75_15_10/images/test/spawn_v2_frame_000073_146700000000.jpg,/home/ruben/halmstad_ws/models/obb/experiments/sam3_hybrid_full/runs/predictions/baylands-leader-v10-tuned-full/baylands_super_75_15_10_test_all
spawn_v2_frame_000075_148700000000,matched,1,1,1,0.904493,0.904493,0.969718,/home/ruben/halmstad_ws/datasets/final/baylands_super_75_15_10/images/test/spawn_v2_frame_000075_148700000000.jpg,/home/ruben/halmstad_ws/models/obb/experiments/sam3_hybrid_full/runs/predictions/baylands-leader-v10-tuned-full/baylands_super_75_15_10_test_all
spawn_v2_frame_000082_155752000000,matched,1,1,1,0.834251,0.834251,0.919882,/home/ruben/halmstad_ws/datasets/final/baylands_super_75_15_10/images/test/spawn_v2_frame_000082_155752000000.jpg,/home/ruben/halmstad_ws/models/obb/experiments/sam3_hybrid_full/runs/predictions/baylands-leader-v10-tuned-full/baylands_super_75_15_10_test_all
spawn_v2_frame_000169_243600000000,matched,1,1,1,0.787252,0.787252,0.929148,/home/ruben/halmstad_ws/datasets/final/baylands_super_75_15_10/images/test/spawn_v2_frame_000169_243600000000.jpg,/home/ruben/halmstad_ws/models/obb/experiments/sam3_hybrid_full/runs/predictions/baylands-leader-v10-tuned-full/baylands_super_75_15_10_test_all
spawn_v2_frame_000175_249700000000,matched,1,1,1,0.869638,0.869638,0.963101,/home/ruben/halmstad_ws/datasets/final/baylands_super_75_15_10/images/test/spawn_v2_frame_000175_249700000000.jpg,/home/ruben/halmstad_ws/models/obb/experiments/sam3_hybrid_full/runs/predictions/baylands-leader-v10-tuned-full/baylands_super_75_15_10_test_all
spawn_v2_frame_000179_253700000000,matched,1,1,1,0.915232,0.915232,0.961263,/home/ruben/halmstad_ws/datasets/final/baylands_super_75_15_10/images/test/spawn_v2_frame_000179_253700000000.jpg,/home/ruben/halmstad_ws/models/obb/experiments/sam3_hybrid_full/runs/predictions/baylands-leader-v10-tuned-full/baylands_super_75_15_10_test_all
spawn_v2_frame_000182_256700000000,matched,1,1,1,0.91882,0.91882,0.965473,/home/ruben/halmstad_ws/datasets/final/baylands_super_75_15_10/images/test/spawn_v2_frame_000182_256700000000.jpg,/home/ruben/halmstad_ws/models/obb/experiments/sam3_hybrid_full/runs/predictions/baylands-leader-v10-tuned-full/baylands_super_75_15_10_test_all
spawn_v2_frame_000184_258752000000,matched,1,1,1,0.704936,0.704936,0.919327,/home/ruben/halmstad_ws/datasets/final/baylands_super_75_15_10/images/test/spawn_v2_frame_000184_258752000000.jpg,/home/ruben/halmstad_ws/models/obb/experiments/sam3_hybrid_full/runs/predictions/baylands-leader-v10-tuned-full/baylands_super_75_15_10_test_all
spawn_v2_frame_000186_260752000000,matched,1,1,1,0.534427,0.534427,0.939285,/home/ruben/halmstad_ws/datasets/final/baylands_super_75_15_10/images/test/spawn_v2_frame_000186_260752000000.jpg,/home/ruben/halmstad_ws/models/obb/experiments/sam3_hybrid_full/runs/predictions/baylands-leader-v10-tuned-full/baylands_super_75_15_10_test_all
spawn_v2_frame_000187_261752000000,matched,1,1,1,0.757328,0.757328,0.919578,/home/ruben/halmstad_ws/datasets/final/baylands_super_75_15_10/images/test/spawn_v2_frame_000187_261752000000.jpg,/home/ruben/halmstad_ws/models/obb/experiments/sam3_hybrid_full/runs/predictions/baylands-leader-v10-tuned-full/baylands_super_75_15_10_test_all
spawn_v2_frame_000188_262752000000,matched,1,1,1,0.752792,0.752792,0.930003,/home/ruben/halmstad_ws/datasets/final/baylands_super_75_15_10/images/test/spawn_v2_frame_000188_262752000000.jpg,/home/ruben/halmstad_ws/models/obb/experiments/sam3_hybrid_full/runs/predictions/baylands-leader-v10-tuned-full/baylands_super_75_15_10_test_all
spawn_v2_frame_000189_263800000000,matched,1,1,1,0.824469,0.824469,0.920232,/home/ruben/halmstad_ws/datasets/final/baylands_super_75_15_10/images/test/spawn_v2_frame_000189_263800000000.jpg,/home/ruben/halmstad_ws/models/obb/experiments/sam3_hybrid_full/runs/predictions/baylands-leader-v10-tuned-full/baylands_super_75_15_10_test_all
spawn_v3_frame_000011_137200000000,correct_empty,0,0,0,0.0,0.0,,/home/ruben/halmstad_ws/datasets/final/baylands_super_75_15_10/images/test/spawn_v3_frame_000011_137200000000.jpg,/home/ruben/halmstad_ws/models/obb/experiments/sam3_hybrid_full/runs/predictions/baylands-leader-v10-tuned-full/baylands_super_75_15_10_test_all
spawn_v3_frame_000012_141200000000,correct_empty,0,0,0,0.0,0.0,,/home/ruben/halmstad_ws/datasets/final/baylands_super_75_15_10/images/test/spawn_v3_frame_000012_141200000000.jpg,/home/ruben/halmstad_ws/models/obb/experiments/sam3_hybrid_full/runs/predictions/baylands-leader-v10-tuned-full/baylands_super_75_15_10_test_all
spawn_v3_frame_000013_145300000000,matched,1,1,1,0.699277,0.699277,0.964521,/home/ruben/halmstad_ws/datasets/final/baylands_super_75_15_10/images/test/spawn_v3_frame_000013_145300000000.jpg,/home/ruben/halmstad_ws/models/obb/experiments/sam3_hybrid_full/runs/predictions/baylands-leader-v10-tuned-full/baylands_super_75_15_10_test_all
spawn_v3_frame_000014_149300000000,matched,1,1,1,0.515384,0.515384,0.840955,/home/ruben/halmstad_ws/datasets/final/baylands_super_75_15_10/images/test/spawn_v3_frame_000014_149300000000.jpg,/home/ruben/halmstad_ws/models/obb/experiments/sam3_hybrid_full/runs/predictions/baylands-leader-v10-tuned-full/baylands_super_75_15_10_test_all
spawn_v3_frame_000015_153300000000,correct_empty,0,0,0,0.0,0.0,,/home/ruben/halmstad_ws/datasets/final/baylands_super_75_15_10/images/test/spawn_v3_frame_000015_153300000000.jpg,/home/ruben/halmstad_ws/models/obb/experiments/sam3_hybrid_full/runs/predictions/baylands-leader-v10-tuned-full/baylands_super_75_15_10_test_all
spawn_v3_frame_000016_157300000000,correct_empty,0,0,0,0.0,0.0,,/home/ruben/halmstad_ws/datasets/final/baylands_super_75_15_10/images/test/spawn_v3_frame_000016_157300000000.jpg,/home/ruben/halmstad_ws/models/obb/experiments/sam3_hybrid_full/runs/predictions/baylands-leader-v10-tuned-full/baylands_super_75_15_10_test_all
spawn_v3_frame_000038_245500000000,correct_empty,0,0,0,0.0,0.0,,/home/ruben/halmstad_ws/datasets/final/baylands_super_75_15_10/images/test/spawn_v3_frame_000038_245500000000.jpg,/home/ruben/halmstad_ws/models/obb/experiments/sam3_hybrid_full/runs/predictions/baylands-leader-v10-tuned-full/baylands_super_75_15_10_test_all
strip_v1_frame_000009_92400000000,matched,1,1,1,0.700494,0.700494,0.955896,/home/ruben/halmstad_ws/datasets/final/baylands_super_75_15_10/images/test/strip_v1_frame_000009_92400000000.jpg,/home/ruben/halmstad_ws/models/obb/experiments/sam3_hybrid_full/runs/predictions/baylands-leader-v10-tuned-full/baylands_super_75_15_10_test_all
strip_v1_frame_000011_100500000000,matched,1,1,1,0.937372,0.937372,0.934056,/home/ruben/halmstad_ws/datasets/final/baylands_super_75_15_10/images/test/strip_v1_frame_000011_100500000000.jpg,/home/ruben/halmstad_ws/models/obb/experiments/sam3_hybrid_full/runs/predictions/baylands-leader-v10-tuned-full/baylands_super_75_15_10_test_all
strip_v1_frame_000014_112500000000,correct_empty,0,0,0,0.0,0.0,,/home/ruben/halmstad_ws/datasets/final/baylands_super_75_15_10/images/test/strip_v1_frame_000014_112500000000.jpg,/home/ruben/halmstad_ws/models/obb/experiments/sam3_hybrid_full/runs/predictions/baylands-leader-v10-tuned-full/baylands_super_75_15_10_test_all
strip_v1_frame_000029_172700000000,matched,1,1,1,0.666048,0.666048,0.938951,/home/ruben/halmstad_ws/datasets/final/baylands_super_75_15_10/images/test/strip_v1_frame_000029_172700000000.jpg,/home/ruben/halmstad_ws/models/obb/experiments/sam3_hybrid_full/runs/predictions/baylands-leader-v10-tuned-full/baylands_super_75_15_10_test_all
strip_v1_frame_000030_176700000000,matched,1,1,1,0.884711,0.884711,0.946524,/home/ruben/halmstad_ws/datasets/final/baylands_super_75_15_10/images/test/strip_v1_frame_000030_176700000000.jpg,/home/ruben/halmstad_ws/models/obb/experiments/sam3_hybrid_full/runs/predictions/baylands-leader-v10-tuned-full/baylands_super_75_15_10_test_all
strip_v1_frame_000032_184700000000,correct_empty,0,0,0,0.0,0.0,,/home/ruben/halmstad_ws/datasets/final/baylands_super_75_15_10/images/test/strip_v1_frame_000032_184700000000.jpg,/home/ruben/halmstad_ws/models/obb/experiments/sam3_hybrid_full/runs/predictions/baylands-leader-v10-tuned-full/baylands_super_75_15_10_test_all
strip_v2_frame_000004_94800000000,matched,1,1,1,0.85724,0.85724,0.955812,/home/ruben/halmstad_ws/datasets/final/baylands_super_75_15_10/images/test/strip_v2_frame_000004_94800000000.jpg,/home/ruben/halmstad_ws/models/obb/experiments/sam3_hybrid_full/runs/predictions/baylands-leader-v10-tuned-full/baylands_super_75_15_10_test_all
strip_v2_frame_000005_98800000000,matched,1,1,1,0.762501,0.762501,0.773521,/home/ruben/halmstad_ws/datasets/final/baylands_super_75_15_10/images/test/strip_v2_frame_000005_98800000000.jpg,/home/ruben/halmstad_ws/models/obb/experiments/sam3_hybrid_full/runs/predictions/baylands-leader-v10-tuned-full/baylands_super_75_15_10_test_all
strip_v2_frame_000025_178900000000,correct_empty,0,0,0,0.0,0.0,,/home/ruben/halmstad_ws/datasets/final/baylands_super_75_15_10/images/test/strip_v2_frame_000025_178900000000.jpg,/home/ruben/halmstad_ws/models/obb/experiments/sam3_hybrid_full/runs/predictions/baylands-leader-v10-tuned-full/baylands_super_75_15_10_test_all
strip_v2_frame_000026_183000000000,correct_empty,0,0,0,0.0,0.0,,/home/ruben/halmstad_ws/datasets/final/baylands_super_75_15_10/images/test/strip_v2_frame_000026_183000000000.jpg,/home/ruben/halmstad_ws/models/obb/experiments/sam3_hybrid_full/runs/predictions/baylands-leader-v10-tuned-full/baylands_super_75_15_10_test_all
strip_v3_frame_000017_95952000000,matched,1,1,1,0.923693,0.923693,0.960648,/home/ruben/halmstad_ws/datasets/final/baylands_super_75_15_10/images/test/strip_v3_frame_000017_95952000000.jpg,/home/ruben/halmstad_ws/models/obb/experiments/sam3_hybrid_full/runs/predictions/baylands-leader-v10-tuned-full/baylands_super_75_15_10_test_all
strip_v3_frame_000019_98000000000,matched,1,1,1,0.926654,0.926654,0.968942,/home/ruben/halmstad_ws/datasets/final/baylands_super_75_15_10/images/test/strip_v3_frame_000019_98000000000.jpg,/home/ruben/halmstad_ws/models/obb/experiments/sam3_hybrid_full/runs/predictions/baylands-leader-v10-tuned-full/baylands_super_75_15_10_test_all
strip_v3_frame_000020_99000000000,matched,1,1,1,0.955086,0.955086,0.970203,/home/ruben/halmstad_ws/datasets/final/baylands_super_75_15_10/images/test/strip_v3_frame_000020_99000000000.jpg,/home/ruben/halmstad_ws/models/obb/experiments/sam3_hybrid_full/runs/predictions/baylands-leader-v10-tuned-full/baylands_super_75_15_10_test_all
strip_v3_frame_000021_100052000000,matched,1,1,1,0.94273,0.94273,0.883517,/home/ruben/halmstad_ws/datasets/final/baylands_super_75_15_10/images/test/strip_v3_frame_000021_100052000000.jpg,/home/ruben/halmstad_ws/models/obb/experiments/sam3_hybrid_full/runs/predictions/baylands-leader-v10-tuned-full/baylands_super_75_15_10_test_all
strip_v3_frame_000029_108100000000,matched,1,1,1,0.906726,0.906726,0.962862,/home/ruben/halmstad_ws/datasets/final/baylands_super_75_15_10/images/test/strip_v3_frame_000029_108100000000.jpg,/home/ruben/halmstad_ws/models/obb/experiments/sam3_hybrid_full/runs/predictions/baylands-leader-v10-tuned-full/baylands_super_75_15_10_test_all
strip_v3_frame_000083_172852000000,correct_empty,0,0,0,0.0,0.0,,/home/ruben/halmstad_ws/datasets/final/baylands_super_75_15_10/images/test/strip_v3_frame_000083_172852000000.jpg,/home/ruben/halmstad_ws/models/obb/experiments/sam3_hybrid_full/runs/predictions/baylands-leader-v10-tuned-full/baylands_super_75_15_10_test_all
strip_v3_frame_000084_173852000000,matched,1,1,1,0.781558,0.781558,0.941556,/home/ruben/halmstad_ws/datasets/final/baylands_super_75_15_10/images/test/strip_v3_frame_000084_173852000000.jpg,/home/ruben/halmstad_ws/models/obb/experiments/sam3_hybrid_full/runs/predictions/baylands-leader-v10-tuned-full/baylands_super_75_15_10_test_all
strip_v3_frame_000096_185952000000,matched,1,1,1,0.795833,0.795833,0.954779,/home/ruben/halmstad_ws/datasets/final/baylands_super_75_15_10/images/test/strip_v3_frame_000096_185952000000.jpg,/home/ruben/halmstad_ws/models/obb/experiments/sam3_hybrid_full/runs/predictions/baylands-leader-v10-tuned-full/baylands_super_75_15_10_test_all
strip_v3_frame_000097_186952000000,matched,1,1,1,0.835938,0.835938,0.951978,/home/ruben/halmstad_ws/datasets/final/baylands_super_75_15_10/images/test/strip_v3_frame_000097_186952000000.jpg,/home/ruben/halmstad_ws/models/obb/experiments/sam3_hybrid_full/runs/predictions/baylands-leader-v10-tuned-full/baylands_super_75_15_10_test_all
strip_v4_frame_000003_95200000000,matched,1,1,1,0.617255,0.617255,0.872044,/home/ruben/halmstad_ws/datasets/final/baylands_super_75_15_10/images/test/strip_v4_frame_000003_95200000000.jpg,/home/ruben/halmstad_ws/models/obb/experiments/sam3_hybrid_full/runs/predictions/baylands-leader-v10-tuned-full/baylands_super_75_15_10_test_all
strip_v4_frame_000004_99200000000,matched,1,1,1,0.907298,0.907298,0.945765,/home/ruben/halmstad_ws/datasets/final/baylands_super_75_15_10/images/test/strip_v4_frame_000004_99200000000.jpg,/home/ruben/halmstad_ws/models/obb/experiments/sam3_hybrid_full/runs/predictions/baylands-leader-v10-tuned-full/baylands_super_75_15_10_test_all
strip_v4_frame_000005_103200000000,matched,1,1,1,0.856979,0.856979,0.959797,/home/ruben/halmstad_ws/datasets/final/baylands_super_75_15_10/images/test/strip_v4_frame_000005_103200000000.jpg,/home/ruben/halmstad_ws/models/obb/experiments/sam3_hybrid_full/runs/predictions/baylands-leader-v10-tuned-full/baylands_super_75_15_10_test_all
strip_v4_frame_000007_111200000000,multi_prediction,1,2,1,0.950025,0.950025,0.735842,/home/ruben/halmstad_ws/datasets/final/baylands_super_75_15_10/images/test/strip_v4_frame_000007_111200000000.jpg,/home/ruben/halmstad_ws/models/obb/experiments/sam3_hybrid_full/runs/predictions/baylands-leader-v10-tuned-full/baylands_super_75_15_10_test_all
strip_v4_frame_000023_175400000000,matched,1,1,1,0.783731,0.783731,0.901225,/home/ruben/halmstad_ws/datasets/final/baylands_super_75_15_10/images/test/strip_v4_frame_000023_175400000000.jpg,/home/ruben/halmstad_ws/models/obb/experiments/sam3_hybrid_full/runs/predictions/baylands-leader-v10-tuned-full/baylands_super_75_15_10_test_all
strip_v4_frame_000024_179400000000,correct_empty,0,0,0,0.0,0.0,,/home/ruben/halmstad_ws/datasets/final/baylands_super_75_15_10/images/test/strip_v4_frame_000024_179400000000.jpg,/home/ruben/halmstad_ws/models/obb/experiments/sam3_hybrid_full/runs/predictions/baylands-leader-v10-tuned-full/baylands_super_75_15_10_test_all
strip_v4_frame_000025_183400000000,matched,1,1,1,0.921331,0.921331,0.954239,/home/ruben/halmstad_ws/datasets/final/baylands_super_75_15_10/images/test/strip_v4_frame_000025_183400000000.jpg,/home/ruben/halmstad_ws/models/obb/experiments/sam3_hybrid_full/runs/predictions/baylands-leader-v10-tuned-full/baylands_super_75_15_10_test_all
strip_v5_frame_000000_110252000000,matched,1,1,1,0.885246,0.885246,0.938172,/home/ruben/halmstad_ws/datasets/final/baylands_super_75_15_10/images/test/strip_v5_frame_000000_110252000000.jpg,/home/ruben/halmstad_ws/models/obb/experiments/sam3_hybrid_full/runs/predictions/baylands-leader-v10-tuned-full/baylands_super_75_15_10_test_all
strip_v5_frame_000004_114252000000,matched,1,1,1,0.66757,0.66757,0.948268,/home/ruben/halmstad_ws/datasets/final/baylands_super_75_15_10/images/test/strip_v5_frame_000004_114252000000.jpg,/home/ruben/halmstad_ws/models/obb/experiments/sam3_hybrid_full/runs/predictions/baylands-leader-v10-tuned-full/baylands_super_75_15_10_test_all
strip_v5_frame_000007_117252000000,matched,1,1,1,0.865529,0.865529,0.950642,/home/ruben/halmstad_ws/datasets/final/baylands_super_75_15_10/images/test/strip_v5_frame_000007_117252000000.jpg,/home/ruben/halmstad_ws/models/obb/experiments/sam3_hybrid_full/runs/predictions/baylands-leader-v10-tuned-full/baylands_super_75_15_10_test_all
strip_v5_frame_000051_171552000000,matched,1,1,1,0.539833,0.539833,0.949243,/home/ruben/halmstad_ws/datasets/final/baylands_super_75_15_10/images/test/strip_v5_frame_000051_171552000000.jpg,/home/ruben/halmstad_ws/models/obb/experiments/sam3_hybrid_full/runs/predictions/baylands-leader-v10-tuned-full/baylands_super_75_15_10_test_all
strip_v5_frame_000052_172600000000,matched,1,1,1,0.789287,0.789287,0.930506,/home/ruben/halmstad_ws/datasets/final/baylands_super_75_15_10/images/test/strip_v5_frame_000052_172600000000.jpg,/home/ruben/halmstad_ws/models/obb/experiments/sam3_hybrid_full/runs/predictions/baylands-leader-v10-tuned-full/baylands_super_75_15_10_test_all
strip_v5_frame_000053_173600000000,matched,1,1,1,0.753179,0.753179,0.949239,/home/ruben/halmstad_ws/datasets/final/baylands_super_75_15_10/images/test/strip_v5_frame_000053_173600000000.jpg,/home/ruben/halmstad_ws/models/obb/experiments/sam3_hybrid_full/runs/predictions/baylands-leader-v10-tuned-full/baylands_super_75_15_10_test_all
strip_v5_frame_000054_174600000000,matched,1,1,1,0.700202,0.700202,0.947983,/home/ruben/halmstad_ws/datasets/final/baylands_super_75_15_10/images/test/strip_v5_frame_000054_174600000000.jpg,/home/ruben/halmstad_ws/models/obb/experiments/sam3_hybrid_full/runs/predictions/baylands-leader-v10-tuned-full/baylands_super_75_15_10_test_all
strip_v5_frame_000056_179552000000,matched,1,1,1,0.909969,0.909969,0.966492,/home/ruben/halmstad_ws/datasets/final/baylands_super_75_15_10/images/test/strip_v5_frame_000056_179552000000.jpg,/home/ruben/halmstad_ws/models/obb/experiments/sam3_hybrid_full/runs/predictions/baylands-leader-v10-tuned-full/baylands_super_75_15_10_test_all
strip_v5_frame_000057_180552000000,matched,1,1,1,0.874629,0.874629,0.965297,/home/ruben/halmstad_ws/datasets/final/baylands_super_75_15_10/images/test/strip_v5_frame_000057_180552000000.jpg,/home/ruben/halmstad_ws/models/obb/experiments/sam3_hybrid_full/runs/predictions/baylands-leader-v10-tuned-full/baylands_super_75_15_10_test_all
strip_v5_frame_000058_181552000000,matched,1,1,1,0.88546,0.88546,0.96869,/home/ruben/halmstad_ws/datasets/final/baylands_super_75_15_10/images/test/strip_v5_frame_000058_181552000000.jpg,/home/ruben/halmstad_ws/models/obb/experiments/sam3_hybrid_full/runs/predictions/baylands-leader-v10-tuned-full/baylands_super_75_15_10_test_all
strip_v5_frame_000059_182552000000,matched,1,1,1,0.881238,0.881238,0.970482,/home/ruben/halmstad_ws/datasets/final/baylands_super_75_15_10/images/test/strip_v5_frame_000059_182552000000.jpg,/home/ruben/halmstad_ws/models/obb/experiments/sam3_hybrid_full/runs/predictions/baylands-leader-v10-tuned-full/baylands_super_75_15_10_test_all
strip_v5_frame_000060_183552000000,matched,1,1,1,0.904158,0.904158,0.973591,/home/ruben/halmstad_ws/datasets/final/baylands_super_75_15_10/images/test/strip_v5_frame_000060_183552000000.jpg,/home/ruben/halmstad_ws/models/obb/experiments/sam3_hybrid_full/runs/predictions/baylands-leader-v10-tuned-full/baylands_super_75_15_10_test_all
strip_v5_frame_000062_185600000000,matched,1,1,1,0.815904,0.815904,0.96294,/home/ruben/halmstad_ws/datasets/final/baylands_super_75_15_10/images/test/strip_v5_frame_000062_185600000000.jpg,/home/ruben/halmstad_ws/models/obb/experiments/sam3_hybrid_full/runs/predictions/baylands-leader-v10-tuned-full/baylands_super_75_15_10_test_all
strip_v5_frame_000063_186600000000,matched,1,1,1,0.910496,0.910496,0.963801,/home/ruben/halmstad_ws/datasets/final/baylands_super_75_15_10/images/test/strip_v5_frame_000063_186600000000.jpg,/home/ruben/halmstad_ws/models/obb/experiments/sam3_hybrid_full/runs/predictions/baylands-leader-v10-tuned-full/baylands_super_75_15_10_test_all
strip_v7_frame_000019_91652000000,matched,1,1,1,0.902147,0.902147,0.96836,/home/ruben/halmstad_ws/datasets/final/baylands_super_75_15_10/images/test/strip_v7_frame_000019_91652000000.jpg,/home/ruben/halmstad_ws/models/obb/experiments/sam3_hybrid_full/runs/predictions/baylands-leader-v10-tuned-full/baylands_super_75_15_10_test_all
strip_v7_frame_000022_94752000000,matched,1,1,1,0.996935,0.996935,0.961781,/home/ruben/halmstad_ws/datasets/final/baylands_super_75_15_10/images/test/strip_v7_frame_000022_94752000000.jpg,/home/ruben/halmstad_ws/models/obb/experiments/sam3_hybrid_full/runs/predictions/baylands-leader-v10-tuned-full/baylands_super_75_15_10_test_all
strip_v7_frame_000027_99800000000,matched,1,1,1,0.898455,0.898455,0.964249,/home/ruben/halmstad_ws/datasets/final/baylands_super_75_15_10/images/test/strip_v7_frame_000027_99800000000.jpg,/home/ruben/halmstad_ws/models/obb/experiments/sam3_hybrid_full/runs/predictions/baylands-leader-v10-tuned-full/baylands_super_75_15_10_test_all
strip_v7_frame_000028_100800000000,matched,1,1,1,0.876792,0.876792,0.970332,/home/ruben/halmstad_ws/datasets/final/baylands_super_75_15_10/images/test/strip_v7_frame_000028_100800000000.jpg,/home/ruben/halmstad_ws/models/obb/experiments/sam3_hybrid_full/runs/predictions/baylands-leader-v10-tuned-full/baylands_super_75_15_10_test_all
strip_v7_frame_000029_101852000000,matched,1,1,1,0.858978,0.858978,0.970827,/home/ruben/halmstad_ws/datasets/final/baylands_super_75_15_10/images/test/strip_v7_frame_000029_101852000000.jpg,/home/ruben/halmstad_ws/models/obb/experiments/sam3_hybrid_full/runs/predictions/baylands-leader-v10-tuned-full/baylands_super_75_15_10_test_all
strip_v7_frame_000031_103900000000,matched,1,1,1,0.835344,0.835344,0.965866,/home/ruben/halmstad_ws/datasets/final/baylands_super_75_15_10/images/test/strip_v7_frame_000031_103900000000.jpg,/home/ruben/halmstad_ws/models/obb/experiments/sam3_hybrid_full/runs/predictions/baylands-leader-v10-tuned-full/baylands_super_75_15_10_test_all
strip_v7_frame_000032_104900000000,matched,1,1,1,0.923017,0.923017,0.963338,/home/ruben/halmstad_ws/datasets/final/baylands_super_75_15_10/images/test/strip_v7_frame_000032_104900000000.jpg,/home/ruben/halmstad_ws/models/obb/experiments/sam3_hybrid_full/runs/predictions/baylands-leader-v10-tuned-full/baylands_super_75_15_10_test_all
strip_v7_frame_000039_112000000000,matched,1,1,1,0.91175,0.91175,0.966621,/home/ruben/halmstad_ws/datasets/final/baylands_super_75_15_10/images/test/strip_v7_frame_000039_112000000000.jpg,/home/ruben/halmstad_ws/models/obb/experiments/sam3_hybrid_full/runs/predictions/baylands-leader-v10-tuned-full/baylands_super_75_15_10_test_all
strip_v7_frame_000094_177300000000,correct_empty,0,0,0,0.0,0.0,,/home/ruben/halmstad_ws/datasets/final/baylands_super_75_15_10/images/test/strip_v7_frame_000094_177300000000.jpg,/home/ruben/halmstad_ws/models/obb/experiments/sam3_hybrid_full/runs/predictions/baylands-leader-v10-tuned-full/baylands_super_75_15_10_test_all
strip_v7_frame_000099_182352000000,matched,1,1,1,0.867235,0.867235,0.951804,/home/ruben/halmstad_ws/datasets/final/baylands_super_75_15_10/images/test/strip_v7_frame_000099_182352000000.jpg,/home/ruben/halmstad_ws/models/obb/experiments/sam3_hybrid_full/runs/predictions/baylands-leader-v10-tuned-full/baylands_super_75_15_10_test_all
