stem,status,gt_count,pred_count,matches,best_iou,mean_iou,max_conf,image,pred_dir
parkinglot_east_v1_frame_000015_113500000000,matched,1,1,1,0.611811,0.611811,0.866342,/home/ruben/halmstad_ws/datasets/final/baylands_sam3_obb_super_75_15_10/images/test/parkinglot_east_v1_frame_000015_113500000000.jpg,/home/ruben/halmstad_ws/models/obb/experiments/sam3_hybrid_full/runs/predictions/baylands-leader-v5-1/baylands_sam3_obb_super_75_15_10_test_all
parkinglot_east_v1_frame_000016_117500000000,correct_empty,0,0,0,0.0,0.0,,/home/ruben/halmstad_ws/datasets/final/baylands_sam3_obb_super_75_15_10/images/test/parkinglot_east_v1_frame_000016_117500000000.jpg,/home/ruben/halmstad_ws/models/obb/experiments/sam3_hybrid_full/runs/predictions/baylands-leader-v5-1/baylands_sam3_obb_super_75_15_10_test_all
parkinglot_east_v2_frame_000000_168400000000,matched,1,1,1,0.80664,0.80664,0.740425,/home/ruben/halmstad_ws/datasets/final/baylands_sam3_obb_super_75_15_10/images/test/parkinglot_east_v2_frame_000000_168400000000.jpg,/home/ruben/halmstad_ws/models/obb/experiments/sam3_hybrid_full/runs/predictions/baylands-leader-v5-1/baylands_sam3_obb_super_75_15_10_test_all
parkinglot_east_v2_frame_000001_169400000000,matched,1,1,1,0.852222,0.852222,0.712376,/home/ruben/halmstad_ws/datasets/final/baylands_sam3_obb_super_75_15_10/images/test/parkinglot_east_v2_frame_000001_169400000000.jpg,/home/ruben/halmstad_ws/models/obb/experiments/sam3_hybrid_full/runs/predictions/baylands-leader-v5-1/baylands_sam3_obb_super_75_15_10_test_all
parkinglot_east_v2_frame_000002_170500000000,matched,1,1,1,0.646508,0.646508,0.787504,/home/ruben/halmstad_ws/datasets/final/baylands_sam3_obb_super_75_15_10/images/test/parkinglot_east_v2_frame_000002_170500000000.jpg,/home/ruben/halmstad_ws/models/obb/experiments/sam3_hybrid_full/runs/predictions/baylands-leader-v5-1/baylands_sam3_obb_super_75_15_10_test_all
parkinglot_east_v2_frame_000005_173500000000,matched,1,1,1,0.632541,0.632541,0.798685,/home/ruben/halmstad_ws/datasets/final/baylands_sam3_obb_super_75_15_10/images/test/parkinglot_east_v2_frame_000005_173500000000.jpg,/home/ruben/halmstad_ws/models/obb/experiments/sam3_hybrid_full/runs/predictions/baylands-leader-v5-1/baylands_sam3_obb_super_75_15_10_test_all
parkinglot_east_v2_frame_000007_175500000000,matched,1,1,1,0.665879,0.665879,0.872444,/home/ruben/halmstad_ws/datasets/final/baylands_sam3_obb_super_75_15_10/images/test/parkinglot_east_v2_frame_000007_175500000000.jpg,/home/ruben/halmstad_ws/models/obb/experiments/sam3_hybrid_full/runs/predictions/baylands-leader-v5-1/baylands_sam3_obb_super_75_15_10_test_all
parkinglot_east_v2_frame_000009_177500000000,matched,1,1,1,0.623353,0.623353,0.891486,/home/ruben/halmstad_ws/datasets/final/baylands_sam3_obb_super_75_15_10/images/test/parkinglot_east_v2_frame_000009_177500000000.jpg,/home/ruben/halmstad_ws/models/obb/experiments/sam3_hybrid_full/runs/predictions/baylands-leader-v5-1/baylands_sam3_obb_super_75_15_10_test_all
parkinglot_east_v2_frame_000010_178500000000,matched,1,1,1,0.580393,0.580393,0.887739,/home/ruben/halmstad_ws/datasets/final/baylands_sam3_obb_super_75_15_10/images/test/parkinglot_east_v2_frame_000010_178500000000.jpg,/home/ruben/halmstad_ws/models/obb/experiments/sam3_hybrid_full/runs/predictions/baylands-leader-v5-1/baylands_sam3_obb_super_75_15_10_test_all
parkinglot_east_v3_frame_000269_512600000000,matched,1,1,1,0.454362,0.454362,0.367921,/home/ruben/halmstad_ws/datasets/final/baylands_sam3_obb_super_75_15_10/images/test/parkinglot_east_v3_frame_000269_512600000000.jpg,/home/ruben/halmstad_ws/models/obb/experiments/sam3_hybrid_full/runs/predictions/baylands-leader-v5-1/baylands_sam3_obb_super_75_15_10_test_all
parkinglot_east_v3_frame_000270_513600000000,no_prediction,1,0,0,0.0,0.0,,/home/ruben/halmstad_ws/datasets/final/baylands_sam3_obb_super_75_15_10/images/test/parkinglot_east_v3_frame_000270_513600000000.jpg,/home/ruben/halmstad_ws/models/obb/experiments/sam3_hybrid_full/runs/predictions/baylands-leader-v5-1/baylands_sam3_obb_super_75_15_10_test_all
parkinglot_east_v3_frame_000272_515700000000,matched,1,1,1,0.671615,0.671615,0.392202,/home/ruben/halmstad_ws/datasets/final/baylands_sam3_obb_super_75_15_10/images/test/parkinglot_east_v3_frame_000272_515700000000.jpg,/home/ruben/halmstad_ws/models/obb/experiments/sam3_hybrid_full/runs/predictions/baylands-leader-v5-1/baylands_sam3_obb_super_75_15_10_test_all
parkinglot_east_v3_frame_000273_516700000000,matched,1,1,1,0.401592,0.401592,0.403642,/home/ruben/halmstad_ws/datasets/final/baylands_sam3_obb_super_75_15_10/images/test/parkinglot_east_v3_frame_000273_516700000000.jpg,/home/ruben/halmstad_ws/models/obb/experiments/sam3_hybrid_full/runs/predictions/baylands-leader-v5-1/baylands_sam3_obb_super_75_15_10_test_all
parkinglot_east_v3_frame_000274_517700000000,matched,1,1,1,0.440981,0.440981,0.636814,/home/ruben/halmstad_ws/datasets/final/baylands_sam3_obb_super_75_15_10/images/test/parkinglot_east_v3_frame_000274_517700000000.jpg,/home/ruben/halmstad_ws/models/obb/experiments/sam3_hybrid_full/runs/predictions/baylands-leader-v5-1/baylands_sam3_obb_super_75_15_10_test_all
parkinglot_east_v3_frame_000275_518700000000,matched,1,1,1,0.472164,0.472164,0.80045,/home/ruben/halmstad_ws/datasets/final/baylands_sam3_obb_super_75_15_10/images/test/parkinglot_east_v3_frame_000275_518700000000.jpg,/home/ruben/halmstad_ws/models/obb/experiments/sam3_hybrid_full/runs/predictions/baylands-leader-v5-1/baylands_sam3_obb_super_75_15_10_test_all
parkinglot_east_v3_frame_000276_519700000000,matched,1,1,1,0.499754,0.499754,0.772745,/home/ruben/halmstad_ws/datasets/final/baylands_sam3_obb_super_75_15_10/images/test/parkinglot_east_v3_frame_000276_519700000000.jpg,/home/ruben/halmstad_ws/models/obb/experiments/sam3_hybrid_full/runs/predictions/baylands-leader-v5-1/baylands_sam3_obb_super_75_15_10_test_all
parkinglot_east_v3_frame_000277_520700000000,matched,1,1,1,0.697925,0.697925,0.80381,/home/ruben/halmstad_ws/datasets/final/baylands_sam3_obb_super_75_15_10/images/test/parkinglot_east_v3_frame_000277_520700000000.jpg,/home/ruben/halmstad_ws/models/obb/experiments/sam3_hybrid_full/runs/predictions/baylands-leader-v5-1/baylands_sam3_obb_super_75_15_10_test_all
parkinglot_east_v3_frame_000278_521700000000,matched,1,1,1,0.467899,0.467899,0.771258,/home/ruben/halmstad_ws/datasets/final/baylands_sam3_obb_super_75_15_10/images/test/parkinglot_east_v3_frame_000278_521700000000.jpg,/home/ruben/halmstad_ws/models/obb/experiments/sam3_hybrid_full/runs/predictions/baylands-leader-v5-1/baylands_sam3_obb_super_75_15_10_test_all
parkinglot_east_v3_frame_000279_522700000000,matched,1,1,1,0.485954,0.485954,0.625782,/home/ruben/halmstad_ws/datasets/final/baylands_sam3_obb_super_75_15_10/images/test/parkinglot_east_v3_frame_000279_522700000000.jpg,/home/ruben/halmstad_ws/models/obb/experiments/sam3_hybrid_full/runs/predictions/baylands-leader-v5-1/baylands_sam3_obb_super_75_15_10_test_all
parkinglot_east_v3_frame_000280_523800000000,matched,1,1,1,0.487683,0.487683,0.648011,/home/ruben/halmstad_ws/datasets/final/baylands_sam3_obb_super_75_15_10/images/test/parkinglot_east_v3_frame_000280_523800000000.jpg,/home/ruben/halmstad_ws/models/obb/experiments/sam3_hybrid_full/runs/predictions/baylands-leader-v5-1/baylands_sam3_obb_super_75_15_10_test_all
parkinglot_east_v3_frame_000281_524800000000,matched,1,1,1,0.460621,0.460621,0.47916,/home/ruben/halmstad_ws/datasets/final/baylands_sam3_obb_super_75_15_10/images/test/parkinglot_east_v3_frame_000281_524800000000.jpg,/home/ruben/halmstad_ws/models/obb/experiments/sam3_hybrid_full/runs/predictions/baylands-leader-v5-1/baylands_sam3_obb_super_75_15_10_test_all
parkinglot_east_v3_frame_000282_525800000000,no_prediction,1,0,0,0.0,0.0,,/home/ruben/halmstad_ws/datasets/final/baylands_sam3_obb_super_75_15_10/images/test/parkinglot_east_v3_frame_000282_525800000000.jpg,/home/ruben/halmstad_ws/models/obb/experiments/sam3_hybrid_full/runs/predictions/baylands-leader-v5-1/baylands_sam3_obb_super_75_15_10_test_all
parkinglot_east_v3_frame_000283_526800000000,no_prediction,1,0,0,0.0,0.0,,/home/ruben/halmstad_ws/datasets/final/baylands_sam3_obb_super_75_15_10/images/test/parkinglot_east_v3_frame_000283_526800000000.jpg,/home/ruben/halmstad_ws/models/obb/experiments/sam3_hybrid_full/runs/predictions/baylands-leader-v5-1/baylands_sam3_obb_super_75_15_10_test_all
parkinglot_east_v3_frame_000284_527800000000,matched,1,1,1,0.536277,0.536277,0.272859,/home/ruben/halmstad_ws/datasets/final/baylands_sam3_obb_super_75_15_10/images/test/parkinglot_east_v3_frame_000284_527800000000.jpg,/home/ruben/halmstad_ws/models/obb/experiments/sam3_hybrid_full/runs/predictions/baylands-leader-v5-1/baylands_sam3_obb_super_75_15_10_test_all
parkinglot_east_v3_frame_000285_528800000000,matched,1,1,1,0.521294,0.521294,0.514193,/home/ruben/halmstad_ws/datasets/final/baylands_sam3_obb_super_75_15_10/images/test/parkinglot_east_v3_frame_000285_528800000000.jpg,/home/ruben/halmstad_ws/models/obb/experiments/sam3_hybrid_full/runs/predictions/baylands-leader-v5-1/baylands_sam3_obb_super_75_15_10_test_all
parkinglot_east_v3_frame_000286_529800000000,matched,1,1,1,0.536282,0.536282,0.864068,/home/ruben/halmstad_ws/datasets/final/baylands_sam3_obb_super_75_15_10/images/test/parkinglot_east_v3_frame_000286_529800000000.jpg,/home/ruben/halmstad_ws/models/obb/experiments/sam3_hybrid_full/runs/predictions/baylands-leader-v5-1/baylands_sam3_obb_super_75_15_10_test_all
parkinglot_east_v3_frame_000287_530800000000,multi_prediction,1,2,1,0.662245,0.662245,0.616934,/home/ruben/halmstad_ws/datasets/final/baylands_sam3_obb_super_75_15_10/images/test/parkinglot_east_v3_frame_000287_530800000000.jpg,/home/ruben/halmstad_ws/models/obb/experiments/sam3_hybrid_full/runs/predictions/baylands-leader-v5-1/baylands_sam3_obb_super_75_15_10_test_all
parkinglot_east_v3_frame_000288_531800000000,matched,1,1,1,0.496653,0.496653,0.916579,/home/ruben/halmstad_ws/datasets/final/baylands_sam3_obb_super_75_15_10/images/test/parkinglot_east_v3_frame_000288_531800000000.jpg,/home/ruben/halmstad_ws/models/obb/experiments/sam3_hybrid_full/runs/predictions/baylands-leader-v5-1/baylands_sam3_obb_super_75_15_10_test_all
parkinglot_east_v3_frame_000289_532800000000,matched,1,1,1,0.549673,0.549673,0.897526,/home/ruben/halmstad_ws/datasets/final/baylands_sam3_obb_super_75_15_10/images/test/parkinglot_east_v3_frame_000289_532800000000.jpg,/home/ruben/halmstad_ws/models/obb/experiments/sam3_hybrid_full/runs/predictions/baylands-leader-v5-1/baylands_sam3_obb_super_75_15_10_test_all
parkinglot_east_v3_frame_000290_533900000000,matched,1,1,1,0.558412,0.558412,0.869668,/home/ruben/halmstad_ws/datasets/final/baylands_sam3_obb_super_75_15_10/images/test/parkinglot_east_v3_frame_000290_533900000000.jpg,/home/ruben/halmstad_ws/models/obb/experiments/sam3_hybrid_full/runs/predictions/baylands-leader-v5-1/baylands_sam3_obb_super_75_15_10_test_all
parkinglot_east_v3_frame_000291_534900000000,matched,1,1,1,0.50481,0.50481,0.876059,/home/ruben/halmstad_ws/datasets/final/baylands_sam3_obb_super_75_15_10/images/test/parkinglot_east_v3_frame_000291_534900000000.jpg,/home/ruben/halmstad_ws/models/obb/experiments/sam3_hybrid_full/runs/predictions/baylands-leader-v5-1/baylands_sam3_obb_super_75_15_10_test_all
parkinglot_east_v3_frame_000293_536900000000,matched,1,1,1,0.47691,0.47691,0.270969,/home/ruben/halmstad_ws/datasets/final/baylands_sam3_obb_super_75_15_10/images/test/parkinglot_east_v3_frame_000293_536900000000.jpg,/home/ruben/halmstad_ws/models/obb/experiments/sam3_hybrid_full/runs/predictions/baylands-leader-v5-1/baylands_sam3_obb_super_75_15_10_test_all
parkinglot_east_v3_frame_000294_537900000000,matched,1,1,1,0.489513,0.489513,0.333873,/home/ruben/halmstad_ws/datasets/final/baylands_sam3_obb_super_75_15_10/images/test/parkinglot_east_v3_frame_000294_537900000000.jpg,/home/ruben/halmstad_ws/models/obb/experiments/sam3_hybrid_full/runs/predictions/baylands-leader-v5-1/baylands_sam3_obb_super_75_15_10_test_all
parkinglot_east_v3_frame_000295_538900000000,matched,1,1,1,0.484141,0.484141,0.464981,/home/ruben/halmstad_ws/datasets/final/baylands_sam3_obb_super_75_15_10/images/test/parkinglot_east_v3_frame_000295_538900000000.jpg,/home/ruben/halmstad_ws/models/obb/experiments/sam3_hybrid_full/runs/predictions/baylands-leader-v5-1/baylands_sam3_obb_super_75_15_10_test_all
parkinglot_east_v4_frame_000010_113700000000,correct_empty,0,0,0,0.0,0.0,,/home/ruben/halmstad_ws/datasets/final/baylands_sam3_obb_super_75_15_10/images/test/parkinglot_east_v4_frame_000010_113700000000.jpg,/home/ruben/halmstad_ws/models/obb/experiments/sam3_hybrid_full/runs/predictions/baylands-leader-v5-1/baylands_sam3_obb_super_75_15_10_test_all
parkinglot_east_v4_frame_000012_121700000000,matched,1,1,1,0.726094,0.726094,0.851446,/home/ruben/halmstad_ws/datasets/final/baylands_sam3_obb_super_75_15_10/images/test/parkinglot_east_v4_frame_000012_121700000000.jpg,/home/ruben/halmstad_ws/models/obb/experiments/sam3_hybrid_full/runs/predictions/baylands-leader-v5-1/baylands_sam3_obb_super_75_15_10_test_all
parkinglot_east_v4_frame_000013_125700000000,matched,1,1,1,0.495276,0.495276,0.661296,/home/ruben/halmstad_ws/datasets/final/baylands_sam3_obb_super_75_15_10/images/test/parkinglot_east_v4_frame_000013_125700000000.jpg,/home/ruben/halmstad_ws/models/obb/experiments/sam3_hybrid_full/runs/predictions/baylands-leader-v5-1/baylands_sam3_obb_super_75_15_10_test_all
parkinglot_east_v4_frame_000014_129700000000,correct_empty,0,0,0,0.0,0.0,,/home/ruben/halmstad_ws/datasets/final/baylands_sam3_obb_super_75_15_10/images/test/parkinglot_east_v4_frame_000014_129700000000.jpg,/home/ruben/halmstad_ws/models/obb/experiments/sam3_hybrid_full/runs/predictions/baylands-leader-v5-1/baylands_sam3_obb_super_75_15_10_test_all
parkinglot_east_v4_frame_000015_133700000000,matched,1,1,1,0.516571,0.516571,0.311984,/home/ruben/halmstad_ws/datasets/final/baylands_sam3_obb_super_75_15_10/images/test/parkinglot_east_v4_frame_000015_133700000000.jpg,/home/ruben/halmstad_ws/models/obb/experiments/sam3_hybrid_full/runs/predictions/baylands-leader-v5-1/baylands_sam3_obb_super_75_15_10_test_all
parkinglot_east_v4_frame_000016_137700000000,matched,1,1,1,0.526648,0.526648,0.313879,/home/ruben/halmstad_ws/datasets/final/baylands_sam3_obb_super_75_15_10/images/test/parkinglot_east_v4_frame_000016_137700000000.jpg,/home/ruben/halmstad_ws/models/obb/experiments/sam3_hybrid_full/runs/predictions/baylands-leader-v5-1/baylands_sam3_obb_super_75_15_10_test_all
parkinglot_east_v4_frame_000017_141800000000,matched,1,1,1,0.496059,0.496059,0.367045,/home/ruben/halmstad_ws/datasets/final/baylands_sam3_obb_super_75_15_10/images/test/parkinglot_east_v4_frame_000017_141800000000.jpg,/home/ruben/halmstad_ws/models/obb/experiments/sam3_hybrid_full/runs/predictions/baylands-leader-v5-1/baylands_sam3_obb_super_75_15_10_test_all
parkinglot_east_v4_frame_000018_145800000000,matched,1,1,1,0.568021,0.568021,0.350368,/home/ruben/halmstad_ws/datasets/final/baylands_sam3_obb_super_75_15_10/images/test/parkinglot_east_v4_frame_000018_145800000000.jpg,/home/ruben/halmstad_ws/models/obb/experiments/sam3_hybrid_full/runs/predictions/baylands-leader-v5-1/baylands_sam3_obb_super_75_15_10_test_all
parkinglot_east_v4_frame_000019_149800000000,correct_empty,0,0,0,0.0,0.0,,/home/ruben/halmstad_ws/datasets/final/baylands_sam3_obb_super_75_15_10/images/test/parkinglot_east_v4_frame_000019_149800000000.jpg,/home/ruben/halmstad_ws/models/obb/experiments/sam3_hybrid_full/runs/predictions/baylands-leader-v5-1/baylands_sam3_obb_super_75_15_10_test_all
parkinglot_east_v4_frame_000020_153800000000,correct_empty,0,0,0,0.0,0.0,,/home/ruben/halmstad_ws/datasets/final/baylands_sam3_obb_super_75_15_10/images/test/parkinglot_east_v4_frame_000020_153800000000.jpg,/home/ruben/halmstad_ws/models/obb/experiments/sam3_hybrid_full/runs/predictions/baylands-leader-v5-1/baylands_sam3_obb_super_75_15_10_test_all
parkinglot_east_v4_frame_000021_157800000000,matched,1,1,1,0.528124,0.528124,0.593267,/home/ruben/halmstad_ws/datasets/final/baylands_sam3_obb_super_75_15_10/images/test/parkinglot_east_v4_frame_000021_157800000000.jpg,/home/ruben/halmstad_ws/models/obb/experiments/sam3_hybrid_full/runs/predictions/baylands-leader-v5-1/baylands_sam3_obb_super_75_15_10_test_all
parkinglot_east_v4_frame_000022_161800000000,no_prediction,1,0,0,0.0,0.0,,/home/ruben/halmstad_ws/datasets/final/baylands_sam3_obb_super_75_15_10/images/test/parkinglot_east_v4_frame_000022_161800000000.jpg,/home/ruben/halmstad_ws/models/obb/experiments/sam3_hybrid_full/runs/predictions/baylands-leader-v5-1/baylands_sam3_obb_super_75_15_10_test_all
parkinglot_east_v4_frame_000023_165800000000,matched,1,1,1,0.5239,0.5239,0.674442,/home/ruben/halmstad_ws/datasets/final/baylands_sam3_obb_super_75_15_10/images/test/parkinglot_east_v4_frame_000023_165800000000.jpg,/home/ruben/halmstad_ws/models/obb/experiments/sam3_hybrid_full/runs/predictions/baylands-leader-v5-1/baylands_sam3_obb_super_75_15_10_test_all
parkinglot_east_v4_frame_000024_169800000000,matched,1,1,1,0.499089,0.499089,0.572197,/home/ruben/halmstad_ws/datasets/final/baylands_sam3_obb_super_75_15_10/images/test/parkinglot_east_v4_frame_000024_169800000000.jpg,/home/ruben/halmstad_ws/models/obb/experiments/sam3_hybrid_full/runs/predictions/baylands-leader-v5-1/baylands_sam3_obb_super_75_15_10_test_all
parkinglot_east_v4_frame_000025_173800000000,matched,1,1,1,0.513578,0.513578,0.684045,/home/ruben/halmstad_ws/datasets/final/baylands_sam3_obb_super_75_15_10/images/test/parkinglot_east_v4_frame_000025_173800000000.jpg,/home/ruben/halmstad_ws/models/obb/experiments/sam3_hybrid_full/runs/predictions/baylands-leader-v5-1/baylands_sam3_obb_super_75_15_10_test_all
parkinglot_east_v4_frame_000026_177900000000,matched,1,1,1,0.680227,0.680227,0.852001,/home/ruben/halmstad_ws/datasets/final/baylands_sam3_obb_super_75_15_10/images/test/parkinglot_east_v4_frame_000026_177900000000.jpg,/home/ruben/halmstad_ws/models/obb/experiments/sam3_hybrid_full/runs/predictions/baylands-leader-v5-1/baylands_sam3_obb_super_75_15_10_test_all
parkinglot_west_v1_frame_000144_224400000000,matched,1,1,1,0.555738,0.555738,0.60156,/home/ruben/halmstad_ws/datasets/final/baylands_sam3_obb_super_75_15_10/images/test/parkinglot_west_v1_frame_000144_224400000000.jpg,/home/ruben/halmstad_ws/models/obb/experiments/sam3_hybrid_full/runs/predictions/baylands-leader-v5-1/baylands_sam3_obb_super_75_15_10_test_all
parkinglot_west_v1_frame_000145_225400000000,matched,1,1,1,0.615084,0.615084,0.801089,/home/ruben/halmstad_ws/datasets/final/baylands_sam3_obb_super_75_15_10/images/test/parkinglot_west_v1_frame_000145_225400000000.jpg,/home/ruben/halmstad_ws/models/obb/experiments/sam3_hybrid_full/runs/predictions/baylands-leader-v5-1/baylands_sam3_obb_super_75_15_10_test_all
parkinglot_west_v1_frame_000149_229452000000,matched,1,1,1,0.372667,0.372667,0.560401,/home/ruben/halmstad_ws/datasets/final/baylands_sam3_obb_super_75_15_10/images/test/parkinglot_west_v1_frame_000149_229452000000.jpg,/home/ruben/halmstad_ws/models/obb/experiments/sam3_hybrid_full/runs/predictions/baylands-leader-v5-1/baylands_sam3_obb_super_75_15_10_test_all
parkinglot_west_v1_frame_000150_230500000000,multi_prediction,1,2,1,0.460669,0.460669,0.88416,/home/ruben/halmstad_ws/datasets/final/baylands_sam3_obb_super_75_15_10/images/test/parkinglot_west_v1_frame_000150_230500000000.jpg,/home/ruben/halmstad_ws/models/obb/experiments/sam3_hybrid_full/runs/predictions/baylands-leader-v5-1/baylands_sam3_obb_super_75_15_10_test_all
parkinglot_west_v1_frame_000159_239552000000,matched,1,1,1,0.490507,0.490507,0.300231,/home/ruben/halmstad_ws/datasets/final/baylands_sam3_obb_super_75_15_10/images/test/parkinglot_west_v1_frame_000159_239552000000.jpg,/home/ruben/halmstad_ws/models/obb/experiments/sam3_hybrid_full/runs/predictions/baylands-leader-v5-1/baylands_sam3_obb_super_75_15_10_test_all
parkinglot_west_v1_frame_000160_240552000000,no_prediction,1,0,0,0.0,0.0,,/home/ruben/halmstad_ws/datasets/final/baylands_sam3_obb_super_75_15_10/images/test/parkinglot_west_v1_frame_000160_240552000000.jpg,/home/ruben/halmstad_ws/models/obb/experiments/sam3_hybrid_full/runs/predictions/baylands-leader-v5-1/baylands_sam3_obb_super_75_15_10_test_all
parkinglot_west_v1_frame_000161_241552000000,matched,1,1,1,0.347291,0.347291,0.289154,/home/ruben/halmstad_ws/datasets/final/baylands_sam3_obb_super_75_15_10/images/test/parkinglot_west_v1_frame_000161_241552000000.jpg,/home/ruben/halmstad_ws/models/obb/experiments/sam3_hybrid_full/runs/predictions/baylands-leader-v5-1/baylands_sam3_obb_super_75_15_10_test_all
parkinglot_west_v1_frame_000209_292500000000,matched,1,1,1,0.465425,0.465425,0.580245,/home/ruben/halmstad_ws/datasets/final/baylands_sam3_obb_super_75_15_10/images/test/parkinglot_west_v1_frame_000209_292500000000.jpg,/home/ruben/halmstad_ws/models/obb/experiments/sam3_hybrid_full/runs/predictions/baylands-leader-v5-1/baylands_sam3_obb_super_75_15_10_test_all
parkinglot_west_v1_frame_000210_293500000000,matched,1,1,1,0.459718,0.459718,0.675624,/home/ruben/halmstad_ws/datasets/final/baylands_sam3_obb_super_75_15_10/images/test/parkinglot_west_v1_frame_000210_293500000000.jpg,/home/ruben/halmstad_ws/models/obb/experiments/sam3_hybrid_full/runs/predictions/baylands-leader-v5-1/baylands_sam3_obb_super_75_15_10_test_all
parkinglot_west_v1_frame_000212_295552000000,matched,1,1,1,0.592314,0.592314,0.712277,/home/ruben/halmstad_ws/datasets/final/baylands_sam3_obb_super_75_15_10/images/test/parkinglot_west_v1_frame_000212_295552000000.jpg,/home/ruben/halmstad_ws/models/obb/experiments/sam3_hybrid_full/runs/predictions/baylands-leader-v5-1/baylands_sam3_obb_super_75_15_10_test_all
parkinglot_west_v1_frame_000214_297600000000,matched,1,1,1,0.785587,0.785587,0.803282,/home/ruben/halmstad_ws/datasets/final/baylands_sam3_obb_super_75_15_10/images/test/parkinglot_west_v1_frame_000214_297600000000.jpg,/home/ruben/halmstad_ws/models/obb/experiments/sam3_hybrid_full/runs/predictions/baylands-leader-v5-1/baylands_sam3_obb_super_75_15_10_test_all
parkinglot_west_v1_frame_000215_298600000000,matched,1,1,1,0.580166,0.580166,0.574978,/home/ruben/halmstad_ws/datasets/final/baylands_sam3_obb_super_75_15_10/images/test/parkinglot_west_v1_frame_000215_298600000000.jpg,/home/ruben/halmstad_ws/models/obb/experiments/sam3_hybrid_full/runs/predictions/baylands-leader-v5-1/baylands_sam3_obb_super_75_15_10_test_all
parkinglot_west_v1_frame_000217_300600000000,multi_prediction,1,2,1,0.492804,0.492804,0.280876,/home/ruben/halmstad_ws/datasets/final/baylands_sam3_obb_super_75_15_10/images/test/parkinglot_west_v1_frame_000217_300600000000.jpg,/home/ruben/halmstad_ws/models/obb/experiments/sam3_hybrid_full/runs/predictions/baylands-leader-v5-1/baylands_sam3_obb_super_75_15_10_test_all
parkinglot_west_v1_frame_000219_302652000000,multi_prediction,1,2,1,0.476181,0.476181,0.290621,/home/ruben/halmstad_ws/datasets/final/baylands_sam3_obb_super_75_15_10/images/test/parkinglot_west_v1_frame_000219_302652000000.jpg,/home/ruben/halmstad_ws/models/obb/experiments/sam3_hybrid_full/runs/predictions/baylands-leader-v5-1/baylands_sam3_obb_super_75_15_10_test_all
parkinglot_west_v1_frame_000220_303652000000,no_prediction,1,0,0,0.0,0.0,,/home/ruben/halmstad_ws/datasets/final/baylands_sam3_obb_super_75_15_10/images/test/parkinglot_west_v1_frame_000220_303652000000.jpg,/home/ruben/halmstad_ws/models/obb/experiments/sam3_hybrid_full/runs/predictions/baylands-leader-v5-1/baylands_sam3_obb_super_75_15_10_test_all
parkinglot_west_v1_frame_000221_304652000000,matched,1,1,1,0.54122,0.54122,0.480332,/home/ruben/halmstad_ws/datasets/final/baylands_sam3_obb_super_75_15_10/images/test/parkinglot_west_v1_frame_000221_304652000000.jpg,/home/ruben/halmstad_ws/models/obb/experiments/sam3_hybrid_full/runs/predictions/baylands-leader-v5-1/baylands_sam3_obb_super_75_15_10_test_all
parkinglot_west_v1_frame_000225_308700000000,matched,1,1,1,0.580897,0.580897,0.431463,/home/ruben/halmstad_ws/datasets/final/baylands_sam3_obb_super_75_15_10/images/test/parkinglot_west_v1_frame_000225_308700000000.jpg,/home/ruben/halmstad_ws/models/obb/experiments/sam3_hybrid_full/runs/predictions/baylands-leader-v5-1/baylands_sam3_obb_super_75_15_10_test_all
parkinglot_west_v1_frame_000226_309752000000,matched,1,1,1,0.631655,0.631655,0.463897,/home/ruben/halmstad_ws/datasets/final/baylands_sam3_obb_super_75_15_10/images/test/parkinglot_west_v1_frame_000226_309752000000.jpg,/home/ruben/halmstad_ws/models/obb/experiments/sam3_hybrid_full/runs/predictions/baylands-leader-v5-1/baylands_sam3_obb_super_75_15_10_test_all
parkinglot_west_v2_frame_000139_228252000000,matched,1,1,1,0.463882,0.463882,0.754635,/home/ruben/halmstad_ws/datasets/final/baylands_sam3_obb_super_75_15_10/images/test/parkinglot_west_v2_frame_000139_228252000000.jpg,/home/ruben/halmstad_ws/models/obb/experiments/sam3_hybrid_full/runs/predictions/baylands-leader-v5-1/baylands_sam3_obb_super_75_15_10_test_all
parkinglot_west_v2_frame_000153_242352000000,matched,1,1,1,0.501642,0.501642,0.499166,/home/ruben/halmstad_ws/datasets/final/baylands_sam3_obb_super_75_15_10/images/test/parkinglot_west_v2_frame_000153_242352000000.jpg,/home/ruben/halmstad_ws/models/obb/experiments/sam3_hybrid_full/runs/predictions/baylands-leader-v5-1/baylands_sam3_obb_super_75_15_10_test_all
parkinglot_west_v2_frame_000154_243352000000,multi_prediction,1,2,1,0.461989,0.461989,0.824253,/home/ruben/halmstad_ws/datasets/final/baylands_sam3_obb_super_75_15_10/images/test/parkinglot_west_v2_frame_000154_243352000000.jpg,/home/ruben/halmstad_ws/models/obb/experiments/sam3_hybrid_full/runs/predictions/baylands-leader-v5-1/baylands_sam3_obb_super_75_15_10_test_all
parkinglot_west_v2_frame_000155_244352000000,matched,1,1,1,0.682833,0.682833,0.832387,/home/ruben/halmstad_ws/datasets/final/baylands_sam3_obb_super_75_15_10/images/test/parkinglot_west_v2_frame_000155_244352000000.jpg,/home/ruben/halmstad_ws/models/obb/experiments/sam3_hybrid_full/runs/predictions/baylands-leader-v5-1/baylands_sam3_obb_super_75_15_10_test_all
parkinglot_west_v3_frame_000138_229700000000,matched,1,1,1,0.606337,0.606337,0.713866,/home/ruben/halmstad_ws/datasets/final/baylands_sam3_obb_super_75_15_10/images/test/parkinglot_west_v3_frame_000138_229700000000.jpg,/home/ruben/halmstad_ws/models/obb/experiments/sam3_hybrid_full/runs/predictions/baylands-leader-v5-1/baylands_sam3_obb_super_75_15_10_test_all
parkinglot_west_v3_frame_000139_230700000000,matched,1,1,1,0.81495,0.81495,0.560512,/home/ruben/halmstad_ws/datasets/final/baylands_sam3_obb_super_75_15_10/images/test/parkinglot_west_v3_frame_000139_230700000000.jpg,/home/ruben/halmstad_ws/models/obb/experiments/sam3_hybrid_full/runs/predictions/baylands-leader-v5-1/baylands_sam3_obb_super_75_15_10_test_all
parkinglot_west_v3_frame_000140_231752000000,matched,1,1,1,0.597816,0.597816,0.614375,/home/ruben/halmstad_ws/datasets/final/baylands_sam3_obb_super_75_15_10/images/test/parkinglot_west_v3_frame_000140_231752000000.jpg,/home/ruben/halmstad_ws/models/obb/experiments/sam3_hybrid_full/runs/predictions/baylands-leader-v5-1/baylands_sam3_obb_super_75_15_10_test_all
parkinglot_west_v3_frame_000143_234800000000,matched,1,1,1,0.57082,0.57082,0.484091,/home/ruben/halmstad_ws/datasets/final/baylands_sam3_obb_super_75_15_10/images/test/parkinglot_west_v3_frame_000143_234800000000.jpg,/home/ruben/halmstad_ws/models/obb/experiments/sam3_hybrid_full/runs/predictions/baylands-leader-v5-1/baylands_sam3_obb_super_75_15_10_test_all
parkinglot_west_v3_frame_000145_236800000000,matched,1,1,1,0.773147,0.773147,0.309886,/home/ruben/halmstad_ws/datasets/final/baylands_sam3_obb_super_75_15_10/images/test/parkinglot_west_v3_frame_000145_236800000000.jpg,/home/ruben/halmstad_ws/models/obb/experiments/sam3_hybrid_full/runs/predictions/baylands-leader-v5-1/baylands_sam3_obb_super_75_15_10_test_all
parkinglot_west_v3_frame_000146_237800000000,matched,1,1,1,0.633317,0.633317,0.277267,/home/ruben/halmstad_ws/datasets/final/baylands_sam3_obb_super_75_15_10/images/test/parkinglot_west_v3_frame_000146_237800000000.jpg,/home/ruben/halmstad_ws/models/obb/experiments/sam3_hybrid_full/runs/predictions/baylands-leader-v5-1/baylands_sam3_obb_super_75_15_10_test_all
parkinglot_west_v3_frame_000147_238800000000,matched,1,1,1,0.541643,0.541643,0.390034,/home/ruben/halmstad_ws/datasets/final/baylands_sam3_obb_super_75_15_10/images/test/parkinglot_west_v3_frame_000147_238800000000.jpg,/home/ruben/halmstad_ws/models/obb/experiments/sam3_hybrid_full/runs/predictions/baylands-leader-v5-1/baylands_sam3_obb_super_75_15_10_test_all
parkinglot_west_v3_frame_000149_240800000000,matched,1,1,1,0.444354,0.444354,0.277517,/home/ruben/halmstad_ws/datasets/final/baylands_sam3_obb_super_75_15_10/images/test/parkinglot_west_v3_frame_000149_240800000000.jpg,/home/ruben/halmstad_ws/models/obb/experiments/sam3_hybrid_full/runs/predictions/baylands-leader-v5-1/baylands_sam3_obb_super_75_15_10_test_all
parkinglot_west_v3_frame_000150_241852000000,matched,1,1,1,0.502494,0.502494,0.377132,/home/ruben/halmstad_ws/datasets/final/baylands_sam3_obb_super_75_15_10/images/test/parkinglot_west_v3_frame_000150_241852000000.jpg,/home/ruben/halmstad_ws/models/obb/experiments/sam3_hybrid_full/runs/predictions/baylands-leader-v5-1/baylands_sam3_obb_super_75_15_10_test_all
parkinglot_west_v3_frame_000152_243852000000,no_prediction,1,0,0,0.0,0.0,,/home/ruben/halmstad_ws/datasets/final/baylands_sam3_obb_super_75_15_10/images/test/parkinglot_west_v3_frame_000152_243852000000.jpg,/home/ruben/halmstad_ws/models/obb/experiments/sam3_hybrid_full/runs/predictions/baylands-leader-v5-1/baylands_sam3_obb_super_75_15_10_test_all
parkinglot_west_v3_frame_000198_290200000000,matched,1,1,1,0.505071,0.505071,0.887201,/home/ruben/halmstad_ws/datasets/final/baylands_sam3_obb_super_75_15_10/images/test/parkinglot_west_v3_frame_000198_290200000000.jpg,/home/ruben/halmstad_ws/models/obb/experiments/sam3_hybrid_full/runs/predictions/baylands-leader-v5-1/baylands_sam3_obb_super_75_15_10_test_all
parkinglot_west_v3_frame_000199_291252000000,matched,1,1,1,0.531832,0.531832,0.852627,/home/ruben/halmstad_ws/datasets/final/baylands_sam3_obb_super_75_15_10/images/test/parkinglot_west_v3_frame_000199_291252000000.jpg,/home/ruben/halmstad_ws/models/obb/experiments/sam3_hybrid_full/runs/predictions/baylands-leader-v5-1/baylands_sam3_obb_super_75_15_10_test_all
parkinglot_west_v3_frame_000200_292200000000,matched,1,1,1,0.54596,0.54596,0.743747,/home/ruben/halmstad_ws/datasets/final/baylands_sam3_obb_super_75_15_10/images/test/parkinglot_west_v3_frame_000200_292200000000.jpg,/home/ruben/halmstad_ws/models/obb/experiments/sam3_hybrid_full/runs/predictions/baylands-leader-v5-1/baylands_sam3_obb_super_75_15_10_test_all
parkinglot_west_v3_frame_000202_294252000000,matched,1,1,1,0.56793,0.56793,0.434019,/home/ruben/halmstad_ws/datasets/final/baylands_sam3_obb_super_75_15_10/images/test/parkinglot_west_v3_frame_000202_294252000000.jpg,/home/ruben/halmstad_ws/models/obb/experiments/sam3_hybrid_full/runs/predictions/baylands-leader-v5-1/baylands_sam3_obb_super_75_15_10_test_all
parkinglot_west_v3_frame_000203_295252000000,matched,1,1,1,0.73371,0.73371,0.708253,/home/ruben/halmstad_ws/datasets/final/baylands_sam3_obb_super_75_15_10/images/test/parkinglot_west_v3_frame_000203_295252000000.jpg,/home/ruben/halmstad_ws/models/obb/experiments/sam3_hybrid_full/runs/predictions/baylands-leader-v5-1/baylands_sam3_obb_super_75_15_10_test_all
parkinglot_west_v3_frame_000205_297252000000,matched,1,1,1,0.561606,0.561606,0.560213,/home/ruben/halmstad_ws/datasets/final/baylands_sam3_obb_super_75_15_10/images/test/parkinglot_west_v3_frame_000205_297252000000.jpg,/home/ruben/halmstad_ws/models/obb/experiments/sam3_hybrid_full/runs/predictions/baylands-leader-v5-1/baylands_sam3_obb_super_75_15_10_test_all
parkinglot_west_v3_frame_000206_298252000000,matched,1,1,1,0.534894,0.534894,0.502619,/home/ruben/halmstad_ws/datasets/final/baylands_sam3_obb_super_75_15_10/images/test/parkinglot_west_v3_frame_000206_298252000000.jpg,/home/ruben/halmstad_ws/models/obb/experiments/sam3_hybrid_full/runs/predictions/baylands-leader-v5-1/baylands_sam3_obb_super_75_15_10_test_all
parkinglot_west_v3_frame_000208_300252000000,matched,1,1,1,0.769474,0.769474,0.815991,/home/ruben/halmstad_ws/datasets/final/baylands_sam3_obb_super_75_15_10/images/test/parkinglot_west_v3_frame_000208_300252000000.jpg,/home/ruben/halmstad_ws/models/obb/experiments/sam3_hybrid_full/runs/predictions/baylands-leader-v5-1/baylands_sam3_obb_super_75_15_10_test_all
parkinglot_west_v3_frame_000209_301300000000,matched,1,1,1,0.89205,0.89205,0.889274,/home/ruben/halmstad_ws/datasets/final/baylands_sam3_obb_super_75_15_10/images/test/parkinglot_west_v3_frame_000209_301300000000.jpg,/home/ruben/halmstad_ws/models/obb/experiments/sam3_hybrid_full/runs/predictions/baylands-leader-v5-1/baylands_sam3_obb_super_75_15_10_test_all
parkinglot_west_v3_frame_000210_302300000000,matched,1,1,1,0.534846,0.534846,0.914274,/home/ruben/halmstad_ws/datasets/final/baylands_sam3_obb_super_75_15_10/images/test/parkinglot_west_v3_frame_000210_302300000000.jpg,/home/ruben/halmstad_ws/models/obb/experiments/sam3_hybrid_full/runs/predictions/baylands-leader-v5-1/baylands_sam3_obb_super_75_15_10_test_all
parkinglot_west_v3_frame_000212_304352000000,matched,1,1,1,0.771501,0.771501,0.82522,/home/ruben/halmstad_ws/datasets/final/baylands_sam3_obb_super_75_15_10/images/test/parkinglot_west_v3_frame_000212_304352000000.jpg,/home/ruben/halmstad_ws/models/obb/experiments/sam3_hybrid_full/runs/predictions/baylands-leader-v5-1/baylands_sam3_obb_super_75_15_10_test_all
parkinglot_west_v3_frame_000214_306352000000,matched,1,1,1,0.536125,0.536125,0.61527,/home/ruben/halmstad_ws/datasets/final/baylands_sam3_obb_super_75_15_10/images/test/parkinglot_west_v3_frame_000214_306352000000.jpg,/home/ruben/halmstad_ws/models/obb/experiments/sam3_hybrid_full/runs/predictions/baylands-leader-v5-1/baylands_sam3_obb_super_75_15_10_test_all
parkinglot_west_v5_frame_000027_225900000000,correct_empty,0,0,0,0.0,0.0,,/home/ruben/halmstad_ws/datasets/final/baylands_sam3_obb_super_75_15_10/images/test/parkinglot_west_v5_frame_000027_225900000000.jpg,/home/ruben/halmstad_ws/models/obb/experiments/sam3_hybrid_full/runs/predictions/baylands-leader-v5-1/baylands_sam3_obb_super_75_15_10_test_all
parkinglot_west_v5_frame_000029_233900000000,matched,1,1,1,0.454546,0.454546,0.704943,/home/ruben/halmstad_ws/datasets/final/baylands_sam3_obb_super_75_15_10/images/test/parkinglot_west_v5_frame_000029_233900000000.jpg,/home/ruben/halmstad_ws/models/obb/experiments/sam3_hybrid_full/runs/predictions/baylands-leader-v5-1/baylands_sam3_obb_super_75_15_10_test_all
parkinglot_west_v5_frame_000030_237900000000,correct_empty,0,0,0,0.0,0.0,,/home/ruben/halmstad_ws/datasets/final/baylands_sam3_obb_super_75_15_10/images/test/parkinglot_west_v5_frame_000030_237900000000.jpg,/home/ruben/halmstad_ws/models/obb/experiments/sam3_hybrid_full/runs/predictions/baylands-leader-v5-1/baylands_sam3_obb_super_75_15_10_test_all
parkinglot_west_v5_frame_000031_241900000000,correct_empty,0,0,0,0.0,0.0,,/home/ruben/halmstad_ws/datasets/final/baylands_sam3_obb_super_75_15_10/images/test/parkinglot_west_v5_frame_000031_241900000000.jpg,/home/ruben/halmstad_ws/models/obb/experiments/sam3_hybrid_full/runs/predictions/baylands-leader-v5-1/baylands_sam3_obb_super_75_15_10_test_all
parkinglot_west_v5_frame_000044_294100000000,correct_empty,0,0,0,0.0,0.0,,/home/ruben/halmstad_ws/datasets/final/baylands_sam3_obb_super_75_15_10/images/test/parkinglot_west_v5_frame_000044_294100000000.jpg,/home/ruben/halmstad_ws/models/obb/experiments/sam3_hybrid_full/runs/predictions/baylands-leader-v5-1/baylands_sam3_obb_super_75_15_10_test_all
parkinglot_west_v5_frame_000046_302100000000,correct_empty,0,0,0,0.0,0.0,,/home/ruben/halmstad_ws/datasets/final/baylands_sam3_obb_super_75_15_10/images/test/parkinglot_west_v5_frame_000046_302100000000.jpg,/home/ruben/halmstad_ws/models/obb/experiments/sam3_hybrid_full/runs/predictions/baylands-leader-v5-1/baylands_sam3_obb_super_75_15_10_test_all
road_to_east_v1_frame_000159_234300000000,matched,1,1,1,0.544224,0.544224,0.348473,/home/ruben/halmstad_ws/datasets/final/baylands_sam3_obb_super_75_15_10/images/test/road_to_east_v1_frame_000159_234300000000.jpg,/home/ruben/halmstad_ws/models/obb/experiments/sam3_hybrid_full/runs/predictions/baylands-leader-v5-1/baylands_sam3_obb_super_75_15_10_test_all
road_to_east_v1_frame_000160_235300000000,matched,1,1,1,0.644474,0.644474,0.289121,/home/ruben/halmstad_ws/datasets/final/baylands_sam3_obb_super_75_15_10/images/test/road_to_east_v1_frame_000160_235300000000.jpg,/home/ruben/halmstad_ws/models/obb/experiments/sam3_hybrid_full/runs/predictions/baylands-leader-v5-1/baylands_sam3_obb_super_75_15_10_test_all
road_to_east_v1_frame_000161_236300000000,no_prediction,1,0,0,0.0,0.0,,/home/ruben/halmstad_ws/datasets/final/baylands_sam3_obb_super_75_15_10/images/test/road_to_east_v1_frame_000161_236300000000.jpg,/home/ruben/halmstad_ws/models/obb/experiments/sam3_hybrid_full/runs/predictions/baylands-leader-v5-1/baylands_sam3_obb_super_75_15_10_test_all
road_to_east_v1_frame_000169_244352000000,no_prediction,1,0,0,0.0,0.0,,/home/ruben/halmstad_ws/datasets/final/baylands_sam3_obb_super_75_15_10/images/test/road_to_east_v1_frame_000169_244352000000.jpg,/home/ruben/halmstad_ws/models/obb/experiments/sam3_hybrid_full/runs/predictions/baylands-leader-v5-1/baylands_sam3_obb_super_75_15_10_test_all
road_to_east_v1_frame_000170_245352000000,no_prediction,1,0,0,0.0,0.0,,/home/ruben/halmstad_ws/datasets/final/baylands_sam3_obb_super_75_15_10/images/test/road_to_east_v1_frame_000170_245352000000.jpg,/home/ruben/halmstad_ws/models/obb/experiments/sam3_hybrid_full/runs/predictions/baylands-leader-v5-1/baylands_sam3_obb_super_75_15_10_test_all
road_to_east_v1_frame_000172_247400000000,matched,1,1,1,0.514012,0.514012,0.507438,/home/ruben/halmstad_ws/datasets/final/baylands_sam3_obb_super_75_15_10/images/test/road_to_east_v1_frame_000172_247400000000.jpg,/home/ruben/halmstad_ws/models/obb/experiments/sam3_hybrid_full/runs/predictions/baylands-leader-v5-1/baylands_sam3_obb_super_75_15_10_test_all
road_to_east_v1_frame_000209_284752000000,matched,1,1,1,0.800968,0.800968,0.59808,/home/ruben/halmstad_ws/datasets/final/baylands_sam3_obb_super_75_15_10/images/test/road_to_east_v1_frame_000209_284752000000.jpg,/home/ruben/halmstad_ws/models/obb/experiments/sam3_hybrid_full/runs/predictions/baylands-leader-v5-1/baylands_sam3_obb_super_75_15_10_test_all
road_to_east_v1_frame_000215_291100000000,matched,1,1,1,0.596609,0.596609,0.653214,/home/ruben/halmstad_ws/datasets/final/baylands_sam3_obb_super_75_15_10/images/test/road_to_east_v1_frame_000215_291100000000.jpg,/home/ruben/halmstad_ws/models/obb/experiments/sam3_hybrid_full/runs/predictions/baylands-leader-v5-1/baylands_sam3_obb_super_75_15_10_test_all
road_to_east_v1_frame_000216_292100000000,matched,1,1,1,0.555203,0.555203,0.422054,/home/ruben/halmstad_ws/datasets/final/baylands_sam3_obb_super_75_15_10/images/test/road_to_east_v1_frame_000216_292100000000.jpg,/home/ruben/halmstad_ws/models/obb/experiments/sam3_hybrid_full/runs/predictions/baylands-leader-v5-1/baylands_sam3_obb_super_75_15_10_test_all
road_to_east_v1_frame_000217_293100000000,matched,1,1,1,0.5658,0.5658,0.631723,/home/ruben/halmstad_ws/datasets/final/baylands_sam3_obb_super_75_15_10/images/test/road_to_east_v1_frame_000217_293100000000.jpg,/home/ruben/halmstad_ws/models/obb/experiments/sam3_hybrid_full/runs/predictions/baylands-leader-v5-1/baylands_sam3_obb_super_75_15_10_test_all
road_to_east_v1_frame_000219_295100000000,matched,1,1,1,0.602483,0.602483,0.513308,/home/ruben/halmstad_ws/datasets/final/baylands_sam3_obb_super_75_15_10/images/test/road_to_east_v1_frame_000219_295100000000.jpg,/home/ruben/halmstad_ws/models/obb/experiments/sam3_hybrid_full/runs/predictions/baylands-leader-v5-1/baylands_sam3_obb_super_75_15_10_test_all
road_to_east_v1_frame_000224_300152000000,matched,1,1,1,0.429599,0.429599,0.802708,/home/ruben/halmstad_ws/datasets/final/baylands_sam3_obb_super_75_15_10/images/test/road_to_east_v1_frame_000224_300152000000.jpg,/home/ruben/halmstad_ws/models/obb/experiments/sam3_hybrid_full/runs/predictions/baylands-leader-v5-1/baylands_sam3_obb_super_75_15_10_test_all
road_to_east_v1_frame_000225_301152000000,matched,1,1,1,0.406785,0.406785,0.604863,/home/ruben/halmstad_ws/datasets/final/baylands_sam3_obb_super_75_15_10/images/test/road_to_east_v1_frame_000225_301152000000.jpg,/home/ruben/halmstad_ws/models/obb/experiments/sam3_hybrid_full/runs/predictions/baylands-leader-v5-1/baylands_sam3_obb_super_75_15_10_test_all
road_to_east_v1_frame_000232_308200000000,no_prediction,1,0,0,0.0,0.0,,/home/ruben/halmstad_ws/datasets/final/baylands_sam3_obb_super_75_15_10/images/test/road_to_east_v1_frame_000232_308200000000.jpg,/home/ruben/halmstad_ws/models/obb/experiments/sam3_hybrid_full/runs/predictions/baylands-leader-v5-1/baylands_sam3_obb_super_75_15_10_test_all
road_to_east_v1_frame_000233_309200000000,matched,1,1,1,0.493925,0.493925,0.295402,/home/ruben/halmstad_ws/datasets/final/baylands_sam3_obb_super_75_15_10/images/test/road_to_east_v1_frame_000233_309200000000.jpg,/home/ruben/halmstad_ws/models/obb/experiments/sam3_hybrid_full/runs/predictions/baylands-leader-v5-1/baylands_sam3_obb_super_75_15_10_test_all
road_to_east_v1_frame_000239_315252000000,matched,1,1,1,0.257434,0.257434,0.250403,/home/ruben/halmstad_ws/datasets/final/baylands_sam3_obb_super_75_15_10/images/test/road_to_east_v1_frame_000239_315252000000.jpg,/home/ruben/halmstad_ws/models/obb/experiments/sam3_hybrid_full/runs/predictions/baylands-leader-v5-1/baylands_sam3_obb_super_75_15_10_test_all
road_to_east_v2_frame_000118_236352000000,matched,1,1,1,0.469557,0.469557,0.815319,/home/ruben/halmstad_ws/datasets/final/baylands_sam3_obb_super_75_15_10/images/test/road_to_east_v2_frame_000118_236352000000.jpg,/home/ruben/halmstad_ws/models/obb/experiments/sam3_hybrid_full/runs/predictions/baylands-leader-v5-1/baylands_sam3_obb_super_75_15_10_test_all
road_to_east_v2_frame_000119_237400000000,matched,1,1,1,0.459142,0.459142,0.869586,/home/ruben/halmstad_ws/datasets/final/baylands_sam3_obb_super_75_15_10/images/test/road_to_east_v2_frame_000119_237400000000.jpg,/home/ruben/halmstad_ws/models/obb/experiments/sam3_hybrid_full/runs/predictions/baylands-leader-v5-1/baylands_sam3_obb_super_75_15_10_test_all
road_to_east_v2_frame_000120_238400000000,matched,1,1,1,0.633664,0.633664,0.687138,/home/ruben/halmstad_ws/datasets/final/baylands_sam3_obb_super_75_15_10/images/test/road_to_east_v2_frame_000120_238400000000.jpg,/home/ruben/halmstad_ws/models/obb/experiments/sam3_hybrid_full/runs/predictions/baylands-leader-v5-1/baylands_sam3_obb_super_75_15_10_test_all
road_to_east_v2_frame_000122_240400000000,matched,1,1,1,0.52137,0.52137,0.873863,/home/ruben/halmstad_ws/datasets/final/baylands_sam3_obb_super_75_15_10/images/test/road_to_east_v2_frame_000122_240400000000.jpg,/home/ruben/halmstad_ws/models/obb/experiments/sam3_hybrid_full/runs/predictions/baylands-leader-v5-1/baylands_sam3_obb_super_75_15_10_test_all
road_to_east_v2_frame_000123_241400000000,matched,1,1,1,0.592611,0.592611,0.873379,/home/ruben/halmstad_ws/datasets/final/baylands_sam3_obb_super_75_15_10/images/test/road_to_east_v2_frame_000123_241400000000.jpg,/home/ruben/halmstad_ws/models/obb/experiments/sam3_hybrid_full/runs/predictions/baylands-leader-v5-1/baylands_sam3_obb_super_75_15_10_test_all
road_to_east_v2_frame_000124_242400000000,matched,1,1,1,0.474325,0.474325,0.876925,/home/ruben/halmstad_ws/datasets/final/baylands_sam3_obb_super_75_15_10/images/test/road_to_east_v2_frame_000124_242400000000.jpg,/home/ruben/halmstad_ws/models/obb/experiments/sam3_hybrid_full/runs/predictions/baylands-leader-v5-1/baylands_sam3_obb_super_75_15_10_test_all
road_to_east_v2_frame_000125_243400000000,matched,1,1,1,0.531167,0.531167,0.793637,/home/ruben/halmstad_ws/datasets/final/baylands_sam3_obb_super_75_15_10/images/test/road_to_east_v2_frame_000125_243400000000.jpg,/home/ruben/halmstad_ws/models/obb/experiments/sam3_hybrid_full/runs/predictions/baylands-leader-v5-1/baylands_sam3_obb_super_75_15_10_test_all
road_to_east_v2_frame_000129_248000000000,matched,1,1,1,0.627461,0.627461,0.791588,/home/ruben/halmstad_ws/datasets/final/baylands_sam3_obb_super_75_15_10/images/test/road_to_east_v2_frame_000129_248000000000.jpg,/home/ruben/halmstad_ws/models/obb/experiments/sam3_hybrid_full/runs/predictions/baylands-leader-v5-1/baylands_sam3_obb_super_75_15_10_test_all
road_to_east_v2_frame_000165_289052000000,matched,1,1,1,0.575224,0.575224,0.368934,/home/ruben/halmstad_ws/datasets/final/baylands_sam3_obb_super_75_15_10/images/test/road_to_east_v2_frame_000165_289052000000.jpg,/home/ruben/halmstad_ws/models/obb/experiments/sam3_hybrid_full/runs/predictions/baylands-leader-v5-1/baylands_sam3_obb_super_75_15_10_test_all
road_to_east_v2_frame_000171_295100000000,correct_empty,0,0,0,0.0,0.0,,/home/ruben/halmstad_ws/datasets/final/baylands_sam3_obb_super_75_15_10/images/test/road_to_east_v2_frame_000171_295100000000.jpg,/home/ruben/halmstad_ws/models/obb/experiments/sam3_hybrid_full/runs/predictions/baylands-leader-v5-1/baylands_sam3_obb_super_75_15_10_test_all
road_to_east_v2_frame_000175_301652000000,correct_empty,0,0,0,0.0,0.0,,/home/ruben/halmstad_ws/datasets/final/baylands_sam3_obb_super_75_15_10/images/test/road_to_east_v2_frame_000175_301652000000.jpg,/home/ruben/halmstad_ws/models/obb/experiments/sam3_hybrid_full/runs/predictions/baylands-leader-v5-1/baylands_sam3_obb_super_75_15_10_test_all
road_to_east_v2_frame_000179_305752000000,matched,1,1,1,0.49855,0.49855,0.865297,/home/ruben/halmstad_ws/datasets/final/baylands_sam3_obb_super_75_15_10/images/test/road_to_east_v2_frame_000179_305752000000.jpg,/home/ruben/halmstad_ws/models/obb/experiments/sam3_hybrid_full/runs/predictions/baylands-leader-v5-1/baylands_sam3_obb_super_75_15_10_test_all
road_to_east_v2_frame_000183_310200000000,correct_empty,0,0,0,0.0,0.0,,/home/ruben/halmstad_ws/datasets/final/baylands_sam3_obb_super_75_15_10/images/test/road_to_east_v2_frame_000183_310200000000.jpg,/home/ruben/halmstad_ws/models/obb/experiments/sam3_hybrid_full/runs/predictions/baylands-leader-v5-1/baylands_sam3_obb_super_75_15_10_test_all
road_to_east_v2_frame_000185_312252000000,no_prediction,1,0,0,0.0,0.0,,/home/ruben/halmstad_ws/datasets/final/baylands_sam3_obb_super_75_15_10/images/test/road_to_east_v2_frame_000185_312252000000.jpg,/home/ruben/halmstad_ws/models/obb/experiments/sam3_hybrid_full/runs/predictions/baylands-leader-v5-1/baylands_sam3_obb_super_75_15_10_test_all
road_to_east_v2_frame_000187_314252000000,no_prediction,1,0,0,0.0,0.0,,/home/ruben/halmstad_ws/datasets/final/baylands_sam3_obb_super_75_15_10/images/test/road_to_east_v2_frame_000187_314252000000.jpg,/home/ruben/halmstad_ws/models/obb/experiments/sam3_hybrid_full/runs/predictions/baylands-leader-v5-1/baylands_sam3_obb_super_75_15_10_test_all
road_to_east_v4_frame_000025_234400000000,matched,1,1,1,0.466412,0.466412,0.835759,/home/ruben/halmstad_ws/datasets/final/baylands_sam3_obb_super_75_15_10/images/test/road_to_east_v4_frame_000025_234400000000.jpg,/home/ruben/halmstad_ws/models/obb/experiments/sam3_hybrid_full/runs/predictions/baylands-leader-v5-1/baylands_sam3_obb_super_75_15_10_test_all
road_to_east_v4_frame_000026_238500000000,matched,1,1,1,0.524657,0.524657,0.613458,/home/ruben/halmstad_ws/datasets/final/baylands_sam3_obb_super_75_15_10/images/test/road_to_east_v4_frame_000026_238500000000.jpg,/home/ruben/halmstad_ws/models/obb/experiments/sam3_hybrid_full/runs/predictions/baylands-leader-v5-1/baylands_sam3_obb_super_75_15_10_test_all
road_to_east_v4_frame_000027_242500000000,correct_empty,0,0,0,0.0,0.0,,/home/ruben/halmstad_ws/datasets/final/baylands_sam3_obb_super_75_15_10/images/test/road_to_east_v4_frame_000027_242500000000.jpg,/home/ruben/halmstad_ws/models/obb/experiments/sam3_hybrid_full/runs/predictions/baylands-leader-v5-1/baylands_sam3_obb_super_75_15_10_test_all
road_to_east_v4_frame_000028_246500000000,matched,1,1,1,0.40025,0.40025,0.862783,/home/ruben/halmstad_ws/datasets/final/baylands_sam3_obb_super_75_15_10/images/test/road_to_east_v4_frame_000028_246500000000.jpg,/home/ruben/halmstad_ws/models/obb/experiments/sam3_hybrid_full/runs/predictions/baylands-leader-v5-1/baylands_sam3_obb_super_75_15_10_test_all
road_to_east_v4_frame_000029_250500000000,matched,1,1,1,0.592399,0.592399,0.391479,/home/ruben/halmstad_ws/datasets/final/baylands_sam3_obb_super_75_15_10/images/test/road_to_east_v4_frame_000029_250500000000.jpg,/home/ruben/halmstad_ws/models/obb/experiments/sam3_hybrid_full/runs/predictions/baylands-leader-v5-1/baylands_sam3_obb_super_75_15_10_test_all
road_to_east_v4_frame_000038_286600000000,matched,1,1,1,0.585446,0.585446,0.519316,/home/ruben/halmstad_ws/datasets/final/baylands_sam3_obb_super_75_15_10/images/test/road_to_east_v4_frame_000038_286600000000.jpg,/home/ruben/halmstad_ws/models/obb/experiments/sam3_hybrid_full/runs/predictions/baylands-leader-v5-1/baylands_sam3_obb_super_75_15_10_test_all
road_to_east_v4_frame_000039_290600000000,matched,1,1,1,0.578434,0.578434,0.513988,/home/ruben/halmstad_ws/datasets/final/baylands_sam3_obb_super_75_15_10/images/test/road_to_east_v4_frame_000039_290600000000.jpg,/home/ruben/halmstad_ws/models/obb/experiments/sam3_hybrid_full/runs/predictions/baylands-leader-v5-1/baylands_sam3_obb_super_75_15_10_test_all
road_to_east_v5_frame_000135_237752000000,matched,1,1,1,0.491825,0.491825,0.355721,/home/ruben/halmstad_ws/datasets/final/baylands_sam3_obb_super_75_15_10/images/test/road_to_east_v5_frame_000135_237752000000.jpg,/home/ruben/halmstad_ws/models/obb/experiments/sam3_hybrid_full/runs/predictions/baylands-leader-v5-1/baylands_sam3_obb_super_75_15_10_test_all
road_to_east_v5_frame_000136_238752000000,matched,1,1,1,0.502044,0.502044,0.801556,/home/ruben/halmstad_ws/datasets/final/baylands_sam3_obb_super_75_15_10/images/test/road_to_east_v5_frame_000136_238752000000.jpg,/home/ruben/halmstad_ws/models/obb/experiments/sam3_hybrid_full/runs/predictions/baylands-leader-v5-1/baylands_sam3_obb_super_75_15_10_test_all
road_to_east_v5_frame_000137_239752000000,matched,1,1,1,0.490088,0.490088,0.882496,/home/ruben/halmstad_ws/datasets/final/baylands_sam3_obb_super_75_15_10/images/test/road_to_east_v5_frame_000137_239752000000.jpg,/home/ruben/halmstad_ws/models/obb/experiments/sam3_hybrid_full/runs/predictions/baylands-leader-v5-1/baylands_sam3_obb_super_75_15_10_test_all
road_to_east_v5_frame_000138_240752000000,matched,1,1,1,0.714393,0.714393,0.786964,/home/ruben/halmstad_ws/datasets/final/baylands_sam3_obb_super_75_15_10/images/test/road_to_east_v5_frame_000138_240752000000.jpg,/home/ruben/halmstad_ws/models/obb/experiments/sam3_hybrid_full/runs/predictions/baylands-leader-v5-1/baylands_sam3_obb_super_75_15_10_test_all
road_to_east_v5_frame_000144_246800000000,matched,1,1,1,0.595908,0.595908,0.741097,/home/ruben/halmstad_ws/datasets/final/baylands_sam3_obb_super_75_15_10/images/test/road_to_east_v5_frame_000144_246800000000.jpg,/home/ruben/halmstad_ws/models/obb/experiments/sam3_hybrid_full/runs/predictions/baylands-leader-v5-1/baylands_sam3_obb_super_75_15_10_test_all
road_to_east_v5_frame_000146_248800000000,matched,1,1,1,0.652209,0.652209,0.642824,/home/ruben/halmstad_ws/datasets/final/baylands_sam3_obb_super_75_15_10/images/test/road_to_east_v5_frame_000146_248800000000.jpg,/home/ruben/halmstad_ws/models/obb/experiments/sam3_hybrid_full/runs/predictions/baylands-leader-v5-1/baylands_sam3_obb_super_75_15_10_test_all
road_to_east_v5_frame_000179_286800000000,matched,1,1,1,0.442085,0.442085,0.806217,/home/ruben/halmstad_ws/datasets/final/baylands_sam3_obb_super_75_15_10/images/test/road_to_east_v5_frame_000179_286800000000.jpg,/home/ruben/halmstad_ws/models/obb/experiments/sam3_hybrid_full/runs/predictions/baylands-leader-v5-1/baylands_sam3_obb_super_75_15_10_test_all
road_to_east_v5_frame_000180_287800000000,matched,1,1,1,0.299974,0.299974,0.27323,/home/ruben/halmstad_ws/datasets/final/baylands_sam3_obb_super_75_15_10/images/test/road_to_east_v5_frame_000180_287800000000.jpg,/home/ruben/halmstad_ws/models/obb/experiments/sam3_hybrid_full/runs/predictions/baylands-leader-v5-1/baylands_sam3_obb_super_75_15_10_test_all
road_to_east_v5_frame_000190_297952000000,matched,1,1,1,0.748883,0.748883,0.837913,/home/ruben/halmstad_ws/datasets/final/baylands_sam3_obb_super_75_15_10/images/test/road_to_east_v5_frame_000190_297952000000.jpg,/home/ruben/halmstad_ws/models/obb/experiments/sam3_hybrid_full/runs/predictions/baylands-leader-v5-1/baylands_sam3_obb_super_75_15_10_test_all
road_to_east_v5_frame_000191_298952000000,matched,1,1,1,0.637377,0.637377,0.606171,/home/ruben/halmstad_ws/datasets/final/baylands_sam3_obb_super_75_15_10/images/test/road_to_east_v5_frame_000191_298952000000.jpg,/home/ruben/halmstad_ws/models/obb/experiments/sam3_hybrid_full/runs/predictions/baylands-leader-v5-1/baylands_sam3_obb_super_75_15_10_test_all
road_to_east_v5_frame_000199_311400000000,matched,1,1,1,0.637548,0.637548,0.858739,/home/ruben/halmstad_ws/datasets/final/baylands_sam3_obb_super_75_15_10/images/test/road_to_east_v5_frame_000199_311400000000.jpg,/home/ruben/halmstad_ws/models/obb/experiments/sam3_hybrid_full/runs/predictions/baylands-leader-v5-1/baylands_sam3_obb_super_75_15_10_test_all
road_to_east_v5_frame_000201_314552000000,multi_prediction,1,2,1,0.644163,0.644163,0.261129,/home/ruben/halmstad_ws/datasets/final/baylands_sam3_obb_super_75_15_10/images/test/road_to_east_v5_frame_000201_314552000000.jpg,/home/ruben/halmstad_ws/models/obb/experiments/sam3_hybrid_full/runs/predictions/baylands-leader-v5-1/baylands_sam3_obb_super_75_15_10_test_all
road_to_spawn_v1_frame_000114_195300000000,matched,1,1,1,0.603512,0.603512,0.68416,/home/ruben/halmstad_ws/datasets/final/baylands_sam3_obb_super_75_15_10/images/test/road_to_spawn_v1_frame_000114_195300000000.jpg,/home/ruben/halmstad_ws/models/obb/experiments/sam3_hybrid_full/runs/predictions/baylands-leader-v5-1/baylands_sam3_obb_super_75_15_10_test_all
road_to_spawn_v1_frame_000118_199300000000,matched,1,1,1,0.676502,0.676502,0.792082,/home/ruben/halmstad_ws/datasets/final/baylands_sam3_obb_super_75_15_10/images/test/road_to_spawn_v1_frame_000118_199300000000.jpg,/home/ruben/halmstad_ws/models/obb/experiments/sam3_hybrid_full/runs/predictions/baylands-leader-v5-1/baylands_sam3_obb_super_75_15_10_test_all
road_to_spawn_v1_frame_000119_200300000000,matched,1,1,1,0.484599,0.484599,0.828803,/home/ruben/halmstad_ws/datasets/final/baylands_sam3_obb_super_75_15_10/images/test/road_to_spawn_v1_frame_000119_200300000000.jpg,/home/ruben/halmstad_ws/models/obb/experiments/sam3_hybrid_full/runs/predictions/baylands-leader-v5-1/baylands_sam3_obb_super_75_15_10_test_all
road_to_spawn_v1_frame_000120_201300000000,matched,1,1,1,0.942664,0.942664,0.869129,/home/ruben/halmstad_ws/datasets/final/baylands_sam3_obb_super_75_15_10/images/test/road_to_spawn_v1_frame_000120_201300000000.jpg,/home/ruben/halmstad_ws/models/obb/experiments/sam3_hybrid_full/runs/predictions/baylands-leader-v5-1/baylands_sam3_obb_super_75_15_10_test_all
road_to_spawn_v1_frame_000122_203352000000,matched,1,1,1,0.697351,0.697351,0.785511,/home/ruben/halmstad_ws/datasets/final/baylands_sam3_obb_super_75_15_10/images/test/road_to_spawn_v1_frame_000122_203352000000.jpg,/home/ruben/halmstad_ws/models/obb/experiments/sam3_hybrid_full/runs/predictions/baylands-leader-v5-1/baylands_sam3_obb_super_75_15_10_test_all
road_to_spawn_v2_frame_000020_198100000000,matched,1,1,1,0.573964,0.573964,0.786703,/home/ruben/halmstad_ws/datasets/final/baylands_sam3_obb_super_75_15_10/images/test/road_to_spawn_v2_frame_000020_198100000000.jpg,/home/ruben/halmstad_ws/models/obb/experiments/sam3_hybrid_full/runs/predictions/baylands-leader-v5-1/baylands_sam3_obb_super_75_15_10_test_all
road_to_spawn_v2_frame_000021_202100000000,matched,1,1,1,0.519435,0.519435,0.509318,/home/ruben/halmstad_ws/datasets/final/baylands_sam3_obb_super_75_15_10/images/test/road_to_spawn_v2_frame_000021_202100000000.jpg,/home/ruben/halmstad_ws/models/obb/experiments/sam3_hybrid_full/runs/predictions/baylands-leader-v5-1/baylands_sam3_obb_super_75_15_10_test_all
road_to_spawn_v3_frame_000115_196200000000,matched,1,1,1,1.0,1.0,0.843032,/home/ruben/halmstad_ws/datasets/final/baylands_sam3_obb_super_75_15_10/images/test/road_to_spawn_v3_frame_000115_196200000000.jpg,/home/ruben/halmstad_ws/models/obb/experiments/sam3_hybrid_full/runs/predictions/baylands-leader-v5-1/baylands_sam3_obb_super_75_15_10_test_all
road_to_spawn_v3_frame_000116_197152000000,matched,1,1,1,0.515359,0.515359,0.893546,/home/ruben/halmstad_ws/datasets/final/baylands_sam3_obb_super_75_15_10/images/test/road_to_spawn_v3_frame_000116_197152000000.jpg,/home/ruben/halmstad_ws/models/obb/experiments/sam3_hybrid_full/runs/predictions/baylands-leader-v5-1/baylands_sam3_obb_super_75_15_10_test_all
road_to_spawn_v3_frame_000117_198200000000,matched,1,1,1,0.48007,0.48007,0.888339,/home/ruben/halmstad_ws/datasets/final/baylands_sam3_obb_super_75_15_10/images/test/road_to_spawn_v3_frame_000117_198200000000.jpg,/home/ruben/halmstad_ws/models/obb/experiments/sam3_hybrid_full/runs/predictions/baylands-leader-v5-1/baylands_sam3_obb_super_75_15_10_test_all
road_to_spawn_v3_frame_000118_199200000000,matched,1,1,1,0.472371,0.472371,0.861761,/home/ruben/halmstad_ws/datasets/final/baylands_sam3_obb_super_75_15_10/images/test/road_to_spawn_v3_frame_000118_199200000000.jpg,/home/ruben/halmstad_ws/models/obb/experiments/sam3_hybrid_full/runs/predictions/baylands-leader-v5-1/baylands_sam3_obb_super_75_15_10_test_all
road_to_spawn_v3_frame_000119_200200000000,matched,1,1,1,0.530569,0.530569,0.821543,/home/ruben/halmstad_ws/datasets/final/baylands_sam3_obb_super_75_15_10/images/test/road_to_spawn_v3_frame_000119_200200000000.jpg,/home/ruben/halmstad_ws/models/obb/experiments/sam3_hybrid_full/runs/predictions/baylands-leader-v5-1/baylands_sam3_obb_super_75_15_10_test_all
road_to_spawn_v3_frame_000120_201200000000,matched,1,1,1,0.493945,0.493945,0.801544,/home/ruben/halmstad_ws/datasets/final/baylands_sam3_obb_super_75_15_10/images/test/road_to_spawn_v3_frame_000120_201200000000.jpg,/home/ruben/halmstad_ws/models/obb/experiments/sam3_hybrid_full/runs/predictions/baylands-leader-v5-1/baylands_sam3_obb_super_75_15_10_test_all
road_to_spawn_v3_frame_000122_203252000000,matched,1,1,1,0.440931,0.440931,0.824601,/home/ruben/halmstad_ws/datasets/final/baylands_sam3_obb_super_75_15_10/images/test/road_to_spawn_v3_frame_000122_203252000000.jpg,/home/ruben/halmstad_ws/models/obb/experiments/sam3_hybrid_full/runs/predictions/baylands-leader-v5-1/baylands_sam3_obb_super_75_15_10_test_all
road_to_spawn_v3_frame_000125_206252000000,matched,1,1,1,0.503481,0.503481,0.880141,/home/ruben/halmstad_ws/datasets/final/baylands_sam3_obb_super_75_15_10/images/test/road_to_spawn_v3_frame_000125_206252000000.jpg,/home/ruben/halmstad_ws/models/obb/experiments/sam3_hybrid_full/runs/predictions/baylands-leader-v5-1/baylands_sam3_obb_super_75_15_10_test_all
road_to_spawn_v3_frame_000126_207300000000,multi_prediction,1,2,1,0.481099,0.481099,0.8921,/home/ruben/halmstad_ws/datasets/final/baylands_sam3_obb_super_75_15_10/images/test/road_to_spawn_v3_frame_000126_207300000000.jpg,/home/ruben/halmstad_ws/models/obb/experiments/sam3_hybrid_full/runs/predictions/baylands-leader-v5-1/baylands_sam3_obb_super_75_15_10_test_all
road_to_spawn_v5_frame_000128_195500000000,matched,1,1,1,0.542679,0.542679,0.805821,/home/ruben/halmstad_ws/datasets/final/baylands_sam3_obb_super_75_15_10/images/test/road_to_spawn_v5_frame_000128_195500000000.jpg,/home/ruben/halmstad_ws/models/obb/experiments/sam3_hybrid_full/runs/predictions/baylands-leader-v5-1/baylands_sam3_obb_super_75_15_10_test_all
road_to_spawn_v5_frame_000129_196500000000,matched,1,1,1,0.528635,0.528635,0.700456,/home/ruben/halmstad_ws/datasets/final/baylands_sam3_obb_super_75_15_10/images/test/road_to_spawn_v5_frame_000129_196500000000.jpg,/home/ruben/halmstad_ws/models/obb/experiments/sam3_hybrid_full/runs/predictions/baylands-leader-v5-1/baylands_sam3_obb_super_75_15_10_test_all
road_to_spawn_v5_frame_000130_197500000000,matched,1,1,1,0.477581,0.477581,0.611905,/home/ruben/halmstad_ws/datasets/final/baylands_sam3_obb_super_75_15_10/images/test/road_to_spawn_v5_frame_000130_197500000000.jpg,/home/ruben/halmstad_ws/models/obb/experiments/sam3_hybrid_full/runs/predictions/baylands-leader-v5-1/baylands_sam3_obb_super_75_15_10_test_all
road_to_spawn_v5_frame_000133_200552000000,matched,1,1,1,0.524377,0.524377,0.62609,/home/ruben/halmstad_ws/datasets/final/baylands_sam3_obb_super_75_15_10/images/test/road_to_spawn_v5_frame_000133_200552000000.jpg,/home/ruben/halmstad_ws/models/obb/experiments/sam3_hybrid_full/runs/predictions/baylands-leader-v5-1/baylands_sam3_obb_super_75_15_10_test_all
road_to_spawn_v5_frame_000134_201552000000,matched,1,1,1,0.511004,0.511004,0.62516,/home/ruben/halmstad_ws/datasets/final/baylands_sam3_obb_super_75_15_10/images/test/road_to_spawn_v5_frame_000134_201552000000.jpg,/home/ruben/halmstad_ws/models/obb/experiments/sam3_hybrid_full/runs/predictions/baylands-leader-v5-1/baylands_sam3_obb_super_75_15_10_test_all
road_to_spawn_v5_frame_000135_202552000000,matched,1,1,1,0.51058,0.51058,0.856407,/home/ruben/halmstad_ws/datasets/final/baylands_sam3_obb_super_75_15_10/images/test/road_to_spawn_v5_frame_000135_202552000000.jpg,/home/ruben/halmstad_ws/models/obb/experiments/sam3_hybrid_full/runs/predictions/baylands-leader-v5-1/baylands_sam3_obb_super_75_15_10_test_all
road_to_spawn_v5_frame_000136_203600000000,matched,1,1,1,0.507015,0.507015,0.880307,/home/ruben/halmstad_ws/datasets/final/baylands_sam3_obb_super_75_15_10/images/test/road_to_spawn_v5_frame_000136_203600000000.jpg,/home/ruben/halmstad_ws/models/obb/experiments/sam3_hybrid_full/runs/predictions/baylands-leader-v5-1/baylands_sam3_obb_super_75_15_10_test_all
road_to_spawn_v5_frame_000138_205600000000,matched,1,1,1,0.506373,0.506373,0.845668,/home/ruben/halmstad_ws/datasets/final/baylands_sam3_obb_super_75_15_10/images/test/road_to_spawn_v5_frame_000138_205600000000.jpg,/home/ruben/halmstad_ws/models/obb/experiments/sam3_hybrid_full/runs/predictions/baylands-leader-v5-1/baylands_sam3_obb_super_75_15_10_test_all
road_to_spawn_v5_frame_000139_206600000000,matched,1,1,1,0.528801,0.528801,0.899159,/home/ruben/halmstad_ws/datasets/final/baylands_sam3_obb_super_75_15_10/images/test/road_to_spawn_v5_frame_000139_206600000000.jpg,/home/ruben/halmstad_ws/models/obb/experiments/sam3_hybrid_full/runs/predictions/baylands-leader-v5-1/baylands_sam3_obb_super_75_15_10_test_all
road_to_strip_v1_frame_000101_273800000000,matched,1,1,1,0.734734,0.734734,0.791764,/home/ruben/halmstad_ws/datasets/final/baylands_sam3_obb_super_75_15_10/images/test/road_to_strip_v1_frame_000101_273800000000.jpg,/home/ruben/halmstad_ws/models/obb/experiments/sam3_hybrid_full/runs/predictions/baylands-leader-v5-1/baylands_sam3_obb_super_75_15_10_test_all
road_to_strip_v1_frame_000119_291952000000,matched,1,1,1,0.537828,0.537828,0.858168,/home/ruben/halmstad_ws/datasets/final/baylands_sam3_obb_super_75_15_10/images/test/road_to_strip_v1_frame_000119_291952000000.jpg,/home/ruben/halmstad_ws/models/obb/experiments/sam3_hybrid_full/runs/predictions/baylands-leader-v5-1/baylands_sam3_obb_super_75_15_10_test_all
road_to_strip_v1_frame_000120_293000000000,matched,1,1,1,0.733204,0.733204,0.885367,/home/ruben/halmstad_ws/datasets/final/baylands_sam3_obb_super_75_15_10/images/test/road_to_strip_v1_frame_000120_293000000000.jpg,/home/ruben/halmstad_ws/models/obb/experiments/sam3_hybrid_full/runs/predictions/baylands-leader-v5-1/baylands_sam3_obb_super_75_15_10_test_all
road_to_strip_v1_frame_000122_295000000000,matched,1,1,1,0.760264,0.760264,0.782717,/home/ruben/halmstad_ws/datasets/final/baylands_sam3_obb_super_75_15_10/images/test/road_to_strip_v1_frame_000122_295000000000.jpg,/home/ruben/halmstad_ws/models/obb/experiments/sam3_hybrid_full/runs/predictions/baylands-leader-v5-1/baylands_sam3_obb_super_75_15_10_test_all
road_to_strip_v1_frame_000123_296000000000,matched,1,1,1,0.650589,0.650589,0.702855,/home/ruben/halmstad_ws/datasets/final/baylands_sam3_obb_super_75_15_10/images/test/road_to_strip_v1_frame_000123_296000000000.jpg,/home/ruben/halmstad_ws/models/obb/experiments/sam3_hybrid_full/runs/predictions/baylands-leader-v5-1/baylands_sam3_obb_super_75_15_10_test_all
road_to_strip_v1_frame_000124_297000000000,matched,1,1,1,0.592861,0.592861,0.768285,/home/ruben/halmstad_ws/datasets/final/baylands_sam3_obb_super_75_15_10/images/test/road_to_strip_v1_frame_000124_297000000000.jpg,/home/ruben/halmstad_ws/models/obb/experiments/sam3_hybrid_full/runs/predictions/baylands-leader-v5-1/baylands_sam3_obb_super_75_15_10_test_all
road_to_strip_v2_frame_000083_145452000000,matched,1,1,1,0.445452,0.445452,0.49233,/home/ruben/halmstad_ws/datasets/final/baylands_sam3_obb_super_75_15_10/images/test/road_to_strip_v2_frame_000083_145452000000.jpg,/home/ruben/halmstad_ws/models/obb/experiments/sam3_hybrid_full/runs/predictions/baylands-leader-v5-1/baylands_sam3_obb_super_75_15_10_test_all
road_to_strip_v2_frame_000084_146452000000,matched,1,1,1,0.491627,0.491627,0.841835,/home/ruben/halmstad_ws/datasets/final/baylands_sam3_obb_super_75_15_10/images/test/road_to_strip_v2_frame_000084_146452000000.jpg,/home/ruben/halmstad_ws/models/obb/experiments/sam3_hybrid_full/runs/predictions/baylands-leader-v5-1/baylands_sam3_obb_super_75_15_10_test_all
road_to_strip_v2_frame_000085_147452000000,matched,1,1,1,0.733615,0.733615,0.780403,/home/ruben/halmstad_ws/datasets/final/baylands_sam3_obb_super_75_15_10/images/test/road_to_strip_v2_frame_000085_147452000000.jpg,/home/ruben/halmstad_ws/models/obb/experiments/sam3_hybrid_full/runs/predictions/baylands-leader-v5-1/baylands_sam3_obb_super_75_15_10_test_all
road_to_strip_v2_frame_000086_148452000000,no_prediction,1,0,0,0.0,0.0,,/home/ruben/halmstad_ws/datasets/final/baylands_sam3_obb_super_75_15_10/images/test/road_to_strip_v2_frame_000086_148452000000.jpg,/home/ruben/halmstad_ws/models/obb/experiments/sam3_hybrid_full/runs/predictions/baylands-leader-v5-1/baylands_sam3_obb_super_75_15_10_test_all
road_to_strip_v2_frame_000087_149452000000,matched,1,1,1,0.619379,0.619379,0.75677,/home/ruben/halmstad_ws/datasets/final/baylands_sam3_obb_super_75_15_10/images/test/road_to_strip_v2_frame_000087_149452000000.jpg,/home/ruben/halmstad_ws/models/obb/experiments/sam3_hybrid_full/runs/predictions/baylands-leader-v5-1/baylands_sam3_obb_super_75_15_10_test_all
road_to_strip_v2_frame_000088_150500000000,matched,1,1,1,0.494811,0.494811,0.653505,/home/ruben/halmstad_ws/datasets/final/baylands_sam3_obb_super_75_15_10/images/test/road_to_strip_v2_frame_000088_150500000000.jpg,/home/ruben/halmstad_ws/models/obb/experiments/sam3_hybrid_full/runs/predictions/baylands-leader-v5-1/baylands_sam3_obb_super_75_15_10_test_all
road_to_strip_v2_frame_000089_151500000000,matched,1,1,1,0.501716,0.501716,0.833287,/home/ruben/halmstad_ws/datasets/final/baylands_sam3_obb_super_75_15_10/images/test/road_to_strip_v2_frame_000089_151500000000.jpg,/home/ruben/halmstad_ws/models/obb/experiments/sam3_hybrid_full/runs/predictions/baylands-leader-v5-1/baylands_sam3_obb_super_75_15_10_test_all
road_to_strip_v2_frame_000090_152552000000,matched,1,1,1,0.569178,0.569178,0.703519,/home/ruben/halmstad_ws/datasets/final/baylands_sam3_obb_super_75_15_10/images/test/road_to_strip_v2_frame_000090_152552000000.jpg,/home/ruben/halmstad_ws/models/obb/experiments/sam3_hybrid_full/runs/predictions/baylands-leader-v5-1/baylands_sam3_obb_super_75_15_10_test_all
road_to_strip_v2_frame_000091_153552000000,matched,1,1,1,0.829579,0.829579,0.82162,/home/ruben/halmstad_ws/datasets/final/baylands_sam3_obb_super_75_15_10/images/test/road_to_strip_v2_frame_000091_153552000000.jpg,/home/ruben/halmstad_ws/models/obb/experiments/sam3_hybrid_full/runs/predictions/baylands-leader-v5-1/baylands_sam3_obb_super_75_15_10_test_all
road_to_strip_v2_frame_000092_154552000000,correct_empty,0,0,0,0.0,0.0,,/home/ruben/halmstad_ws/datasets/final/baylands_sam3_obb_super_75_15_10/images/test/road_to_strip_v2_frame_000092_154552000000.jpg,/home/ruben/halmstad_ws/models/obb/experiments/sam3_hybrid_full/runs/predictions/baylands-leader-v5-1/baylands_sam3_obb_super_75_15_10_test_all
road_to_strip_v2_frame_000093_155552000000,correct_empty,0,0,0,0.0,0.0,,/home/ruben/halmstad_ws/datasets/final/baylands_sam3_obb_super_75_15_10/images/test/road_to_strip_v2_frame_000093_155552000000.jpg,/home/ruben/halmstad_ws/models/obb/experiments/sam3_hybrid_full/runs/predictions/baylands-leader-v5-1/baylands_sam3_obb_super_75_15_10_test_all
road_to_strip_v2_frame_000094_156600000000,matched,1,1,1,0.739103,0.739103,0.911201,/home/ruben/halmstad_ws/datasets/final/baylands_sam3_obb_super_75_15_10/images/test/road_to_strip_v2_frame_000094_156600000000.jpg,/home/ruben/halmstad_ws/models/obb/experiments/sam3_hybrid_full/runs/predictions/baylands-leader-v5-1/baylands_sam3_obb_super_75_15_10_test_all
road_to_strip_v2_frame_000095_157600000000,correct_empty,0,0,0,0.0,0.0,,/home/ruben/halmstad_ws/datasets/final/baylands_sam3_obb_super_75_15_10/images/test/road_to_strip_v2_frame_000095_157600000000.jpg,/home/ruben/halmstad_ws/models/obb/experiments/sam3_hybrid_full/runs/predictions/baylands-leader-v5-1/baylands_sam3_obb_super_75_15_10_test_all
road_to_strip_v2_frame_000096_158600000000,correct_empty,0,0,0,0.0,0.0,,/home/ruben/halmstad_ws/datasets/final/baylands_sam3_obb_super_75_15_10/images/test/road_to_strip_v2_frame_000096_158600000000.jpg,/home/ruben/halmstad_ws/models/obb/experiments/sam3_hybrid_full/runs/predictions/baylands-leader-v5-1/baylands_sam3_obb_super_75_15_10_test_all
road_to_strip_v2_frame_000097_159652000000,correct_empty,0,0,0,0.0,0.0,,/home/ruben/halmstad_ws/datasets/final/baylands_sam3_obb_super_75_15_10/images/test/road_to_strip_v2_frame_000097_159652000000.jpg,/home/ruben/halmstad_ws/models/obb/experiments/sam3_hybrid_full/runs/predictions/baylands-leader-v5-1/baylands_sam3_obb_super_75_15_10_test_all
road_to_strip_v3_frame_000041_145952000000,matched,1,1,1,0.682799,0.682799,0.401209,/home/ruben/halmstad_ws/datasets/final/baylands_sam3_obb_super_75_15_10/images/test/road_to_strip_v3_frame_000041_145952000000.jpg,/home/ruben/halmstad_ws/models/obb/experiments/sam3_hybrid_full/runs/predictions/baylands-leader-v5-1/baylands_sam3_obb_super_75_15_10_test_all
road_to_strip_v3_frame_000047_152000000000,matched,1,1,1,0.497043,0.497043,0.861966,/home/ruben/halmstad_ws/datasets/final/baylands_sam3_obb_super_75_15_10/images/test/road_to_strip_v3_frame_000047_152000000000.jpg,/home/ruben/halmstad_ws/models/obb/experiments/sam3_hybrid_full/runs/predictions/baylands-leader-v5-1/baylands_sam3_obb_super_75_15_10_test_all
road_to_strip_v3_frame_000049_154052000000,matched,1,1,1,0.482479,0.482479,0.570369,/home/ruben/halmstad_ws/datasets/final/baylands_sam3_obb_super_75_15_10/images/test/road_to_strip_v3_frame_000049_154052000000.jpg,/home/ruben/halmstad_ws/models/obb/experiments/sam3_hybrid_full/runs/predictions/baylands-leader-v5-1/baylands_sam3_obb_super_75_15_10_test_all
road_to_strip_v3_frame_000050_155052000000,matched,1,1,1,0.517731,0.517731,0.655397,/home/ruben/halmstad_ws/datasets/final/baylands_sam3_obb_super_75_15_10/images/test/road_to_strip_v3_frame_000050_155052000000.jpg,/home/ruben/halmstad_ws/models/obb/experiments/sam3_hybrid_full/runs/predictions/baylands-leader-v5-1/baylands_sam3_obb_super_75_15_10_test_all
road_to_strip_v3_frame_000051_156100000000,matched,1,1,1,0.490878,0.490878,0.83626,/home/ruben/halmstad_ws/datasets/final/baylands_sam3_obb_super_75_15_10/images/test/road_to_strip_v3_frame_000051_156100000000.jpg,/home/ruben/halmstad_ws/models/obb/experiments/sam3_hybrid_full/runs/predictions/baylands-leader-v5-1/baylands_sam3_obb_super_75_15_10_test_all
road_to_strip_v3_frame_000052_157100000000,matched,1,1,1,0.482385,0.482385,0.77502,/home/ruben/halmstad_ws/datasets/final/baylands_sam3_obb_super_75_15_10/images/test/road_to_strip_v3_frame_000052_157100000000.jpg,/home/ruben/halmstad_ws/models/obb/experiments/sam3_hybrid_full/runs/predictions/baylands-leader-v5-1/baylands_sam3_obb_super_75_15_10_test_all
road_to_strip_v3_frame_000053_158100000000,multi_prediction,1,2,1,0.526764,0.526764,0.276626,/home/ruben/halmstad_ws/datasets/final/baylands_sam3_obb_super_75_15_10/images/test/road_to_strip_v3_frame_000053_158100000000.jpg,/home/ruben/halmstad_ws/models/obb/experiments/sam3_hybrid_full/runs/predictions/baylands-leader-v5-1/baylands_sam3_obb_super_75_15_10_test_all
road_to_strip_v3_frame_000056_161152000000,matched,1,1,1,0.51553,0.51553,0.564074,/home/ruben/halmstad_ws/datasets/final/baylands_sam3_obb_super_75_15_10/images/test/road_to_strip_v3_frame_000056_161152000000.jpg,/home/ruben/halmstad_ws/models/obb/experiments/sam3_hybrid_full/runs/predictions/baylands-leader-v5-1/baylands_sam3_obb_super_75_15_10_test_all
road_to_strip_v3_frame_000142_263800000000,matched,1,1,1,0.567235,0.567235,0.813392,/home/ruben/halmstad_ws/datasets/final/baylands_sam3_obb_super_75_15_10/images/test/road_to_strip_v3_frame_000142_263800000000.jpg,/home/ruben/halmstad_ws/models/obb/experiments/sam3_hybrid_full/runs/predictions/baylands-leader-v5-1/baylands_sam3_obb_super_75_15_10_test_all
road_to_strip_v3_frame_000143_264800000000,multi_prediction,1,2,1,0.616265,0.616265,0.831973,/home/ruben/halmstad_ws/datasets/final/baylands_sam3_obb_super_75_15_10/images/test/road_to_strip_v3_frame_000143_264800000000.jpg,/home/ruben/halmstad_ws/models/obb/experiments/sam3_hybrid_full/runs/predictions/baylands-leader-v5-1/baylands_sam3_obb_super_75_15_10_test_all
road_to_strip_v3_frame_000145_266852000000,multi_prediction,1,2,1,0.620851,0.620851,0.818463,/home/ruben/halmstad_ws/datasets/final/baylands_sam3_obb_super_75_15_10/images/test/road_to_strip_v3_frame_000145_266852000000.jpg,/home/ruben/halmstad_ws/models/obb/experiments/sam3_hybrid_full/runs/predictions/baylands-leader-v5-1/baylands_sam3_obb_super_75_15_10_test_all
road_to_strip_v3_frame_000147_268852000000,matched,1,1,1,0.732209,0.732209,0.854996,/home/ruben/halmstad_ws/datasets/final/baylands_sam3_obb_super_75_15_10/images/test/road_to_strip_v3_frame_000147_268852000000.jpg,/home/ruben/halmstad_ws/models/obb/experiments/sam3_hybrid_full/runs/predictions/baylands-leader-v5-1/baylands_sam3_obb_super_75_15_10_test_all
road_to_strip_v3_frame_000148_269900000000,matched,1,1,1,0.677886,0.677886,0.774663,/home/ruben/halmstad_ws/datasets/final/baylands_sam3_obb_super_75_15_10/images/test/road_to_strip_v3_frame_000148_269900000000.jpg,/home/ruben/halmstad_ws/models/obb/experiments/sam3_hybrid_full/runs/predictions/baylands-leader-v5-1/baylands_sam3_obb_super_75_15_10_test_all
road_to_strip_v3_frame_000150_278400000000,matched,1,1,1,0.864903,0.864903,0.874947,/home/ruben/halmstad_ws/datasets/final/baylands_sam3_obb_super_75_15_10/images/test/road_to_strip_v3_frame_000150_278400000000.jpg,/home/ruben/halmstad_ws/models/obb/experiments/sam3_hybrid_full/runs/predictions/baylands-leader-v5-1/baylands_sam3_obb_super_75_15_10_test_all
road_to_strip_v3_frame_000152_280400000000,matched,1,1,1,1.0,1.0,0.837933,/home/ruben/halmstad_ws/datasets/final/baylands_sam3_obb_super_75_15_10/images/test/road_to_strip_v3_frame_000152_280400000000.jpg,/home/ruben/halmstad_ws/models/obb/experiments/sam3_hybrid_full/runs/predictions/baylands-leader-v5-1/baylands_sam3_obb_super_75_15_10_test_all
road_to_strip_v3_frame_000153_281452000000,matched,1,1,1,0.539076,0.539076,0.848834,/home/ruben/halmstad_ws/datasets/final/baylands_sam3_obb_super_75_15_10/images/test/road_to_strip_v3_frame_000153_281452000000.jpg,/home/ruben/halmstad_ws/models/obb/experiments/sam3_hybrid_full/runs/predictions/baylands-leader-v5-1/baylands_sam3_obb_super_75_15_10_test_all
road_to_strip_v3_frame_000155_283452000000,matched,1,1,1,0.679012,0.679012,0.895917,/home/ruben/halmstad_ws/datasets/final/baylands_sam3_obb_super_75_15_10/images/test/road_to_strip_v3_frame_000155_283452000000.jpg,/home/ruben/halmstad_ws/models/obb/experiments/sam3_hybrid_full/runs/predictions/baylands-leader-v5-1/baylands_sam3_obb_super_75_15_10_test_all
road_to_strip_v3_frame_000156_284452000000,matched,1,1,1,0.60556,0.60556,0.878104,/home/ruben/halmstad_ws/datasets/final/baylands_sam3_obb_super_75_15_10/images/test/road_to_strip_v3_frame_000156_284452000000.jpg,/home/ruben/halmstad_ws/models/obb/experiments/sam3_hybrid_full/runs/predictions/baylands-leader-v5-1/baylands_sam3_obb_super_75_15_10_test_all
road_to_strip_v3_frame_000157_285452000000,matched,1,1,1,0.561,0.561,0.801615,/home/ruben/halmstad_ws/datasets/final/baylands_sam3_obb_super_75_15_10/images/test/road_to_strip_v3_frame_000157_285452000000.jpg,/home/ruben/halmstad_ws/models/obb/experiments/sam3_hybrid_full/runs/predictions/baylands-leader-v5-1/baylands_sam3_obb_super_75_15_10_test_all
road_to_strip_v3_frame_000158_286452000000,matched,1,1,1,0.55467,0.55467,0.802228,/home/ruben/halmstad_ws/datasets/final/baylands_sam3_obb_super_75_15_10/images/test/road_to_strip_v3_frame_000158_286452000000.jpg,/home/ruben/halmstad_ws/models/obb/experiments/sam3_hybrid_full/runs/predictions/baylands-leader-v5-1/baylands_sam3_obb_super_75_15_10_test_all
road_to_strip_v3_frame_000159_287452000000,matched,1,1,1,0.458014,0.458014,0.854973,/home/ruben/halmstad_ws/datasets/final/baylands_sam3_obb_super_75_15_10/images/test/road_to_strip_v3_frame_000159_287452000000.jpg,/home/ruben/halmstad_ws/models/obb/experiments/sam3_hybrid_full/runs/predictions/baylands-leader-v5-1/baylands_sam3_obb_super_75_15_10_test_all
road_to_strip_v3_frame_000160_288452000000,matched,1,1,1,0.6078,0.6078,0.769163,/home/ruben/halmstad_ws/datasets/final/baylands_sam3_obb_super_75_15_10/images/test/road_to_strip_v3_frame_000160_288452000000.jpg,/home/ruben/halmstad_ws/models/obb/experiments/sam3_hybrid_full/runs/predictions/baylands-leader-v5-1/baylands_sam3_obb_super_75_15_10_test_all
road_to_strip_v3_frame_000161_289500000000,matched,1,1,1,0.32316,0.32316,0.881994,/home/ruben/halmstad_ws/datasets/final/baylands_sam3_obb_super_75_15_10/images/test/road_to_strip_v3_frame_000161_289500000000.jpg,/home/ruben/halmstad_ws/models/obb/experiments/sam3_hybrid_full/runs/predictions/baylands-leader-v5-1/baylands_sam3_obb_super_75_15_10_test_all
road_to_strip_v3_frame_000163_291552000000,multi_prediction,1,2,1,0.608539,0.608539,0.837431,/home/ruben/halmstad_ws/datasets/final/baylands_sam3_obb_super_75_15_10/images/test/road_to_strip_v3_frame_000163_291552000000.jpg,/home/ruben/halmstad_ws/models/obb/experiments/sam3_hybrid_full/runs/predictions/baylands-leader-v5-1/baylands_sam3_obb_super_75_15_10_test_all
road_to_strip_v3_frame_000164_292552000000,matched,1,1,1,0.50816,0.50816,0.310154,/home/ruben/halmstad_ws/datasets/final/baylands_sam3_obb_super_75_15_10/images/test/road_to_strip_v3_frame_000164_292552000000.jpg,/home/ruben/halmstad_ws/models/obb/experiments/sam3_hybrid_full/runs/predictions/baylands-leader-v5-1/baylands_sam3_obb_super_75_15_10_test_all
road_to_strip_v3_frame_000166_294552000000,matched,1,1,1,0.493145,0.493145,0.366908,/home/ruben/halmstad_ws/datasets/final/baylands_sam3_obb_super_75_15_10/images/test/road_to_strip_v3_frame_000166_294552000000.jpg,/home/ruben/halmstad_ws/models/obb/experiments/sam3_hybrid_full/runs/predictions/baylands-leader-v5-1/baylands_sam3_obb_super_75_15_10_test_all
road_to_strip_v3_frame_000167_295552000000,matched,1,1,1,0.498521,0.498521,0.782614,/home/ruben/halmstad_ws/datasets/final/baylands_sam3_obb_super_75_15_10/images/test/road_to_strip_v3_frame_000167_295552000000.jpg,/home/ruben/halmstad_ws/models/obb/experiments/sam3_hybrid_full/runs/predictions/baylands-leader-v5-1/baylands_sam3_obb_super_75_15_10_test_all
road_to_strip_v4_frame_000022_145300000000,matched,1,1,1,0.574761,0.574761,0.448996,/home/ruben/halmstad_ws/datasets/final/baylands_sam3_obb_super_75_15_10/images/test/road_to_strip_v4_frame_000022_145300000000.jpg,/home/ruben/halmstad_ws/models/obb/experiments/sam3_hybrid_full/runs/predictions/baylands-leader-v5-1/baylands_sam3_obb_super_75_15_10_test_all
road_to_strip_v4_frame_000025_157300000000,correct_empty,0,0,0,0.0,0.0,,/home/ruben/halmstad_ws/datasets/final/baylands_sam3_obb_super_75_15_10/images/test/road_to_strip_v4_frame_000025_157300000000.jpg,/home/ruben/halmstad_ws/models/obb/experiments/sam3_hybrid_full/runs/predictions/baylands-leader-v5-1/baylands_sam3_obb_super_75_15_10_test_all
road_to_west_v1_frame_000021_119652000000,matched,1,1,1,0.434289,0.434289,0.677425,/home/ruben/halmstad_ws/datasets/final/baylands_sam3_obb_super_75_15_10/images/test/road_to_west_v1_frame_000021_119652000000.jpg,/home/ruben/halmstad_ws/models/obb/experiments/sam3_hybrid_full/runs/predictions/baylands-leader-v5-1/baylands_sam3_obb_super_75_15_10_test_all
road_to_west_v1_frame_000023_121652000000,matched,1,1,1,0.47034,0.47034,0.686086,/home/ruben/halmstad_ws/datasets/final/baylands_sam3_obb_super_75_15_10/images/test/road_to_west_v1_frame_000023_121652000000.jpg,/home/ruben/halmstad_ws/models/obb/experiments/sam3_hybrid_full/runs/predictions/baylands-leader-v5-1/baylands_sam3_obb_super_75_15_10_test_all
road_to_west_v1_frame_000024_122652000000,matched,1,1,1,0.648915,0.648915,0.583722,/home/ruben/halmstad_ws/datasets/final/baylands_sam3_obb_super_75_15_10/images/test/road_to_west_v1_frame_000024_122652000000.jpg,/home/ruben/halmstad_ws/models/obb/experiments/sam3_hybrid_full/runs/predictions/baylands-leader-v5-1/baylands_sam3_obb_super_75_15_10_test_all
road_to_west_v1_frame_000029_127700000000,matched,1,1,1,0.47459,0.47459,0.696259,/home/ruben/halmstad_ws/datasets/final/baylands_sam3_obb_super_75_15_10/images/test/road_to_west_v1_frame_000029_127700000000.jpg,/home/ruben/halmstad_ws/models/obb/experiments/sam3_hybrid_full/runs/predictions/baylands-leader-v5-1/baylands_sam3_obb_super_75_15_10_test_all
road_to_west_v1_frame_000030_128700000000,matched,1,1,1,0.597193,0.597193,0.896109,/home/ruben/halmstad_ws/datasets/final/baylands_sam3_obb_super_75_15_10/images/test/road_to_west_v1_frame_000030_128700000000.jpg,/home/ruben/halmstad_ws/models/obb/experiments/sam3_hybrid_full/runs/predictions/baylands-leader-v5-1/baylands_sam3_obb_super_75_15_10_test_all
road_to_west_v1_frame_000031_129700000000,matched,1,1,1,0.439746,0.439746,0.904922,/home/ruben/halmstad_ws/datasets/final/baylands_sam3_obb_super_75_15_10/images/test/road_to_west_v1_frame_000031_129700000000.jpg,/home/ruben/halmstad_ws/models/obb/experiments/sam3_hybrid_full/runs/predictions/baylands-leader-v5-1/baylands_sam3_obb_super_75_15_10_test_all
road_to_west_v1_frame_000033_131752000000,matched,1,1,1,0.539976,0.539976,0.739138,/home/ruben/halmstad_ws/datasets/final/baylands_sam3_obb_super_75_15_10/images/test/road_to_west_v1_frame_000033_131752000000.jpg,/home/ruben/halmstad_ws/models/obb/experiments/sam3_hybrid_full/runs/predictions/baylands-leader-v5-1/baylands_sam3_obb_super_75_15_10_test_all
road_to_west_v1_frame_000034_132752000000,matched,1,1,1,0.39627,0.39627,0.865879,/home/ruben/halmstad_ws/datasets/final/baylands_sam3_obb_super_75_15_10/images/test/road_to_west_v1_frame_000034_132752000000.jpg,/home/ruben/halmstad_ws/models/obb/experiments/sam3_hybrid_full/runs/predictions/baylands-leader-v5-1/baylands_sam3_obb_super_75_15_10_test_all
road_to_west_v1_frame_000035_133752000000,matched,1,1,1,0.417043,0.417043,0.678,/home/ruben/halmstad_ws/datasets/final/baylands_sam3_obb_super_75_15_10/images/test/road_to_west_v1_frame_000035_133752000000.jpg,/home/ruben/halmstad_ws/models/obb/experiments/sam3_hybrid_full/runs/predictions/baylands-leader-v5-1/baylands_sam3_obb_super_75_15_10_test_all
road_to_west_v1_frame_000037_135800000000,matched,1,1,1,0.399948,0.399948,0.832054,/home/ruben/halmstad_ws/datasets/final/baylands_sam3_obb_super_75_15_10/images/test/road_to_west_v1_frame_000037_135800000000.jpg,/home/ruben/halmstad_ws/models/obb/experiments/sam3_hybrid_full/runs/predictions/baylands-leader-v5-1/baylands_sam3_obb_super_75_15_10_test_all
road_to_west_v1_frame_000039_137800000000,matched,1,1,1,0.475691,0.475691,0.76749,/home/ruben/halmstad_ws/datasets/final/baylands_sam3_obb_super_75_15_10/images/test/road_to_west_v1_frame_000039_137800000000.jpg,/home/ruben/halmstad_ws/models/obb/experiments/sam3_hybrid_full/runs/predictions/baylands-leader-v5-1/baylands_sam3_obb_super_75_15_10_test_all
road_to_west_v1_frame_000040_138800000000,matched,1,1,1,0.470629,0.470629,0.85335,/home/ruben/halmstad_ws/datasets/final/baylands_sam3_obb_super_75_15_10/images/test/road_to_west_v1_frame_000040_138800000000.jpg,/home/ruben/halmstad_ws/models/obb/experiments/sam3_hybrid_full/runs/predictions/baylands-leader-v5-1/baylands_sam3_obb_super_75_15_10_test_all
road_to_west_v1_frame_000041_139800000000,matched,1,1,1,0.493811,0.493811,0.826437,/home/ruben/halmstad_ws/datasets/final/baylands_sam3_obb_super_75_15_10/images/test/road_to_west_v1_frame_000041_139800000000.jpg,/home/ruben/halmstad_ws/models/obb/experiments/sam3_hybrid_full/runs/predictions/baylands-leader-v5-1/baylands_sam3_obb_super_75_15_10_test_all
road_to_west_v1_frame_000043_141800000000,matched,1,1,1,0.630589,0.630589,0.645844,/home/ruben/halmstad_ws/datasets/final/baylands_sam3_obb_super_75_15_10/images/test/road_to_west_v1_frame_000043_141800000000.jpg,/home/ruben/halmstad_ws/models/obb/experiments/sam3_hybrid_full/runs/predictions/baylands-leader-v5-1/baylands_sam3_obb_super_75_15_10_test_all
road_to_west_v1_frame_000046_144800000000,matched,1,1,1,0.608695,0.608695,0.864636,/home/ruben/halmstad_ws/datasets/final/baylands_sam3_obb_super_75_15_10/images/test/road_to_west_v1_frame_000046_144800000000.jpg,/home/ruben/halmstad_ws/models/obb/experiments/sam3_hybrid_full/runs/predictions/baylands-leader-v5-1/baylands_sam3_obb_super_75_15_10_test_all
road_to_west_v2_frame_000058_119700000000,matched,1,1,1,0.493158,0.493158,0.691881,/home/ruben/halmstad_ws/datasets/final/baylands_sam3_obb_super_75_15_10/images/test/road_to_west_v2_frame_000058_119700000000.jpg,/home/ruben/halmstad_ws/models/obb/experiments/sam3_hybrid_full/runs/predictions/baylands-leader-v5-1/baylands_sam3_obb_super_75_15_10_test_all
road_to_west_v2_frame_000060_121800000000,matched,1,1,1,0.531264,0.531264,0.719903,/home/ruben/halmstad_ws/datasets/final/baylands_sam3_obb_super_75_15_10/images/test/road_to_west_v2_frame_000060_121800000000.jpg,/home/ruben/halmstad_ws/models/obb/experiments/sam3_hybrid_full/runs/predictions/baylands-leader-v5-1/baylands_sam3_obb_super_75_15_10_test_all
road_to_west_v2_frame_000061_122800000000,matched,1,1,1,0.766658,0.766658,0.844035,/home/ruben/halmstad_ws/datasets/final/baylands_sam3_obb_super_75_15_10/images/test/road_to_west_v2_frame_000061_122800000000.jpg,/home/ruben/halmstad_ws/models/obb/experiments/sam3_hybrid_full/runs/predictions/baylands-leader-v5-1/baylands_sam3_obb_super_75_15_10_test_all
road_to_west_v2_frame_000067_128800000000,correct_empty,0,0,0,0.0,0.0,,/home/ruben/halmstad_ws/datasets/final/baylands_sam3_obb_super_75_15_10/images/test/road_to_west_v2_frame_000067_128800000000.jpg,/home/ruben/halmstad_ws/models/obb/experiments/sam3_hybrid_full/runs/predictions/baylands-leader-v5-1/baylands_sam3_obb_super_75_15_10_test_all
road_to_west_v2_frame_000068_129800000000,matched,1,1,1,0.706654,0.706654,0.88778,/home/ruben/halmstad_ws/datasets/final/baylands_sam3_obb_super_75_15_10/images/test/road_to_west_v2_frame_000068_129800000000.jpg,/home/ruben/halmstad_ws/models/obb/experiments/sam3_hybrid_full/runs/predictions/baylands-leader-v5-1/baylands_sam3_obb_super_75_15_10_test_all
road_to_west_v2_frame_000069_130900000000,matched,1,1,1,0.851151,0.851151,0.806288,/home/ruben/halmstad_ws/datasets/final/baylands_sam3_obb_super_75_15_10/images/test/road_to_west_v2_frame_000069_130900000000.jpg,/home/ruben/halmstad_ws/models/obb/experiments/sam3_hybrid_full/runs/predictions/baylands-leader-v5-1/baylands_sam3_obb_super_75_15_10_test_all
road_to_west_v2_frame_000070_131900000000,matched,1,1,1,0.724739,0.724739,0.88737,/home/ruben/halmstad_ws/datasets/final/baylands_sam3_obb_super_75_15_10/images/test/road_to_west_v2_frame_000070_131900000000.jpg,/home/ruben/halmstad_ws/models/obb/experiments/sam3_hybrid_full/runs/predictions/baylands-leader-v5-1/baylands_sam3_obb_super_75_15_10_test_all
road_to_west_v2_frame_000075_139500000000,matched,1,1,1,0.67881,0.67881,0.847828,/home/ruben/halmstad_ws/datasets/final/baylands_sam3_obb_super_75_15_10/images/test/road_to_west_v2_frame_000075_139500000000.jpg,/home/ruben/halmstad_ws/models/obb/experiments/sam3_hybrid_full/runs/predictions/baylands-leader-v5-1/baylands_sam3_obb_super_75_15_10_test_all
road_to_west_v2_frame_000076_140500000000,matched,1,1,1,0.500314,0.500314,0.882368,/home/ruben/halmstad_ws/datasets/final/baylands_sam3_obb_super_75_15_10/images/test/road_to_west_v2_frame_000076_140500000000.jpg,/home/ruben/halmstad_ws/models/obb/experiments/sam3_hybrid_full/runs/predictions/baylands-leader-v5-1/baylands_sam3_obb_super_75_15_10_test_all
road_to_west_v2_frame_000077_141500000000,matched,1,1,1,0.68562,0.68562,0.809113,/home/ruben/halmstad_ws/datasets/final/baylands_sam3_obb_super_75_15_10/images/test/road_to_west_v2_frame_000077_141500000000.jpg,/home/ruben/halmstad_ws/models/obb/experiments/sam3_hybrid_full/runs/predictions/baylands-leader-v5-1/baylands_sam3_obb_super_75_15_10_test_all
road_to_west_v2_frame_000079_143600000000,matched,1,1,1,0.503944,0.503944,0.642647,/home/ruben/halmstad_ws/datasets/final/baylands_sam3_obb_super_75_15_10/images/test/road_to_west_v2_frame_000079_143600000000.jpg,/home/ruben/halmstad_ws/models/obb/experiments/sam3_hybrid_full/runs/predictions/baylands-leader-v5-1/baylands_sam3_obb_super_75_15_10_test_all
road_to_west_v2_frame_000080_144600000000,matched,1,1,1,0.54402,0.54402,0.878709,/home/ruben/halmstad_ws/datasets/final/baylands_sam3_obb_super_75_15_10/images/test/road_to_west_v2_frame_000080_144600000000.jpg,/home/ruben/halmstad_ws/models/obb/experiments/sam3_hybrid_full/runs/predictions/baylands-leader-v5-1/baylands_sam3_obb_super_75_15_10_test_all
road_to_west_v2_frame_000081_145600000000,matched,1,1,1,0.533169,0.533169,0.604916,/home/ruben/halmstad_ws/datasets/final/baylands_sam3_obb_super_75_15_10/images/test/road_to_west_v2_frame_000081_145600000000.jpg,/home/ruben/halmstad_ws/models/obb/experiments/sam3_hybrid_full/runs/predictions/baylands-leader-v5-1/baylands_sam3_obb_super_75_15_10_test_all
road_to_west_v4_frame_000022_118700000000,matched,1,1,1,0.5641,0.5641,0.67281,/home/ruben/halmstad_ws/datasets/final/baylands_sam3_obb_super_75_15_10/images/test/road_to_west_v4_frame_000022_118700000000.jpg,/home/ruben/halmstad_ws/models/obb/experiments/sam3_hybrid_full/runs/predictions/baylands-leader-v5-1/baylands_sam3_obb_super_75_15_10_test_all
road_to_west_v4_frame_000029_130400000000,false_positive_empty,0,1,0,0.0,0.0,0.717776,/home/ruben/halmstad_ws/datasets/final/baylands_sam3_obb_super_75_15_10/images/test/road_to_west_v4_frame_000029_130400000000.jpg,/home/ruben/halmstad_ws/models/obb/experiments/sam3_hybrid_full/runs/predictions/baylands-leader-v5-1/baylands_sam3_obb_super_75_15_10_test_all
road_to_west_v4_frame_000032_137900000000,correct_empty,0,0,0,0.0,0.0,,/home/ruben/halmstad_ws/datasets/final/baylands_sam3_obb_super_75_15_10/images/test/road_to_west_v4_frame_000032_137900000000.jpg,/home/ruben/halmstad_ws/models/obb/experiments/sam3_hybrid_full/runs/predictions/baylands-leader-v5-1/baylands_sam3_obb_super_75_15_10_test_all
road_to_west_v4_frame_000033_138900000000,matched,1,1,1,0.825043,0.825043,0.883601,/home/ruben/halmstad_ws/datasets/final/baylands_sam3_obb_super_75_15_10/images/test/road_to_west_v4_frame_000033_138900000000.jpg,/home/ruben/halmstad_ws/models/obb/experiments/sam3_hybrid_full/runs/predictions/baylands-leader-v5-1/baylands_sam3_obb_super_75_15_10_test_all
road_to_west_v4_frame_000034_139900000000,matched,1,1,1,0.869669,0.869669,0.721621,/home/ruben/halmstad_ws/datasets/final/baylands_sam3_obb_super_75_15_10/images/test/road_to_west_v4_frame_000034_139900000000.jpg,/home/ruben/halmstad_ws/models/obb/experiments/sam3_hybrid_full/runs/predictions/baylands-leader-v5-1/baylands_sam3_obb_super_75_15_10_test_all
road_to_west_v4_frame_000036_141900000000,matched,1,1,1,0.511134,0.511134,0.611551,/home/ruben/halmstad_ws/datasets/final/baylands_sam3_obb_super_75_15_10/images/test/road_to_west_v4_frame_000036_141900000000.jpg,/home/ruben/halmstad_ws/models/obb/experiments/sam3_hybrid_full/runs/predictions/baylands-leader-v5-1/baylands_sam3_obb_super_75_15_10_test_all
road_to_west_v6_frame_000046_122752000000,matched,1,1,1,0.555459,0.555459,0.461369,/home/ruben/halmstad_ws/datasets/final/baylands_sam3_obb_super_75_15_10/images/test/road_to_west_v6_frame_000046_122752000000.jpg,/home/ruben/halmstad_ws/models/obb/experiments/sam3_hybrid_full/runs/predictions/baylands-leader-v5-1/baylands_sam3_obb_super_75_15_10_test_all
road_to_west_v6_frame_000049_125752000000,matched,1,1,1,0.654532,0.654532,0.406383,/home/ruben/halmstad_ws/datasets/final/baylands_sam3_obb_super_75_15_10/images/test/road_to_west_v6_frame_000049_125752000000.jpg,/home/ruben/halmstad_ws/models/obb/experiments/sam3_hybrid_full/runs/predictions/baylands-leader-v5-1/baylands_sam3_obb_super_75_15_10_test_all
road_to_west_v6_frame_000059_135852000000,matched,1,1,1,0.543961,0.543961,0.638648,/home/ruben/halmstad_ws/datasets/final/baylands_sam3_obb_super_75_15_10/images/test/road_to_west_v6_frame_000059_135852000000.jpg,/home/ruben/halmstad_ws/models/obb/experiments/sam3_hybrid_full/runs/predictions/baylands-leader-v5-1/baylands_sam3_obb_super_75_15_10_test_all
road_to_west_v6_frame_000060_136900000000,matched,1,1,1,0.485878,0.485878,0.820739,/home/ruben/halmstad_ws/datasets/final/baylands_sam3_obb_super_75_15_10/images/test/road_to_west_v6_frame_000060_136900000000.jpg,/home/ruben/halmstad_ws/models/obb/experiments/sam3_hybrid_full/runs/predictions/baylands-leader-v5-1/baylands_sam3_obb_super_75_15_10_test_all
road_to_west_v6_frame_000065_141900000000,matched,1,1,1,0.448612,0.448612,0.425324,/home/ruben/halmstad_ws/datasets/final/baylands_sam3_obb_super_75_15_10/images/test/road_to_west_v6_frame_000065_141900000000.jpg,/home/ruben/halmstad_ws/models/obb/experiments/sam3_hybrid_full/runs/predictions/baylands-leader-v5-1/baylands_sam3_obb_super_75_15_10_test_all
road_to_west_v7_frame_000014_119900000000,no_prediction,1,0,0,0.0,0.0,,/home/ruben/halmstad_ws/datasets/final/baylands_sam3_obb_super_75_15_10/images/test/road_to_west_v7_frame_000014_119900000000.jpg,/home/ruben/halmstad_ws/models/obb/experiments/sam3_hybrid_full/runs/predictions/baylands-leader-v5-1/baylands_sam3_obb_super_75_15_10_test_all
road_to_west_v7_frame_000015_123900000000,no_prediction,1,0,0,0.0,0.0,,/home/ruben/halmstad_ws/datasets/final/baylands_sam3_obb_super_75_15_10/images/test/road_to_west_v7_frame_000015_123900000000.jpg,/home/ruben/halmstad_ws/models/obb/experiments/sam3_hybrid_full/runs/predictions/baylands-leader-v5-1/baylands_sam3_obb_super_75_15_10_test_all
road_to_west_v7_frame_000016_128000000000,no_prediction,1,0,0,0.0,0.0,,/home/ruben/halmstad_ws/datasets/final/baylands_sam3_obb_super_75_15_10/images/test/road_to_west_v7_frame_000016_128000000000.jpg,/home/ruben/halmstad_ws/models/obb/experiments/sam3_hybrid_full/runs/predictions/baylands-leader-v5-1/baylands_sam3_obb_super_75_15_10_test_all
road_to_west_v7_frame_000017_131900000000,no_prediction,1,0,0,0.0,0.0,,/home/ruben/halmstad_ws/datasets/final/baylands_sam3_obb_super_75_15_10/images/test/road_to_west_v7_frame_000017_131900000000.jpg,/home/ruben/halmstad_ws/models/obb/experiments/sam3_hybrid_full/runs/predictions/baylands-leader-v5-1/baylands_sam3_obb_super_75_15_10_test_all
road_to_west_v7_frame_000019_140000000000,no_prediction,1,0,0,0.0,0.0,,/home/ruben/halmstad_ws/datasets/final/baylands_sam3_obb_super_75_15_10/images/test/road_to_west_v7_frame_000019_140000000000.jpg,/home/ruben/halmstad_ws/models/obb/experiments/sam3_hybrid_full/runs/predictions/baylands-leader-v5-1/baylands_sam3_obb_super_75_15_10_test_all
road_to_west_v7_frame_000020_144000000000,no_prediction,1,0,0,0.0,0.0,,/home/ruben/halmstad_ws/datasets/final/baylands_sam3_obb_super_75_15_10/images/test/road_to_west_v7_frame_000020_144000000000.jpg,/home/ruben/halmstad_ws/models/obb/experiments/sam3_hybrid_full/runs/predictions/baylands-leader-v5-1/baylands_sam3_obb_super_75_15_10_test_all
road_to_west_v9_frame_000006_120700000000,matched,1,1,1,0.507792,0.507792,0.854519,/home/ruben/halmstad_ws/datasets/final/baylands_sam3_obb_super_75_15_10/images/test/road_to_west_v9_frame_000006_120700000000.jpg,/home/ruben/halmstad_ws/models/obb/experiments/sam3_hybrid_full/runs/predictions/baylands-leader-v5-1/baylands_sam3_obb_super_75_15_10_test_all
road_to_west_v9_frame_000007_124700000000,matched,1,1,1,0.613334,0.613334,0.909993,/home/ruben/halmstad_ws/datasets/final/baylands_sam3_obb_super_75_15_10/images/test/road_to_west_v9_frame_000007_124700000000.jpg,/home/ruben/halmstad_ws/models/obb/experiments/sam3_hybrid_full/runs/predictions/baylands-leader-v5-1/baylands_sam3_obb_super_75_15_10_test_all
road_to_west_v9_frame_000008_128700000000,matched,1,1,1,0.472956,0.472956,0.771476,/home/ruben/halmstad_ws/datasets/final/baylands_sam3_obb_super_75_15_10/images/test/road_to_west_v9_frame_000008_128700000000.jpg,/home/ruben/halmstad_ws/models/obb/experiments/sam3_hybrid_full/runs/predictions/baylands-leader-v5-1/baylands_sam3_obb_super_75_15_10_test_all
road_to_west_v9_frame_000011_140700000000,matched,1,1,1,0.713949,0.713949,0.879219,/home/ruben/halmstad_ws/datasets/final/baylands_sam3_obb_super_75_15_10/images/test/road_to_west_v9_frame_000011_140700000000.jpg,/home/ruben/halmstad_ws/models/obb/experiments/sam3_hybrid_full/runs/predictions/baylands-leader-v5-1/baylands_sam3_obb_super_75_15_10_test_all
road_to_west_v9_frame_000012_144700000000,matched,1,1,1,0.555377,0.555377,0.874468,/home/ruben/halmstad_ws/datasets/final/baylands_sam3_obb_super_75_15_10/images/test/road_to_west_v9_frame_000012_144700000000.jpg,/home/ruben/halmstad_ws/models/obb/experiments/sam3_hybrid_full/runs/predictions/baylands-leader-v5-1/baylands_sam3_obb_super_75_15_10_test_all
spawn_v1_frame_000049_137400000000,matched,1,1,1,0.787424,0.787424,0.857126,/home/ruben/halmstad_ws/datasets/final/baylands_sam3_obb_super_75_15_10/images/test/spawn_v1_frame_000049_137400000000.jpg,/home/ruben/halmstad_ws/models/obb/experiments/sam3_hybrid_full/runs/predictions/baylands-leader-v5-1/baylands_sam3_obb_super_75_15_10_test_all
spawn_v1_frame_000050_138400000000,matched,1,1,1,0.740152,0.740152,0.872554,/home/ruben/halmstad_ws/datasets/final/baylands_sam3_obb_super_75_15_10/images/test/spawn_v1_frame_000050_138400000000.jpg,/home/ruben/halmstad_ws/models/obb/experiments/sam3_hybrid_full/runs/predictions/baylands-leader-v5-1/baylands_sam3_obb_super_75_15_10_test_all
spawn_v1_frame_000054_142452000000,matched,1,1,1,0.478152,0.478152,0.839786,/home/ruben/halmstad_ws/datasets/final/baylands_sam3_obb_super_75_15_10/images/test/spawn_v1_frame_000054_142452000000.jpg,/home/ruben/halmstad_ws/models/obb/experiments/sam3_hybrid_full/runs/predictions/baylands-leader-v5-1/baylands_sam3_obb_super_75_15_10_test_all
spawn_v1_frame_000055_143452000000,matched,1,1,1,0.853232,0.853232,0.848601,/home/ruben/halmstad_ws/datasets/final/baylands_sam3_obb_super_75_15_10/images/test/spawn_v1_frame_000055_143452000000.jpg,/home/ruben/halmstad_ws/models/obb/experiments/sam3_hybrid_full/runs/predictions/baylands-leader-v5-1/baylands_sam3_obb_super_75_15_10_test_all
spawn_v1_frame_000062_150452000000,matched,1,1,1,0.545466,0.545466,0.848643,/home/ruben/halmstad_ws/datasets/final/baylands_sam3_obb_super_75_15_10/images/test/spawn_v1_frame_000062_150452000000.jpg,/home/ruben/halmstad_ws/models/obb/experiments/sam3_hybrid_full/runs/predictions/baylands-leader-v5-1/baylands_sam3_obb_super_75_15_10_test_all
spawn_v1_frame_000063_151500000000,matched,1,1,1,0.640954,0.640954,0.785468,/home/ruben/halmstad_ws/datasets/final/baylands_sam3_obb_super_75_15_10/images/test/spawn_v1_frame_000063_151500000000.jpg,/home/ruben/halmstad_ws/models/obb/experiments/sam3_hybrid_full/runs/predictions/baylands-leader-v5-1/baylands_sam3_obb_super_75_15_10_test_all
spawn_v1_frame_000065_153500000000,matched,1,1,1,0.697618,0.697618,0.528497,/home/ruben/halmstad_ws/datasets/final/baylands_sam3_obb_super_75_15_10/images/test/spawn_v1_frame_000065_153500000000.jpg,/home/ruben/halmstad_ws/models/obb/experiments/sam3_hybrid_full/runs/predictions/baylands-leader-v5-1/baylands_sam3_obb_super_75_15_10_test_all
spawn_v1_frame_000148_243700000000,matched,1,1,1,0.760468,0.760468,0.887489,/home/ruben/halmstad_ws/datasets/final/baylands_sam3_obb_super_75_15_10/images/test/spawn_v1_frame_000148_243700000000.jpg,/home/ruben/halmstad_ws/models/obb/experiments/sam3_hybrid_full/runs/predictions/baylands-leader-v5-1/baylands_sam3_obb_super_75_15_10_test_all
spawn_v1_frame_000149_244700000000,matched,1,1,1,0.657526,0.657526,0.863721,/home/ruben/halmstad_ws/datasets/final/baylands_sam3_obb_super_75_15_10/images/test/spawn_v1_frame_000149_244700000000.jpg,/home/ruben/halmstad_ws/models/obb/experiments/sam3_hybrid_full/runs/predictions/baylands-leader-v5-1/baylands_sam3_obb_super_75_15_10_test_all
spawn_v1_frame_000150_245700000000,matched,1,1,1,0.638017,0.638017,0.828978,/home/ruben/halmstad_ws/datasets/final/baylands_sam3_obb_super_75_15_10/images/test/spawn_v1_frame_000150_245700000000.jpg,/home/ruben/halmstad_ws/models/obb/experiments/sam3_hybrid_full/runs/predictions/baylands-leader-v5-1/baylands_sam3_obb_super_75_15_10_test_all
spawn_v1_frame_000151_246700000000,matched,1,1,1,0.58596,0.58596,0.771347,/home/ruben/halmstad_ws/datasets/final/baylands_sam3_obb_super_75_15_10/images/test/spawn_v1_frame_000151_246700000000.jpg,/home/ruben/halmstad_ws/models/obb/experiments/sam3_hybrid_full/runs/predictions/baylands-leader-v5-1/baylands_sam3_obb_super_75_15_10_test_all
spawn_v1_frame_000152_247700000000,matched,1,1,1,0.523847,0.523847,0.375816,/home/ruben/halmstad_ws/datasets/final/baylands_sam3_obb_super_75_15_10/images/test/spawn_v1_frame_000152_247700000000.jpg,/home/ruben/halmstad_ws/models/obb/experiments/sam3_hybrid_full/runs/predictions/baylands-leader-v5-1/baylands_sam3_obb_super_75_15_10_test_all
spawn_v1_frame_000154_249700000000,matched,1,1,1,0.594592,0.594592,0.715326,/home/ruben/halmstad_ws/datasets/final/baylands_sam3_obb_super_75_15_10/images/test/spawn_v1_frame_000154_249700000000.jpg,/home/ruben/halmstad_ws/models/obb/experiments/sam3_hybrid_full/runs/predictions/baylands-leader-v5-1/baylands_sam3_obb_super_75_15_10_test_all
spawn_v1_frame_000156_251752000000,matched,1,1,1,0.780806,0.780806,0.799835,/home/ruben/halmstad_ws/datasets/final/baylands_sam3_obb_super_75_15_10/images/test/spawn_v1_frame_000156_251752000000.jpg,/home/ruben/halmstad_ws/models/obb/experiments/sam3_hybrid_full/runs/predictions/baylands-leader-v5-1/baylands_sam3_obb_super_75_15_10_test_all
spawn_v1_frame_000157_252752000000,matched,1,1,1,0.708812,0.708812,0.679968,/home/ruben/halmstad_ws/datasets/final/baylands_sam3_obb_super_75_15_10/images/test/spawn_v1_frame_000157_252752000000.jpg,/home/ruben/halmstad_ws/models/obb/experiments/sam3_hybrid_full/runs/predictions/baylands-leader-v5-1/baylands_sam3_obb_super_75_15_10_test_all
spawn_v1_frame_000159_254752000000,matched,1,1,1,0.693086,0.693086,0.666913,/home/ruben/halmstad_ws/datasets/final/baylands_sam3_obb_super_75_15_10/images/test/spawn_v1_frame_000159_254752000000.jpg,/home/ruben/halmstad_ws/models/obb/experiments/sam3_hybrid_full/runs/predictions/baylands-leader-v5-1/baylands_sam3_obb_super_75_15_10_test_all
spawn_v1_frame_000160_255752000000,matched,1,1,1,0.802842,0.802842,0.866755,/home/ruben/halmstad_ws/datasets/final/baylands_sam3_obb_super_75_15_10/images/test/spawn_v1_frame_000160_255752000000.jpg,/home/ruben/halmstad_ws/models/obb/experiments/sam3_hybrid_full/runs/predictions/baylands-leader-v5-1/baylands_sam3_obb_super_75_15_10_test_all
spawn_v1_frame_000161_256800000000,matched,1,1,1,0.6719,0.6719,0.734255,/home/ruben/halmstad_ws/datasets/final/baylands_sam3_obb_super_75_15_10/images/test/spawn_v1_frame_000161_256800000000.jpg,/home/ruben/halmstad_ws/models/obb/experiments/sam3_hybrid_full/runs/predictions/baylands-leader-v5-1/baylands_sam3_obb_super_75_15_10_test_all
spawn_v1_frame_000162_257800000000,matched,1,1,1,0.570303,0.570303,0.813914,/home/ruben/halmstad_ws/datasets/final/baylands_sam3_obb_super_75_15_10/images/test/spawn_v1_frame_000162_257800000000.jpg,/home/ruben/halmstad_ws/models/obb/experiments/sam3_hybrid_full/runs/predictions/baylands-leader-v5-1/baylands_sam3_obb_super_75_15_10_test_all
spawn_v1_frame_000163_258800000000,matched,1,1,1,0.830615,0.830615,0.76229,/home/ruben/halmstad_ws/datasets/final/baylands_sam3_obb_super_75_15_10/images/test/spawn_v1_frame_000163_258800000000.jpg,/home/ruben/halmstad_ws/models/obb/experiments/sam3_hybrid_full/runs/predictions/baylands-leader-v5-1/baylands_sam3_obb_super_75_15_10_test_all
spawn_v1_frame_000164_259800000000,matched,1,1,1,0.727753,0.727753,0.41469,/home/ruben/halmstad_ws/datasets/final/baylands_sam3_obb_super_75_15_10/images/test/spawn_v1_frame_000164_259800000000.jpg,/home/ruben/halmstad_ws/models/obb/experiments/sam3_hybrid_full/runs/predictions/baylands-leader-v5-1/baylands_sam3_obb_super_75_15_10_test_all
spawn_v1_frame_000166_261852000000,matched,1,1,1,0.500859,0.500859,0.803537,/home/ruben/halmstad_ws/datasets/final/baylands_sam3_obb_super_75_15_10/images/test/spawn_v1_frame_000166_261852000000.jpg,/home/ruben/halmstad_ws/models/obb/experiments/sam3_hybrid_full/runs/predictions/baylands-leader-v5-1/baylands_sam3_obb_super_75_15_10_test_all
spawn_v2_frame_000062_135652000000,matched,1,1,1,0.527356,0.527356,0.856511,/home/ruben/halmstad_ws/datasets/final/baylands_sam3_obb_super_75_15_10/images/test/spawn_v2_frame_000062_135652000000.jpg,/home/ruben/halmstad_ws/models/obb/experiments/sam3_hybrid_full/runs/predictions/baylands-leader-v5-1/baylands_sam3_obb_super_75_15_10_test_all
spawn_v2_frame_000063_136652000000,matched,1,1,1,0.657376,0.657376,0.849707,/home/ruben/halmstad_ws/datasets/final/baylands_sam3_obb_super_75_15_10/images/test/spawn_v2_frame_000063_136652000000.jpg,/home/ruben/halmstad_ws/models/obb/experiments/sam3_hybrid_full/runs/predictions/baylands-leader-v5-1/baylands_sam3_obb_super_75_15_10_test_all
spawn_v2_frame_000064_137652000000,matched,1,1,1,0.590499,0.590499,0.816054,/home/ruben/halmstad_ws/datasets/final/baylands_sam3_obb_super_75_15_10/images/test/spawn_v2_frame_000064_137652000000.jpg,/home/ruben/halmstad_ws/models/obb/experiments/sam3_hybrid_full/runs/predictions/baylands-leader-v5-1/baylands_sam3_obb_super_75_15_10_test_all
spawn_v2_frame_000066_139652000000,matched,1,1,1,0.5299,0.5299,0.819615,/home/ruben/halmstad_ws/datasets/final/baylands_sam3_obb_super_75_15_10/images/test/spawn_v2_frame_000066_139652000000.jpg,/home/ruben/halmstad_ws/models/obb/experiments/sam3_hybrid_full/runs/predictions/baylands-leader-v5-1/baylands_sam3_obb_super_75_15_10_test_all
spawn_v2_frame_000067_140700000000,matched,1,1,1,0.562597,0.562597,0.847107,/home/ruben/halmstad_ws/datasets/final/baylands_sam3_obb_super_75_15_10/images/test/spawn_v2_frame_000067_140700000000.jpg,/home/ruben/halmstad_ws/models/obb/experiments/sam3_hybrid_full/runs/predictions/baylands-leader-v5-1/baylands_sam3_obb_super_75_15_10_test_all
spawn_v2_frame_000069_142700000000,matched,1,1,1,0.611374,0.611374,0.858385,/home/ruben/halmstad_ws/datasets/final/baylands_sam3_obb_super_75_15_10/images/test/spawn_v2_frame_000069_142700000000.jpg,/home/ruben/halmstad_ws/models/obb/experiments/sam3_hybrid_full/runs/predictions/baylands-leader-v5-1/baylands_sam3_obb_super_75_15_10_test_all
spawn_v2_frame_000070_143652000000,matched,1,1,1,0.60136,0.60136,0.848751,/home/ruben/halmstad_ws/datasets/final/baylands_sam3_obb_super_75_15_10/images/test/spawn_v2_frame_000070_143652000000.jpg,/home/ruben/halmstad_ws/models/obb/experiments/sam3_hybrid_full/runs/predictions/baylands-leader-v5-1/baylands_sam3_obb_super_75_15_10_test_all
spawn_v2_frame_000071_144700000000,matched,1,1,1,0.562174,0.562174,0.782165,/home/ruben/halmstad_ws/datasets/final/baylands_sam3_obb_super_75_15_10/images/test/spawn_v2_frame_000071_144700000000.jpg,/home/ruben/halmstad_ws/models/obb/experiments/sam3_hybrid_full/runs/predictions/baylands-leader-v5-1/baylands_sam3_obb_super_75_15_10_test_all
spawn_v2_frame_000072_145700000000,matched,1,1,1,0.578801,0.578801,0.667759,/home/ruben/halmstad_ws/datasets/final/baylands_sam3_obb_super_75_15_10/images/test/spawn_v2_frame_000072_145700000000.jpg,/home/ruben/halmstad_ws/models/obb/experiments/sam3_hybrid_full/runs/predictions/baylands-leader-v5-1/baylands_sam3_obb_super_75_15_10_test_all
spawn_v2_frame_000073_146700000000,matched,1,1,1,0.618129,0.618129,0.75985,/home/ruben/halmstad_ws/datasets/final/baylands_sam3_obb_super_75_15_10/images/test/spawn_v2_frame_000073_146700000000.jpg,/home/ruben/halmstad_ws/models/obb/experiments/sam3_hybrid_full/runs/predictions/baylands-leader-v5-1/baylands_sam3_obb_super_75_15_10_test_all
spawn_v2_frame_000075_148700000000,matched,1,1,1,0.595634,0.595634,0.826015,/home/ruben/halmstad_ws/datasets/final/baylands_sam3_obb_super_75_15_10/images/test/spawn_v2_frame_000075_148700000000.jpg,/home/ruben/halmstad_ws/models/obb/experiments/sam3_hybrid_full/runs/predictions/baylands-leader-v5-1/baylands_sam3_obb_super_75_15_10_test_all
spawn_v2_frame_000082_155752000000,matched,1,1,1,0.653689,0.653689,0.894189,/home/ruben/halmstad_ws/datasets/final/baylands_sam3_obb_super_75_15_10/images/test/spawn_v2_frame_000082_155752000000.jpg,/home/ruben/halmstad_ws/models/obb/experiments/sam3_hybrid_full/runs/predictions/baylands-leader-v5-1/baylands_sam3_obb_super_75_15_10_test_all
spawn_v2_frame_000169_243600000000,matched,1,1,1,0.631501,0.631501,0.741053,/home/ruben/halmstad_ws/datasets/final/baylands_sam3_obb_super_75_15_10/images/test/spawn_v2_frame_000169_243600000000.jpg,/home/ruben/halmstad_ws/models/obb/experiments/sam3_hybrid_full/runs/predictions/baylands-leader-v5-1/baylands_sam3_obb_super_75_15_10_test_all
spawn_v2_frame_000175_249700000000,no_prediction,1,0,0,0.0,0.0,,/home/ruben/halmstad_ws/datasets/final/baylands_sam3_obb_super_75_15_10/images/test/spawn_v2_frame_000175_249700000000.jpg,/home/ruben/halmstad_ws/models/obb/experiments/sam3_hybrid_full/runs/predictions/baylands-leader-v5-1/baylands_sam3_obb_super_75_15_10_test_all
spawn_v2_frame_000179_253700000000,no_prediction,1,0,0,0.0,0.0,,/home/ruben/halmstad_ws/datasets/final/baylands_sam3_obb_super_75_15_10/images/test/spawn_v2_frame_000179_253700000000.jpg,/home/ruben/halmstad_ws/models/obb/experiments/sam3_hybrid_full/runs/predictions/baylands-leader-v5-1/baylands_sam3_obb_super_75_15_10_test_all
spawn_v2_frame_000182_256700000000,matched,1,1,1,0.454717,0.454717,0.824948,/home/ruben/halmstad_ws/datasets/final/baylands_sam3_obb_super_75_15_10/images/test/spawn_v2_frame_000182_256700000000.jpg,/home/ruben/halmstad_ws/models/obb/experiments/sam3_hybrid_full/runs/predictions/baylands-leader-v5-1/baylands_sam3_obb_super_75_15_10_test_all
spawn_v2_frame_000184_258752000000,matched,1,1,1,0.449236,0.449236,0.75009,/home/ruben/halmstad_ws/datasets/final/baylands_sam3_obb_super_75_15_10/images/test/spawn_v2_frame_000184_258752000000.jpg,/home/ruben/halmstad_ws/models/obb/experiments/sam3_hybrid_full/runs/predictions/baylands-leader-v5-1/baylands_sam3_obb_super_75_15_10_test_all
spawn_v2_frame_000186_260752000000,matched,1,1,1,0.561918,0.561918,0.372067,/home/ruben/halmstad_ws/datasets/final/baylands_sam3_obb_super_75_15_10/images/test/spawn_v2_frame_000186_260752000000.jpg,/home/ruben/halmstad_ws/models/obb/experiments/sam3_hybrid_full/runs/predictions/baylands-leader-v5-1/baylands_sam3_obb_super_75_15_10_test_all
spawn_v2_frame_000187_261752000000,no_prediction,1,0,0,0.0,0.0,,/home/ruben/halmstad_ws/datasets/final/baylands_sam3_obb_super_75_15_10/images/test/spawn_v2_frame_000187_261752000000.jpg,/home/ruben/halmstad_ws/models/obb/experiments/sam3_hybrid_full/runs/predictions/baylands-leader-v5-1/baylands_sam3_obb_super_75_15_10_test_all
spawn_v2_frame_000188_262752000000,matched,1,1,1,0.468405,0.468405,0.481829,/home/ruben/halmstad_ws/datasets/final/baylands_sam3_obb_super_75_15_10/images/test/spawn_v2_frame_000188_262752000000.jpg,/home/ruben/halmstad_ws/models/obb/experiments/sam3_hybrid_full/runs/predictions/baylands-leader-v5-1/baylands_sam3_obb_super_75_15_10_test_all
spawn_v2_frame_000189_263800000000,matched,1,1,1,0.520191,0.520191,0.299655,/home/ruben/halmstad_ws/datasets/final/baylands_sam3_obb_super_75_15_10/images/test/spawn_v2_frame_000189_263800000000.jpg,/home/ruben/halmstad_ws/models/obb/experiments/sam3_hybrid_full/runs/predictions/baylands-leader-v5-1/baylands_sam3_obb_super_75_15_10_test_all
spawn_v3_frame_000011_137200000000,correct_empty,0,0,0,0.0,0.0,,/home/ruben/halmstad_ws/datasets/final/baylands_sam3_obb_super_75_15_10/images/test/spawn_v3_frame_000011_137200000000.jpg,/home/ruben/halmstad_ws/models/obb/experiments/sam3_hybrid_full/runs/predictions/baylands-leader-v5-1/baylands_sam3_obb_super_75_15_10_test_all
spawn_v3_frame_000012_141200000000,correct_empty,0,0,0,0.0,0.0,,/home/ruben/halmstad_ws/datasets/final/baylands_sam3_obb_super_75_15_10/images/test/spawn_v3_frame_000012_141200000000.jpg,/home/ruben/halmstad_ws/models/obb/experiments/sam3_hybrid_full/runs/predictions/baylands-leader-v5-1/baylands_sam3_obb_super_75_15_10_test_all
spawn_v3_frame_000013_145300000000,matched,1,1,1,0.654346,0.654346,0.860708,/home/ruben/halmstad_ws/datasets/final/baylands_sam3_obb_super_75_15_10/images/test/spawn_v3_frame_000013_145300000000.jpg,/home/ruben/halmstad_ws/models/obb/experiments/sam3_hybrid_full/runs/predictions/baylands-leader-v5-1/baylands_sam3_obb_super_75_15_10_test_all
spawn_v3_frame_000014_149300000000,multi_prediction,1,2,1,0.42303,0.42303,0.785005,/home/ruben/halmstad_ws/datasets/final/baylands_sam3_obb_super_75_15_10/images/test/spawn_v3_frame_000014_149300000000.jpg,/home/ruben/halmstad_ws/models/obb/experiments/sam3_hybrid_full/runs/predictions/baylands-leader-v5-1/baylands_sam3_obb_super_75_15_10_test_all
spawn_v3_frame_000015_153300000000,correct_empty,0,0,0,0.0,0.0,,/home/ruben/halmstad_ws/datasets/final/baylands_sam3_obb_super_75_15_10/images/test/spawn_v3_frame_000015_153300000000.jpg,/home/ruben/halmstad_ws/models/obb/experiments/sam3_hybrid_full/runs/predictions/baylands-leader-v5-1/baylands_sam3_obb_super_75_15_10_test_all
spawn_v3_frame_000016_157300000000,correct_empty,0,0,0,0.0,0.0,,/home/ruben/halmstad_ws/datasets/final/baylands_sam3_obb_super_75_15_10/images/test/spawn_v3_frame_000016_157300000000.jpg,/home/ruben/halmstad_ws/models/obb/experiments/sam3_hybrid_full/runs/predictions/baylands-leader-v5-1/baylands_sam3_obb_super_75_15_10_test_all
spawn_v3_frame_000038_245500000000,correct_empty,0,0,0,0.0,0.0,,/home/ruben/halmstad_ws/datasets/final/baylands_sam3_obb_super_75_15_10/images/test/spawn_v3_frame_000038_245500000000.jpg,/home/ruben/halmstad_ws/models/obb/experiments/sam3_hybrid_full/runs/predictions/baylands-leader-v5-1/baylands_sam3_obb_super_75_15_10_test_all
strip_v1_frame_000009_92400000000,matched,1,1,1,0.529696,0.529696,0.621361,/home/ruben/halmstad_ws/datasets/final/baylands_sam3_obb_super_75_15_10/images/test/strip_v1_frame_000009_92400000000.jpg,/home/ruben/halmstad_ws/models/obb/experiments/sam3_hybrid_full/runs/predictions/baylands-leader-v5-1/baylands_sam3_obb_super_75_15_10_test_all
strip_v1_frame_000011_100500000000,no_prediction,1,0,0,0.0,0.0,,/home/ruben/halmstad_ws/datasets/final/baylands_sam3_obb_super_75_15_10/images/test/strip_v1_frame_000011_100500000000.jpg,/home/ruben/halmstad_ws/models/obb/experiments/sam3_hybrid_full/runs/predictions/baylands-leader-v5-1/baylands_sam3_obb_super_75_15_10_test_all
strip_v1_frame_000014_112500000000,correct_empty,0,0,0,0.0,0.0,,/home/ruben/halmstad_ws/datasets/final/baylands_sam3_obb_super_75_15_10/images/test/strip_v1_frame_000014_112500000000.jpg,/home/ruben/halmstad_ws/models/obb/experiments/sam3_hybrid_full/runs/predictions/baylands-leader-v5-1/baylands_sam3_obb_super_75_15_10_test_all
strip_v1_frame_000029_172700000000,matched,1,1,1,0.466098,0.466098,0.870532,/home/ruben/halmstad_ws/datasets/final/baylands_sam3_obb_super_75_15_10/images/test/strip_v1_frame_000029_172700000000.jpg,/home/ruben/halmstad_ws/models/obb/experiments/sam3_hybrid_full/runs/predictions/baylands-leader-v5-1/baylands_sam3_obb_super_75_15_10_test_all
strip_v1_frame_000030_176700000000,matched,1,1,1,0.627996,0.627996,0.891385,/home/ruben/halmstad_ws/datasets/final/baylands_sam3_obb_super_75_15_10/images/test/strip_v1_frame_000030_176700000000.jpg,/home/ruben/halmstad_ws/models/obb/experiments/sam3_hybrid_full/runs/predictions/baylands-leader-v5-1/baylands_sam3_obb_super_75_15_10_test_all
strip_v1_frame_000032_184700000000,correct_empty,0,0,0,0.0,0.0,,/home/ruben/halmstad_ws/datasets/final/baylands_sam3_obb_super_75_15_10/images/test/strip_v1_frame_000032_184700000000.jpg,/home/ruben/halmstad_ws/models/obb/experiments/sam3_hybrid_full/runs/predictions/baylands-leader-v5-1/baylands_sam3_obb_super_75_15_10_test_all
strip_v2_frame_000004_94800000000,multi_prediction,1,2,1,0.509315,0.509315,0.438002,/home/ruben/halmstad_ws/datasets/final/baylands_sam3_obb_super_75_15_10/images/test/strip_v2_frame_000004_94800000000.jpg,/home/ruben/halmstad_ws/models/obb/experiments/sam3_hybrid_full/runs/predictions/baylands-leader-v5-1/baylands_sam3_obb_super_75_15_10_test_all
strip_v2_frame_000005_98800000000,matched,1,1,1,1.0,1.0,0.585177,/home/ruben/halmstad_ws/datasets/final/baylands_sam3_obb_super_75_15_10/images/test/strip_v2_frame_000005_98800000000.jpg,/home/ruben/halmstad_ws/models/obb/experiments/sam3_hybrid_full/runs/predictions/baylands-leader-v5-1/baylands_sam3_obb_super_75_15_10_test_all
strip_v2_frame_000025_178900000000,correct_empty,0,0,0,0.0,0.0,,/home/ruben/halmstad_ws/datasets/final/baylands_sam3_obb_super_75_15_10/images/test/strip_v2_frame_000025_178900000000.jpg,/home/ruben/halmstad_ws/models/obb/experiments/sam3_hybrid_full/runs/predictions/baylands-leader-v5-1/baylands_sam3_obb_super_75_15_10_test_all
strip_v2_frame_000026_183000000000,correct_empty,0,0,0,0.0,0.0,,/home/ruben/halmstad_ws/datasets/final/baylands_sam3_obb_super_75_15_10/images/test/strip_v2_frame_000026_183000000000.jpg,/home/ruben/halmstad_ws/models/obb/experiments/sam3_hybrid_full/runs/predictions/baylands-leader-v5-1/baylands_sam3_obb_super_75_15_10_test_all
strip_v3_frame_000017_95952000000,no_prediction,1,0,0,0.0,0.0,,/home/ruben/halmstad_ws/datasets/final/baylands_sam3_obb_super_75_15_10/images/test/strip_v3_frame_000017_95952000000.jpg,/home/ruben/halmstad_ws/models/obb/experiments/sam3_hybrid_full/runs/predictions/baylands-leader-v5-1/baylands_sam3_obb_super_75_15_10_test_all
strip_v3_frame_000019_98000000000,matched,1,1,1,0.481837,0.481837,0.569516,/home/ruben/halmstad_ws/datasets/final/baylands_sam3_obb_super_75_15_10/images/test/strip_v3_frame_000019_98000000000.jpg,/home/ruben/halmstad_ws/models/obb/experiments/sam3_hybrid_full/runs/predictions/baylands-leader-v5-1/baylands_sam3_obb_super_75_15_10_test_all
strip_v3_frame_000020_99000000000,matched,1,1,1,0.555094,0.555094,0.598346,/home/ruben/halmstad_ws/datasets/final/baylands_sam3_obb_super_75_15_10/images/test/strip_v3_frame_000020_99000000000.jpg,/home/ruben/halmstad_ws/models/obb/experiments/sam3_hybrid_full/runs/predictions/baylands-leader-v5-1/baylands_sam3_obb_super_75_15_10_test_all
strip_v3_frame_000021_100052000000,matched,1,1,1,0.318175,0.318175,0.253022,/home/ruben/halmstad_ws/datasets/final/baylands_sam3_obb_super_75_15_10/images/test/strip_v3_frame_000021_100052000000.jpg,/home/ruben/halmstad_ws/models/obb/experiments/sam3_hybrid_full/runs/predictions/baylands-leader-v5-1/baylands_sam3_obb_super_75_15_10_test_all
strip_v3_frame_000029_108100000000,matched,1,1,1,0.505771,0.505771,0.422952,/home/ruben/halmstad_ws/datasets/final/baylands_sam3_obb_super_75_15_10/images/test/strip_v3_frame_000029_108100000000.jpg,/home/ruben/halmstad_ws/models/obb/experiments/sam3_hybrid_full/runs/predictions/baylands-leader-v5-1/baylands_sam3_obb_super_75_15_10_test_all
strip_v3_frame_000083_172852000000,correct_empty,0,0,0,0.0,0.0,,/home/ruben/halmstad_ws/datasets/final/baylands_sam3_obb_super_75_15_10/images/test/strip_v3_frame_000083_172852000000.jpg,/home/ruben/halmstad_ws/models/obb/experiments/sam3_hybrid_full/runs/predictions/baylands-leader-v5-1/baylands_sam3_obb_super_75_15_10_test_all
strip_v3_frame_000084_173852000000,matched,1,1,1,0.723643,0.723643,0.893054,/home/ruben/halmstad_ws/datasets/final/baylands_sam3_obb_super_75_15_10/images/test/strip_v3_frame_000084_173852000000.jpg,/home/ruben/halmstad_ws/models/obb/experiments/sam3_hybrid_full/runs/predictions/baylands-leader-v5-1/baylands_sam3_obb_super_75_15_10_test_all
strip_v3_frame_000096_185952000000,matched,1,1,1,0.801479,0.801479,0.605592,/home/ruben/halmstad_ws/datasets/final/baylands_sam3_obb_super_75_15_10/images/test/strip_v3_frame_000096_185952000000.jpg,/home/ruben/halmstad_ws/models/obb/experiments/sam3_hybrid_full/runs/predictions/baylands-leader-v5-1/baylands_sam3_obb_super_75_15_10_test_all
strip_v3_frame_000097_186952000000,matched,1,1,1,0.477557,0.477557,0.528286,/home/ruben/halmstad_ws/datasets/final/baylands_sam3_obb_super_75_15_10/images/test/strip_v3_frame_000097_186952000000.jpg,/home/ruben/halmstad_ws/models/obb/experiments/sam3_hybrid_full/runs/predictions/baylands-leader-v5-1/baylands_sam3_obb_super_75_15_10_test_all
strip_v4_frame_000003_95200000000,matched,1,1,1,0.472048,0.472048,0.792224,/home/ruben/halmstad_ws/datasets/final/baylands_sam3_obb_super_75_15_10/images/test/strip_v4_frame_000003_95200000000.jpg,/home/ruben/halmstad_ws/models/obb/experiments/sam3_hybrid_full/runs/predictions/baylands-leader-v5-1/baylands_sam3_obb_super_75_15_10_test_all
strip_v4_frame_000004_99200000000,no_prediction,1,0,0,0.0,0.0,,/home/ruben/halmstad_ws/datasets/final/baylands_sam3_obb_super_75_15_10/images/test/strip_v4_frame_000004_99200000000.jpg,/home/ruben/halmstad_ws/models/obb/experiments/sam3_hybrid_full/runs/predictions/baylands-leader-v5-1/baylands_sam3_obb_super_75_15_10_test_all
strip_v4_frame_000005_103200000000,matched,1,1,1,0.526213,0.526213,0.71971,/home/ruben/halmstad_ws/datasets/final/baylands_sam3_obb_super_75_15_10/images/test/strip_v4_frame_000005_103200000000.jpg,/home/ruben/halmstad_ws/models/obb/experiments/sam3_hybrid_full/runs/predictions/baylands-leader-v5-1/baylands_sam3_obb_super_75_15_10_test_all
strip_v4_frame_000007_111200000000,matched,1,1,1,0.629179,0.629179,0.483184,/home/ruben/halmstad_ws/datasets/final/baylands_sam3_obb_super_75_15_10/images/test/strip_v4_frame_000007_111200000000.jpg,/home/ruben/halmstad_ws/models/obb/experiments/sam3_hybrid_full/runs/predictions/baylands-leader-v5-1/baylands_sam3_obb_super_75_15_10_test_all
strip_v4_frame_000023_175400000000,matched,1,1,1,0.67826,0.67826,0.766001,/home/ruben/halmstad_ws/datasets/final/baylands_sam3_obb_super_75_15_10/images/test/strip_v4_frame_000023_175400000000.jpg,/home/ruben/halmstad_ws/models/obb/experiments/sam3_hybrid_full/runs/predictions/baylands-leader-v5-1/baylands_sam3_obb_super_75_15_10_test_all
strip_v4_frame_000024_179400000000,correct_empty,0,0,0,0.0,0.0,,/home/ruben/halmstad_ws/datasets/final/baylands_sam3_obb_super_75_15_10/images/test/strip_v4_frame_000024_179400000000.jpg,/home/ruben/halmstad_ws/models/obb/experiments/sam3_hybrid_full/runs/predictions/baylands-leader-v5-1/baylands_sam3_obb_super_75_15_10_test_all
strip_v4_frame_000025_183400000000,matched,1,1,1,0.535645,0.535645,0.349234,/home/ruben/halmstad_ws/datasets/final/baylands_sam3_obb_super_75_15_10/images/test/strip_v4_frame_000025_183400000000.jpg,/home/ruben/halmstad_ws/models/obb/experiments/sam3_hybrid_full/runs/predictions/baylands-leader-v5-1/baylands_sam3_obb_super_75_15_10_test_all
strip_v5_frame_000000_110252000000,matched,1,1,1,0.55798,0.55798,0.865892,/home/ruben/halmstad_ws/datasets/final/baylands_sam3_obb_super_75_15_10/images/test/strip_v5_frame_000000_110252000000.jpg,/home/ruben/halmstad_ws/models/obb/experiments/sam3_hybrid_full/runs/predictions/baylands-leader-v5-1/baylands_sam3_obb_super_75_15_10_test_all
strip_v5_frame_000004_114252000000,matched,1,1,1,0.613693,0.613693,0.765443,/home/ruben/halmstad_ws/datasets/final/baylands_sam3_obb_super_75_15_10/images/test/strip_v5_frame_000004_114252000000.jpg,/home/ruben/halmstad_ws/models/obb/experiments/sam3_hybrid_full/runs/predictions/baylands-leader-v5-1/baylands_sam3_obb_super_75_15_10_test_all
strip_v5_frame_000007_117252000000,matched,1,1,1,0.671949,0.671949,0.699258,/home/ruben/halmstad_ws/datasets/final/baylands_sam3_obb_super_75_15_10/images/test/strip_v5_frame_000007_117252000000.jpg,/home/ruben/halmstad_ws/models/obb/experiments/sam3_hybrid_full/runs/predictions/baylands-leader-v5-1/baylands_sam3_obb_super_75_15_10_test_all
strip_v5_frame_000051_171552000000,matched,1,1,1,0.729846,0.729846,0.880298,/home/ruben/halmstad_ws/datasets/final/baylands_sam3_obb_super_75_15_10/images/test/strip_v5_frame_000051_171552000000.jpg,/home/ruben/halmstad_ws/models/obb/experiments/sam3_hybrid_full/runs/predictions/baylands-leader-v5-1/baylands_sam3_obb_super_75_15_10_test_all
strip_v5_frame_000052_172600000000,matched,1,1,1,0.549022,0.549022,0.832029,/home/ruben/halmstad_ws/datasets/final/baylands_sam3_obb_super_75_15_10/images/test/strip_v5_frame_000052_172600000000.jpg,/home/ruben/halmstad_ws/models/obb/experiments/sam3_hybrid_full/runs/predictions/baylands-leader-v5-1/baylands_sam3_obb_super_75_15_10_test_all
strip_v5_frame_000053_173600000000,matched,1,1,1,0.663736,0.663736,0.88779,/home/ruben/halmstad_ws/datasets/final/baylands_sam3_obb_super_75_15_10/images/test/strip_v5_frame_000053_173600000000.jpg,/home/ruben/halmstad_ws/models/obb/experiments/sam3_hybrid_full/runs/predictions/baylands-leader-v5-1/baylands_sam3_obb_super_75_15_10_test_all
strip_v5_frame_000054_174600000000,matched,1,1,1,0.617954,0.617954,0.850132,/home/ruben/halmstad_ws/datasets/final/baylands_sam3_obb_super_75_15_10/images/test/strip_v5_frame_000054_174600000000.jpg,/home/ruben/halmstad_ws/models/obb/experiments/sam3_hybrid_full/runs/predictions/baylands-leader-v5-1/baylands_sam3_obb_super_75_15_10_test_all
strip_v5_frame_000056_179552000000,matched,1,1,1,0.504915,0.504915,0.832541,/home/ruben/halmstad_ws/datasets/final/baylands_sam3_obb_super_75_15_10/images/test/strip_v5_frame_000056_179552000000.jpg,/home/ruben/halmstad_ws/models/obb/experiments/sam3_hybrid_full/runs/predictions/baylands-leader-v5-1/baylands_sam3_obb_super_75_15_10_test_all
strip_v5_frame_000057_180552000000,no_prediction,1,0,0,0.0,0.0,,/home/ruben/halmstad_ws/datasets/final/baylands_sam3_obb_super_75_15_10/images/test/strip_v5_frame_000057_180552000000.jpg,/home/ruben/halmstad_ws/models/obb/experiments/sam3_hybrid_full/runs/predictions/baylands-leader-v5-1/baylands_sam3_obb_super_75_15_10_test_all
strip_v5_frame_000058_181552000000,matched,1,1,1,0.510209,0.510209,0.863805,/home/ruben/halmstad_ws/datasets/final/baylands_sam3_obb_super_75_15_10/images/test/strip_v5_frame_000058_181552000000.jpg,/home/ruben/halmstad_ws/models/obb/experiments/sam3_hybrid_full/runs/predictions/baylands-leader-v5-1/baylands_sam3_obb_super_75_15_10_test_all
strip_v5_frame_000059_182552000000,matched,1,1,1,0.52852,0.52852,0.917893,/home/ruben/halmstad_ws/datasets/final/baylands_sam3_obb_super_75_15_10/images/test/strip_v5_frame_000059_182552000000.jpg,/home/ruben/halmstad_ws/models/obb/experiments/sam3_hybrid_full/runs/predictions/baylands-leader-v5-1/baylands_sam3_obb_super_75_15_10_test_all
strip_v5_frame_000060_183552000000,matched,1,1,1,0.528358,0.528358,0.902915,/home/ruben/halmstad_ws/datasets/final/baylands_sam3_obb_super_75_15_10/images/test/strip_v5_frame_000060_183552000000.jpg,/home/ruben/halmstad_ws/models/obb/experiments/sam3_hybrid_full/runs/predictions/baylands-leader-v5-1/baylands_sam3_obb_super_75_15_10_test_all
strip_v5_frame_000062_185600000000,matched,1,1,1,0.486808,0.486808,0.497062,/home/ruben/halmstad_ws/datasets/final/baylands_sam3_obb_super_75_15_10/images/test/strip_v5_frame_000062_185600000000.jpg,/home/ruben/halmstad_ws/models/obb/experiments/sam3_hybrid_full/runs/predictions/baylands-leader-v5-1/baylands_sam3_obb_super_75_15_10_test_all
strip_v5_frame_000063_186600000000,matched,1,1,1,0.570914,0.570914,0.731991,/home/ruben/halmstad_ws/datasets/final/baylands_sam3_obb_super_75_15_10/images/test/strip_v5_frame_000063_186600000000.jpg,/home/ruben/halmstad_ws/models/obb/experiments/sam3_hybrid_full/runs/predictions/baylands-leader-v5-1/baylands_sam3_obb_super_75_15_10_test_all
strip_v7_frame_000019_91652000000,matched,1,1,1,0.505515,0.505515,0.657299,/home/ruben/halmstad_ws/datasets/final/baylands_sam3_obb_super_75_15_10/images/test/strip_v7_frame_000019_91652000000.jpg,/home/ruben/halmstad_ws/models/obb/experiments/sam3_hybrid_full/runs/predictions/baylands-leader-v5-1/baylands_sam3_obb_super_75_15_10_test_all
strip_v7_frame_000022_94752000000,matched,1,1,1,0.533049,0.533049,0.893227,/home/ruben/halmstad_ws/datasets/final/baylands_sam3_obb_super_75_15_10/images/test/strip_v7_frame_000022_94752000000.jpg,/home/ruben/halmstad_ws/models/obb/experiments/sam3_hybrid_full/runs/predictions/baylands-leader-v5-1/baylands_sam3_obb_super_75_15_10_test_all
strip_v7_frame_000027_99800000000,no_prediction,1,0,0,0.0,0.0,,/home/ruben/halmstad_ws/datasets/final/baylands_sam3_obb_super_75_15_10/images/test/strip_v7_frame_000027_99800000000.jpg,/home/ruben/halmstad_ws/models/obb/experiments/sam3_hybrid_full/runs/predictions/baylands-leader-v5-1/baylands_sam3_obb_super_75_15_10_test_all
strip_v7_frame_000028_100800000000,matched,1,1,1,0.529734,0.529734,0.454351,/home/ruben/halmstad_ws/datasets/final/baylands_sam3_obb_super_75_15_10/images/test/strip_v7_frame_000028_100800000000.jpg,/home/ruben/halmstad_ws/models/obb/experiments/sam3_hybrid_full/runs/predictions/baylands-leader-v5-1/baylands_sam3_obb_super_75_15_10_test_all
strip_v7_frame_000029_101852000000,matched,1,1,1,0.510981,0.510981,0.336984,/home/ruben/halmstad_ws/datasets/final/baylands_sam3_obb_super_75_15_10/images/test/strip_v7_frame_000029_101852000000.jpg,/home/ruben/halmstad_ws/models/obb/experiments/sam3_hybrid_full/runs/predictions/baylands-leader-v5-1/baylands_sam3_obb_super_75_15_10_test_all
strip_v7_frame_000031_103900000000,no_prediction,1,0,0,0.0,0.0,,/home/ruben/halmstad_ws/datasets/final/baylands_sam3_obb_super_75_15_10/images/test/strip_v7_frame_000031_103900000000.jpg,/home/ruben/halmstad_ws/models/obb/experiments/sam3_hybrid_full/runs/predictions/baylands-leader-v5-1/baylands_sam3_obb_super_75_15_10_test_all
strip_v7_frame_000032_104900000000,matched,1,1,1,0.552193,0.552193,0.796709,/home/ruben/halmstad_ws/datasets/final/baylands_sam3_obb_super_75_15_10/images/test/strip_v7_frame_000032_104900000000.jpg,/home/ruben/halmstad_ws/models/obb/experiments/sam3_hybrid_full/runs/predictions/baylands-leader-v5-1/baylands_sam3_obb_super_75_15_10_test_all
strip_v7_frame_000039_112000000000,matched,1,1,1,0.526776,0.526776,0.689018,/home/ruben/halmstad_ws/datasets/final/baylands_sam3_obb_super_75_15_10/images/test/strip_v7_frame_000039_112000000000.jpg,/home/ruben/halmstad_ws/models/obb/experiments/sam3_hybrid_full/runs/predictions/baylands-leader-v5-1/baylands_sam3_obb_super_75_15_10_test_all
strip_v7_frame_000094_177300000000,correct_empty,0,0,0,0.0,0.0,,/home/ruben/halmstad_ws/datasets/final/baylands_sam3_obb_super_75_15_10/images/test/strip_v7_frame_000094_177300000000.jpg,/home/ruben/halmstad_ws/models/obb/experiments/sam3_hybrid_full/runs/predictions/baylands-leader-v5-1/baylands_sam3_obb_super_75_15_10_test_all
strip_v7_frame_000099_182352000000,matched,1,1,1,0.825057,0.825057,0.859874,/home/ruben/halmstad_ws/datasets/final/baylands_sam3_obb_super_75_15_10/images/test/strip_v7_frame_000099_182352000000.jpg,/home/ruben/halmstad_ws/models/obb/experiments/sam3_hybrid_full/runs/predictions/baylands-leader-v5-1/baylands_sam3_obb_super_75_15_10_test_all
