stem,status,gt_count,pred_count,matches,best_iou,mean_iou,max_conf,image,pred_dir
parkinglot_east_v1_frame_000015_113500000000,matched,1,1,1,0.627956,0.627956,0.694775,/home/ruben/halmstad_ws/datasets/final/baylands_sam3_obb_super_75_15_10/images/test/parkinglot_east_v1_frame_000015_113500000000.jpg,/home/ruben/halmstad_ws/models/obb/experiments/sam3_hybrid_full/runs/predictions/baylands-original-yolo26n/baylands_sam3_obb_super_75_15_10_test_all
parkinglot_east_v1_frame_000016_117500000000,correct_empty,0,0,0,0.0,0.0,,/home/ruben/halmstad_ws/datasets/final/baylands_sam3_obb_super_75_15_10/images/test/parkinglot_east_v1_frame_000016_117500000000.jpg,/home/ruben/halmstad_ws/models/obb/experiments/sam3_hybrid_full/runs/predictions/baylands-original-yolo26n/baylands_sam3_obb_super_75_15_10_test_all
parkinglot_east_v2_frame_000000_168400000000,matched,1,1,1,0.793192,0.793192,0.669548,/home/ruben/halmstad_ws/datasets/final/baylands_sam3_obb_super_75_15_10/images/test/parkinglot_east_v2_frame_000000_168400000000.jpg,/home/ruben/halmstad_ws/models/obb/experiments/sam3_hybrid_full/runs/predictions/baylands-original-yolo26n/baylands_sam3_obb_super_75_15_10_test_all
parkinglot_east_v2_frame_000001_169400000000,matched,1,1,1,0.755495,0.755495,0.737984,/home/ruben/halmstad_ws/datasets/final/baylands_sam3_obb_super_75_15_10/images/test/parkinglot_east_v2_frame_000001_169400000000.jpg,/home/ruben/halmstad_ws/models/obb/experiments/sam3_hybrid_full/runs/predictions/baylands-original-yolo26n/baylands_sam3_obb_super_75_15_10_test_all
parkinglot_east_v2_frame_000002_170500000000,matched,1,1,1,0.592458,0.592458,0.70331,/home/ruben/halmstad_ws/datasets/final/baylands_sam3_obb_super_75_15_10/images/test/parkinglot_east_v2_frame_000002_170500000000.jpg,/home/ruben/halmstad_ws/models/obb/experiments/sam3_hybrid_full/runs/predictions/baylands-original-yolo26n/baylands_sam3_obb_super_75_15_10_test_all
parkinglot_east_v2_frame_000005_173500000000,matched,1,1,1,0.538883,0.538883,0.323147,/home/ruben/halmstad_ws/datasets/final/baylands_sam3_obb_super_75_15_10/images/test/parkinglot_east_v2_frame_000005_173500000000.jpg,/home/ruben/halmstad_ws/models/obb/experiments/sam3_hybrid_full/runs/predictions/baylands-original-yolo26n/baylands_sam3_obb_super_75_15_10_test_all
parkinglot_east_v2_frame_000007_175500000000,matched,1,1,1,0.668999,0.668999,0.512785,/home/ruben/halmstad_ws/datasets/final/baylands_sam3_obb_super_75_15_10/images/test/parkinglot_east_v2_frame_000007_175500000000.jpg,/home/ruben/halmstad_ws/models/obb/experiments/sam3_hybrid_full/runs/predictions/baylands-original-yolo26n/baylands_sam3_obb_super_75_15_10_test_all
parkinglot_east_v2_frame_000009_177500000000,matched,1,1,1,0.649286,0.649286,0.514277,/home/ruben/halmstad_ws/datasets/final/baylands_sam3_obb_super_75_15_10/images/test/parkinglot_east_v2_frame_000009_177500000000.jpg,/home/ruben/halmstad_ws/models/obb/experiments/sam3_hybrid_full/runs/predictions/baylands-original-yolo26n/baylands_sam3_obb_super_75_15_10_test_all
parkinglot_east_v2_frame_000010_178500000000,multi_prediction,1,2,1,0.660657,0.660657,0.444166,/home/ruben/halmstad_ws/datasets/final/baylands_sam3_obb_super_75_15_10/images/test/parkinglot_east_v2_frame_000010_178500000000.jpg,/home/ruben/halmstad_ws/models/obb/experiments/sam3_hybrid_full/runs/predictions/baylands-original-yolo26n/baylands_sam3_obb_super_75_15_10_test_all
parkinglot_east_v3_frame_000269_512600000000,matched,1,1,1,0.390588,0.390588,0.42903,/home/ruben/halmstad_ws/datasets/final/baylands_sam3_obb_super_75_15_10/images/test/parkinglot_east_v3_frame_000269_512600000000.jpg,/home/ruben/halmstad_ws/models/obb/experiments/sam3_hybrid_full/runs/predictions/baylands-original-yolo26n/baylands_sam3_obb_super_75_15_10_test_all
parkinglot_east_v3_frame_000270_513600000000,matched,1,1,1,0.449235,0.449235,0.342075,/home/ruben/halmstad_ws/datasets/final/baylands_sam3_obb_super_75_15_10/images/test/parkinglot_east_v3_frame_000270_513600000000.jpg,/home/ruben/halmstad_ws/models/obb/experiments/sam3_hybrid_full/runs/predictions/baylands-original-yolo26n/baylands_sam3_obb_super_75_15_10_test_all
parkinglot_east_v3_frame_000272_515700000000,matched,1,1,1,0.561935,0.561935,0.337382,/home/ruben/halmstad_ws/datasets/final/baylands_sam3_obb_super_75_15_10/images/test/parkinglot_east_v3_frame_000272_515700000000.jpg,/home/ruben/halmstad_ws/models/obb/experiments/sam3_hybrid_full/runs/predictions/baylands-original-yolo26n/baylands_sam3_obb_super_75_15_10_test_all
parkinglot_east_v3_frame_000273_516700000000,matched,1,1,1,0.44623,0.44623,0.267238,/home/ruben/halmstad_ws/datasets/final/baylands_sam3_obb_super_75_15_10/images/test/parkinglot_east_v3_frame_000273_516700000000.jpg,/home/ruben/halmstad_ws/models/obb/experiments/sam3_hybrid_full/runs/predictions/baylands-original-yolo26n/baylands_sam3_obb_super_75_15_10_test_all
parkinglot_east_v3_frame_000274_517700000000,matched,1,1,1,0.49023,0.49023,0.616138,/home/ruben/halmstad_ws/datasets/final/baylands_sam3_obb_super_75_15_10/images/test/parkinglot_east_v3_frame_000274_517700000000.jpg,/home/ruben/halmstad_ws/models/obb/experiments/sam3_hybrid_full/runs/predictions/baylands-original-yolo26n/baylands_sam3_obb_super_75_15_10_test_all
parkinglot_east_v3_frame_000275_518700000000,matched,1,1,1,0.493502,0.493502,0.362232,/home/ruben/halmstad_ws/datasets/final/baylands_sam3_obb_super_75_15_10/images/test/parkinglot_east_v3_frame_000275_518700000000.jpg,/home/ruben/halmstad_ws/models/obb/experiments/sam3_hybrid_full/runs/predictions/baylands-original-yolo26n/baylands_sam3_obb_super_75_15_10_test_all
parkinglot_east_v3_frame_000276_519700000000,matched,1,1,1,0.502986,0.502986,0.419933,/home/ruben/halmstad_ws/datasets/final/baylands_sam3_obb_super_75_15_10/images/test/parkinglot_east_v3_frame_000276_519700000000.jpg,/home/ruben/halmstad_ws/models/obb/experiments/sam3_hybrid_full/runs/predictions/baylands-original-yolo26n/baylands_sam3_obb_super_75_15_10_test_all
parkinglot_east_v3_frame_000277_520700000000,matched,1,1,1,0.622214,0.622214,0.430782,/home/ruben/halmstad_ws/datasets/final/baylands_sam3_obb_super_75_15_10/images/test/parkinglot_east_v3_frame_000277_520700000000.jpg,/home/ruben/halmstad_ws/models/obb/experiments/sam3_hybrid_full/runs/predictions/baylands-original-yolo26n/baylands_sam3_obb_super_75_15_10_test_all
parkinglot_east_v3_frame_000278_521700000000,matched,1,1,1,0.567676,0.567676,0.520041,/home/ruben/halmstad_ws/datasets/final/baylands_sam3_obb_super_75_15_10/images/test/parkinglot_east_v3_frame_000278_521700000000.jpg,/home/ruben/halmstad_ws/models/obb/experiments/sam3_hybrid_full/runs/predictions/baylands-original-yolo26n/baylands_sam3_obb_super_75_15_10_test_all
parkinglot_east_v3_frame_000279_522700000000,matched,1,1,1,0.490899,0.490899,0.377973,/home/ruben/halmstad_ws/datasets/final/baylands_sam3_obb_super_75_15_10/images/test/parkinglot_east_v3_frame_000279_522700000000.jpg,/home/ruben/halmstad_ws/models/obb/experiments/sam3_hybrid_full/runs/predictions/baylands-original-yolo26n/baylands_sam3_obb_super_75_15_10_test_all
parkinglot_east_v3_frame_000280_523800000000,matched,1,1,1,0.583179,0.583179,0.445026,/home/ruben/halmstad_ws/datasets/final/baylands_sam3_obb_super_75_15_10/images/test/parkinglot_east_v3_frame_000280_523800000000.jpg,/home/ruben/halmstad_ws/models/obb/experiments/sam3_hybrid_full/runs/predictions/baylands-original-yolo26n/baylands_sam3_obb_super_75_15_10_test_all
parkinglot_east_v3_frame_000281_524800000000,matched,1,1,1,0.529897,0.529897,0.391958,/home/ruben/halmstad_ws/datasets/final/baylands_sam3_obb_super_75_15_10/images/test/parkinglot_east_v3_frame_000281_524800000000.jpg,/home/ruben/halmstad_ws/models/obb/experiments/sam3_hybrid_full/runs/predictions/baylands-original-yolo26n/baylands_sam3_obb_super_75_15_10_test_all
parkinglot_east_v3_frame_000282_525800000000,multi_prediction,1,2,1,0.511252,0.511252,0.370738,/home/ruben/halmstad_ws/datasets/final/baylands_sam3_obb_super_75_15_10/images/test/parkinglot_east_v3_frame_000282_525800000000.jpg,/home/ruben/halmstad_ws/models/obb/experiments/sam3_hybrid_full/runs/predictions/baylands-original-yolo26n/baylands_sam3_obb_super_75_15_10_test_all
parkinglot_east_v3_frame_000283_526800000000,matched,1,1,1,0.457006,0.457006,0.580471,/home/ruben/halmstad_ws/datasets/final/baylands_sam3_obb_super_75_15_10/images/test/parkinglot_east_v3_frame_000283_526800000000.jpg,/home/ruben/halmstad_ws/models/obb/experiments/sam3_hybrid_full/runs/predictions/baylands-original-yolo26n/baylands_sam3_obb_super_75_15_10_test_all
parkinglot_east_v3_frame_000284_527800000000,matched,1,1,1,0.506019,0.506019,0.619322,/home/ruben/halmstad_ws/datasets/final/baylands_sam3_obb_super_75_15_10/images/test/parkinglot_east_v3_frame_000284_527800000000.jpg,/home/ruben/halmstad_ws/models/obb/experiments/sam3_hybrid_full/runs/predictions/baylands-original-yolo26n/baylands_sam3_obb_super_75_15_10_test_all
parkinglot_east_v3_frame_000285_528800000000,matched,1,1,1,0.491046,0.491046,0.569966,/home/ruben/halmstad_ws/datasets/final/baylands_sam3_obb_super_75_15_10/images/test/parkinglot_east_v3_frame_000285_528800000000.jpg,/home/ruben/halmstad_ws/models/obb/experiments/sam3_hybrid_full/runs/predictions/baylands-original-yolo26n/baylands_sam3_obb_super_75_15_10_test_all
parkinglot_east_v3_frame_000286_529800000000,multi_prediction,1,2,1,0.625307,0.625307,0.338539,/home/ruben/halmstad_ws/datasets/final/baylands_sam3_obb_super_75_15_10/images/test/parkinglot_east_v3_frame_000286_529800000000.jpg,/home/ruben/halmstad_ws/models/obb/experiments/sam3_hybrid_full/runs/predictions/baylands-original-yolo26n/baylands_sam3_obb_super_75_15_10_test_all
parkinglot_east_v3_frame_000287_530800000000,matched,1,1,1,0.692551,0.692551,0.524444,/home/ruben/halmstad_ws/datasets/final/baylands_sam3_obb_super_75_15_10/images/test/parkinglot_east_v3_frame_000287_530800000000.jpg,/home/ruben/halmstad_ws/models/obb/experiments/sam3_hybrid_full/runs/predictions/baylands-original-yolo26n/baylands_sam3_obb_super_75_15_10_test_all
parkinglot_east_v3_frame_000288_531800000000,matched,1,1,1,0.50335,0.50335,0.647957,/home/ruben/halmstad_ws/datasets/final/baylands_sam3_obb_super_75_15_10/images/test/parkinglot_east_v3_frame_000288_531800000000.jpg,/home/ruben/halmstad_ws/models/obb/experiments/sam3_hybrid_full/runs/predictions/baylands-original-yolo26n/baylands_sam3_obb_super_75_15_10_test_all
parkinglot_east_v3_frame_000289_532800000000,matched,1,1,1,0.651113,0.651113,0.349631,/home/ruben/halmstad_ws/datasets/final/baylands_sam3_obb_super_75_15_10/images/test/parkinglot_east_v3_frame_000289_532800000000.jpg,/home/ruben/halmstad_ws/models/obb/experiments/sam3_hybrid_full/runs/predictions/baylands-original-yolo26n/baylands_sam3_obb_super_75_15_10_test_all
parkinglot_east_v3_frame_000290_533900000000,matched,1,1,1,0.602998,0.602998,0.664298,/home/ruben/halmstad_ws/datasets/final/baylands_sam3_obb_super_75_15_10/images/test/parkinglot_east_v3_frame_000290_533900000000.jpg,/home/ruben/halmstad_ws/models/obb/experiments/sam3_hybrid_full/runs/predictions/baylands-original-yolo26n/baylands_sam3_obb_super_75_15_10_test_all
parkinglot_east_v3_frame_000291_534900000000,matched,1,1,1,0.583185,0.583185,0.507529,/home/ruben/halmstad_ws/datasets/final/baylands_sam3_obb_super_75_15_10/images/test/parkinglot_east_v3_frame_000291_534900000000.jpg,/home/ruben/halmstad_ws/models/obb/experiments/sam3_hybrid_full/runs/predictions/baylands-original-yolo26n/baylands_sam3_obb_super_75_15_10_test_all
parkinglot_east_v3_frame_000293_536900000000,matched,1,1,1,0.432139,0.432139,0.587063,/home/ruben/halmstad_ws/datasets/final/baylands_sam3_obb_super_75_15_10/images/test/parkinglot_east_v3_frame_000293_536900000000.jpg,/home/ruben/halmstad_ws/models/obb/experiments/sam3_hybrid_full/runs/predictions/baylands-original-yolo26n/baylands_sam3_obb_super_75_15_10_test_all
parkinglot_east_v3_frame_000294_537900000000,matched,1,1,1,0.498888,0.498888,0.602614,/home/ruben/halmstad_ws/datasets/final/baylands_sam3_obb_super_75_15_10/images/test/parkinglot_east_v3_frame_000294_537900000000.jpg,/home/ruben/halmstad_ws/models/obb/experiments/sam3_hybrid_full/runs/predictions/baylands-original-yolo26n/baylands_sam3_obb_super_75_15_10_test_all
parkinglot_east_v3_frame_000295_538900000000,matched,1,1,1,0.475309,0.475309,0.599153,/home/ruben/halmstad_ws/datasets/final/baylands_sam3_obb_super_75_15_10/images/test/parkinglot_east_v3_frame_000295_538900000000.jpg,/home/ruben/halmstad_ws/models/obb/experiments/sam3_hybrid_full/runs/predictions/baylands-original-yolo26n/baylands_sam3_obb_super_75_15_10_test_all
parkinglot_east_v4_frame_000010_113700000000,correct_empty,0,0,0,0.0,0.0,,/home/ruben/halmstad_ws/datasets/final/baylands_sam3_obb_super_75_15_10/images/test/parkinglot_east_v4_frame_000010_113700000000.jpg,/home/ruben/halmstad_ws/models/obb/experiments/sam3_hybrid_full/runs/predictions/baylands-original-yolo26n/baylands_sam3_obb_super_75_15_10_test_all
parkinglot_east_v4_frame_000012_121700000000,matched,1,1,1,0.73411,0.73411,0.44381,/home/ruben/halmstad_ws/datasets/final/baylands_sam3_obb_super_75_15_10/images/test/parkinglot_east_v4_frame_000012_121700000000.jpg,/home/ruben/halmstad_ws/models/obb/experiments/sam3_hybrid_full/runs/predictions/baylands-original-yolo26n/baylands_sam3_obb_super_75_15_10_test_all
parkinglot_east_v4_frame_000013_125700000000,matched,1,1,1,0.46269,0.46269,0.561728,/home/ruben/halmstad_ws/datasets/final/baylands_sam3_obb_super_75_15_10/images/test/parkinglot_east_v4_frame_000013_125700000000.jpg,/home/ruben/halmstad_ws/models/obb/experiments/sam3_hybrid_full/runs/predictions/baylands-original-yolo26n/baylands_sam3_obb_super_75_15_10_test_all
parkinglot_east_v4_frame_000014_129700000000,correct_empty,0,0,0,0.0,0.0,,/home/ruben/halmstad_ws/datasets/final/baylands_sam3_obb_super_75_15_10/images/test/parkinglot_east_v4_frame_000014_129700000000.jpg,/home/ruben/halmstad_ws/models/obb/experiments/sam3_hybrid_full/runs/predictions/baylands-original-yolo26n/baylands_sam3_obb_super_75_15_10_test_all
parkinglot_east_v4_frame_000015_133700000000,matched,1,1,1,0.525723,0.525723,0.415888,/home/ruben/halmstad_ws/datasets/final/baylands_sam3_obb_super_75_15_10/images/test/parkinglot_east_v4_frame_000015_133700000000.jpg,/home/ruben/halmstad_ws/models/obb/experiments/sam3_hybrid_full/runs/predictions/baylands-original-yolo26n/baylands_sam3_obb_super_75_15_10_test_all
parkinglot_east_v4_frame_000016_137700000000,matched,1,1,1,0.535841,0.535841,0.702862,/home/ruben/halmstad_ws/datasets/final/baylands_sam3_obb_super_75_15_10/images/test/parkinglot_east_v4_frame_000016_137700000000.jpg,/home/ruben/halmstad_ws/models/obb/experiments/sam3_hybrid_full/runs/predictions/baylands-original-yolo26n/baylands_sam3_obb_super_75_15_10_test_all
parkinglot_east_v4_frame_000017_141800000000,matched,1,1,1,0.453937,0.453937,0.666837,/home/ruben/halmstad_ws/datasets/final/baylands_sam3_obb_super_75_15_10/images/test/parkinglot_east_v4_frame_000017_141800000000.jpg,/home/ruben/halmstad_ws/models/obb/experiments/sam3_hybrid_full/runs/predictions/baylands-original-yolo26n/baylands_sam3_obb_super_75_15_10_test_all
parkinglot_east_v4_frame_000018_145800000000,matched,1,1,1,0.503061,0.503061,0.616226,/home/ruben/halmstad_ws/datasets/final/baylands_sam3_obb_super_75_15_10/images/test/parkinglot_east_v4_frame_000018_145800000000.jpg,/home/ruben/halmstad_ws/models/obb/experiments/sam3_hybrid_full/runs/predictions/baylands-original-yolo26n/baylands_sam3_obb_super_75_15_10_test_all
parkinglot_east_v4_frame_000019_149800000000,correct_empty,0,0,0,0.0,0.0,,/home/ruben/halmstad_ws/datasets/final/baylands_sam3_obb_super_75_15_10/images/test/parkinglot_east_v4_frame_000019_149800000000.jpg,/home/ruben/halmstad_ws/models/obb/experiments/sam3_hybrid_full/runs/predictions/baylands-original-yolo26n/baylands_sam3_obb_super_75_15_10_test_all
parkinglot_east_v4_frame_000020_153800000000,correct_empty,0,0,0,0.0,0.0,,/home/ruben/halmstad_ws/datasets/final/baylands_sam3_obb_super_75_15_10/images/test/parkinglot_east_v4_frame_000020_153800000000.jpg,/home/ruben/halmstad_ws/models/obb/experiments/sam3_hybrid_full/runs/predictions/baylands-original-yolo26n/baylands_sam3_obb_super_75_15_10_test_all
parkinglot_east_v4_frame_000021_157800000000,multi_prediction,1,2,1,0.487892,0.487892,0.300839,/home/ruben/halmstad_ws/datasets/final/baylands_sam3_obb_super_75_15_10/images/test/parkinglot_east_v4_frame_000021_157800000000.jpg,/home/ruben/halmstad_ws/models/obb/experiments/sam3_hybrid_full/runs/predictions/baylands-original-yolo26n/baylands_sam3_obb_super_75_15_10_test_all
parkinglot_east_v4_frame_000022_161800000000,matched,1,1,1,0.456291,0.456291,0.490419,/home/ruben/halmstad_ws/datasets/final/baylands_sam3_obb_super_75_15_10/images/test/parkinglot_east_v4_frame_000022_161800000000.jpg,/home/ruben/halmstad_ws/models/obb/experiments/sam3_hybrid_full/runs/predictions/baylands-original-yolo26n/baylands_sam3_obb_super_75_15_10_test_all
parkinglot_east_v4_frame_000023_165800000000,matched,1,1,1,0.519883,0.519883,0.634038,/home/ruben/halmstad_ws/datasets/final/baylands_sam3_obb_super_75_15_10/images/test/parkinglot_east_v4_frame_000023_165800000000.jpg,/home/ruben/halmstad_ws/models/obb/experiments/sam3_hybrid_full/runs/predictions/baylands-original-yolo26n/baylands_sam3_obb_super_75_15_10_test_all
parkinglot_east_v4_frame_000024_169800000000,matched,1,1,1,0.512828,0.512828,0.60053,/home/ruben/halmstad_ws/datasets/final/baylands_sam3_obb_super_75_15_10/images/test/parkinglot_east_v4_frame_000024_169800000000.jpg,/home/ruben/halmstad_ws/models/obb/experiments/sam3_hybrid_full/runs/predictions/baylands-original-yolo26n/baylands_sam3_obb_super_75_15_10_test_all
parkinglot_east_v4_frame_000025_173800000000,matched,1,1,1,0.487521,0.487521,0.658497,/home/ruben/halmstad_ws/datasets/final/baylands_sam3_obb_super_75_15_10/images/test/parkinglot_east_v4_frame_000025_173800000000.jpg,/home/ruben/halmstad_ws/models/obb/experiments/sam3_hybrid_full/runs/predictions/baylands-original-yolo26n/baylands_sam3_obb_super_75_15_10_test_all
parkinglot_east_v4_frame_000026_177900000000,matched,1,1,1,0.682402,0.682402,0.324686,/home/ruben/halmstad_ws/datasets/final/baylands_sam3_obb_super_75_15_10/images/test/parkinglot_east_v4_frame_000026_177900000000.jpg,/home/ruben/halmstad_ws/models/obb/experiments/sam3_hybrid_full/runs/predictions/baylands-original-yolo26n/baylands_sam3_obb_super_75_15_10_test_all
parkinglot_west_v1_frame_000144_224400000000,matched,1,1,1,0.571029,0.571029,0.571672,/home/ruben/halmstad_ws/datasets/final/baylands_sam3_obb_super_75_15_10/images/test/parkinglot_west_v1_frame_000144_224400000000.jpg,/home/ruben/halmstad_ws/models/obb/experiments/sam3_hybrid_full/runs/predictions/baylands-original-yolo26n/baylands_sam3_obb_super_75_15_10_test_all
parkinglot_west_v1_frame_000145_225400000000,matched,1,1,1,0.615203,0.615203,0.725441,/home/ruben/halmstad_ws/datasets/final/baylands_sam3_obb_super_75_15_10/images/test/parkinglot_west_v1_frame_000145_225400000000.jpg,/home/ruben/halmstad_ws/models/obb/experiments/sam3_hybrid_full/runs/predictions/baylands-original-yolo26n/baylands_sam3_obb_super_75_15_10_test_all
parkinglot_west_v1_frame_000149_229452000000,matched,1,1,1,0.456308,0.456308,0.572661,/home/ruben/halmstad_ws/datasets/final/baylands_sam3_obb_super_75_15_10/images/test/parkinglot_west_v1_frame_000149_229452000000.jpg,/home/ruben/halmstad_ws/models/obb/experiments/sam3_hybrid_full/runs/predictions/baylands-original-yolo26n/baylands_sam3_obb_super_75_15_10_test_all
parkinglot_west_v1_frame_000150_230500000000,matched,1,1,1,0.416718,0.416718,0.655823,/home/ruben/halmstad_ws/datasets/final/baylands_sam3_obb_super_75_15_10/images/test/parkinglot_west_v1_frame_000150_230500000000.jpg,/home/ruben/halmstad_ws/models/obb/experiments/sam3_hybrid_full/runs/predictions/baylands-original-yolo26n/baylands_sam3_obb_super_75_15_10_test_all
parkinglot_west_v1_frame_000159_239552000000,matched,1,1,1,0.49076,0.49076,0.327215,/home/ruben/halmstad_ws/datasets/final/baylands_sam3_obb_super_75_15_10/images/test/parkinglot_west_v1_frame_000159_239552000000.jpg,/home/ruben/halmstad_ws/models/obb/experiments/sam3_hybrid_full/runs/predictions/baylands-original-yolo26n/baylands_sam3_obb_super_75_15_10_test_all
parkinglot_west_v1_frame_000160_240552000000,matched,1,1,1,0.42992,0.42992,0.679256,/home/ruben/halmstad_ws/datasets/final/baylands_sam3_obb_super_75_15_10/images/test/parkinglot_west_v1_frame_000160_240552000000.jpg,/home/ruben/halmstad_ws/models/obb/experiments/sam3_hybrid_full/runs/predictions/baylands-original-yolo26n/baylands_sam3_obb_super_75_15_10_test_all
parkinglot_west_v1_frame_000161_241552000000,matched,1,1,1,0.491708,0.491708,0.506104,/home/ruben/halmstad_ws/datasets/final/baylands_sam3_obb_super_75_15_10/images/test/parkinglot_west_v1_frame_000161_241552000000.jpg,/home/ruben/halmstad_ws/models/obb/experiments/sam3_hybrid_full/runs/predictions/baylands-original-yolo26n/baylands_sam3_obb_super_75_15_10_test_all
parkinglot_west_v1_frame_000209_292500000000,matched,1,1,1,0.437927,0.437927,0.445509,/home/ruben/halmstad_ws/datasets/final/baylands_sam3_obb_super_75_15_10/images/test/parkinglot_west_v1_frame_000209_292500000000.jpg,/home/ruben/halmstad_ws/models/obb/experiments/sam3_hybrid_full/runs/predictions/baylands-original-yolo26n/baylands_sam3_obb_super_75_15_10_test_all
parkinglot_west_v1_frame_000210_293500000000,matched,1,1,1,0.43791,0.43791,0.436505,/home/ruben/halmstad_ws/datasets/final/baylands_sam3_obb_super_75_15_10/images/test/parkinglot_west_v1_frame_000210_293500000000.jpg,/home/ruben/halmstad_ws/models/obb/experiments/sam3_hybrid_full/runs/predictions/baylands-original-yolo26n/baylands_sam3_obb_super_75_15_10_test_all
parkinglot_west_v1_frame_000212_295552000000,matched,1,1,1,0.499794,0.499794,0.714948,/home/ruben/halmstad_ws/datasets/final/baylands_sam3_obb_super_75_15_10/images/test/parkinglot_west_v1_frame_000212_295552000000.jpg,/home/ruben/halmstad_ws/models/obb/experiments/sam3_hybrid_full/runs/predictions/baylands-original-yolo26n/baylands_sam3_obb_super_75_15_10_test_all
parkinglot_west_v1_frame_000214_297600000000,multi_prediction,1,2,1,0.723194,0.723194,0.394548,/home/ruben/halmstad_ws/datasets/final/baylands_sam3_obb_super_75_15_10/images/test/parkinglot_west_v1_frame_000214_297600000000.jpg,/home/ruben/halmstad_ws/models/obb/experiments/sam3_hybrid_full/runs/predictions/baylands-original-yolo26n/baylands_sam3_obb_super_75_15_10_test_all
parkinglot_west_v1_frame_000215_298600000000,matched,1,1,1,0.517815,0.517815,0.689361,/home/ruben/halmstad_ws/datasets/final/baylands_sam3_obb_super_75_15_10/images/test/parkinglot_west_v1_frame_000215_298600000000.jpg,/home/ruben/halmstad_ws/models/obb/experiments/sam3_hybrid_full/runs/predictions/baylands-original-yolo26n/baylands_sam3_obb_super_75_15_10_test_all
parkinglot_west_v1_frame_000217_300600000000,matched,1,1,1,0.351676,0.351676,0.373458,/home/ruben/halmstad_ws/datasets/final/baylands_sam3_obb_super_75_15_10/images/test/parkinglot_west_v1_frame_000217_300600000000.jpg,/home/ruben/halmstad_ws/models/obb/experiments/sam3_hybrid_full/runs/predictions/baylands-original-yolo26n/baylands_sam3_obb_super_75_15_10_test_all
parkinglot_west_v1_frame_000219_302652000000,matched,1,1,1,0.407534,0.407534,0.534579,/home/ruben/halmstad_ws/datasets/final/baylands_sam3_obb_super_75_15_10/images/test/parkinglot_west_v1_frame_000219_302652000000.jpg,/home/ruben/halmstad_ws/models/obb/experiments/sam3_hybrid_full/runs/predictions/baylands-original-yolo26n/baylands_sam3_obb_super_75_15_10_test_all
parkinglot_west_v1_frame_000220_303652000000,no_prediction,1,0,0,0.0,0.0,,/home/ruben/halmstad_ws/datasets/final/baylands_sam3_obb_super_75_15_10/images/test/parkinglot_west_v1_frame_000220_303652000000.jpg,/home/ruben/halmstad_ws/models/obb/experiments/sam3_hybrid_full/runs/predictions/baylands-original-yolo26n/baylands_sam3_obb_super_75_15_10_test_all
parkinglot_west_v1_frame_000221_304652000000,matched,1,1,1,0.500453,0.500453,0.693418,/home/ruben/halmstad_ws/datasets/final/baylands_sam3_obb_super_75_15_10/images/test/parkinglot_west_v1_frame_000221_304652000000.jpg,/home/ruben/halmstad_ws/models/obb/experiments/sam3_hybrid_full/runs/predictions/baylands-original-yolo26n/baylands_sam3_obb_super_75_15_10_test_all
parkinglot_west_v1_frame_000225_308700000000,matched,1,1,1,0.475931,0.475931,0.321696,/home/ruben/halmstad_ws/datasets/final/baylands_sam3_obb_super_75_15_10/images/test/parkinglot_west_v1_frame_000225_308700000000.jpg,/home/ruben/halmstad_ws/models/obb/experiments/sam3_hybrid_full/runs/predictions/baylands-original-yolo26n/baylands_sam3_obb_super_75_15_10_test_all
parkinglot_west_v1_frame_000226_309752000000,matched,1,1,1,0.598834,0.598834,0.57049,/home/ruben/halmstad_ws/datasets/final/baylands_sam3_obb_super_75_15_10/images/test/parkinglot_west_v1_frame_000226_309752000000.jpg,/home/ruben/halmstad_ws/models/obb/experiments/sam3_hybrid_full/runs/predictions/baylands-original-yolo26n/baylands_sam3_obb_super_75_15_10_test_all
parkinglot_west_v2_frame_000139_228252000000,no_prediction,1,0,0,0.0,0.0,,/home/ruben/halmstad_ws/datasets/final/baylands_sam3_obb_super_75_15_10/images/test/parkinglot_west_v2_frame_000139_228252000000.jpg,/home/ruben/halmstad_ws/models/obb/experiments/sam3_hybrid_full/runs/predictions/baylands-original-yolo26n/baylands_sam3_obb_super_75_15_10_test_all
parkinglot_west_v2_frame_000153_242352000000,no_prediction,1,0,0,0.0,0.0,,/home/ruben/halmstad_ws/datasets/final/baylands_sam3_obb_super_75_15_10/images/test/parkinglot_west_v2_frame_000153_242352000000.jpg,/home/ruben/halmstad_ws/models/obb/experiments/sam3_hybrid_full/runs/predictions/baylands-original-yolo26n/baylands_sam3_obb_super_75_15_10_test_all
parkinglot_west_v2_frame_000154_243352000000,matched,1,1,1,0.51681,0.51681,0.322089,/home/ruben/halmstad_ws/datasets/final/baylands_sam3_obb_super_75_15_10/images/test/parkinglot_west_v2_frame_000154_243352000000.jpg,/home/ruben/halmstad_ws/models/obb/experiments/sam3_hybrid_full/runs/predictions/baylands-original-yolo26n/baylands_sam3_obb_super_75_15_10_test_all
parkinglot_west_v2_frame_000155_244352000000,matched,1,1,1,0.636954,0.636954,0.512573,/home/ruben/halmstad_ws/datasets/final/baylands_sam3_obb_super_75_15_10/images/test/parkinglot_west_v2_frame_000155_244352000000.jpg,/home/ruben/halmstad_ws/models/obb/experiments/sam3_hybrid_full/runs/predictions/baylands-original-yolo26n/baylands_sam3_obb_super_75_15_10_test_all
parkinglot_west_v3_frame_000138_229700000000,matched,1,1,1,0.63222,0.63222,0.506068,/home/ruben/halmstad_ws/datasets/final/baylands_sam3_obb_super_75_15_10/images/test/parkinglot_west_v3_frame_000138_229700000000.jpg,/home/ruben/halmstad_ws/models/obb/experiments/sam3_hybrid_full/runs/predictions/baylands-original-yolo26n/baylands_sam3_obb_super_75_15_10_test_all
parkinglot_west_v3_frame_000139_230700000000,matched,1,1,1,0.789431,0.789431,0.621328,/home/ruben/halmstad_ws/datasets/final/baylands_sam3_obb_super_75_15_10/images/test/parkinglot_west_v3_frame_000139_230700000000.jpg,/home/ruben/halmstad_ws/models/obb/experiments/sam3_hybrid_full/runs/predictions/baylands-original-yolo26n/baylands_sam3_obb_super_75_15_10_test_all
parkinglot_west_v3_frame_000140_231752000000,matched,1,1,1,0.741834,0.741834,0.280452,/home/ruben/halmstad_ws/datasets/final/baylands_sam3_obb_super_75_15_10/images/test/parkinglot_west_v3_frame_000140_231752000000.jpg,/home/ruben/halmstad_ws/models/obb/experiments/sam3_hybrid_full/runs/predictions/baylands-original-yolo26n/baylands_sam3_obb_super_75_15_10_test_all
parkinglot_west_v3_frame_000143_234800000000,matched,1,1,1,0.583993,0.583993,0.482196,/home/ruben/halmstad_ws/datasets/final/baylands_sam3_obb_super_75_15_10/images/test/parkinglot_west_v3_frame_000143_234800000000.jpg,/home/ruben/halmstad_ws/models/obb/experiments/sam3_hybrid_full/runs/predictions/baylands-original-yolo26n/baylands_sam3_obb_super_75_15_10_test_all
parkinglot_west_v3_frame_000145_236800000000,matched,1,1,1,0.492136,0.492136,0.651195,/home/ruben/halmstad_ws/datasets/final/baylands_sam3_obb_super_75_15_10/images/test/parkinglot_west_v3_frame_000145_236800000000.jpg,/home/ruben/halmstad_ws/models/obb/experiments/sam3_hybrid_full/runs/predictions/baylands-original-yolo26n/baylands_sam3_obb_super_75_15_10_test_all
parkinglot_west_v3_frame_000146_237800000000,matched,1,1,1,0.539893,0.539893,0.718958,/home/ruben/halmstad_ws/datasets/final/baylands_sam3_obb_super_75_15_10/images/test/parkinglot_west_v3_frame_000146_237800000000.jpg,/home/ruben/halmstad_ws/models/obb/experiments/sam3_hybrid_full/runs/predictions/baylands-original-yolo26n/baylands_sam3_obb_super_75_15_10_test_all
parkinglot_west_v3_frame_000147_238800000000,multi_prediction,1,2,1,0.557245,0.557245,0.416633,/home/ruben/halmstad_ws/datasets/final/baylands_sam3_obb_super_75_15_10/images/test/parkinglot_west_v3_frame_000147_238800000000.jpg,/home/ruben/halmstad_ws/models/obb/experiments/sam3_hybrid_full/runs/predictions/baylands-original-yolo26n/baylands_sam3_obb_super_75_15_10_test_all
parkinglot_west_v3_frame_000149_240800000000,multi_prediction,1,2,1,0.439259,0.439259,0.512349,/home/ruben/halmstad_ws/datasets/final/baylands_sam3_obb_super_75_15_10/images/test/parkinglot_west_v3_frame_000149_240800000000.jpg,/home/ruben/halmstad_ws/models/obb/experiments/sam3_hybrid_full/runs/predictions/baylands-original-yolo26n/baylands_sam3_obb_super_75_15_10_test_all
parkinglot_west_v3_frame_000150_241852000000,matched,1,1,1,0.494524,0.494524,0.724309,/home/ruben/halmstad_ws/datasets/final/baylands_sam3_obb_super_75_15_10/images/test/parkinglot_west_v3_frame_000150_241852000000.jpg,/home/ruben/halmstad_ws/models/obb/experiments/sam3_hybrid_full/runs/predictions/baylands-original-yolo26n/baylands_sam3_obb_super_75_15_10_test_all
parkinglot_west_v3_frame_000152_243852000000,matched,1,1,1,0.559089,0.559089,0.448824,/home/ruben/halmstad_ws/datasets/final/baylands_sam3_obb_super_75_15_10/images/test/parkinglot_west_v3_frame_000152_243852000000.jpg,/home/ruben/halmstad_ws/models/obb/experiments/sam3_hybrid_full/runs/predictions/baylands-original-yolo26n/baylands_sam3_obb_super_75_15_10_test_all
parkinglot_west_v3_frame_000198_290200000000,matched,1,1,1,0.615107,0.615107,0.391876,/home/ruben/halmstad_ws/datasets/final/baylands_sam3_obb_super_75_15_10/images/test/parkinglot_west_v3_frame_000198_290200000000.jpg,/home/ruben/halmstad_ws/models/obb/experiments/sam3_hybrid_full/runs/predictions/baylands-original-yolo26n/baylands_sam3_obb_super_75_15_10_test_all
parkinglot_west_v3_frame_000199_291252000000,matched,1,1,1,0.54712,0.54712,0.642309,/home/ruben/halmstad_ws/datasets/final/baylands_sam3_obb_super_75_15_10/images/test/parkinglot_west_v3_frame_000199_291252000000.jpg,/home/ruben/halmstad_ws/models/obb/experiments/sam3_hybrid_full/runs/predictions/baylands-original-yolo26n/baylands_sam3_obb_super_75_15_10_test_all
parkinglot_west_v3_frame_000200_292200000000,matched,1,1,1,0.590328,0.590328,0.6743,/home/ruben/halmstad_ws/datasets/final/baylands_sam3_obb_super_75_15_10/images/test/parkinglot_west_v3_frame_000200_292200000000.jpg,/home/ruben/halmstad_ws/models/obb/experiments/sam3_hybrid_full/runs/predictions/baylands-original-yolo26n/baylands_sam3_obb_super_75_15_10_test_all
parkinglot_west_v3_frame_000202_294252000000,matched,1,1,1,0.537294,0.537294,0.755708,/home/ruben/halmstad_ws/datasets/final/baylands_sam3_obb_super_75_15_10/images/test/parkinglot_west_v3_frame_000202_294252000000.jpg,/home/ruben/halmstad_ws/models/obb/experiments/sam3_hybrid_full/runs/predictions/baylands-original-yolo26n/baylands_sam3_obb_super_75_15_10_test_all
parkinglot_west_v3_frame_000203_295252000000,matched,1,1,1,0.557551,0.557551,0.760173,/home/ruben/halmstad_ws/datasets/final/baylands_sam3_obb_super_75_15_10/images/test/parkinglot_west_v3_frame_000203_295252000000.jpg,/home/ruben/halmstad_ws/models/obb/experiments/sam3_hybrid_full/runs/predictions/baylands-original-yolo26n/baylands_sam3_obb_super_75_15_10_test_all
parkinglot_west_v3_frame_000205_297252000000,matched,1,1,1,0.585065,0.585065,0.78161,/home/ruben/halmstad_ws/datasets/final/baylands_sam3_obb_super_75_15_10/images/test/parkinglot_west_v3_frame_000205_297252000000.jpg,/home/ruben/halmstad_ws/models/obb/experiments/sam3_hybrid_full/runs/predictions/baylands-original-yolo26n/baylands_sam3_obb_super_75_15_10_test_all
parkinglot_west_v3_frame_000206_298252000000,multi_prediction,1,2,1,0.60999,0.60999,0.428257,/home/ruben/halmstad_ws/datasets/final/baylands_sam3_obb_super_75_15_10/images/test/parkinglot_west_v3_frame_000206_298252000000.jpg,/home/ruben/halmstad_ws/models/obb/experiments/sam3_hybrid_full/runs/predictions/baylands-original-yolo26n/baylands_sam3_obb_super_75_15_10_test_all
parkinglot_west_v3_frame_000208_300252000000,matched,1,1,1,0.754695,0.754695,0.714042,/home/ruben/halmstad_ws/datasets/final/baylands_sam3_obb_super_75_15_10/images/test/parkinglot_west_v3_frame_000208_300252000000.jpg,/home/ruben/halmstad_ws/models/obb/experiments/sam3_hybrid_full/runs/predictions/baylands-original-yolo26n/baylands_sam3_obb_super_75_15_10_test_all
parkinglot_west_v3_frame_000209_301300000000,multi_prediction,1,2,1,0.80989,0.80989,0.526949,/home/ruben/halmstad_ws/datasets/final/baylands_sam3_obb_super_75_15_10/images/test/parkinglot_west_v3_frame_000209_301300000000.jpg,/home/ruben/halmstad_ws/models/obb/experiments/sam3_hybrid_full/runs/predictions/baylands-original-yolo26n/baylands_sam3_obb_super_75_15_10_test_all
parkinglot_west_v3_frame_000210_302300000000,multi_prediction,1,2,1,0.549159,0.549159,0.40003,/home/ruben/halmstad_ws/datasets/final/baylands_sam3_obb_super_75_15_10/images/test/parkinglot_west_v3_frame_000210_302300000000.jpg,/home/ruben/halmstad_ws/models/obb/experiments/sam3_hybrid_full/runs/predictions/baylands-original-yolo26n/baylands_sam3_obb_super_75_15_10_test_all
parkinglot_west_v3_frame_000212_304352000000,matched,1,1,1,0.724862,0.724862,0.70771,/home/ruben/halmstad_ws/datasets/final/baylands_sam3_obb_super_75_15_10/images/test/parkinglot_west_v3_frame_000212_304352000000.jpg,/home/ruben/halmstad_ws/models/obb/experiments/sam3_hybrid_full/runs/predictions/baylands-original-yolo26n/baylands_sam3_obb_super_75_15_10_test_all
parkinglot_west_v3_frame_000214_306352000000,matched,1,1,1,0.573134,0.573134,0.700667,/home/ruben/halmstad_ws/datasets/final/baylands_sam3_obb_super_75_15_10/images/test/parkinglot_west_v3_frame_000214_306352000000.jpg,/home/ruben/halmstad_ws/models/obb/experiments/sam3_hybrid_full/runs/predictions/baylands-original-yolo26n/baylands_sam3_obb_super_75_15_10_test_all
parkinglot_west_v5_frame_000027_225900000000,correct_empty,0,0,0,0.0,0.0,,/home/ruben/halmstad_ws/datasets/final/baylands_sam3_obb_super_75_15_10/images/test/parkinglot_west_v5_frame_000027_225900000000.jpg,/home/ruben/halmstad_ws/models/obb/experiments/sam3_hybrid_full/runs/predictions/baylands-original-yolo26n/baylands_sam3_obb_super_75_15_10_test_all
parkinglot_west_v5_frame_000029_233900000000,matched,1,1,1,0.496522,0.496522,0.46904,/home/ruben/halmstad_ws/datasets/final/baylands_sam3_obb_super_75_15_10/images/test/parkinglot_west_v5_frame_000029_233900000000.jpg,/home/ruben/halmstad_ws/models/obb/experiments/sam3_hybrid_full/runs/predictions/baylands-original-yolo26n/baylands_sam3_obb_super_75_15_10_test_all
parkinglot_west_v5_frame_000030_237900000000,correct_empty,0,0,0,0.0,0.0,,/home/ruben/halmstad_ws/datasets/final/baylands_sam3_obb_super_75_15_10/images/test/parkinglot_west_v5_frame_000030_237900000000.jpg,/home/ruben/halmstad_ws/models/obb/experiments/sam3_hybrid_full/runs/predictions/baylands-original-yolo26n/baylands_sam3_obb_super_75_15_10_test_all
parkinglot_west_v5_frame_000031_241900000000,correct_empty,0,0,0,0.0,0.0,,/home/ruben/halmstad_ws/datasets/final/baylands_sam3_obb_super_75_15_10/images/test/parkinglot_west_v5_frame_000031_241900000000.jpg,/home/ruben/halmstad_ws/models/obb/experiments/sam3_hybrid_full/runs/predictions/baylands-original-yolo26n/baylands_sam3_obb_super_75_15_10_test_all
parkinglot_west_v5_frame_000044_294100000000,correct_empty,0,0,0,0.0,0.0,,/home/ruben/halmstad_ws/datasets/final/baylands_sam3_obb_super_75_15_10/images/test/parkinglot_west_v5_frame_000044_294100000000.jpg,/home/ruben/halmstad_ws/models/obb/experiments/sam3_hybrid_full/runs/predictions/baylands-original-yolo26n/baylands_sam3_obb_super_75_15_10_test_all
parkinglot_west_v5_frame_000046_302100000000,correct_empty,0,0,0,0.0,0.0,,/home/ruben/halmstad_ws/datasets/final/baylands_sam3_obb_super_75_15_10/images/test/parkinglot_west_v5_frame_000046_302100000000.jpg,/home/ruben/halmstad_ws/models/obb/experiments/sam3_hybrid_full/runs/predictions/baylands-original-yolo26n/baylands_sam3_obb_super_75_15_10_test_all
road_to_east_v1_frame_000159_234300000000,multi_prediction,1,2,1,0.502795,0.502795,0.611841,/home/ruben/halmstad_ws/datasets/final/baylands_sam3_obb_super_75_15_10/images/test/road_to_east_v1_frame_000159_234300000000.jpg,/home/ruben/halmstad_ws/models/obb/experiments/sam3_hybrid_full/runs/predictions/baylands-original-yolo26n/baylands_sam3_obb_super_75_15_10_test_all
road_to_east_v1_frame_000160_235300000000,matched,1,1,1,0.453443,0.453443,0.630132,/home/ruben/halmstad_ws/datasets/final/baylands_sam3_obb_super_75_15_10/images/test/road_to_east_v1_frame_000160_235300000000.jpg,/home/ruben/halmstad_ws/models/obb/experiments/sam3_hybrid_full/runs/predictions/baylands-original-yolo26n/baylands_sam3_obb_super_75_15_10_test_all
road_to_east_v1_frame_000161_236300000000,matched,1,1,1,0.549671,0.549671,0.621676,/home/ruben/halmstad_ws/datasets/final/baylands_sam3_obb_super_75_15_10/images/test/road_to_east_v1_frame_000161_236300000000.jpg,/home/ruben/halmstad_ws/models/obb/experiments/sam3_hybrid_full/runs/predictions/baylands-original-yolo26n/baylands_sam3_obb_super_75_15_10_test_all
road_to_east_v1_frame_000169_244352000000,matched,1,1,1,0.682238,0.682238,0.584481,/home/ruben/halmstad_ws/datasets/final/baylands_sam3_obb_super_75_15_10/images/test/road_to_east_v1_frame_000169_244352000000.jpg,/home/ruben/halmstad_ws/models/obb/experiments/sam3_hybrid_full/runs/predictions/baylands-original-yolo26n/baylands_sam3_obb_super_75_15_10_test_all
road_to_east_v1_frame_000170_245352000000,matched,1,1,1,0.441968,0.441968,0.596051,/home/ruben/halmstad_ws/datasets/final/baylands_sam3_obb_super_75_15_10/images/test/road_to_east_v1_frame_000170_245352000000.jpg,/home/ruben/halmstad_ws/models/obb/experiments/sam3_hybrid_full/runs/predictions/baylands-original-yolo26n/baylands_sam3_obb_super_75_15_10_test_all
road_to_east_v1_frame_000172_247400000000,matched,1,1,1,0.542643,0.542643,0.388187,/home/ruben/halmstad_ws/datasets/final/baylands_sam3_obb_super_75_15_10/images/test/road_to_east_v1_frame_000172_247400000000.jpg,/home/ruben/halmstad_ws/models/obb/experiments/sam3_hybrid_full/runs/predictions/baylands-original-yolo26n/baylands_sam3_obb_super_75_15_10_test_all
road_to_east_v1_frame_000209_284752000000,matched,1,1,1,0.536506,0.536506,0.342296,/home/ruben/halmstad_ws/datasets/final/baylands_sam3_obb_super_75_15_10/images/test/road_to_east_v1_frame_000209_284752000000.jpg,/home/ruben/halmstad_ws/models/obb/experiments/sam3_hybrid_full/runs/predictions/baylands-original-yolo26n/baylands_sam3_obb_super_75_15_10_test_all
road_to_east_v1_frame_000215_291100000000,matched,1,1,1,0.568326,0.568326,0.266415,/home/ruben/halmstad_ws/datasets/final/baylands_sam3_obb_super_75_15_10/images/test/road_to_east_v1_frame_000215_291100000000.jpg,/home/ruben/halmstad_ws/models/obb/experiments/sam3_hybrid_full/runs/predictions/baylands-original-yolo26n/baylands_sam3_obb_super_75_15_10_test_all
road_to_east_v1_frame_000216_292100000000,no_prediction,1,0,0,0.0,0.0,,/home/ruben/halmstad_ws/datasets/final/baylands_sam3_obb_super_75_15_10/images/test/road_to_east_v1_frame_000216_292100000000.jpg,/home/ruben/halmstad_ws/models/obb/experiments/sam3_hybrid_full/runs/predictions/baylands-original-yolo26n/baylands_sam3_obb_super_75_15_10_test_all
road_to_east_v1_frame_000217_293100000000,matched,1,1,1,0.399025,0.399025,0.250188,/home/ruben/halmstad_ws/datasets/final/baylands_sam3_obb_super_75_15_10/images/test/road_to_east_v1_frame_000217_293100000000.jpg,/home/ruben/halmstad_ws/models/obb/experiments/sam3_hybrid_full/runs/predictions/baylands-original-yolo26n/baylands_sam3_obb_super_75_15_10_test_all
road_to_east_v1_frame_000219_295100000000,no_prediction,1,0,0,0.0,0.0,,/home/ruben/halmstad_ws/datasets/final/baylands_sam3_obb_super_75_15_10/images/test/road_to_east_v1_frame_000219_295100000000.jpg,/home/ruben/halmstad_ws/models/obb/experiments/sam3_hybrid_full/runs/predictions/baylands-original-yolo26n/baylands_sam3_obb_super_75_15_10_test_all
road_to_east_v1_frame_000224_300152000000,matched,1,1,1,0.439806,0.439806,0.512041,/home/ruben/halmstad_ws/datasets/final/baylands_sam3_obb_super_75_15_10/images/test/road_to_east_v1_frame_000224_300152000000.jpg,/home/ruben/halmstad_ws/models/obb/experiments/sam3_hybrid_full/runs/predictions/baylands-original-yolo26n/baylands_sam3_obb_super_75_15_10_test_all
road_to_east_v1_frame_000225_301152000000,matched,1,1,1,0.405264,0.405264,0.388514,/home/ruben/halmstad_ws/datasets/final/baylands_sam3_obb_super_75_15_10/images/test/road_to_east_v1_frame_000225_301152000000.jpg,/home/ruben/halmstad_ws/models/obb/experiments/sam3_hybrid_full/runs/predictions/baylands-original-yolo26n/baylands_sam3_obb_super_75_15_10_test_all
road_to_east_v1_frame_000232_308200000000,matched,1,1,1,0.501808,0.501808,0.448521,/home/ruben/halmstad_ws/datasets/final/baylands_sam3_obb_super_75_15_10/images/test/road_to_east_v1_frame_000232_308200000000.jpg,/home/ruben/halmstad_ws/models/obb/experiments/sam3_hybrid_full/runs/predictions/baylands-original-yolo26n/baylands_sam3_obb_super_75_15_10_test_all
road_to_east_v1_frame_000233_309200000000,matched,1,1,1,0.464829,0.464829,0.499763,/home/ruben/halmstad_ws/datasets/final/baylands_sam3_obb_super_75_15_10/images/test/road_to_east_v1_frame_000233_309200000000.jpg,/home/ruben/halmstad_ws/models/obb/experiments/sam3_hybrid_full/runs/predictions/baylands-original-yolo26n/baylands_sam3_obb_super_75_15_10_test_all
road_to_east_v1_frame_000239_315252000000,matched,1,1,1,0.541313,0.541313,0.477645,/home/ruben/halmstad_ws/datasets/final/baylands_sam3_obb_super_75_15_10/images/test/road_to_east_v1_frame_000239_315252000000.jpg,/home/ruben/halmstad_ws/models/obb/experiments/sam3_hybrid_full/runs/predictions/baylands-original-yolo26n/baylands_sam3_obb_super_75_15_10_test_all
road_to_east_v2_frame_000118_236352000000,no_prediction,1,0,0,0.0,0.0,,/home/ruben/halmstad_ws/datasets/final/baylands_sam3_obb_super_75_15_10/images/test/road_to_east_v2_frame_000118_236352000000.jpg,/home/ruben/halmstad_ws/models/obb/experiments/sam3_hybrid_full/runs/predictions/baylands-original-yolo26n/baylands_sam3_obb_super_75_15_10_test_all
road_to_east_v2_frame_000119_237400000000,no_prediction,1,0,0,0.0,0.0,,/home/ruben/halmstad_ws/datasets/final/baylands_sam3_obb_super_75_15_10/images/test/road_to_east_v2_frame_000119_237400000000.jpg,/home/ruben/halmstad_ws/models/obb/experiments/sam3_hybrid_full/runs/predictions/baylands-original-yolo26n/baylands_sam3_obb_super_75_15_10_test_all
road_to_east_v2_frame_000120_238400000000,no_prediction,1,0,0,0.0,0.0,,/home/ruben/halmstad_ws/datasets/final/baylands_sam3_obb_super_75_15_10/images/test/road_to_east_v2_frame_000120_238400000000.jpg,/home/ruben/halmstad_ws/models/obb/experiments/sam3_hybrid_full/runs/predictions/baylands-original-yolo26n/baylands_sam3_obb_super_75_15_10_test_all
road_to_east_v2_frame_000122_240400000000,matched,1,1,1,0.521597,0.521597,0.336918,/home/ruben/halmstad_ws/datasets/final/baylands_sam3_obb_super_75_15_10/images/test/road_to_east_v2_frame_000122_240400000000.jpg,/home/ruben/halmstad_ws/models/obb/experiments/sam3_hybrid_full/runs/predictions/baylands-original-yolo26n/baylands_sam3_obb_super_75_15_10_test_all
road_to_east_v2_frame_000123_241400000000,no_prediction,1,0,0,0.0,0.0,,/home/ruben/halmstad_ws/datasets/final/baylands_sam3_obb_super_75_15_10/images/test/road_to_east_v2_frame_000123_241400000000.jpg,/home/ruben/halmstad_ws/models/obb/experiments/sam3_hybrid_full/runs/predictions/baylands-original-yolo26n/baylands_sam3_obb_super_75_15_10_test_all
road_to_east_v2_frame_000124_242400000000,matched,1,1,1,0.481387,0.481387,0.291864,/home/ruben/halmstad_ws/datasets/final/baylands_sam3_obb_super_75_15_10/images/test/road_to_east_v2_frame_000124_242400000000.jpg,/home/ruben/halmstad_ws/models/obb/experiments/sam3_hybrid_full/runs/predictions/baylands-original-yolo26n/baylands_sam3_obb_super_75_15_10_test_all
road_to_east_v2_frame_000125_243400000000,multi_prediction,1,2,1,0.52641,0.52641,0.406582,/home/ruben/halmstad_ws/datasets/final/baylands_sam3_obb_super_75_15_10/images/test/road_to_east_v2_frame_000125_243400000000.jpg,/home/ruben/halmstad_ws/models/obb/experiments/sam3_hybrid_full/runs/predictions/baylands-original-yolo26n/baylands_sam3_obb_super_75_15_10_test_all
road_to_east_v2_frame_000129_248000000000,matched,1,1,1,0.570415,0.570415,0.657268,/home/ruben/halmstad_ws/datasets/final/baylands_sam3_obb_super_75_15_10/images/test/road_to_east_v2_frame_000129_248000000000.jpg,/home/ruben/halmstad_ws/models/obb/experiments/sam3_hybrid_full/runs/predictions/baylands-original-yolo26n/baylands_sam3_obb_super_75_15_10_test_all
road_to_east_v2_frame_000165_289052000000,matched,1,1,1,0.412559,0.412559,0.312409,/home/ruben/halmstad_ws/datasets/final/baylands_sam3_obb_super_75_15_10/images/test/road_to_east_v2_frame_000165_289052000000.jpg,/home/ruben/halmstad_ws/models/obb/experiments/sam3_hybrid_full/runs/predictions/baylands-original-yolo26n/baylands_sam3_obb_super_75_15_10_test_all
road_to_east_v2_frame_000171_295100000000,correct_empty,0,0,0,0.0,0.0,,/home/ruben/halmstad_ws/datasets/final/baylands_sam3_obb_super_75_15_10/images/test/road_to_east_v2_frame_000171_295100000000.jpg,/home/ruben/halmstad_ws/models/obb/experiments/sam3_hybrid_full/runs/predictions/baylands-original-yolo26n/baylands_sam3_obb_super_75_15_10_test_all
road_to_east_v2_frame_000175_301652000000,correct_empty,0,0,0,0.0,0.0,,/home/ruben/halmstad_ws/datasets/final/baylands_sam3_obb_super_75_15_10/images/test/road_to_east_v2_frame_000175_301652000000.jpg,/home/ruben/halmstad_ws/models/obb/experiments/sam3_hybrid_full/runs/predictions/baylands-original-yolo26n/baylands_sam3_obb_super_75_15_10_test_all
road_to_east_v2_frame_000179_305752000000,matched,1,1,1,0.529302,0.529302,0.370507,/home/ruben/halmstad_ws/datasets/final/baylands_sam3_obb_super_75_15_10/images/test/road_to_east_v2_frame_000179_305752000000.jpg,/home/ruben/halmstad_ws/models/obb/experiments/sam3_hybrid_full/runs/predictions/baylands-original-yolo26n/baylands_sam3_obb_super_75_15_10_test_all
road_to_east_v2_frame_000183_310200000000,correct_empty,0,0,0,0.0,0.0,,/home/ruben/halmstad_ws/datasets/final/baylands_sam3_obb_super_75_15_10/images/test/road_to_east_v2_frame_000183_310200000000.jpg,/home/ruben/halmstad_ws/models/obb/experiments/sam3_hybrid_full/runs/predictions/baylands-original-yolo26n/baylands_sam3_obb_super_75_15_10_test_all
road_to_east_v2_frame_000185_312252000000,matched,1,1,1,0.626606,0.626606,0.698634,/home/ruben/halmstad_ws/datasets/final/baylands_sam3_obb_super_75_15_10/images/test/road_to_east_v2_frame_000185_312252000000.jpg,/home/ruben/halmstad_ws/models/obb/experiments/sam3_hybrid_full/runs/predictions/baylands-original-yolo26n/baylands_sam3_obb_super_75_15_10_test_all
road_to_east_v2_frame_000187_314252000000,matched,1,1,1,0.672494,0.672494,0.580245,/home/ruben/halmstad_ws/datasets/final/baylands_sam3_obb_super_75_15_10/images/test/road_to_east_v2_frame_000187_314252000000.jpg,/home/ruben/halmstad_ws/models/obb/experiments/sam3_hybrid_full/runs/predictions/baylands-original-yolo26n/baylands_sam3_obb_super_75_15_10_test_all
road_to_east_v4_frame_000025_234400000000,no_prediction,1,0,0,0.0,0.0,,/home/ruben/halmstad_ws/datasets/final/baylands_sam3_obb_super_75_15_10/images/test/road_to_east_v4_frame_000025_234400000000.jpg,/home/ruben/halmstad_ws/models/obb/experiments/sam3_hybrid_full/runs/predictions/baylands-original-yolo26n/baylands_sam3_obb_super_75_15_10_test_all
road_to_east_v4_frame_000026_238500000000,matched,1,1,1,0.494166,0.494166,0.544925,/home/ruben/halmstad_ws/datasets/final/baylands_sam3_obb_super_75_15_10/images/test/road_to_east_v4_frame_000026_238500000000.jpg,/home/ruben/halmstad_ws/models/obb/experiments/sam3_hybrid_full/runs/predictions/baylands-original-yolo26n/baylands_sam3_obb_super_75_15_10_test_all
road_to_east_v4_frame_000027_242500000000,correct_empty,0,0,0,0.0,0.0,,/home/ruben/halmstad_ws/datasets/final/baylands_sam3_obb_super_75_15_10/images/test/road_to_east_v4_frame_000027_242500000000.jpg,/home/ruben/halmstad_ws/models/obb/experiments/sam3_hybrid_full/runs/predictions/baylands-original-yolo26n/baylands_sam3_obb_super_75_15_10_test_all
road_to_east_v4_frame_000028_246500000000,no_prediction,1,0,0,0.0,0.0,,/home/ruben/halmstad_ws/datasets/final/baylands_sam3_obb_super_75_15_10/images/test/road_to_east_v4_frame_000028_246500000000.jpg,/home/ruben/halmstad_ws/models/obb/experiments/sam3_hybrid_full/runs/predictions/baylands-original-yolo26n/baylands_sam3_obb_super_75_15_10_test_all
road_to_east_v4_frame_000029_250500000000,matched,1,1,1,0.482069,0.482069,0.661211,/home/ruben/halmstad_ws/datasets/final/baylands_sam3_obb_super_75_15_10/images/test/road_to_east_v4_frame_000029_250500000000.jpg,/home/ruben/halmstad_ws/models/obb/experiments/sam3_hybrid_full/runs/predictions/baylands-original-yolo26n/baylands_sam3_obb_super_75_15_10_test_all
road_to_east_v4_frame_000038_286600000000,matched,1,1,1,0.529251,0.529251,0.435182,/home/ruben/halmstad_ws/datasets/final/baylands_sam3_obb_super_75_15_10/images/test/road_to_east_v4_frame_000038_286600000000.jpg,/home/ruben/halmstad_ws/models/obb/experiments/sam3_hybrid_full/runs/predictions/baylands-original-yolo26n/baylands_sam3_obb_super_75_15_10_test_all
road_to_east_v4_frame_000039_290600000000,matched,1,1,1,0.51808,0.51808,0.60541,/home/ruben/halmstad_ws/datasets/final/baylands_sam3_obb_super_75_15_10/images/test/road_to_east_v4_frame_000039_290600000000.jpg,/home/ruben/halmstad_ws/models/obb/experiments/sam3_hybrid_full/runs/predictions/baylands-original-yolo26n/baylands_sam3_obb_super_75_15_10_test_all
road_to_east_v5_frame_000135_237752000000,multi_prediction,1,2,1,0.501944,0.501944,0.423878,/home/ruben/halmstad_ws/datasets/final/baylands_sam3_obb_super_75_15_10/images/test/road_to_east_v5_frame_000135_237752000000.jpg,/home/ruben/halmstad_ws/models/obb/experiments/sam3_hybrid_full/runs/predictions/baylands-original-yolo26n/baylands_sam3_obb_super_75_15_10_test_all
road_to_east_v5_frame_000136_238752000000,multi_prediction,1,2,1,0.439405,0.439405,0.334258,/home/ruben/halmstad_ws/datasets/final/baylands_sam3_obb_super_75_15_10/images/test/road_to_east_v5_frame_000136_238752000000.jpg,/home/ruben/halmstad_ws/models/obb/experiments/sam3_hybrid_full/runs/predictions/baylands-original-yolo26n/baylands_sam3_obb_super_75_15_10_test_all
road_to_east_v5_frame_000137_239752000000,no_prediction,1,0,0,0.0,0.0,,/home/ruben/halmstad_ws/datasets/final/baylands_sam3_obb_super_75_15_10/images/test/road_to_east_v5_frame_000137_239752000000.jpg,/home/ruben/halmstad_ws/models/obb/experiments/sam3_hybrid_full/runs/predictions/baylands-original-yolo26n/baylands_sam3_obb_super_75_15_10_test_all
road_to_east_v5_frame_000138_240752000000,no_prediction,1,0,0,0.0,0.0,,/home/ruben/halmstad_ws/datasets/final/baylands_sam3_obb_super_75_15_10/images/test/road_to_east_v5_frame_000138_240752000000.jpg,/home/ruben/halmstad_ws/models/obb/experiments/sam3_hybrid_full/runs/predictions/baylands-original-yolo26n/baylands_sam3_obb_super_75_15_10_test_all
road_to_east_v5_frame_000144_246800000000,matched,1,1,1,0.702249,0.702249,0.5061,/home/ruben/halmstad_ws/datasets/final/baylands_sam3_obb_super_75_15_10/images/test/road_to_east_v5_frame_000144_246800000000.jpg,/home/ruben/halmstad_ws/models/obb/experiments/sam3_hybrid_full/runs/predictions/baylands-original-yolo26n/baylands_sam3_obb_super_75_15_10_test_all
road_to_east_v5_frame_000146_248800000000,matched,1,1,1,0.622749,0.622749,0.490403,/home/ruben/halmstad_ws/datasets/final/baylands_sam3_obb_super_75_15_10/images/test/road_to_east_v5_frame_000146_248800000000.jpg,/home/ruben/halmstad_ws/models/obb/experiments/sam3_hybrid_full/runs/predictions/baylands-original-yolo26n/baylands_sam3_obb_super_75_15_10_test_all
road_to_east_v5_frame_000179_286800000000,no_prediction,1,0,0,0.0,0.0,,/home/ruben/halmstad_ws/datasets/final/baylands_sam3_obb_super_75_15_10/images/test/road_to_east_v5_frame_000179_286800000000.jpg,/home/ruben/halmstad_ws/models/obb/experiments/sam3_hybrid_full/runs/predictions/baylands-original-yolo26n/baylands_sam3_obb_super_75_15_10_test_all
road_to_east_v5_frame_000180_287800000000,matched,1,1,1,0.504161,0.504161,0.611601,/home/ruben/halmstad_ws/datasets/final/baylands_sam3_obb_super_75_15_10/images/test/road_to_east_v5_frame_000180_287800000000.jpg,/home/ruben/halmstad_ws/models/obb/experiments/sam3_hybrid_full/runs/predictions/baylands-original-yolo26n/baylands_sam3_obb_super_75_15_10_test_all
road_to_east_v5_frame_000190_297952000000,matched,1,1,1,0.787299,0.787299,0.321243,/home/ruben/halmstad_ws/datasets/final/baylands_sam3_obb_super_75_15_10/images/test/road_to_east_v5_frame_000190_297952000000.jpg,/home/ruben/halmstad_ws/models/obb/experiments/sam3_hybrid_full/runs/predictions/baylands-original-yolo26n/baylands_sam3_obb_super_75_15_10_test_all
road_to_east_v5_frame_000191_298952000000,matched,1,1,1,0.593116,0.593116,0.678465,/home/ruben/halmstad_ws/datasets/final/baylands_sam3_obb_super_75_15_10/images/test/road_to_east_v5_frame_000191_298952000000.jpg,/home/ruben/halmstad_ws/models/obb/experiments/sam3_hybrid_full/runs/predictions/baylands-original-yolo26n/baylands_sam3_obb_super_75_15_10_test_all
road_to_east_v5_frame_000199_311400000000,matched,1,1,1,0.7123,0.7123,0.363026,/home/ruben/halmstad_ws/datasets/final/baylands_sam3_obb_super_75_15_10/images/test/road_to_east_v5_frame_000199_311400000000.jpg,/home/ruben/halmstad_ws/models/obb/experiments/sam3_hybrid_full/runs/predictions/baylands-original-yolo26n/baylands_sam3_obb_super_75_15_10_test_all
road_to_east_v5_frame_000201_314552000000,matched,1,1,1,0.653127,0.653127,0.349997,/home/ruben/halmstad_ws/datasets/final/baylands_sam3_obb_super_75_15_10/images/test/road_to_east_v5_frame_000201_314552000000.jpg,/home/ruben/halmstad_ws/models/obb/experiments/sam3_hybrid_full/runs/predictions/baylands-original-yolo26n/baylands_sam3_obb_super_75_15_10_test_all
road_to_spawn_v1_frame_000114_195300000000,matched,1,1,1,0.517895,0.517895,0.583828,/home/ruben/halmstad_ws/datasets/final/baylands_sam3_obb_super_75_15_10/images/test/road_to_spawn_v1_frame_000114_195300000000.jpg,/home/ruben/halmstad_ws/models/obb/experiments/sam3_hybrid_full/runs/predictions/baylands-original-yolo26n/baylands_sam3_obb_super_75_15_10_test_all
road_to_spawn_v1_frame_000118_199300000000,matched,1,1,1,0.784876,0.784876,0.711204,/home/ruben/halmstad_ws/datasets/final/baylands_sam3_obb_super_75_15_10/images/test/road_to_spawn_v1_frame_000118_199300000000.jpg,/home/ruben/halmstad_ws/models/obb/experiments/sam3_hybrid_full/runs/predictions/baylands-original-yolo26n/baylands_sam3_obb_super_75_15_10_test_all
road_to_spawn_v1_frame_000119_200300000000,matched,1,1,1,0.643693,0.643693,0.497983,/home/ruben/halmstad_ws/datasets/final/baylands_sam3_obb_super_75_15_10/images/test/road_to_spawn_v1_frame_000119_200300000000.jpg,/home/ruben/halmstad_ws/models/obb/experiments/sam3_hybrid_full/runs/predictions/baylands-original-yolo26n/baylands_sam3_obb_super_75_15_10_test_all
road_to_spawn_v1_frame_000120_201300000000,matched,1,1,1,0.59808,0.59808,0.646826,/home/ruben/halmstad_ws/datasets/final/baylands_sam3_obb_super_75_15_10/images/test/road_to_spawn_v1_frame_000120_201300000000.jpg,/home/ruben/halmstad_ws/models/obb/experiments/sam3_hybrid_full/runs/predictions/baylands-original-yolo26n/baylands_sam3_obb_super_75_15_10_test_all
road_to_spawn_v1_frame_000122_203352000000,multi_prediction,1,2,1,0.540091,0.540091,0.508296,/home/ruben/halmstad_ws/datasets/final/baylands_sam3_obb_super_75_15_10/images/test/road_to_spawn_v1_frame_000122_203352000000.jpg,/home/ruben/halmstad_ws/models/obb/experiments/sam3_hybrid_full/runs/predictions/baylands-original-yolo26n/baylands_sam3_obb_super_75_15_10_test_all
road_to_spawn_v2_frame_000020_198100000000,matched,1,1,1,0.536693,0.536693,0.555611,/home/ruben/halmstad_ws/datasets/final/baylands_sam3_obb_super_75_15_10/images/test/road_to_spawn_v2_frame_000020_198100000000.jpg,/home/ruben/halmstad_ws/models/obb/experiments/sam3_hybrid_full/runs/predictions/baylands-original-yolo26n/baylands_sam3_obb_super_75_15_10_test_all
road_to_spawn_v2_frame_000021_202100000000,matched,1,1,1,0.510414,0.510414,0.549284,/home/ruben/halmstad_ws/datasets/final/baylands_sam3_obb_super_75_15_10/images/test/road_to_spawn_v2_frame_000021_202100000000.jpg,/home/ruben/halmstad_ws/models/obb/experiments/sam3_hybrid_full/runs/predictions/baylands-original-yolo26n/baylands_sam3_obb_super_75_15_10_test_all
road_to_spawn_v3_frame_000115_196200000000,no_prediction,1,0,0,0.0,0.0,,/home/ruben/halmstad_ws/datasets/final/baylands_sam3_obb_super_75_15_10/images/test/road_to_spawn_v3_frame_000115_196200000000.jpg,/home/ruben/halmstad_ws/models/obb/experiments/sam3_hybrid_full/runs/predictions/baylands-original-yolo26n/baylands_sam3_obb_super_75_15_10_test_all
road_to_spawn_v3_frame_000116_197152000000,no_prediction,1,0,0,0.0,0.0,,/home/ruben/halmstad_ws/datasets/final/baylands_sam3_obb_super_75_15_10/images/test/road_to_spawn_v3_frame_000116_197152000000.jpg,/home/ruben/halmstad_ws/models/obb/experiments/sam3_hybrid_full/runs/predictions/baylands-original-yolo26n/baylands_sam3_obb_super_75_15_10_test_all
road_to_spawn_v3_frame_000117_198200000000,matched,1,1,1,0.466757,0.466757,0.314397,/home/ruben/halmstad_ws/datasets/final/baylands_sam3_obb_super_75_15_10/images/test/road_to_spawn_v3_frame_000117_198200000000.jpg,/home/ruben/halmstad_ws/models/obb/experiments/sam3_hybrid_full/runs/predictions/baylands-original-yolo26n/baylands_sam3_obb_super_75_15_10_test_all
road_to_spawn_v3_frame_000118_199200000000,matched,1,1,1,0.435358,0.435358,0.523481,/home/ruben/halmstad_ws/datasets/final/baylands_sam3_obb_super_75_15_10/images/test/road_to_spawn_v3_frame_000118_199200000000.jpg,/home/ruben/halmstad_ws/models/obb/experiments/sam3_hybrid_full/runs/predictions/baylands-original-yolo26n/baylands_sam3_obb_super_75_15_10_test_all
road_to_spawn_v3_frame_000119_200200000000,matched,1,1,1,0.499514,0.499514,0.550886,/home/ruben/halmstad_ws/datasets/final/baylands_sam3_obb_super_75_15_10/images/test/road_to_spawn_v3_frame_000119_200200000000.jpg,/home/ruben/halmstad_ws/models/obb/experiments/sam3_hybrid_full/runs/predictions/baylands-original-yolo26n/baylands_sam3_obb_super_75_15_10_test_all
road_to_spawn_v3_frame_000120_201200000000,matched,1,1,1,0.519741,0.519741,0.629406,/home/ruben/halmstad_ws/datasets/final/baylands_sam3_obb_super_75_15_10/images/test/road_to_spawn_v3_frame_000120_201200000000.jpg,/home/ruben/halmstad_ws/models/obb/experiments/sam3_hybrid_full/runs/predictions/baylands-original-yolo26n/baylands_sam3_obb_super_75_15_10_test_all
road_to_spawn_v3_frame_000122_203252000000,matched,1,1,1,0.470608,0.470608,0.615298,/home/ruben/halmstad_ws/datasets/final/baylands_sam3_obb_super_75_15_10/images/test/road_to_spawn_v3_frame_000122_203252000000.jpg,/home/ruben/halmstad_ws/models/obb/experiments/sam3_hybrid_full/runs/predictions/baylands-original-yolo26n/baylands_sam3_obb_super_75_15_10_test_all
road_to_spawn_v3_frame_000125_206252000000,matched,1,1,1,0.504111,0.504111,0.737441,/home/ruben/halmstad_ws/datasets/final/baylands_sam3_obb_super_75_15_10/images/test/road_to_spawn_v3_frame_000125_206252000000.jpg,/home/ruben/halmstad_ws/models/obb/experiments/sam3_hybrid_full/runs/predictions/baylands-original-yolo26n/baylands_sam3_obb_super_75_15_10_test_all
road_to_spawn_v3_frame_000126_207300000000,matched,1,1,1,0.515261,0.515261,0.573327,/home/ruben/halmstad_ws/datasets/final/baylands_sam3_obb_super_75_15_10/images/test/road_to_spawn_v3_frame_000126_207300000000.jpg,/home/ruben/halmstad_ws/models/obb/experiments/sam3_hybrid_full/runs/predictions/baylands-original-yolo26n/baylands_sam3_obb_super_75_15_10_test_all
road_to_spawn_v5_frame_000128_195500000000,matched,1,1,1,0.505788,0.505788,0.658083,/home/ruben/halmstad_ws/datasets/final/baylands_sam3_obb_super_75_15_10/images/test/road_to_spawn_v5_frame_000128_195500000000.jpg,/home/ruben/halmstad_ws/models/obb/experiments/sam3_hybrid_full/runs/predictions/baylands-original-yolo26n/baylands_sam3_obb_super_75_15_10_test_all
road_to_spawn_v5_frame_000129_196500000000,matched,1,1,1,0.480619,0.480619,0.579485,/home/ruben/halmstad_ws/datasets/final/baylands_sam3_obb_super_75_15_10/images/test/road_to_spawn_v5_frame_000129_196500000000.jpg,/home/ruben/halmstad_ws/models/obb/experiments/sam3_hybrid_full/runs/predictions/baylands-original-yolo26n/baylands_sam3_obb_super_75_15_10_test_all
road_to_spawn_v5_frame_000130_197500000000,no_prediction,1,0,0,0.0,0.0,,/home/ruben/halmstad_ws/datasets/final/baylands_sam3_obb_super_75_15_10/images/test/road_to_spawn_v5_frame_000130_197500000000.jpg,/home/ruben/halmstad_ws/models/obb/experiments/sam3_hybrid_full/runs/predictions/baylands-original-yolo26n/baylands_sam3_obb_super_75_15_10_test_all
road_to_spawn_v5_frame_000133_200552000000,matched,1,1,1,0.469679,0.469679,0.632629,/home/ruben/halmstad_ws/datasets/final/baylands_sam3_obb_super_75_15_10/images/test/road_to_spawn_v5_frame_000133_200552000000.jpg,/home/ruben/halmstad_ws/models/obb/experiments/sam3_hybrid_full/runs/predictions/baylands-original-yolo26n/baylands_sam3_obb_super_75_15_10_test_all
road_to_spawn_v5_frame_000134_201552000000,matched,1,1,1,0.466228,0.466228,0.483622,/home/ruben/halmstad_ws/datasets/final/baylands_sam3_obb_super_75_15_10/images/test/road_to_spawn_v5_frame_000134_201552000000.jpg,/home/ruben/halmstad_ws/models/obb/experiments/sam3_hybrid_full/runs/predictions/baylands-original-yolo26n/baylands_sam3_obb_super_75_15_10_test_all
road_to_spawn_v5_frame_000135_202552000000,matched,1,1,1,0.454348,0.454348,0.267542,/home/ruben/halmstad_ws/datasets/final/baylands_sam3_obb_super_75_15_10/images/test/road_to_spawn_v5_frame_000135_202552000000.jpg,/home/ruben/halmstad_ws/models/obb/experiments/sam3_hybrid_full/runs/predictions/baylands-original-yolo26n/baylands_sam3_obb_super_75_15_10_test_all
road_to_spawn_v5_frame_000136_203600000000,matched,1,1,1,0.579916,0.579916,0.501802,/home/ruben/halmstad_ws/datasets/final/baylands_sam3_obb_super_75_15_10/images/test/road_to_spawn_v5_frame_000136_203600000000.jpg,/home/ruben/halmstad_ws/models/obb/experiments/sam3_hybrid_full/runs/predictions/baylands-original-yolo26n/baylands_sam3_obb_super_75_15_10_test_all
road_to_spawn_v5_frame_000138_205600000000,multi_prediction,1,2,1,0.530206,0.530206,0.516112,/home/ruben/halmstad_ws/datasets/final/baylands_sam3_obb_super_75_15_10/images/test/road_to_spawn_v5_frame_000138_205600000000.jpg,/home/ruben/halmstad_ws/models/obb/experiments/sam3_hybrid_full/runs/predictions/baylands-original-yolo26n/baylands_sam3_obb_super_75_15_10_test_all
road_to_spawn_v5_frame_000139_206600000000,matched,1,1,1,0.557543,0.557543,0.484211,/home/ruben/halmstad_ws/datasets/final/baylands_sam3_obb_super_75_15_10/images/test/road_to_spawn_v5_frame_000139_206600000000.jpg,/home/ruben/halmstad_ws/models/obb/experiments/sam3_hybrid_full/runs/predictions/baylands-original-yolo26n/baylands_sam3_obb_super_75_15_10_test_all
road_to_strip_v1_frame_000101_273800000000,matched,1,1,1,0.797323,0.797323,0.488389,/home/ruben/halmstad_ws/datasets/final/baylands_sam3_obb_super_75_15_10/images/test/road_to_strip_v1_frame_000101_273800000000.jpg,/home/ruben/halmstad_ws/models/obb/experiments/sam3_hybrid_full/runs/predictions/baylands-original-yolo26n/baylands_sam3_obb_super_75_15_10_test_all
road_to_strip_v1_frame_000119_291952000000,matched,1,1,1,0.463776,0.463776,0.622761,/home/ruben/halmstad_ws/datasets/final/baylands_sam3_obb_super_75_15_10/images/test/road_to_strip_v1_frame_000119_291952000000.jpg,/home/ruben/halmstad_ws/models/obb/experiments/sam3_hybrid_full/runs/predictions/baylands-original-yolo26n/baylands_sam3_obb_super_75_15_10_test_all
road_to_strip_v1_frame_000120_293000000000,no_prediction,1,0,0,0.0,0.0,,/home/ruben/halmstad_ws/datasets/final/baylands_sam3_obb_super_75_15_10/images/test/road_to_strip_v1_frame_000120_293000000000.jpg,/home/ruben/halmstad_ws/models/obb/experiments/sam3_hybrid_full/runs/predictions/baylands-original-yolo26n/baylands_sam3_obb_super_75_15_10_test_all
road_to_strip_v1_frame_000122_295000000000,matched,1,1,1,0.776622,0.776622,0.65239,/home/ruben/halmstad_ws/datasets/final/baylands_sam3_obb_super_75_15_10/images/test/road_to_strip_v1_frame_000122_295000000000.jpg,/home/ruben/halmstad_ws/models/obb/experiments/sam3_hybrid_full/runs/predictions/baylands-original-yolo26n/baylands_sam3_obb_super_75_15_10_test_all
road_to_strip_v1_frame_000123_296000000000,multi_prediction,1,2,1,0.734846,0.734846,0.463035,/home/ruben/halmstad_ws/datasets/final/baylands_sam3_obb_super_75_15_10/images/test/road_to_strip_v1_frame_000123_296000000000.jpg,/home/ruben/halmstad_ws/models/obb/experiments/sam3_hybrid_full/runs/predictions/baylands-original-yolo26n/baylands_sam3_obb_super_75_15_10_test_all
road_to_strip_v1_frame_000124_297000000000,multi_prediction,1,2,1,0.709316,0.709316,0.310429,/home/ruben/halmstad_ws/datasets/final/baylands_sam3_obb_super_75_15_10/images/test/road_to_strip_v1_frame_000124_297000000000.jpg,/home/ruben/halmstad_ws/models/obb/experiments/sam3_hybrid_full/runs/predictions/baylands-original-yolo26n/baylands_sam3_obb_super_75_15_10_test_all
road_to_strip_v2_frame_000083_145452000000,matched,1,1,1,0.496811,0.496811,0.290841,/home/ruben/halmstad_ws/datasets/final/baylands_sam3_obb_super_75_15_10/images/test/road_to_strip_v2_frame_000083_145452000000.jpg,/home/ruben/halmstad_ws/models/obb/experiments/sam3_hybrid_full/runs/predictions/baylands-original-yolo26n/baylands_sam3_obb_super_75_15_10_test_all
road_to_strip_v2_frame_000084_146452000000,matched,1,1,1,0.462248,0.462248,0.403865,/home/ruben/halmstad_ws/datasets/final/baylands_sam3_obb_super_75_15_10/images/test/road_to_strip_v2_frame_000084_146452000000.jpg,/home/ruben/halmstad_ws/models/obb/experiments/sam3_hybrid_full/runs/predictions/baylands-original-yolo26n/baylands_sam3_obb_super_75_15_10_test_all
road_to_strip_v2_frame_000085_147452000000,matched,1,1,1,0.616633,0.616633,0.444745,/home/ruben/halmstad_ws/datasets/final/baylands_sam3_obb_super_75_15_10/images/test/road_to_strip_v2_frame_000085_147452000000.jpg,/home/ruben/halmstad_ws/models/obb/experiments/sam3_hybrid_full/runs/predictions/baylands-original-yolo26n/baylands_sam3_obb_super_75_15_10_test_all
road_to_strip_v2_frame_000086_148452000000,matched,1,1,1,0.445561,0.445561,0.303949,/home/ruben/halmstad_ws/datasets/final/baylands_sam3_obb_super_75_15_10/images/test/road_to_strip_v2_frame_000086_148452000000.jpg,/home/ruben/halmstad_ws/models/obb/experiments/sam3_hybrid_full/runs/predictions/baylands-original-yolo26n/baylands_sam3_obb_super_75_15_10_test_all
road_to_strip_v2_frame_000087_149452000000,no_prediction,1,0,0,0.0,0.0,,/home/ruben/halmstad_ws/datasets/final/baylands_sam3_obb_super_75_15_10/images/test/road_to_strip_v2_frame_000087_149452000000.jpg,/home/ruben/halmstad_ws/models/obb/experiments/sam3_hybrid_full/runs/predictions/baylands-original-yolo26n/baylands_sam3_obb_super_75_15_10_test_all
road_to_strip_v2_frame_000088_150500000000,matched,1,1,1,0.472358,0.472358,0.276558,/home/ruben/halmstad_ws/datasets/final/baylands_sam3_obb_super_75_15_10/images/test/road_to_strip_v2_frame_000088_150500000000.jpg,/home/ruben/halmstad_ws/models/obb/experiments/sam3_hybrid_full/runs/predictions/baylands-original-yolo26n/baylands_sam3_obb_super_75_15_10_test_all
road_to_strip_v2_frame_000089_151500000000,no_prediction,1,0,0,0.0,0.0,,/home/ruben/halmstad_ws/datasets/final/baylands_sam3_obb_super_75_15_10/images/test/road_to_strip_v2_frame_000089_151500000000.jpg,/home/ruben/halmstad_ws/models/obb/experiments/sam3_hybrid_full/runs/predictions/baylands-original-yolo26n/baylands_sam3_obb_super_75_15_10_test_all
road_to_strip_v2_frame_000090_152552000000,matched,1,1,1,0.622843,0.622843,0.546441,/home/ruben/halmstad_ws/datasets/final/baylands_sam3_obb_super_75_15_10/images/test/road_to_strip_v2_frame_000090_152552000000.jpg,/home/ruben/halmstad_ws/models/obb/experiments/sam3_hybrid_full/runs/predictions/baylands-original-yolo26n/baylands_sam3_obb_super_75_15_10_test_all
road_to_strip_v2_frame_000091_153552000000,matched,1,1,1,0.885816,0.885816,0.467305,/home/ruben/halmstad_ws/datasets/final/baylands_sam3_obb_super_75_15_10/images/test/road_to_strip_v2_frame_000091_153552000000.jpg,/home/ruben/halmstad_ws/models/obb/experiments/sam3_hybrid_full/runs/predictions/baylands-original-yolo26n/baylands_sam3_obb_super_75_15_10_test_all
road_to_strip_v2_frame_000092_154552000000,correct_empty,0,0,0,0.0,0.0,,/home/ruben/halmstad_ws/datasets/final/baylands_sam3_obb_super_75_15_10/images/test/road_to_strip_v2_frame_000092_154552000000.jpg,/home/ruben/halmstad_ws/models/obb/experiments/sam3_hybrid_full/runs/predictions/baylands-original-yolo26n/baylands_sam3_obb_super_75_15_10_test_all
road_to_strip_v2_frame_000093_155552000000,correct_empty,0,0,0,0.0,0.0,,/home/ruben/halmstad_ws/datasets/final/baylands_sam3_obb_super_75_15_10/images/test/road_to_strip_v2_frame_000093_155552000000.jpg,/home/ruben/halmstad_ws/models/obb/experiments/sam3_hybrid_full/runs/predictions/baylands-original-yolo26n/baylands_sam3_obb_super_75_15_10_test_all
road_to_strip_v2_frame_000094_156600000000,matched,1,1,1,0.706124,0.706124,0.501317,/home/ruben/halmstad_ws/datasets/final/baylands_sam3_obb_super_75_15_10/images/test/road_to_strip_v2_frame_000094_156600000000.jpg,/home/ruben/halmstad_ws/models/obb/experiments/sam3_hybrid_full/runs/predictions/baylands-original-yolo26n/baylands_sam3_obb_super_75_15_10_test_all
road_to_strip_v2_frame_000095_157600000000,correct_empty,0,0,0,0.0,0.0,,/home/ruben/halmstad_ws/datasets/final/baylands_sam3_obb_super_75_15_10/images/test/road_to_strip_v2_frame_000095_157600000000.jpg,/home/ruben/halmstad_ws/models/obb/experiments/sam3_hybrid_full/runs/predictions/baylands-original-yolo26n/baylands_sam3_obb_super_75_15_10_test_all
road_to_strip_v2_frame_000096_158600000000,correct_empty,0,0,0,0.0,0.0,,/home/ruben/halmstad_ws/datasets/final/baylands_sam3_obb_super_75_15_10/images/test/road_to_strip_v2_frame_000096_158600000000.jpg,/home/ruben/halmstad_ws/models/obb/experiments/sam3_hybrid_full/runs/predictions/baylands-original-yolo26n/baylands_sam3_obb_super_75_15_10_test_all
road_to_strip_v2_frame_000097_159652000000,correct_empty,0,0,0,0.0,0.0,,/home/ruben/halmstad_ws/datasets/final/baylands_sam3_obb_super_75_15_10/images/test/road_to_strip_v2_frame_000097_159652000000.jpg,/home/ruben/halmstad_ws/models/obb/experiments/sam3_hybrid_full/runs/predictions/baylands-original-yolo26n/baylands_sam3_obb_super_75_15_10_test_all
road_to_strip_v3_frame_000041_145952000000,matched,1,1,1,0.620929,0.620929,0.339808,/home/ruben/halmstad_ws/datasets/final/baylands_sam3_obb_super_75_15_10/images/test/road_to_strip_v3_frame_000041_145952000000.jpg,/home/ruben/halmstad_ws/models/obb/experiments/sam3_hybrid_full/runs/predictions/baylands-original-yolo26n/baylands_sam3_obb_super_75_15_10_test_all
road_to_strip_v3_frame_000047_152000000000,matched,1,1,1,0.528062,0.528062,0.688851,/home/ruben/halmstad_ws/datasets/final/baylands_sam3_obb_super_75_15_10/images/test/road_to_strip_v3_frame_000047_152000000000.jpg,/home/ruben/halmstad_ws/models/obb/experiments/sam3_hybrid_full/runs/predictions/baylands-original-yolo26n/baylands_sam3_obb_super_75_15_10_test_all
road_to_strip_v3_frame_000049_154052000000,matched,1,1,1,0.508307,0.508307,0.63903,/home/ruben/halmstad_ws/datasets/final/baylands_sam3_obb_super_75_15_10/images/test/road_to_strip_v3_frame_000049_154052000000.jpg,/home/ruben/halmstad_ws/models/obb/experiments/sam3_hybrid_full/runs/predictions/baylands-original-yolo26n/baylands_sam3_obb_super_75_15_10_test_all
road_to_strip_v3_frame_000050_155052000000,matched,1,1,1,0.497047,0.497047,0.563081,/home/ruben/halmstad_ws/datasets/final/baylands_sam3_obb_super_75_15_10/images/test/road_to_strip_v3_frame_000050_155052000000.jpg,/home/ruben/halmstad_ws/models/obb/experiments/sam3_hybrid_full/runs/predictions/baylands-original-yolo26n/baylands_sam3_obb_super_75_15_10_test_all
road_to_strip_v3_frame_000051_156100000000,matched,1,1,1,0.497827,0.497827,0.715594,/home/ruben/halmstad_ws/datasets/final/baylands_sam3_obb_super_75_15_10/images/test/road_to_strip_v3_frame_000051_156100000000.jpg,/home/ruben/halmstad_ws/models/obb/experiments/sam3_hybrid_full/runs/predictions/baylands-original-yolo26n/baylands_sam3_obb_super_75_15_10_test_all
road_to_strip_v3_frame_000052_157100000000,matched,1,1,1,0.520056,0.520056,0.691929,/home/ruben/halmstad_ws/datasets/final/baylands_sam3_obb_super_75_15_10/images/test/road_to_strip_v3_frame_000052_157100000000.jpg,/home/ruben/halmstad_ws/models/obb/experiments/sam3_hybrid_full/runs/predictions/baylands-original-yolo26n/baylands_sam3_obb_super_75_15_10_test_all
road_to_strip_v3_frame_000053_158100000000,matched,1,1,1,0.524896,0.524896,0.417493,/home/ruben/halmstad_ws/datasets/final/baylands_sam3_obb_super_75_15_10/images/test/road_to_strip_v3_frame_000053_158100000000.jpg,/home/ruben/halmstad_ws/models/obb/experiments/sam3_hybrid_full/runs/predictions/baylands-original-yolo26n/baylands_sam3_obb_super_75_15_10_test_all
road_to_strip_v3_frame_000056_161152000000,matched,1,1,1,0.518615,0.518615,0.275537,/home/ruben/halmstad_ws/datasets/final/baylands_sam3_obb_super_75_15_10/images/test/road_to_strip_v3_frame_000056_161152000000.jpg,/home/ruben/halmstad_ws/models/obb/experiments/sam3_hybrid_full/runs/predictions/baylands-original-yolo26n/baylands_sam3_obb_super_75_15_10_test_all
road_to_strip_v3_frame_000142_263800000000,no_prediction,1,0,0,0.0,0.0,,/home/ruben/halmstad_ws/datasets/final/baylands_sam3_obb_super_75_15_10/images/test/road_to_strip_v3_frame_000142_263800000000.jpg,/home/ruben/halmstad_ws/models/obb/experiments/sam3_hybrid_full/runs/predictions/baylands-original-yolo26n/baylands_sam3_obb_super_75_15_10_test_all
road_to_strip_v3_frame_000143_264800000000,matched,1,1,1,0.5709,0.5709,0.497242,/home/ruben/halmstad_ws/datasets/final/baylands_sam3_obb_super_75_15_10/images/test/road_to_strip_v3_frame_000143_264800000000.jpg,/home/ruben/halmstad_ws/models/obb/experiments/sam3_hybrid_full/runs/predictions/baylands-original-yolo26n/baylands_sam3_obb_super_75_15_10_test_all
road_to_strip_v3_frame_000145_266852000000,matched,1,1,1,0.562467,0.562467,0.390109,/home/ruben/halmstad_ws/datasets/final/baylands_sam3_obb_super_75_15_10/images/test/road_to_strip_v3_frame_000145_266852000000.jpg,/home/ruben/halmstad_ws/models/obb/experiments/sam3_hybrid_full/runs/predictions/baylands-original-yolo26n/baylands_sam3_obb_super_75_15_10_test_all
road_to_strip_v3_frame_000147_268852000000,matched,1,1,1,0.674684,0.674684,0.489697,/home/ruben/halmstad_ws/datasets/final/baylands_sam3_obb_super_75_15_10/images/test/road_to_strip_v3_frame_000147_268852000000.jpg,/home/ruben/halmstad_ws/models/obb/experiments/sam3_hybrid_full/runs/predictions/baylands-original-yolo26n/baylands_sam3_obb_super_75_15_10_test_all
road_to_strip_v3_frame_000148_269900000000,no_prediction,1,0,0,0.0,0.0,,/home/ruben/halmstad_ws/datasets/final/baylands_sam3_obb_super_75_15_10/images/test/road_to_strip_v3_frame_000148_269900000000.jpg,/home/ruben/halmstad_ws/models/obb/experiments/sam3_hybrid_full/runs/predictions/baylands-original-yolo26n/baylands_sam3_obb_super_75_15_10_test_all
road_to_strip_v3_frame_000150_278400000000,matched,1,1,1,0.740329,0.740329,0.398999,/home/ruben/halmstad_ws/datasets/final/baylands_sam3_obb_super_75_15_10/images/test/road_to_strip_v3_frame_000150_278400000000.jpg,/home/ruben/halmstad_ws/models/obb/experiments/sam3_hybrid_full/runs/predictions/baylands-original-yolo26n/baylands_sam3_obb_super_75_15_10_test_all
road_to_strip_v3_frame_000152_280400000000,multi_prediction,1,2,1,0.723778,0.723778,0.481874,/home/ruben/halmstad_ws/datasets/final/baylands_sam3_obb_super_75_15_10/images/test/road_to_strip_v3_frame_000152_280400000000.jpg,/home/ruben/halmstad_ws/models/obb/experiments/sam3_hybrid_full/runs/predictions/baylands-original-yolo26n/baylands_sam3_obb_super_75_15_10_test_all
road_to_strip_v3_frame_000153_281452000000,matched,1,1,1,0.647289,0.647289,0.528977,/home/ruben/halmstad_ws/datasets/final/baylands_sam3_obb_super_75_15_10/images/test/road_to_strip_v3_frame_000153_281452000000.jpg,/home/ruben/halmstad_ws/models/obb/experiments/sam3_hybrid_full/runs/predictions/baylands-original-yolo26n/baylands_sam3_obb_super_75_15_10_test_all
road_to_strip_v3_frame_000155_283452000000,matched,1,1,1,0.581706,0.581706,0.585973,/home/ruben/halmstad_ws/datasets/final/baylands_sam3_obb_super_75_15_10/images/test/road_to_strip_v3_frame_000155_283452000000.jpg,/home/ruben/halmstad_ws/models/obb/experiments/sam3_hybrid_full/runs/predictions/baylands-original-yolo26n/baylands_sam3_obb_super_75_15_10_test_all
road_to_strip_v3_frame_000156_284452000000,matched,1,1,1,0.657713,0.657713,0.635889,/home/ruben/halmstad_ws/datasets/final/baylands_sam3_obb_super_75_15_10/images/test/road_to_strip_v3_frame_000156_284452000000.jpg,/home/ruben/halmstad_ws/models/obb/experiments/sam3_hybrid_full/runs/predictions/baylands-original-yolo26n/baylands_sam3_obb_super_75_15_10_test_all
road_to_strip_v3_frame_000157_285452000000,matched,1,1,1,0.593614,0.593614,0.37305,/home/ruben/halmstad_ws/datasets/final/baylands_sam3_obb_super_75_15_10/images/test/road_to_strip_v3_frame_000157_285452000000.jpg,/home/ruben/halmstad_ws/models/obb/experiments/sam3_hybrid_full/runs/predictions/baylands-original-yolo26n/baylands_sam3_obb_super_75_15_10_test_all
road_to_strip_v3_frame_000158_286452000000,no_prediction,1,0,0,0.0,0.0,,/home/ruben/halmstad_ws/datasets/final/baylands_sam3_obb_super_75_15_10/images/test/road_to_strip_v3_frame_000158_286452000000.jpg,/home/ruben/halmstad_ws/models/obb/experiments/sam3_hybrid_full/runs/predictions/baylands-original-yolo26n/baylands_sam3_obb_super_75_15_10_test_all
road_to_strip_v3_frame_000159_287452000000,no_prediction,1,0,0,0.0,0.0,,/home/ruben/halmstad_ws/datasets/final/baylands_sam3_obb_super_75_15_10/images/test/road_to_strip_v3_frame_000159_287452000000.jpg,/home/ruben/halmstad_ws/models/obb/experiments/sam3_hybrid_full/runs/predictions/baylands-original-yolo26n/baylands_sam3_obb_super_75_15_10_test_all
road_to_strip_v3_frame_000160_288452000000,no_prediction,1,0,0,0.0,0.0,,/home/ruben/halmstad_ws/datasets/final/baylands_sam3_obb_super_75_15_10/images/test/road_to_strip_v3_frame_000160_288452000000.jpg,/home/ruben/halmstad_ws/models/obb/experiments/sam3_hybrid_full/runs/predictions/baylands-original-yolo26n/baylands_sam3_obb_super_75_15_10_test_all
road_to_strip_v3_frame_000161_289500000000,no_prediction,1,0,0,0.0,0.0,,/home/ruben/halmstad_ws/datasets/final/baylands_sam3_obb_super_75_15_10/images/test/road_to_strip_v3_frame_000161_289500000000.jpg,/home/ruben/halmstad_ws/models/obb/experiments/sam3_hybrid_full/runs/predictions/baylands-original-yolo26n/baylands_sam3_obb_super_75_15_10_test_all
road_to_strip_v3_frame_000163_291552000000,matched,1,1,1,0.490313,0.490313,0.369825,/home/ruben/halmstad_ws/datasets/final/baylands_sam3_obb_super_75_15_10/images/test/road_to_strip_v3_frame_000163_291552000000.jpg,/home/ruben/halmstad_ws/models/obb/experiments/sam3_hybrid_full/runs/predictions/baylands-original-yolo26n/baylands_sam3_obb_super_75_15_10_test_all
road_to_strip_v3_frame_000164_292552000000,no_prediction,1,0,0,0.0,0.0,,/home/ruben/halmstad_ws/datasets/final/baylands_sam3_obb_super_75_15_10/images/test/road_to_strip_v3_frame_000164_292552000000.jpg,/home/ruben/halmstad_ws/models/obb/experiments/sam3_hybrid_full/runs/predictions/baylands-original-yolo26n/baylands_sam3_obb_super_75_15_10_test_all
road_to_strip_v3_frame_000166_294552000000,matched,1,1,1,0.523092,0.523092,0.405137,/home/ruben/halmstad_ws/datasets/final/baylands_sam3_obb_super_75_15_10/images/test/road_to_strip_v3_frame_000166_294552000000.jpg,/home/ruben/halmstad_ws/models/obb/experiments/sam3_hybrid_full/runs/predictions/baylands-original-yolo26n/baylands_sam3_obb_super_75_15_10_test_all
road_to_strip_v3_frame_000167_295552000000,no_prediction,1,0,0,0.0,0.0,,/home/ruben/halmstad_ws/datasets/final/baylands_sam3_obb_super_75_15_10/images/test/road_to_strip_v3_frame_000167_295552000000.jpg,/home/ruben/halmstad_ws/models/obb/experiments/sam3_hybrid_full/runs/predictions/baylands-original-yolo26n/baylands_sam3_obb_super_75_15_10_test_all
road_to_strip_v4_frame_000022_145300000000,matched,1,1,1,0.538152,0.538152,0.398755,/home/ruben/halmstad_ws/datasets/final/baylands_sam3_obb_super_75_15_10/images/test/road_to_strip_v4_frame_000022_145300000000.jpg,/home/ruben/halmstad_ws/models/obb/experiments/sam3_hybrid_full/runs/predictions/baylands-original-yolo26n/baylands_sam3_obb_super_75_15_10_test_all
road_to_strip_v4_frame_000025_157300000000,correct_empty,0,0,0,0.0,0.0,,/home/ruben/halmstad_ws/datasets/final/baylands_sam3_obb_super_75_15_10/images/test/road_to_strip_v4_frame_000025_157300000000.jpg,/home/ruben/halmstad_ws/models/obb/experiments/sam3_hybrid_full/runs/predictions/baylands-original-yolo26n/baylands_sam3_obb_super_75_15_10_test_all
road_to_west_v1_frame_000021_119652000000,no_prediction,1,0,0,0.0,0.0,,/home/ruben/halmstad_ws/datasets/final/baylands_sam3_obb_super_75_15_10/images/test/road_to_west_v1_frame_000021_119652000000.jpg,/home/ruben/halmstad_ws/models/obb/experiments/sam3_hybrid_full/runs/predictions/baylands-original-yolo26n/baylands_sam3_obb_super_75_15_10_test_all
road_to_west_v1_frame_000023_121652000000,matched,1,1,1,0.470719,0.470719,0.327986,/home/ruben/halmstad_ws/datasets/final/baylands_sam3_obb_super_75_15_10/images/test/road_to_west_v1_frame_000023_121652000000.jpg,/home/ruben/halmstad_ws/models/obb/experiments/sam3_hybrid_full/runs/predictions/baylands-original-yolo26n/baylands_sam3_obb_super_75_15_10_test_all
road_to_west_v1_frame_000024_122652000000,matched,1,1,1,0.649926,0.649926,0.351667,/home/ruben/halmstad_ws/datasets/final/baylands_sam3_obb_super_75_15_10/images/test/road_to_west_v1_frame_000024_122652000000.jpg,/home/ruben/halmstad_ws/models/obb/experiments/sam3_hybrid_full/runs/predictions/baylands-original-yolo26n/baylands_sam3_obb_super_75_15_10_test_all
road_to_west_v1_frame_000029_127700000000,no_prediction,1,0,0,0.0,0.0,,/home/ruben/halmstad_ws/datasets/final/baylands_sam3_obb_super_75_15_10/images/test/road_to_west_v1_frame_000029_127700000000.jpg,/home/ruben/halmstad_ws/models/obb/experiments/sam3_hybrid_full/runs/predictions/baylands-original-yolo26n/baylands_sam3_obb_super_75_15_10_test_all
road_to_west_v1_frame_000030_128700000000,no_prediction,1,0,0,0.0,0.0,,/home/ruben/halmstad_ws/datasets/final/baylands_sam3_obb_super_75_15_10/images/test/road_to_west_v1_frame_000030_128700000000.jpg,/home/ruben/halmstad_ws/models/obb/experiments/sam3_hybrid_full/runs/predictions/baylands-original-yolo26n/baylands_sam3_obb_super_75_15_10_test_all
road_to_west_v1_frame_000031_129700000000,no_prediction,1,0,0,0.0,0.0,,/home/ruben/halmstad_ws/datasets/final/baylands_sam3_obb_super_75_15_10/images/test/road_to_west_v1_frame_000031_129700000000.jpg,/home/ruben/halmstad_ws/models/obb/experiments/sam3_hybrid_full/runs/predictions/baylands-original-yolo26n/baylands_sam3_obb_super_75_15_10_test_all
road_to_west_v1_frame_000033_131752000000,matched,1,1,1,0.452122,0.452122,0.268566,/home/ruben/halmstad_ws/datasets/final/baylands_sam3_obb_super_75_15_10/images/test/road_to_west_v1_frame_000033_131752000000.jpg,/home/ruben/halmstad_ws/models/obb/experiments/sam3_hybrid_full/runs/predictions/baylands-original-yolo26n/baylands_sam3_obb_super_75_15_10_test_all
road_to_west_v1_frame_000034_132752000000,matched,1,1,1,0.502749,0.502749,0.411976,/home/ruben/halmstad_ws/datasets/final/baylands_sam3_obb_super_75_15_10/images/test/road_to_west_v1_frame_000034_132752000000.jpg,/home/ruben/halmstad_ws/models/obb/experiments/sam3_hybrid_full/runs/predictions/baylands-original-yolo26n/baylands_sam3_obb_super_75_15_10_test_all
road_to_west_v1_frame_000035_133752000000,no_prediction,1,0,0,0.0,0.0,,/home/ruben/halmstad_ws/datasets/final/baylands_sam3_obb_super_75_15_10/images/test/road_to_west_v1_frame_000035_133752000000.jpg,/home/ruben/halmstad_ws/models/obb/experiments/sam3_hybrid_full/runs/predictions/baylands-original-yolo26n/baylands_sam3_obb_super_75_15_10_test_all
road_to_west_v1_frame_000037_135800000000,matched,1,1,1,0.440571,0.440571,0.544004,/home/ruben/halmstad_ws/datasets/final/baylands_sam3_obb_super_75_15_10/images/test/road_to_west_v1_frame_000037_135800000000.jpg,/home/ruben/halmstad_ws/models/obb/experiments/sam3_hybrid_full/runs/predictions/baylands-original-yolo26n/baylands_sam3_obb_super_75_15_10_test_all
road_to_west_v1_frame_000039_137800000000,matched,1,1,1,0.535883,0.535883,0.384965,/home/ruben/halmstad_ws/datasets/final/baylands_sam3_obb_super_75_15_10/images/test/road_to_west_v1_frame_000039_137800000000.jpg,/home/ruben/halmstad_ws/models/obb/experiments/sam3_hybrid_full/runs/predictions/baylands-original-yolo26n/baylands_sam3_obb_super_75_15_10_test_all
road_to_west_v1_frame_000040_138800000000,no_prediction,1,0,0,0.0,0.0,,/home/ruben/halmstad_ws/datasets/final/baylands_sam3_obb_super_75_15_10/images/test/road_to_west_v1_frame_000040_138800000000.jpg,/home/ruben/halmstad_ws/models/obb/experiments/sam3_hybrid_full/runs/predictions/baylands-original-yolo26n/baylands_sam3_obb_super_75_15_10_test_all
road_to_west_v1_frame_000041_139800000000,no_prediction,1,0,0,0.0,0.0,,/home/ruben/halmstad_ws/datasets/final/baylands_sam3_obb_super_75_15_10/images/test/road_to_west_v1_frame_000041_139800000000.jpg,/home/ruben/halmstad_ws/models/obb/experiments/sam3_hybrid_full/runs/predictions/baylands-original-yolo26n/baylands_sam3_obb_super_75_15_10_test_all
road_to_west_v1_frame_000043_141800000000,matched,1,1,1,0.599367,0.599367,0.39147,/home/ruben/halmstad_ws/datasets/final/baylands_sam3_obb_super_75_15_10/images/test/road_to_west_v1_frame_000043_141800000000.jpg,/home/ruben/halmstad_ws/models/obb/experiments/sam3_hybrid_full/runs/predictions/baylands-original-yolo26n/baylands_sam3_obb_super_75_15_10_test_all
road_to_west_v1_frame_000046_144800000000,matched,1,1,1,0.630997,0.630997,0.408982,/home/ruben/halmstad_ws/datasets/final/baylands_sam3_obb_super_75_15_10/images/test/road_to_west_v1_frame_000046_144800000000.jpg,/home/ruben/halmstad_ws/models/obb/experiments/sam3_hybrid_full/runs/predictions/baylands-original-yolo26n/baylands_sam3_obb_super_75_15_10_test_all
road_to_west_v2_frame_000058_119700000000,matched,1,1,1,0.417478,0.417478,0.50072,/home/ruben/halmstad_ws/datasets/final/baylands_sam3_obb_super_75_15_10/images/test/road_to_west_v2_frame_000058_119700000000.jpg,/home/ruben/halmstad_ws/models/obb/experiments/sam3_hybrid_full/runs/predictions/baylands-original-yolo26n/baylands_sam3_obb_super_75_15_10_test_all
road_to_west_v2_frame_000060_121800000000,matched,1,1,1,0.491672,0.491672,0.508601,/home/ruben/halmstad_ws/datasets/final/baylands_sam3_obb_super_75_15_10/images/test/road_to_west_v2_frame_000060_121800000000.jpg,/home/ruben/halmstad_ws/models/obb/experiments/sam3_hybrid_full/runs/predictions/baylands-original-yolo26n/baylands_sam3_obb_super_75_15_10_test_all
road_to_west_v2_frame_000061_122800000000,matched,1,1,1,0.67005,0.67005,0.535353,/home/ruben/halmstad_ws/datasets/final/baylands_sam3_obb_super_75_15_10/images/test/road_to_west_v2_frame_000061_122800000000.jpg,/home/ruben/halmstad_ws/models/obb/experiments/sam3_hybrid_full/runs/predictions/baylands-original-yolo26n/baylands_sam3_obb_super_75_15_10_test_all
road_to_west_v2_frame_000067_128800000000,correct_empty,0,0,0,0.0,0.0,,/home/ruben/halmstad_ws/datasets/final/baylands_sam3_obb_super_75_15_10/images/test/road_to_west_v2_frame_000067_128800000000.jpg,/home/ruben/halmstad_ws/models/obb/experiments/sam3_hybrid_full/runs/predictions/baylands-original-yolo26n/baylands_sam3_obb_super_75_15_10_test_all
road_to_west_v2_frame_000068_129800000000,no_prediction,1,0,0,0.0,0.0,,/home/ruben/halmstad_ws/datasets/final/baylands_sam3_obb_super_75_15_10/images/test/road_to_west_v2_frame_000068_129800000000.jpg,/home/ruben/halmstad_ws/models/obb/experiments/sam3_hybrid_full/runs/predictions/baylands-original-yolo26n/baylands_sam3_obb_super_75_15_10_test_all
road_to_west_v2_frame_000069_130900000000,matched,1,1,1,0.674331,0.674331,0.527157,/home/ruben/halmstad_ws/datasets/final/baylands_sam3_obb_super_75_15_10/images/test/road_to_west_v2_frame_000069_130900000000.jpg,/home/ruben/halmstad_ws/models/obb/experiments/sam3_hybrid_full/runs/predictions/baylands-original-yolo26n/baylands_sam3_obb_super_75_15_10_test_all
road_to_west_v2_frame_000070_131900000000,multi_prediction,1,2,1,0.629207,0.629207,0.467512,/home/ruben/halmstad_ws/datasets/final/baylands_sam3_obb_super_75_15_10/images/test/road_to_west_v2_frame_000070_131900000000.jpg,/home/ruben/halmstad_ws/models/obb/experiments/sam3_hybrid_full/runs/predictions/baylands-original-yolo26n/baylands_sam3_obb_super_75_15_10_test_all
road_to_west_v2_frame_000075_139500000000,no_prediction,1,0,0,0.0,0.0,,/home/ruben/halmstad_ws/datasets/final/baylands_sam3_obb_super_75_15_10/images/test/road_to_west_v2_frame_000075_139500000000.jpg,/home/ruben/halmstad_ws/models/obb/experiments/sam3_hybrid_full/runs/predictions/baylands-original-yolo26n/baylands_sam3_obb_super_75_15_10_test_all
road_to_west_v2_frame_000076_140500000000,no_prediction,1,0,0,0.0,0.0,,/home/ruben/halmstad_ws/datasets/final/baylands_sam3_obb_super_75_15_10/images/test/road_to_west_v2_frame_000076_140500000000.jpg,/home/ruben/halmstad_ws/models/obb/experiments/sam3_hybrid_full/runs/predictions/baylands-original-yolo26n/baylands_sam3_obb_super_75_15_10_test_all
road_to_west_v2_frame_000077_141500000000,no_prediction,1,0,0,0.0,0.0,,/home/ruben/halmstad_ws/datasets/final/baylands_sam3_obb_super_75_15_10/images/test/road_to_west_v2_frame_000077_141500000000.jpg,/home/ruben/halmstad_ws/models/obb/experiments/sam3_hybrid_full/runs/predictions/baylands-original-yolo26n/baylands_sam3_obb_super_75_15_10_test_all
road_to_west_v2_frame_000079_143600000000,matched,1,1,1,0.466953,0.466953,0.726921,/home/ruben/halmstad_ws/datasets/final/baylands_sam3_obb_super_75_15_10/images/test/road_to_west_v2_frame_000079_143600000000.jpg,/home/ruben/halmstad_ws/models/obb/experiments/sam3_hybrid_full/runs/predictions/baylands-original-yolo26n/baylands_sam3_obb_super_75_15_10_test_all
road_to_west_v2_frame_000080_144600000000,matched,1,1,1,0.561238,0.561238,0.428028,/home/ruben/halmstad_ws/datasets/final/baylands_sam3_obb_super_75_15_10/images/test/road_to_west_v2_frame_000080_144600000000.jpg,/home/ruben/halmstad_ws/models/obb/experiments/sam3_hybrid_full/runs/predictions/baylands-original-yolo26n/baylands_sam3_obb_super_75_15_10_test_all
road_to_west_v2_frame_000081_145600000000,matched,1,1,1,0.537407,0.537407,0.725248,/home/ruben/halmstad_ws/datasets/final/baylands_sam3_obb_super_75_15_10/images/test/road_to_west_v2_frame_000081_145600000000.jpg,/home/ruben/halmstad_ws/models/obb/experiments/sam3_hybrid_full/runs/predictions/baylands-original-yolo26n/baylands_sam3_obb_super_75_15_10_test_all
road_to_west_v4_frame_000022_118700000000,no_prediction,1,0,0,0.0,0.0,,/home/ruben/halmstad_ws/datasets/final/baylands_sam3_obb_super_75_15_10/images/test/road_to_west_v4_frame_000022_118700000000.jpg,/home/ruben/halmstad_ws/models/obb/experiments/sam3_hybrid_full/runs/predictions/baylands-original-yolo26n/baylands_sam3_obb_super_75_15_10_test_all
road_to_west_v4_frame_000029_130400000000,correct_empty,0,0,0,0.0,0.0,,/home/ruben/halmstad_ws/datasets/final/baylands_sam3_obb_super_75_15_10/images/test/road_to_west_v4_frame_000029_130400000000.jpg,/home/ruben/halmstad_ws/models/obb/experiments/sam3_hybrid_full/runs/predictions/baylands-original-yolo26n/baylands_sam3_obb_super_75_15_10_test_all
road_to_west_v4_frame_000032_137900000000,correct_empty,0,0,0,0.0,0.0,,/home/ruben/halmstad_ws/datasets/final/baylands_sam3_obb_super_75_15_10/images/test/road_to_west_v4_frame_000032_137900000000.jpg,/home/ruben/halmstad_ws/models/obb/experiments/sam3_hybrid_full/runs/predictions/baylands-original-yolo26n/baylands_sam3_obb_super_75_15_10_test_all
road_to_west_v4_frame_000033_138900000000,matched,1,1,1,0.562406,0.562406,0.306293,/home/ruben/halmstad_ws/datasets/final/baylands_sam3_obb_super_75_15_10/images/test/road_to_west_v4_frame_000033_138900000000.jpg,/home/ruben/halmstad_ws/models/obb/experiments/sam3_hybrid_full/runs/predictions/baylands-original-yolo26n/baylands_sam3_obb_super_75_15_10_test_all
road_to_west_v4_frame_000034_139900000000,matched,1,1,1,0.725248,0.725248,0.262898,/home/ruben/halmstad_ws/datasets/final/baylands_sam3_obb_super_75_15_10/images/test/road_to_west_v4_frame_000034_139900000000.jpg,/home/ruben/halmstad_ws/models/obb/experiments/sam3_hybrid_full/runs/predictions/baylands-original-yolo26n/baylands_sam3_obb_super_75_15_10_test_all
road_to_west_v4_frame_000036_141900000000,no_prediction,1,0,0,0.0,0.0,,/home/ruben/halmstad_ws/datasets/final/baylands_sam3_obb_super_75_15_10/images/test/road_to_west_v4_frame_000036_141900000000.jpg,/home/ruben/halmstad_ws/models/obb/experiments/sam3_hybrid_full/runs/predictions/baylands-original-yolo26n/baylands_sam3_obb_super_75_15_10_test_all
road_to_west_v6_frame_000046_122752000000,matched,1,1,1,0.521081,0.521081,0.568478,/home/ruben/halmstad_ws/datasets/final/baylands_sam3_obb_super_75_15_10/images/test/road_to_west_v6_frame_000046_122752000000.jpg,/home/ruben/halmstad_ws/models/obb/experiments/sam3_hybrid_full/runs/predictions/baylands-original-yolo26n/baylands_sam3_obb_super_75_15_10_test_all
road_to_west_v6_frame_000049_125752000000,matched,1,1,1,0.548572,0.548572,0.619366,/home/ruben/halmstad_ws/datasets/final/baylands_sam3_obb_super_75_15_10/images/test/road_to_west_v6_frame_000049_125752000000.jpg,/home/ruben/halmstad_ws/models/obb/experiments/sam3_hybrid_full/runs/predictions/baylands-original-yolo26n/baylands_sam3_obb_super_75_15_10_test_all
road_to_west_v6_frame_000059_135852000000,matched,1,1,1,0.521269,0.521269,0.508205,/home/ruben/halmstad_ws/datasets/final/baylands_sam3_obb_super_75_15_10/images/test/road_to_west_v6_frame_000059_135852000000.jpg,/home/ruben/halmstad_ws/models/obb/experiments/sam3_hybrid_full/runs/predictions/baylands-original-yolo26n/baylands_sam3_obb_super_75_15_10_test_all
road_to_west_v6_frame_000060_136900000000,multi_prediction,1,2,1,0.476995,0.476995,0.421252,/home/ruben/halmstad_ws/datasets/final/baylands_sam3_obb_super_75_15_10/images/test/road_to_west_v6_frame_000060_136900000000.jpg,/home/ruben/halmstad_ws/models/obb/experiments/sam3_hybrid_full/runs/predictions/baylands-original-yolo26n/baylands_sam3_obb_super_75_15_10_test_all
road_to_west_v6_frame_000065_141900000000,matched,1,1,1,0.497045,0.497045,0.326073,/home/ruben/halmstad_ws/datasets/final/baylands_sam3_obb_super_75_15_10/images/test/road_to_west_v6_frame_000065_141900000000.jpg,/home/ruben/halmstad_ws/models/obb/experiments/sam3_hybrid_full/runs/predictions/baylands-original-yolo26n/baylands_sam3_obb_super_75_15_10_test_all
road_to_west_v7_frame_000014_119900000000,matched,1,1,1,0.513817,0.513817,0.283282,/home/ruben/halmstad_ws/datasets/final/baylands_sam3_obb_super_75_15_10/images/test/road_to_west_v7_frame_000014_119900000000.jpg,/home/ruben/halmstad_ws/models/obb/experiments/sam3_hybrid_full/runs/predictions/baylands-original-yolo26n/baylands_sam3_obb_super_75_15_10_test_all
road_to_west_v7_frame_000015_123900000000,no_prediction,1,0,0,0.0,0.0,,/home/ruben/halmstad_ws/datasets/final/baylands_sam3_obb_super_75_15_10/images/test/road_to_west_v7_frame_000015_123900000000.jpg,/home/ruben/halmstad_ws/models/obb/experiments/sam3_hybrid_full/runs/predictions/baylands-original-yolo26n/baylands_sam3_obb_super_75_15_10_test_all
road_to_west_v7_frame_000016_128000000000,no_prediction,1,0,0,0.0,0.0,,/home/ruben/halmstad_ws/datasets/final/baylands_sam3_obb_super_75_15_10/images/test/road_to_west_v7_frame_000016_128000000000.jpg,/home/ruben/halmstad_ws/models/obb/experiments/sam3_hybrid_full/runs/predictions/baylands-original-yolo26n/baylands_sam3_obb_super_75_15_10_test_all
road_to_west_v7_frame_000017_131900000000,no_prediction,1,0,0,0.0,0.0,,/home/ruben/halmstad_ws/datasets/final/baylands_sam3_obb_super_75_15_10/images/test/road_to_west_v7_frame_000017_131900000000.jpg,/home/ruben/halmstad_ws/models/obb/experiments/sam3_hybrid_full/runs/predictions/baylands-original-yolo26n/baylands_sam3_obb_super_75_15_10_test_all
road_to_west_v7_frame_000019_140000000000,no_prediction,1,0,0,0.0,0.0,,/home/ruben/halmstad_ws/datasets/final/baylands_sam3_obb_super_75_15_10/images/test/road_to_west_v7_frame_000019_140000000000.jpg,/home/ruben/halmstad_ws/models/obb/experiments/sam3_hybrid_full/runs/predictions/baylands-original-yolo26n/baylands_sam3_obb_super_75_15_10_test_all
road_to_west_v7_frame_000020_144000000000,matched,1,1,1,0.47456,0.47456,0.328406,/home/ruben/halmstad_ws/datasets/final/baylands_sam3_obb_super_75_15_10/images/test/road_to_west_v7_frame_000020_144000000000.jpg,/home/ruben/halmstad_ws/models/obb/experiments/sam3_hybrid_full/runs/predictions/baylands-original-yolo26n/baylands_sam3_obb_super_75_15_10_test_all
road_to_west_v9_frame_000006_120700000000,no_prediction,1,0,0,0.0,0.0,,/home/ruben/halmstad_ws/datasets/final/baylands_sam3_obb_super_75_15_10/images/test/road_to_west_v9_frame_000006_120700000000.jpg,/home/ruben/halmstad_ws/models/obb/experiments/sam3_hybrid_full/runs/predictions/baylands-original-yolo26n/baylands_sam3_obb_super_75_15_10_test_all
road_to_west_v9_frame_000007_124700000000,no_prediction,1,0,0,0.0,0.0,,/home/ruben/halmstad_ws/datasets/final/baylands_sam3_obb_super_75_15_10/images/test/road_to_west_v9_frame_000007_124700000000.jpg,/home/ruben/halmstad_ws/models/obb/experiments/sam3_hybrid_full/runs/predictions/baylands-original-yolo26n/baylands_sam3_obb_super_75_15_10_test_all
road_to_west_v9_frame_000008_128700000000,matched,1,1,1,0.509294,0.509294,0.493482,/home/ruben/halmstad_ws/datasets/final/baylands_sam3_obb_super_75_15_10/images/test/road_to_west_v9_frame_000008_128700000000.jpg,/home/ruben/halmstad_ws/models/obb/experiments/sam3_hybrid_full/runs/predictions/baylands-original-yolo26n/baylands_sam3_obb_super_75_15_10_test_all
road_to_west_v9_frame_000011_140700000000,matched,1,1,1,0.738932,0.738932,0.397315,/home/ruben/halmstad_ws/datasets/final/baylands_sam3_obb_super_75_15_10/images/test/road_to_west_v9_frame_000011_140700000000.jpg,/home/ruben/halmstad_ws/models/obb/experiments/sam3_hybrid_full/runs/predictions/baylands-original-yolo26n/baylands_sam3_obb_super_75_15_10_test_all
road_to_west_v9_frame_000012_144700000000,matched,1,1,1,0.499614,0.499614,0.620474,/home/ruben/halmstad_ws/datasets/final/baylands_sam3_obb_super_75_15_10/images/test/road_to_west_v9_frame_000012_144700000000.jpg,/home/ruben/halmstad_ws/models/obb/experiments/sam3_hybrid_full/runs/predictions/baylands-original-yolo26n/baylands_sam3_obb_super_75_15_10_test_all
spawn_v1_frame_000049_137400000000,matched,1,1,1,0.785692,0.785692,0.548824,/home/ruben/halmstad_ws/datasets/final/baylands_sam3_obb_super_75_15_10/images/test/spawn_v1_frame_000049_137400000000.jpg,/home/ruben/halmstad_ws/models/obb/experiments/sam3_hybrid_full/runs/predictions/baylands-original-yolo26n/baylands_sam3_obb_super_75_15_10_test_all
spawn_v1_frame_000050_138400000000,matched,1,1,1,0.685265,0.685265,0.306009,/home/ruben/halmstad_ws/datasets/final/baylands_sam3_obb_super_75_15_10/images/test/spawn_v1_frame_000050_138400000000.jpg,/home/ruben/halmstad_ws/models/obb/experiments/sam3_hybrid_full/runs/predictions/baylands-original-yolo26n/baylands_sam3_obb_super_75_15_10_test_all
spawn_v1_frame_000054_142452000000,matched,1,1,1,0.700984,0.700984,0.336894,/home/ruben/halmstad_ws/datasets/final/baylands_sam3_obb_super_75_15_10/images/test/spawn_v1_frame_000054_142452000000.jpg,/home/ruben/halmstad_ws/models/obb/experiments/sam3_hybrid_full/runs/predictions/baylands-original-yolo26n/baylands_sam3_obb_super_75_15_10_test_all
spawn_v1_frame_000055_143452000000,multi_prediction,1,2,1,0.804593,0.804593,0.382355,/home/ruben/halmstad_ws/datasets/final/baylands_sam3_obb_super_75_15_10/images/test/spawn_v1_frame_000055_143452000000.jpg,/home/ruben/halmstad_ws/models/obb/experiments/sam3_hybrid_full/runs/predictions/baylands-original-yolo26n/baylands_sam3_obb_super_75_15_10_test_all
spawn_v1_frame_000062_150452000000,no_prediction,1,0,0,0.0,0.0,,/home/ruben/halmstad_ws/datasets/final/baylands_sam3_obb_super_75_15_10/images/test/spawn_v1_frame_000062_150452000000.jpg,/home/ruben/halmstad_ws/models/obb/experiments/sam3_hybrid_full/runs/predictions/baylands-original-yolo26n/baylands_sam3_obb_super_75_15_10_test_all
spawn_v1_frame_000063_151500000000,no_prediction,1,0,0,0.0,0.0,,/home/ruben/halmstad_ws/datasets/final/baylands_sam3_obb_super_75_15_10/images/test/spawn_v1_frame_000063_151500000000.jpg,/home/ruben/halmstad_ws/models/obb/experiments/sam3_hybrid_full/runs/predictions/baylands-original-yolo26n/baylands_sam3_obb_super_75_15_10_test_all
spawn_v1_frame_000065_153500000000,no_prediction,1,0,0,0.0,0.0,,/home/ruben/halmstad_ws/datasets/final/baylands_sam3_obb_super_75_15_10/images/test/spawn_v1_frame_000065_153500000000.jpg,/home/ruben/halmstad_ws/models/obb/experiments/sam3_hybrid_full/runs/predictions/baylands-original-yolo26n/baylands_sam3_obb_super_75_15_10_test_all
spawn_v1_frame_000148_243700000000,no_prediction,1,0,0,0.0,0.0,,/home/ruben/halmstad_ws/datasets/final/baylands_sam3_obb_super_75_15_10/images/test/spawn_v1_frame_000148_243700000000.jpg,/home/ruben/halmstad_ws/models/obb/experiments/sam3_hybrid_full/runs/predictions/baylands-original-yolo26n/baylands_sam3_obb_super_75_15_10_test_all
spawn_v1_frame_000149_244700000000,matched,1,1,1,0.585823,0.585823,0.683893,/home/ruben/halmstad_ws/datasets/final/baylands_sam3_obb_super_75_15_10/images/test/spawn_v1_frame_000149_244700000000.jpg,/home/ruben/halmstad_ws/models/obb/experiments/sam3_hybrid_full/runs/predictions/baylands-original-yolo26n/baylands_sam3_obb_super_75_15_10_test_all
spawn_v1_frame_000150_245700000000,no_prediction,1,0,0,0.0,0.0,,/home/ruben/halmstad_ws/datasets/final/baylands_sam3_obb_super_75_15_10/images/test/spawn_v1_frame_000150_245700000000.jpg,/home/ruben/halmstad_ws/models/obb/experiments/sam3_hybrid_full/runs/predictions/baylands-original-yolo26n/baylands_sam3_obb_super_75_15_10_test_all
spawn_v1_frame_000151_246700000000,no_prediction,1,0,0,0.0,0.0,,/home/ruben/halmstad_ws/datasets/final/baylands_sam3_obb_super_75_15_10/images/test/spawn_v1_frame_000151_246700000000.jpg,/home/ruben/halmstad_ws/models/obb/experiments/sam3_hybrid_full/runs/predictions/baylands-original-yolo26n/baylands_sam3_obb_super_75_15_10_test_all
spawn_v1_frame_000152_247700000000,no_prediction,1,0,0,0.0,0.0,,/home/ruben/halmstad_ws/datasets/final/baylands_sam3_obb_super_75_15_10/images/test/spawn_v1_frame_000152_247700000000.jpg,/home/ruben/halmstad_ws/models/obb/experiments/sam3_hybrid_full/runs/predictions/baylands-original-yolo26n/baylands_sam3_obb_super_75_15_10_test_all
spawn_v1_frame_000154_249700000000,no_prediction,1,0,0,0.0,0.0,,/home/ruben/halmstad_ws/datasets/final/baylands_sam3_obb_super_75_15_10/images/test/spawn_v1_frame_000154_249700000000.jpg,/home/ruben/halmstad_ws/models/obb/experiments/sam3_hybrid_full/runs/predictions/baylands-original-yolo26n/baylands_sam3_obb_super_75_15_10_test_all
spawn_v1_frame_000156_251752000000,matched,1,1,1,0.741103,0.741103,0.322245,/home/ruben/halmstad_ws/datasets/final/baylands_sam3_obb_super_75_15_10/images/test/spawn_v1_frame_000156_251752000000.jpg,/home/ruben/halmstad_ws/models/obb/experiments/sam3_hybrid_full/runs/predictions/baylands-original-yolo26n/baylands_sam3_obb_super_75_15_10_test_all
spawn_v1_frame_000157_252752000000,matched,1,1,1,0.568239,0.568239,0.621945,/home/ruben/halmstad_ws/datasets/final/baylands_sam3_obb_super_75_15_10/images/test/spawn_v1_frame_000157_252752000000.jpg,/home/ruben/halmstad_ws/models/obb/experiments/sam3_hybrid_full/runs/predictions/baylands-original-yolo26n/baylands_sam3_obb_super_75_15_10_test_all
spawn_v1_frame_000159_254752000000,matched,1,1,1,0.789635,0.789635,0.613113,/home/ruben/halmstad_ws/datasets/final/baylands_sam3_obb_super_75_15_10/images/test/spawn_v1_frame_000159_254752000000.jpg,/home/ruben/halmstad_ws/models/obb/experiments/sam3_hybrid_full/runs/predictions/baylands-original-yolo26n/baylands_sam3_obb_super_75_15_10_test_all
spawn_v1_frame_000160_255752000000,matched,1,1,1,0.691158,0.691158,0.70458,/home/ruben/halmstad_ws/datasets/final/baylands_sam3_obb_super_75_15_10/images/test/spawn_v1_frame_000160_255752000000.jpg,/home/ruben/halmstad_ws/models/obb/experiments/sam3_hybrid_full/runs/predictions/baylands-original-yolo26n/baylands_sam3_obb_super_75_15_10_test_all
spawn_v1_frame_000161_256800000000,matched,1,1,1,0.782291,0.782291,0.739582,/home/ruben/halmstad_ws/datasets/final/baylands_sam3_obb_super_75_15_10/images/test/spawn_v1_frame_000161_256800000000.jpg,/home/ruben/halmstad_ws/models/obb/experiments/sam3_hybrid_full/runs/predictions/baylands-original-yolo26n/baylands_sam3_obb_super_75_15_10_test_all
spawn_v1_frame_000162_257800000000,matched,1,1,1,0.627541,0.627541,0.76949,/home/ruben/halmstad_ws/datasets/final/baylands_sam3_obb_super_75_15_10/images/test/spawn_v1_frame_000162_257800000000.jpg,/home/ruben/halmstad_ws/models/obb/experiments/sam3_hybrid_full/runs/predictions/baylands-original-yolo26n/baylands_sam3_obb_super_75_15_10_test_all
spawn_v1_frame_000163_258800000000,matched,1,1,1,0.588505,0.588505,0.351781,/home/ruben/halmstad_ws/datasets/final/baylands_sam3_obb_super_75_15_10/images/test/spawn_v1_frame_000163_258800000000.jpg,/home/ruben/halmstad_ws/models/obb/experiments/sam3_hybrid_full/runs/predictions/baylands-original-yolo26n/baylands_sam3_obb_super_75_15_10_test_all
spawn_v1_frame_000164_259800000000,matched,1,1,1,0.703195,0.703195,0.273422,/home/ruben/halmstad_ws/datasets/final/baylands_sam3_obb_super_75_15_10/images/test/spawn_v1_frame_000164_259800000000.jpg,/home/ruben/halmstad_ws/models/obb/experiments/sam3_hybrid_full/runs/predictions/baylands-original-yolo26n/baylands_sam3_obb_super_75_15_10_test_all
spawn_v1_frame_000166_261852000000,matched,1,1,1,0.613382,0.613382,0.463229,/home/ruben/halmstad_ws/datasets/final/baylands_sam3_obb_super_75_15_10/images/test/spawn_v1_frame_000166_261852000000.jpg,/home/ruben/halmstad_ws/models/obb/experiments/sam3_hybrid_full/runs/predictions/baylands-original-yolo26n/baylands_sam3_obb_super_75_15_10_test_all
spawn_v2_frame_000062_135652000000,matched,1,1,1,0.444637,0.444637,0.49549,/home/ruben/halmstad_ws/datasets/final/baylands_sam3_obb_super_75_15_10/images/test/spawn_v2_frame_000062_135652000000.jpg,/home/ruben/halmstad_ws/models/obb/experiments/sam3_hybrid_full/runs/predictions/baylands-original-yolo26n/baylands_sam3_obb_super_75_15_10_test_all
spawn_v2_frame_000063_136652000000,matched,1,1,1,0.624441,0.624441,0.485468,/home/ruben/halmstad_ws/datasets/final/baylands_sam3_obb_super_75_15_10/images/test/spawn_v2_frame_000063_136652000000.jpg,/home/ruben/halmstad_ws/models/obb/experiments/sam3_hybrid_full/runs/predictions/baylands-original-yolo26n/baylands_sam3_obb_super_75_15_10_test_all
spawn_v2_frame_000064_137652000000,matched,1,1,1,0.53672,0.53672,0.728502,/home/ruben/halmstad_ws/datasets/final/baylands_sam3_obb_super_75_15_10/images/test/spawn_v2_frame_000064_137652000000.jpg,/home/ruben/halmstad_ws/models/obb/experiments/sam3_hybrid_full/runs/predictions/baylands-original-yolo26n/baylands_sam3_obb_super_75_15_10_test_all
spawn_v2_frame_000066_139652000000,matched,1,1,1,0.453447,0.453447,0.671818,/home/ruben/halmstad_ws/datasets/final/baylands_sam3_obb_super_75_15_10/images/test/spawn_v2_frame_000066_139652000000.jpg,/home/ruben/halmstad_ws/models/obb/experiments/sam3_hybrid_full/runs/predictions/baylands-original-yolo26n/baylands_sam3_obb_super_75_15_10_test_all
spawn_v2_frame_000067_140700000000,matched,1,1,1,0.495637,0.495637,0.660133,/home/ruben/halmstad_ws/datasets/final/baylands_sam3_obb_super_75_15_10/images/test/spawn_v2_frame_000067_140700000000.jpg,/home/ruben/halmstad_ws/models/obb/experiments/sam3_hybrid_full/runs/predictions/baylands-original-yolo26n/baylands_sam3_obb_super_75_15_10_test_all
spawn_v2_frame_000069_142700000000,matched,1,1,1,0.765801,0.765801,0.263631,/home/ruben/halmstad_ws/datasets/final/baylands_sam3_obb_super_75_15_10/images/test/spawn_v2_frame_000069_142700000000.jpg,/home/ruben/halmstad_ws/models/obb/experiments/sam3_hybrid_full/runs/predictions/baylands-original-yolo26n/baylands_sam3_obb_super_75_15_10_test_all
spawn_v2_frame_000070_143652000000,matched,1,1,1,0.618105,0.618105,0.32218,/home/ruben/halmstad_ws/datasets/final/baylands_sam3_obb_super_75_15_10/images/test/spawn_v2_frame_000070_143652000000.jpg,/home/ruben/halmstad_ws/models/obb/experiments/sam3_hybrid_full/runs/predictions/baylands-original-yolo26n/baylands_sam3_obb_super_75_15_10_test_all
spawn_v2_frame_000071_144700000000,matched,1,1,1,0.504047,0.504047,0.57685,/home/ruben/halmstad_ws/datasets/final/baylands_sam3_obb_super_75_15_10/images/test/spawn_v2_frame_000071_144700000000.jpg,/home/ruben/halmstad_ws/models/obb/experiments/sam3_hybrid_full/runs/predictions/baylands-original-yolo26n/baylands_sam3_obb_super_75_15_10_test_all
spawn_v2_frame_000072_145700000000,matched,1,1,1,0.540456,0.540456,0.459544,/home/ruben/halmstad_ws/datasets/final/baylands_sam3_obb_super_75_15_10/images/test/spawn_v2_frame_000072_145700000000.jpg,/home/ruben/halmstad_ws/models/obb/experiments/sam3_hybrid_full/runs/predictions/baylands-original-yolo26n/baylands_sam3_obb_super_75_15_10_test_all
spawn_v2_frame_000073_146700000000,matched,1,1,1,0.550894,0.550894,0.519788,/home/ruben/halmstad_ws/datasets/final/baylands_sam3_obb_super_75_15_10/images/test/spawn_v2_frame_000073_146700000000.jpg,/home/ruben/halmstad_ws/models/obb/experiments/sam3_hybrid_full/runs/predictions/baylands-original-yolo26n/baylands_sam3_obb_super_75_15_10_test_all
spawn_v2_frame_000075_148700000000,matched,1,1,1,0.581981,0.581981,0.544818,/home/ruben/halmstad_ws/datasets/final/baylands_sam3_obb_super_75_15_10/images/test/spawn_v2_frame_000075_148700000000.jpg,/home/ruben/halmstad_ws/models/obb/experiments/sam3_hybrid_full/runs/predictions/baylands-original-yolo26n/baylands_sam3_obb_super_75_15_10_test_all
spawn_v2_frame_000082_155752000000,no_prediction,1,0,0,0.0,0.0,,/home/ruben/halmstad_ws/datasets/final/baylands_sam3_obb_super_75_15_10/images/test/spawn_v2_frame_000082_155752000000.jpg,/home/ruben/halmstad_ws/models/obb/experiments/sam3_hybrid_full/runs/predictions/baylands-original-yolo26n/baylands_sam3_obb_super_75_15_10_test_all
spawn_v2_frame_000169_243600000000,matched,1,1,1,0.633554,0.633554,0.329509,/home/ruben/halmstad_ws/datasets/final/baylands_sam3_obb_super_75_15_10/images/test/spawn_v2_frame_000169_243600000000.jpg,/home/ruben/halmstad_ws/models/obb/experiments/sam3_hybrid_full/runs/predictions/baylands-original-yolo26n/baylands_sam3_obb_super_75_15_10_test_all
spawn_v2_frame_000175_249700000000,matched,1,1,1,0.413561,0.413561,0.338176,/home/ruben/halmstad_ws/datasets/final/baylands_sam3_obb_super_75_15_10/images/test/spawn_v2_frame_000175_249700000000.jpg,/home/ruben/halmstad_ws/models/obb/experiments/sam3_hybrid_full/runs/predictions/baylands-original-yolo26n/baylands_sam3_obb_super_75_15_10_test_all
spawn_v2_frame_000179_253700000000,multi_prediction,1,2,1,0.527456,0.527456,0.343169,/home/ruben/halmstad_ws/datasets/final/baylands_sam3_obb_super_75_15_10/images/test/spawn_v2_frame_000179_253700000000.jpg,/home/ruben/halmstad_ws/models/obb/experiments/sam3_hybrid_full/runs/predictions/baylands-original-yolo26n/baylands_sam3_obb_super_75_15_10_test_all
spawn_v2_frame_000182_256700000000,no_prediction,1,0,0,0.0,0.0,,/home/ruben/halmstad_ws/datasets/final/baylands_sam3_obb_super_75_15_10/images/test/spawn_v2_frame_000182_256700000000.jpg,/home/ruben/halmstad_ws/models/obb/experiments/sam3_hybrid_full/runs/predictions/baylands-original-yolo26n/baylands_sam3_obb_super_75_15_10_test_all
spawn_v2_frame_000184_258752000000,no_prediction,1,0,0,0.0,0.0,,/home/ruben/halmstad_ws/datasets/final/baylands_sam3_obb_super_75_15_10/images/test/spawn_v2_frame_000184_258752000000.jpg,/home/ruben/halmstad_ws/models/obb/experiments/sam3_hybrid_full/runs/predictions/baylands-original-yolo26n/baylands_sam3_obb_super_75_15_10_test_all
spawn_v2_frame_000186_260752000000,matched,1,1,1,0.557813,0.557813,0.405982,/home/ruben/halmstad_ws/datasets/final/baylands_sam3_obb_super_75_15_10/images/test/spawn_v2_frame_000186_260752000000.jpg,/home/ruben/halmstad_ws/models/obb/experiments/sam3_hybrid_full/runs/predictions/baylands-original-yolo26n/baylands_sam3_obb_super_75_15_10_test_all
spawn_v2_frame_000187_261752000000,matched,1,1,1,0.483368,0.483368,0.397111,/home/ruben/halmstad_ws/datasets/final/baylands_sam3_obb_super_75_15_10/images/test/spawn_v2_frame_000187_261752000000.jpg,/home/ruben/halmstad_ws/models/obb/experiments/sam3_hybrid_full/runs/predictions/baylands-original-yolo26n/baylands_sam3_obb_super_75_15_10_test_all
spawn_v2_frame_000188_262752000000,no_prediction,1,0,0,0.0,0.0,,/home/ruben/halmstad_ws/datasets/final/baylands_sam3_obb_super_75_15_10/images/test/spawn_v2_frame_000188_262752000000.jpg,/home/ruben/halmstad_ws/models/obb/experiments/sam3_hybrid_full/runs/predictions/baylands-original-yolo26n/baylands_sam3_obb_super_75_15_10_test_all
spawn_v2_frame_000189_263800000000,no_prediction,1,0,0,0.0,0.0,,/home/ruben/halmstad_ws/datasets/final/baylands_sam3_obb_super_75_15_10/images/test/spawn_v2_frame_000189_263800000000.jpg,/home/ruben/halmstad_ws/models/obb/experiments/sam3_hybrid_full/runs/predictions/baylands-original-yolo26n/baylands_sam3_obb_super_75_15_10_test_all
spawn_v3_frame_000011_137200000000,correct_empty,0,0,0,0.0,0.0,,/home/ruben/halmstad_ws/datasets/final/baylands_sam3_obb_super_75_15_10/images/test/spawn_v3_frame_000011_137200000000.jpg,/home/ruben/halmstad_ws/models/obb/experiments/sam3_hybrid_full/runs/predictions/baylands-original-yolo26n/baylands_sam3_obb_super_75_15_10_test_all
spawn_v3_frame_000012_141200000000,correct_empty,0,0,0,0.0,0.0,,/home/ruben/halmstad_ws/datasets/final/baylands_sam3_obb_super_75_15_10/images/test/spawn_v3_frame_000012_141200000000.jpg,/home/ruben/halmstad_ws/models/obb/experiments/sam3_hybrid_full/runs/predictions/baylands-original-yolo26n/baylands_sam3_obb_super_75_15_10_test_all
spawn_v3_frame_000013_145300000000,no_prediction,1,0,0,0.0,0.0,,/home/ruben/halmstad_ws/datasets/final/baylands_sam3_obb_super_75_15_10/images/test/spawn_v3_frame_000013_145300000000.jpg,/home/ruben/halmstad_ws/models/obb/experiments/sam3_hybrid_full/runs/predictions/baylands-original-yolo26n/baylands_sam3_obb_super_75_15_10_test_all
spawn_v3_frame_000014_149300000000,matched,1,1,1,0.331863,0.331863,0.328092,/home/ruben/halmstad_ws/datasets/final/baylands_sam3_obb_super_75_15_10/images/test/spawn_v3_frame_000014_149300000000.jpg,/home/ruben/halmstad_ws/models/obb/experiments/sam3_hybrid_full/runs/predictions/baylands-original-yolo26n/baylands_sam3_obb_super_75_15_10_test_all
spawn_v3_frame_000015_153300000000,correct_empty,0,0,0,0.0,0.0,,/home/ruben/halmstad_ws/datasets/final/baylands_sam3_obb_super_75_15_10/images/test/spawn_v3_frame_000015_153300000000.jpg,/home/ruben/halmstad_ws/models/obb/experiments/sam3_hybrid_full/runs/predictions/baylands-original-yolo26n/baylands_sam3_obb_super_75_15_10_test_all
spawn_v3_frame_000016_157300000000,correct_empty,0,0,0,0.0,0.0,,/home/ruben/halmstad_ws/datasets/final/baylands_sam3_obb_super_75_15_10/images/test/spawn_v3_frame_000016_157300000000.jpg,/home/ruben/halmstad_ws/models/obb/experiments/sam3_hybrid_full/runs/predictions/baylands-original-yolo26n/baylands_sam3_obb_super_75_15_10_test_all
spawn_v3_frame_000038_245500000000,correct_empty,0,0,0,0.0,0.0,,/home/ruben/halmstad_ws/datasets/final/baylands_sam3_obb_super_75_15_10/images/test/spawn_v3_frame_000038_245500000000.jpg,/home/ruben/halmstad_ws/models/obb/experiments/sam3_hybrid_full/runs/predictions/baylands-original-yolo26n/baylands_sam3_obb_super_75_15_10_test_all
strip_v1_frame_000009_92400000000,matched,1,1,1,0.462684,0.462684,0.630007,/home/ruben/halmstad_ws/datasets/final/baylands_sam3_obb_super_75_15_10/images/test/strip_v1_frame_000009_92400000000.jpg,/home/ruben/halmstad_ws/models/obb/experiments/sam3_hybrid_full/runs/predictions/baylands-original-yolo26n/baylands_sam3_obb_super_75_15_10_test_all
strip_v1_frame_000011_100500000000,no_prediction,1,0,0,0.0,0.0,,/home/ruben/halmstad_ws/datasets/final/baylands_sam3_obb_super_75_15_10/images/test/strip_v1_frame_000011_100500000000.jpg,/home/ruben/halmstad_ws/models/obb/experiments/sam3_hybrid_full/runs/predictions/baylands-original-yolo26n/baylands_sam3_obb_super_75_15_10_test_all
strip_v1_frame_000014_112500000000,correct_empty,0,0,0,0.0,0.0,,/home/ruben/halmstad_ws/datasets/final/baylands_sam3_obb_super_75_15_10/images/test/strip_v1_frame_000014_112500000000.jpg,/home/ruben/halmstad_ws/models/obb/experiments/sam3_hybrid_full/runs/predictions/baylands-original-yolo26n/baylands_sam3_obb_super_75_15_10_test_all
strip_v1_frame_000029_172700000000,matched,1,1,1,0.415346,0.415346,0.681953,/home/ruben/halmstad_ws/datasets/final/baylands_sam3_obb_super_75_15_10/images/test/strip_v1_frame_000029_172700000000.jpg,/home/ruben/halmstad_ws/models/obb/experiments/sam3_hybrid_full/runs/predictions/baylands-original-yolo26n/baylands_sam3_obb_super_75_15_10_test_all
strip_v1_frame_000030_176700000000,no_prediction,1,0,0,0.0,0.0,,/home/ruben/halmstad_ws/datasets/final/baylands_sam3_obb_super_75_15_10/images/test/strip_v1_frame_000030_176700000000.jpg,/home/ruben/halmstad_ws/models/obb/experiments/sam3_hybrid_full/runs/predictions/baylands-original-yolo26n/baylands_sam3_obb_super_75_15_10_test_all
strip_v1_frame_000032_184700000000,correct_empty,0,0,0,0.0,0.0,,/home/ruben/halmstad_ws/datasets/final/baylands_sam3_obb_super_75_15_10/images/test/strip_v1_frame_000032_184700000000.jpg,/home/ruben/halmstad_ws/models/obb/experiments/sam3_hybrid_full/runs/predictions/baylands-original-yolo26n/baylands_sam3_obb_super_75_15_10_test_all
strip_v2_frame_000004_94800000000,matched,1,1,1,0.482238,0.482238,0.517908,/home/ruben/halmstad_ws/datasets/final/baylands_sam3_obb_super_75_15_10/images/test/strip_v2_frame_000004_94800000000.jpg,/home/ruben/halmstad_ws/models/obb/experiments/sam3_hybrid_full/runs/predictions/baylands-original-yolo26n/baylands_sam3_obb_super_75_15_10_test_all
strip_v2_frame_000005_98800000000,matched,1,1,1,0.367302,0.367302,0.305464,/home/ruben/halmstad_ws/datasets/final/baylands_sam3_obb_super_75_15_10/images/test/strip_v2_frame_000005_98800000000.jpg,/home/ruben/halmstad_ws/models/obb/experiments/sam3_hybrid_full/runs/predictions/baylands-original-yolo26n/baylands_sam3_obb_super_75_15_10_test_all
strip_v2_frame_000025_178900000000,correct_empty,0,0,0,0.0,0.0,,/home/ruben/halmstad_ws/datasets/final/baylands_sam3_obb_super_75_15_10/images/test/strip_v2_frame_000025_178900000000.jpg,/home/ruben/halmstad_ws/models/obb/experiments/sam3_hybrid_full/runs/predictions/baylands-original-yolo26n/baylands_sam3_obb_super_75_15_10_test_all
strip_v2_frame_000026_183000000000,correct_empty,0,0,0,0.0,0.0,,/home/ruben/halmstad_ws/datasets/final/baylands_sam3_obb_super_75_15_10/images/test/strip_v2_frame_000026_183000000000.jpg,/home/ruben/halmstad_ws/models/obb/experiments/sam3_hybrid_full/runs/predictions/baylands-original-yolo26n/baylands_sam3_obb_super_75_15_10_test_all
strip_v3_frame_000017_95952000000,matched,1,1,1,0.439542,0.439542,0.601052,/home/ruben/halmstad_ws/datasets/final/baylands_sam3_obb_super_75_15_10/images/test/strip_v3_frame_000017_95952000000.jpg,/home/ruben/halmstad_ws/models/obb/experiments/sam3_hybrid_full/runs/predictions/baylands-original-yolo26n/baylands_sam3_obb_super_75_15_10_test_all
strip_v3_frame_000019_98000000000,matched,1,1,1,0.469261,0.469261,0.576997,/home/ruben/halmstad_ws/datasets/final/baylands_sam3_obb_super_75_15_10/images/test/strip_v3_frame_000019_98000000000.jpg,/home/ruben/halmstad_ws/models/obb/experiments/sam3_hybrid_full/runs/predictions/baylands-original-yolo26n/baylands_sam3_obb_super_75_15_10_test_all
strip_v3_frame_000020_99000000000,matched,1,1,1,0.512258,0.512258,0.58391,/home/ruben/halmstad_ws/datasets/final/baylands_sam3_obb_super_75_15_10/images/test/strip_v3_frame_000020_99000000000.jpg,/home/ruben/halmstad_ws/models/obb/experiments/sam3_hybrid_full/runs/predictions/baylands-original-yolo26n/baylands_sam3_obb_super_75_15_10_test_all
strip_v3_frame_000021_100052000000,matched,1,1,1,0.452536,0.452536,0.523164,/home/ruben/halmstad_ws/datasets/final/baylands_sam3_obb_super_75_15_10/images/test/strip_v3_frame_000021_100052000000.jpg,/home/ruben/halmstad_ws/models/obb/experiments/sam3_hybrid_full/runs/predictions/baylands-original-yolo26n/baylands_sam3_obb_super_75_15_10_test_all
strip_v3_frame_000029_108100000000,matched,1,1,1,0.449598,0.449598,0.305285,/home/ruben/halmstad_ws/datasets/final/baylands_sam3_obb_super_75_15_10/images/test/strip_v3_frame_000029_108100000000.jpg,/home/ruben/halmstad_ws/models/obb/experiments/sam3_hybrid_full/runs/predictions/baylands-original-yolo26n/baylands_sam3_obb_super_75_15_10_test_all
strip_v3_frame_000083_172852000000,correct_empty,0,0,0,0.0,0.0,,/home/ruben/halmstad_ws/datasets/final/baylands_sam3_obb_super_75_15_10/images/test/strip_v3_frame_000083_172852000000.jpg,/home/ruben/halmstad_ws/models/obb/experiments/sam3_hybrid_full/runs/predictions/baylands-original-yolo26n/baylands_sam3_obb_super_75_15_10_test_all
strip_v3_frame_000084_173852000000,matched,1,1,1,0.682019,0.682019,0.771807,/home/ruben/halmstad_ws/datasets/final/baylands_sam3_obb_super_75_15_10/images/test/strip_v3_frame_000084_173852000000.jpg,/home/ruben/halmstad_ws/models/obb/experiments/sam3_hybrid_full/runs/predictions/baylands-original-yolo26n/baylands_sam3_obb_super_75_15_10_test_all
strip_v3_frame_000096_185952000000,matched,1,1,1,0.714151,0.714151,0.626345,/home/ruben/halmstad_ws/datasets/final/baylands_sam3_obb_super_75_15_10/images/test/strip_v3_frame_000096_185952000000.jpg,/home/ruben/halmstad_ws/models/obb/experiments/sam3_hybrid_full/runs/predictions/baylands-original-yolo26n/baylands_sam3_obb_super_75_15_10_test_all
strip_v3_frame_000097_186952000000,no_prediction,1,0,0,0.0,0.0,,/home/ruben/halmstad_ws/datasets/final/baylands_sam3_obb_super_75_15_10/images/test/strip_v3_frame_000097_186952000000.jpg,/home/ruben/halmstad_ws/models/obb/experiments/sam3_hybrid_full/runs/predictions/baylands-original-yolo26n/baylands_sam3_obb_super_75_15_10_test_all
strip_v4_frame_000003_95200000000,matched,1,1,1,0.491979,0.491979,0.521743,/home/ruben/halmstad_ws/datasets/final/baylands_sam3_obb_super_75_15_10/images/test/strip_v4_frame_000003_95200000000.jpg,/home/ruben/halmstad_ws/models/obb/experiments/sam3_hybrid_full/runs/predictions/baylands-original-yolo26n/baylands_sam3_obb_super_75_15_10_test_all
strip_v4_frame_000004_99200000000,matched,1,1,1,0.541447,0.541447,0.489535,/home/ruben/halmstad_ws/datasets/final/baylands_sam3_obb_super_75_15_10/images/test/strip_v4_frame_000004_99200000000.jpg,/home/ruben/halmstad_ws/models/obb/experiments/sam3_hybrid_full/runs/predictions/baylands-original-yolo26n/baylands_sam3_obb_super_75_15_10_test_all
strip_v4_frame_000005_103200000000,matched,1,1,1,0.418795,0.418795,0.635047,/home/ruben/halmstad_ws/datasets/final/baylands_sam3_obb_super_75_15_10/images/test/strip_v4_frame_000005_103200000000.jpg,/home/ruben/halmstad_ws/models/obb/experiments/sam3_hybrid_full/runs/predictions/baylands-original-yolo26n/baylands_sam3_obb_super_75_15_10_test_all
strip_v4_frame_000007_111200000000,matched,1,1,1,0.536588,0.536588,0.690655,/home/ruben/halmstad_ws/datasets/final/baylands_sam3_obb_super_75_15_10/images/test/strip_v4_frame_000007_111200000000.jpg,/home/ruben/halmstad_ws/models/obb/experiments/sam3_hybrid_full/runs/predictions/baylands-original-yolo26n/baylands_sam3_obb_super_75_15_10_test_all
strip_v4_frame_000023_175400000000,matched,1,1,1,0.736283,0.736283,0.614068,/home/ruben/halmstad_ws/datasets/final/baylands_sam3_obb_super_75_15_10/images/test/strip_v4_frame_000023_175400000000.jpg,/home/ruben/halmstad_ws/models/obb/experiments/sam3_hybrid_full/runs/predictions/baylands-original-yolo26n/baylands_sam3_obb_super_75_15_10_test_all
strip_v4_frame_000024_179400000000,correct_empty,0,0,0,0.0,0.0,,/home/ruben/halmstad_ws/datasets/final/baylands_sam3_obb_super_75_15_10/images/test/strip_v4_frame_000024_179400000000.jpg,/home/ruben/halmstad_ws/models/obb/experiments/sam3_hybrid_full/runs/predictions/baylands-original-yolo26n/baylands_sam3_obb_super_75_15_10_test_all
strip_v4_frame_000025_183400000000,matched,1,1,1,0.464611,0.464611,0.420992,/home/ruben/halmstad_ws/datasets/final/baylands_sam3_obb_super_75_15_10/images/test/strip_v4_frame_000025_183400000000.jpg,/home/ruben/halmstad_ws/models/obb/experiments/sam3_hybrid_full/runs/predictions/baylands-original-yolo26n/baylands_sam3_obb_super_75_15_10_test_all
strip_v5_frame_000000_110252000000,matched,1,1,1,0.5117,0.5117,0.613573,/home/ruben/halmstad_ws/datasets/final/baylands_sam3_obb_super_75_15_10/images/test/strip_v5_frame_000000_110252000000.jpg,/home/ruben/halmstad_ws/models/obb/experiments/sam3_hybrid_full/runs/predictions/baylands-original-yolo26n/baylands_sam3_obb_super_75_15_10_test_all
strip_v5_frame_000004_114252000000,matched,1,1,1,0.443935,0.443935,0.508956,/home/ruben/halmstad_ws/datasets/final/baylands_sam3_obb_super_75_15_10/images/test/strip_v5_frame_000004_114252000000.jpg,/home/ruben/halmstad_ws/models/obb/experiments/sam3_hybrid_full/runs/predictions/baylands-original-yolo26n/baylands_sam3_obb_super_75_15_10_test_all
strip_v5_frame_000007_117252000000,matched,1,1,1,0.492562,0.492562,0.436665,/home/ruben/halmstad_ws/datasets/final/baylands_sam3_obb_super_75_15_10/images/test/strip_v5_frame_000007_117252000000.jpg,/home/ruben/halmstad_ws/models/obb/experiments/sam3_hybrid_full/runs/predictions/baylands-original-yolo26n/baylands_sam3_obb_super_75_15_10_test_all
strip_v5_frame_000051_171552000000,matched,1,1,1,0.679477,0.679477,0.320031,/home/ruben/halmstad_ws/datasets/final/baylands_sam3_obb_super_75_15_10/images/test/strip_v5_frame_000051_171552000000.jpg,/home/ruben/halmstad_ws/models/obb/experiments/sam3_hybrid_full/runs/predictions/baylands-original-yolo26n/baylands_sam3_obb_super_75_15_10_test_all
strip_v5_frame_000052_172600000000,no_prediction,1,0,0,0.0,0.0,,/home/ruben/halmstad_ws/datasets/final/baylands_sam3_obb_super_75_15_10/images/test/strip_v5_frame_000052_172600000000.jpg,/home/ruben/halmstad_ws/models/obb/experiments/sam3_hybrid_full/runs/predictions/baylands-original-yolo26n/baylands_sam3_obb_super_75_15_10_test_all
strip_v5_frame_000053_173600000000,matched,1,1,1,0.685296,0.685296,0.613664,/home/ruben/halmstad_ws/datasets/final/baylands_sam3_obb_super_75_15_10/images/test/strip_v5_frame_000053_173600000000.jpg,/home/ruben/halmstad_ws/models/obb/experiments/sam3_hybrid_full/runs/predictions/baylands-original-yolo26n/baylands_sam3_obb_super_75_15_10_test_all
strip_v5_frame_000054_174600000000,matched,1,1,1,0.614098,0.614098,0.36505,/home/ruben/halmstad_ws/datasets/final/baylands_sam3_obb_super_75_15_10/images/test/strip_v5_frame_000054_174600000000.jpg,/home/ruben/halmstad_ws/models/obb/experiments/sam3_hybrid_full/runs/predictions/baylands-original-yolo26n/baylands_sam3_obb_super_75_15_10_test_all
strip_v5_frame_000056_179552000000,no_prediction,1,0,0,0.0,0.0,,/home/ruben/halmstad_ws/datasets/final/baylands_sam3_obb_super_75_15_10/images/test/strip_v5_frame_000056_179552000000.jpg,/home/ruben/halmstad_ws/models/obb/experiments/sam3_hybrid_full/runs/predictions/baylands-original-yolo26n/baylands_sam3_obb_super_75_15_10_test_all
strip_v5_frame_000057_180552000000,matched,1,1,1,0.496511,0.496511,0.558424,/home/ruben/halmstad_ws/datasets/final/baylands_sam3_obb_super_75_15_10/images/test/strip_v5_frame_000057_180552000000.jpg,/home/ruben/halmstad_ws/models/obb/experiments/sam3_hybrid_full/runs/predictions/baylands-original-yolo26n/baylands_sam3_obb_super_75_15_10_test_all
strip_v5_frame_000058_181552000000,matched,1,1,1,0.45264,0.45264,0.430577,/home/ruben/halmstad_ws/datasets/final/baylands_sam3_obb_super_75_15_10/images/test/strip_v5_frame_000058_181552000000.jpg,/home/ruben/halmstad_ws/models/obb/experiments/sam3_hybrid_full/runs/predictions/baylands-original-yolo26n/baylands_sam3_obb_super_75_15_10_test_all
strip_v5_frame_000059_182552000000,matched,1,1,1,0.494492,0.494492,0.403873,/home/ruben/halmstad_ws/datasets/final/baylands_sam3_obb_super_75_15_10/images/test/strip_v5_frame_000059_182552000000.jpg,/home/ruben/halmstad_ws/models/obb/experiments/sam3_hybrid_full/runs/predictions/baylands-original-yolo26n/baylands_sam3_obb_super_75_15_10_test_all
strip_v5_frame_000060_183552000000,matched,1,1,1,0.467514,0.467514,0.425915,/home/ruben/halmstad_ws/datasets/final/baylands_sam3_obb_super_75_15_10/images/test/strip_v5_frame_000060_183552000000.jpg,/home/ruben/halmstad_ws/models/obb/experiments/sam3_hybrid_full/runs/predictions/baylands-original-yolo26n/baylands_sam3_obb_super_75_15_10_test_all
strip_v5_frame_000062_185600000000,matched,1,1,1,0.463293,0.463293,0.508257,/home/ruben/halmstad_ws/datasets/final/baylands_sam3_obb_super_75_15_10/images/test/strip_v5_frame_000062_185600000000.jpg,/home/ruben/halmstad_ws/models/obb/experiments/sam3_hybrid_full/runs/predictions/baylands-original-yolo26n/baylands_sam3_obb_super_75_15_10_test_all
strip_v5_frame_000063_186600000000,no_prediction,1,0,0,0.0,0.0,,/home/ruben/halmstad_ws/datasets/final/baylands_sam3_obb_super_75_15_10/images/test/strip_v5_frame_000063_186600000000.jpg,/home/ruben/halmstad_ws/models/obb/experiments/sam3_hybrid_full/runs/predictions/baylands-original-yolo26n/baylands_sam3_obb_super_75_15_10_test_all
strip_v7_frame_000019_91652000000,matched,1,1,1,0.527753,0.527753,0.547519,/home/ruben/halmstad_ws/datasets/final/baylands_sam3_obb_super_75_15_10/images/test/strip_v7_frame_000019_91652000000.jpg,/home/ruben/halmstad_ws/models/obb/experiments/sam3_hybrid_full/runs/predictions/baylands-original-yolo26n/baylands_sam3_obb_super_75_15_10_test_all
strip_v7_frame_000022_94752000000,no_prediction,1,0,0,0.0,0.0,,/home/ruben/halmstad_ws/datasets/final/baylands_sam3_obb_super_75_15_10/images/test/strip_v7_frame_000022_94752000000.jpg,/home/ruben/halmstad_ws/models/obb/experiments/sam3_hybrid_full/runs/predictions/baylands-original-yolo26n/baylands_sam3_obb_super_75_15_10_test_all
strip_v7_frame_000027_99800000000,matched,1,1,1,0.484645,0.484645,0.655982,/home/ruben/halmstad_ws/datasets/final/baylands_sam3_obb_super_75_15_10/images/test/strip_v7_frame_000027_99800000000.jpg,/home/ruben/halmstad_ws/models/obb/experiments/sam3_hybrid_full/runs/predictions/baylands-original-yolo26n/baylands_sam3_obb_super_75_15_10_test_all
strip_v7_frame_000028_100800000000,no_prediction,1,0,0,0.0,0.0,,/home/ruben/halmstad_ws/datasets/final/baylands_sam3_obb_super_75_15_10/images/test/strip_v7_frame_000028_100800000000.jpg,/home/ruben/halmstad_ws/models/obb/experiments/sam3_hybrid_full/runs/predictions/baylands-original-yolo26n/baylands_sam3_obb_super_75_15_10_test_all
strip_v7_frame_000029_101852000000,matched,1,1,1,0.459435,0.459435,0.391907,/home/ruben/halmstad_ws/datasets/final/baylands_sam3_obb_super_75_15_10/images/test/strip_v7_frame_000029_101852000000.jpg,/home/ruben/halmstad_ws/models/obb/experiments/sam3_hybrid_full/runs/predictions/baylands-original-yolo26n/baylands_sam3_obb_super_75_15_10_test_all
strip_v7_frame_000031_103900000000,multi_prediction,1,2,1,0.466021,0.466021,0.386964,/home/ruben/halmstad_ws/datasets/final/baylands_sam3_obb_super_75_15_10/images/test/strip_v7_frame_000031_103900000000.jpg,/home/ruben/halmstad_ws/models/obb/experiments/sam3_hybrid_full/runs/predictions/baylands-original-yolo26n/baylands_sam3_obb_super_75_15_10_test_all
strip_v7_frame_000032_104900000000,matched,1,1,1,0.535419,0.535419,0.338848,/home/ruben/halmstad_ws/datasets/final/baylands_sam3_obb_super_75_15_10/images/test/strip_v7_frame_000032_104900000000.jpg,/home/ruben/halmstad_ws/models/obb/experiments/sam3_hybrid_full/runs/predictions/baylands-original-yolo26n/baylands_sam3_obb_super_75_15_10_test_all
strip_v7_frame_000039_112000000000,matched,1,1,1,0.431415,0.431415,0.434058,/home/ruben/halmstad_ws/datasets/final/baylands_sam3_obb_super_75_15_10/images/test/strip_v7_frame_000039_112000000000.jpg,/home/ruben/halmstad_ws/models/obb/experiments/sam3_hybrid_full/runs/predictions/baylands-original-yolo26n/baylands_sam3_obb_super_75_15_10_test_all
strip_v7_frame_000094_177300000000,correct_empty,0,0,0,0.0,0.0,,/home/ruben/halmstad_ws/datasets/final/baylands_sam3_obb_super_75_15_10/images/test/strip_v7_frame_000094_177300000000.jpg,/home/ruben/halmstad_ws/models/obb/experiments/sam3_hybrid_full/runs/predictions/baylands-original-yolo26n/baylands_sam3_obb_super_75_15_10_test_all
strip_v7_frame_000099_182352000000,no_prediction,1,0,0,0.0,0.0,,/home/ruben/halmstad_ws/datasets/final/baylands_sam3_obb_super_75_15_10/images/test/strip_v7_frame_000099_182352000000.jpg,/home/ruben/halmstad_ws/models/obb/experiments/sam3_hybrid_full/runs/predictions/baylands-original-yolo26n/baylands_sam3_obb_super_75_15_10_test_all
