stem,status,gt_count,pred_count,matches,best_iou,mean_iou,max_conf,image,pred_dir
parkinglot_east_v1_frame_000015_113500000000,matched,1,1,1,0.614759,0.614759,0.685755,/home/ruben/halmstad_ws/datasets/final/baylands_sam3_obb_super_75_15_10/images/test/parkinglot_east_v1_frame_000015_113500000000.jpg,/home/ruben/halmstad_ws/models/obb/experiments/sam3_hybrid_full/runs/predictions/baylands-leader-v5-4/baylands_sam3_obb_super_75_15_10_test_all
parkinglot_east_v1_frame_000016_117500000000,correct_empty,0,0,0,0.0,0.0,,/home/ruben/halmstad_ws/datasets/final/baylands_sam3_obb_super_75_15_10/images/test/parkinglot_east_v1_frame_000016_117500000000.jpg,/home/ruben/halmstad_ws/models/obb/experiments/sam3_hybrid_full/runs/predictions/baylands-leader-v5-4/baylands_sam3_obb_super_75_15_10_test_all
parkinglot_east_v2_frame_000000_168400000000,matched,1,1,1,0.811852,0.811852,0.325422,/home/ruben/halmstad_ws/datasets/final/baylands_sam3_obb_super_75_15_10/images/test/parkinglot_east_v2_frame_000000_168400000000.jpg,/home/ruben/halmstad_ws/models/obb/experiments/sam3_hybrid_full/runs/predictions/baylands-leader-v5-4/baylands_sam3_obb_super_75_15_10_test_all
parkinglot_east_v2_frame_000001_169400000000,matched,1,1,1,0.842523,0.842523,0.548465,/home/ruben/halmstad_ws/datasets/final/baylands_sam3_obb_super_75_15_10/images/test/parkinglot_east_v2_frame_000001_169400000000.jpg,/home/ruben/halmstad_ws/models/obb/experiments/sam3_hybrid_full/runs/predictions/baylands-leader-v5-4/baylands_sam3_obb_super_75_15_10_test_all
parkinglot_east_v2_frame_000002_170500000000,matched,1,1,1,0.607764,0.607764,0.588173,/home/ruben/halmstad_ws/datasets/final/baylands_sam3_obb_super_75_15_10/images/test/parkinglot_east_v2_frame_000002_170500000000.jpg,/home/ruben/halmstad_ws/models/obb/experiments/sam3_hybrid_full/runs/predictions/baylands-leader-v5-4/baylands_sam3_obb_super_75_15_10_test_all
parkinglot_east_v2_frame_000005_173500000000,matched,1,1,1,0.624849,0.624849,0.489391,/home/ruben/halmstad_ws/datasets/final/baylands_sam3_obb_super_75_15_10/images/test/parkinglot_east_v2_frame_000005_173500000000.jpg,/home/ruben/halmstad_ws/models/obb/experiments/sam3_hybrid_full/runs/predictions/baylands-leader-v5-4/baylands_sam3_obb_super_75_15_10_test_all
parkinglot_east_v2_frame_000007_175500000000,matched,1,1,1,0.655409,0.655409,0.708705,/home/ruben/halmstad_ws/datasets/final/baylands_sam3_obb_super_75_15_10/images/test/parkinglot_east_v2_frame_000007_175500000000.jpg,/home/ruben/halmstad_ws/models/obb/experiments/sam3_hybrid_full/runs/predictions/baylands-leader-v5-4/baylands_sam3_obb_super_75_15_10_test_all
parkinglot_east_v2_frame_000009_177500000000,matched,1,1,1,0.571051,0.571051,0.717836,/home/ruben/halmstad_ws/datasets/final/baylands_sam3_obb_super_75_15_10/images/test/parkinglot_east_v2_frame_000009_177500000000.jpg,/home/ruben/halmstad_ws/models/obb/experiments/sam3_hybrid_full/runs/predictions/baylands-leader-v5-4/baylands_sam3_obb_super_75_15_10_test_all
parkinglot_east_v2_frame_000010_178500000000,matched,1,1,1,0.607893,0.607893,0.776974,/home/ruben/halmstad_ws/datasets/final/baylands_sam3_obb_super_75_15_10/images/test/parkinglot_east_v2_frame_000010_178500000000.jpg,/home/ruben/halmstad_ws/models/obb/experiments/sam3_hybrid_full/runs/predictions/baylands-leader-v5-4/baylands_sam3_obb_super_75_15_10_test_all
parkinglot_east_v3_frame_000269_512600000000,matched,1,1,1,0.410485,0.410485,0.403927,/home/ruben/halmstad_ws/datasets/final/baylands_sam3_obb_super_75_15_10/images/test/parkinglot_east_v3_frame_000269_512600000000.jpg,/home/ruben/halmstad_ws/models/obb/experiments/sam3_hybrid_full/runs/predictions/baylands-leader-v5-4/baylands_sam3_obb_super_75_15_10_test_all
parkinglot_east_v3_frame_000270_513600000000,matched,1,1,1,0.46087,0.46087,0.381067,/home/ruben/halmstad_ws/datasets/final/baylands_sam3_obb_super_75_15_10/images/test/parkinglot_east_v3_frame_000270_513600000000.jpg,/home/ruben/halmstad_ws/models/obb/experiments/sam3_hybrid_full/runs/predictions/baylands-leader-v5-4/baylands_sam3_obb_super_75_15_10_test_all
parkinglot_east_v3_frame_000272_515700000000,matched,1,1,1,0.631875,0.631875,0.454974,/home/ruben/halmstad_ws/datasets/final/baylands_sam3_obb_super_75_15_10/images/test/parkinglot_east_v3_frame_000272_515700000000.jpg,/home/ruben/halmstad_ws/models/obb/experiments/sam3_hybrid_full/runs/predictions/baylands-leader-v5-4/baylands_sam3_obb_super_75_15_10_test_all
parkinglot_east_v3_frame_000273_516700000000,matched,1,1,1,0.380269,0.380269,0.523278,/home/ruben/halmstad_ws/datasets/final/baylands_sam3_obb_super_75_15_10/images/test/parkinglot_east_v3_frame_000273_516700000000.jpg,/home/ruben/halmstad_ws/models/obb/experiments/sam3_hybrid_full/runs/predictions/baylands-leader-v5-4/baylands_sam3_obb_super_75_15_10_test_all
parkinglot_east_v3_frame_000274_517700000000,matched,1,1,1,0.424881,0.424881,0.494719,/home/ruben/halmstad_ws/datasets/final/baylands_sam3_obb_super_75_15_10/images/test/parkinglot_east_v3_frame_000274_517700000000.jpg,/home/ruben/halmstad_ws/models/obb/experiments/sam3_hybrid_full/runs/predictions/baylands-leader-v5-4/baylands_sam3_obb_super_75_15_10_test_all
parkinglot_east_v3_frame_000275_518700000000,matched,1,1,1,0.452818,0.452818,0.599899,/home/ruben/halmstad_ws/datasets/final/baylands_sam3_obb_super_75_15_10/images/test/parkinglot_east_v3_frame_000275_518700000000.jpg,/home/ruben/halmstad_ws/models/obb/experiments/sam3_hybrid_full/runs/predictions/baylands-leader-v5-4/baylands_sam3_obb_super_75_15_10_test_all
parkinglot_east_v3_frame_000276_519700000000,matched,1,1,1,0.502718,0.502718,0.577493,/home/ruben/halmstad_ws/datasets/final/baylands_sam3_obb_super_75_15_10/images/test/parkinglot_east_v3_frame_000276_519700000000.jpg,/home/ruben/halmstad_ws/models/obb/experiments/sam3_hybrid_full/runs/predictions/baylands-leader-v5-4/baylands_sam3_obb_super_75_15_10_test_all
parkinglot_east_v3_frame_000277_520700000000,matched,1,1,1,0.712175,0.712175,0.600177,/home/ruben/halmstad_ws/datasets/final/baylands_sam3_obb_super_75_15_10/images/test/parkinglot_east_v3_frame_000277_520700000000.jpg,/home/ruben/halmstad_ws/models/obb/experiments/sam3_hybrid_full/runs/predictions/baylands-leader-v5-4/baylands_sam3_obb_super_75_15_10_test_all
parkinglot_east_v3_frame_000278_521700000000,matched,1,1,1,0.453194,0.453194,0.539513,/home/ruben/halmstad_ws/datasets/final/baylands_sam3_obb_super_75_15_10/images/test/parkinglot_east_v3_frame_000278_521700000000.jpg,/home/ruben/halmstad_ws/models/obb/experiments/sam3_hybrid_full/runs/predictions/baylands-leader-v5-4/baylands_sam3_obb_super_75_15_10_test_all
parkinglot_east_v3_frame_000279_522700000000,matched,1,1,1,0.505586,0.505586,0.607649,/home/ruben/halmstad_ws/datasets/final/baylands_sam3_obb_super_75_15_10/images/test/parkinglot_east_v3_frame_000279_522700000000.jpg,/home/ruben/halmstad_ws/models/obb/experiments/sam3_hybrid_full/runs/predictions/baylands-leader-v5-4/baylands_sam3_obb_super_75_15_10_test_all
parkinglot_east_v3_frame_000280_523800000000,matched,1,1,1,0.492586,0.492586,0.597396,/home/ruben/halmstad_ws/datasets/final/baylands_sam3_obb_super_75_15_10/images/test/parkinglot_east_v3_frame_000280_523800000000.jpg,/home/ruben/halmstad_ws/models/obb/experiments/sam3_hybrid_full/runs/predictions/baylands-leader-v5-4/baylands_sam3_obb_super_75_15_10_test_all
parkinglot_east_v3_frame_000281_524800000000,matched,1,1,1,0.447734,0.447734,0.546253,/home/ruben/halmstad_ws/datasets/final/baylands_sam3_obb_super_75_15_10/images/test/parkinglot_east_v3_frame_000281_524800000000.jpg,/home/ruben/halmstad_ws/models/obb/experiments/sam3_hybrid_full/runs/predictions/baylands-leader-v5-4/baylands_sam3_obb_super_75_15_10_test_all
parkinglot_east_v3_frame_000282_525800000000,matched,1,1,1,0.506639,0.506639,0.486348,/home/ruben/halmstad_ws/datasets/final/baylands_sam3_obb_super_75_15_10/images/test/parkinglot_east_v3_frame_000282_525800000000.jpg,/home/ruben/halmstad_ws/models/obb/experiments/sam3_hybrid_full/runs/predictions/baylands-leader-v5-4/baylands_sam3_obb_super_75_15_10_test_all
parkinglot_east_v3_frame_000283_526800000000,matched,1,1,1,0.470881,0.470881,0.397543,/home/ruben/halmstad_ws/datasets/final/baylands_sam3_obb_super_75_15_10/images/test/parkinglot_east_v3_frame_000283_526800000000.jpg,/home/ruben/halmstad_ws/models/obb/experiments/sam3_hybrid_full/runs/predictions/baylands-leader-v5-4/baylands_sam3_obb_super_75_15_10_test_all
parkinglot_east_v3_frame_000284_527800000000,matched,1,1,1,0.514762,0.514762,0.544419,/home/ruben/halmstad_ws/datasets/final/baylands_sam3_obb_super_75_15_10/images/test/parkinglot_east_v3_frame_000284_527800000000.jpg,/home/ruben/halmstad_ws/models/obb/experiments/sam3_hybrid_full/runs/predictions/baylands-leader-v5-4/baylands_sam3_obb_super_75_15_10_test_all
parkinglot_east_v3_frame_000285_528800000000,matched,1,1,1,0.473832,0.473832,0.695886,/home/ruben/halmstad_ws/datasets/final/baylands_sam3_obb_super_75_15_10/images/test/parkinglot_east_v3_frame_000285_528800000000.jpg,/home/ruben/halmstad_ws/models/obb/experiments/sam3_hybrid_full/runs/predictions/baylands-leader-v5-4/baylands_sam3_obb_super_75_15_10_test_all
parkinglot_east_v3_frame_000286_529800000000,matched,1,1,1,0.472186,0.472186,0.780743,/home/ruben/halmstad_ws/datasets/final/baylands_sam3_obb_super_75_15_10/images/test/parkinglot_east_v3_frame_000286_529800000000.jpg,/home/ruben/halmstad_ws/models/obb/experiments/sam3_hybrid_full/runs/predictions/baylands-leader-v5-4/baylands_sam3_obb_super_75_15_10_test_all
parkinglot_east_v3_frame_000287_530800000000,multi_prediction,1,2,1,0.586002,0.586002,0.420498,/home/ruben/halmstad_ws/datasets/final/baylands_sam3_obb_super_75_15_10/images/test/parkinglot_east_v3_frame_000287_530800000000.jpg,/home/ruben/halmstad_ws/models/obb/experiments/sam3_hybrid_full/runs/predictions/baylands-leader-v5-4/baylands_sam3_obb_super_75_15_10_test_all
parkinglot_east_v3_frame_000288_531800000000,matched,1,1,1,0.452382,0.452382,0.787097,/home/ruben/halmstad_ws/datasets/final/baylands_sam3_obb_super_75_15_10/images/test/parkinglot_east_v3_frame_000288_531800000000.jpg,/home/ruben/halmstad_ws/models/obb/experiments/sam3_hybrid_full/runs/predictions/baylands-leader-v5-4/baylands_sam3_obb_super_75_15_10_test_all
parkinglot_east_v3_frame_000289_532800000000,matched,1,1,1,0.491422,0.491422,0.741426,/home/ruben/halmstad_ws/datasets/final/baylands_sam3_obb_super_75_15_10/images/test/parkinglot_east_v3_frame_000289_532800000000.jpg,/home/ruben/halmstad_ws/models/obb/experiments/sam3_hybrid_full/runs/predictions/baylands-leader-v5-4/baylands_sam3_obb_super_75_15_10_test_all
parkinglot_east_v3_frame_000290_533900000000,matched,1,1,1,0.510488,0.510488,0.719311,/home/ruben/halmstad_ws/datasets/final/baylands_sam3_obb_super_75_15_10/images/test/parkinglot_east_v3_frame_000290_533900000000.jpg,/home/ruben/halmstad_ws/models/obb/experiments/sam3_hybrid_full/runs/predictions/baylands-leader-v5-4/baylands_sam3_obb_super_75_15_10_test_all
parkinglot_east_v3_frame_000291_534900000000,matched,1,1,1,0.46285,0.46285,0.754171,/home/ruben/halmstad_ws/datasets/final/baylands_sam3_obb_super_75_15_10/images/test/parkinglot_east_v3_frame_000291_534900000000.jpg,/home/ruben/halmstad_ws/models/obb/experiments/sam3_hybrid_full/runs/predictions/baylands-leader-v5-4/baylands_sam3_obb_super_75_15_10_test_all
parkinglot_east_v3_frame_000293_536900000000,matched,1,1,1,0.466854,0.466854,0.596651,/home/ruben/halmstad_ws/datasets/final/baylands_sam3_obb_super_75_15_10/images/test/parkinglot_east_v3_frame_000293_536900000000.jpg,/home/ruben/halmstad_ws/models/obb/experiments/sam3_hybrid_full/runs/predictions/baylands-leader-v5-4/baylands_sam3_obb_super_75_15_10_test_all
parkinglot_east_v3_frame_000294_537900000000,matched,1,1,1,0.448372,0.448372,0.646039,/home/ruben/halmstad_ws/datasets/final/baylands_sam3_obb_super_75_15_10/images/test/parkinglot_east_v3_frame_000294_537900000000.jpg,/home/ruben/halmstad_ws/models/obb/experiments/sam3_hybrid_full/runs/predictions/baylands-leader-v5-4/baylands_sam3_obb_super_75_15_10_test_all
parkinglot_east_v3_frame_000295_538900000000,matched,1,1,1,0.481228,0.481228,0.628493,/home/ruben/halmstad_ws/datasets/final/baylands_sam3_obb_super_75_15_10/images/test/parkinglot_east_v3_frame_000295_538900000000.jpg,/home/ruben/halmstad_ws/models/obb/experiments/sam3_hybrid_full/runs/predictions/baylands-leader-v5-4/baylands_sam3_obb_super_75_15_10_test_all
parkinglot_east_v4_frame_000010_113700000000,correct_empty,0,0,0,0.0,0.0,,/home/ruben/halmstad_ws/datasets/final/baylands_sam3_obb_super_75_15_10/images/test/parkinglot_east_v4_frame_000010_113700000000.jpg,/home/ruben/halmstad_ws/models/obb/experiments/sam3_hybrid_full/runs/predictions/baylands-leader-v5-4/baylands_sam3_obb_super_75_15_10_test_all
parkinglot_east_v4_frame_000012_121700000000,matched,1,1,1,0.746647,0.746647,0.81112,/home/ruben/halmstad_ws/datasets/final/baylands_sam3_obb_super_75_15_10/images/test/parkinglot_east_v4_frame_000012_121700000000.jpg,/home/ruben/halmstad_ws/models/obb/experiments/sam3_hybrid_full/runs/predictions/baylands-leader-v5-4/baylands_sam3_obb_super_75_15_10_test_all
parkinglot_east_v4_frame_000013_125700000000,matched,1,1,1,0.489238,0.489238,0.687027,/home/ruben/halmstad_ws/datasets/final/baylands_sam3_obb_super_75_15_10/images/test/parkinglot_east_v4_frame_000013_125700000000.jpg,/home/ruben/halmstad_ws/models/obb/experiments/sam3_hybrid_full/runs/predictions/baylands-leader-v5-4/baylands_sam3_obb_super_75_15_10_test_all
parkinglot_east_v4_frame_000014_129700000000,correct_empty,0,0,0,0.0,0.0,,/home/ruben/halmstad_ws/datasets/final/baylands_sam3_obb_super_75_15_10/images/test/parkinglot_east_v4_frame_000014_129700000000.jpg,/home/ruben/halmstad_ws/models/obb/experiments/sam3_hybrid_full/runs/predictions/baylands-leader-v5-4/baylands_sam3_obb_super_75_15_10_test_all
parkinglot_east_v4_frame_000015_133700000000,matched,1,1,1,0.480138,0.480138,0.281226,/home/ruben/halmstad_ws/datasets/final/baylands_sam3_obb_super_75_15_10/images/test/parkinglot_east_v4_frame_000015_133700000000.jpg,/home/ruben/halmstad_ws/models/obb/experiments/sam3_hybrid_full/runs/predictions/baylands-leader-v5-4/baylands_sam3_obb_super_75_15_10_test_all
parkinglot_east_v4_frame_000016_137700000000,matched,1,1,1,0.523381,0.523381,0.403345,/home/ruben/halmstad_ws/datasets/final/baylands_sam3_obb_super_75_15_10/images/test/parkinglot_east_v4_frame_000016_137700000000.jpg,/home/ruben/halmstad_ws/models/obb/experiments/sam3_hybrid_full/runs/predictions/baylands-leader-v5-4/baylands_sam3_obb_super_75_15_10_test_all
parkinglot_east_v4_frame_000017_141800000000,matched,1,1,1,0.50199,0.50199,0.618945,/home/ruben/halmstad_ws/datasets/final/baylands_sam3_obb_super_75_15_10/images/test/parkinglot_east_v4_frame_000017_141800000000.jpg,/home/ruben/halmstad_ws/models/obb/experiments/sam3_hybrid_full/runs/predictions/baylands-leader-v5-4/baylands_sam3_obb_super_75_15_10_test_all
parkinglot_east_v4_frame_000018_145800000000,matched,1,1,1,0.502199,0.502199,0.533092,/home/ruben/halmstad_ws/datasets/final/baylands_sam3_obb_super_75_15_10/images/test/parkinglot_east_v4_frame_000018_145800000000.jpg,/home/ruben/halmstad_ws/models/obb/experiments/sam3_hybrid_full/runs/predictions/baylands-leader-v5-4/baylands_sam3_obb_super_75_15_10_test_all
parkinglot_east_v4_frame_000019_149800000000,correct_empty,0,0,0,0.0,0.0,,/home/ruben/halmstad_ws/datasets/final/baylands_sam3_obb_super_75_15_10/images/test/parkinglot_east_v4_frame_000019_149800000000.jpg,/home/ruben/halmstad_ws/models/obb/experiments/sam3_hybrid_full/runs/predictions/baylands-leader-v5-4/baylands_sam3_obb_super_75_15_10_test_all
parkinglot_east_v4_frame_000020_153800000000,correct_empty,0,0,0,0.0,0.0,,/home/ruben/halmstad_ws/datasets/final/baylands_sam3_obb_super_75_15_10/images/test/parkinglot_east_v4_frame_000020_153800000000.jpg,/home/ruben/halmstad_ws/models/obb/experiments/sam3_hybrid_full/runs/predictions/baylands-leader-v5-4/baylands_sam3_obb_super_75_15_10_test_all
parkinglot_east_v4_frame_000021_157800000000,matched,1,1,1,0.500759,0.500759,0.809386,/home/ruben/halmstad_ws/datasets/final/baylands_sam3_obb_super_75_15_10/images/test/parkinglot_east_v4_frame_000021_157800000000.jpg,/home/ruben/halmstad_ws/models/obb/experiments/sam3_hybrid_full/runs/predictions/baylands-leader-v5-4/baylands_sam3_obb_super_75_15_10_test_all
parkinglot_east_v4_frame_000022_161800000000,matched,1,1,1,0.505676,0.505676,0.355698,/home/ruben/halmstad_ws/datasets/final/baylands_sam3_obb_super_75_15_10/images/test/parkinglot_east_v4_frame_000022_161800000000.jpg,/home/ruben/halmstad_ws/models/obb/experiments/sam3_hybrid_full/runs/predictions/baylands-leader-v5-4/baylands_sam3_obb_super_75_15_10_test_all
parkinglot_east_v4_frame_000023_165800000000,multi_prediction,1,2,1,0.49992,0.49992,0.466204,/home/ruben/halmstad_ws/datasets/final/baylands_sam3_obb_super_75_15_10/images/test/parkinglot_east_v4_frame_000023_165800000000.jpg,/home/ruben/halmstad_ws/models/obb/experiments/sam3_hybrid_full/runs/predictions/baylands-leader-v5-4/baylands_sam3_obb_super_75_15_10_test_all
parkinglot_east_v4_frame_000024_169800000000,matched,1,1,1,0.513633,0.513633,0.791704,/home/ruben/halmstad_ws/datasets/final/baylands_sam3_obb_super_75_15_10/images/test/parkinglot_east_v4_frame_000024_169800000000.jpg,/home/ruben/halmstad_ws/models/obb/experiments/sam3_hybrid_full/runs/predictions/baylands-leader-v5-4/baylands_sam3_obb_super_75_15_10_test_all
parkinglot_east_v4_frame_000025_173800000000,matched,1,1,1,0.498789,0.498789,0.675763,/home/ruben/halmstad_ws/datasets/final/baylands_sam3_obb_super_75_15_10/images/test/parkinglot_east_v4_frame_000025_173800000000.jpg,/home/ruben/halmstad_ws/models/obb/experiments/sam3_hybrid_full/runs/predictions/baylands-leader-v5-4/baylands_sam3_obb_super_75_15_10_test_all
parkinglot_east_v4_frame_000026_177900000000,matched,1,1,1,0.718509,0.718509,0.800877,/home/ruben/halmstad_ws/datasets/final/baylands_sam3_obb_super_75_15_10/images/test/parkinglot_east_v4_frame_000026_177900000000.jpg,/home/ruben/halmstad_ws/models/obb/experiments/sam3_hybrid_full/runs/predictions/baylands-leader-v5-4/baylands_sam3_obb_super_75_15_10_test_all
parkinglot_west_v1_frame_000144_224400000000,matched,1,1,1,0.502989,0.502989,0.534541,/home/ruben/halmstad_ws/datasets/final/baylands_sam3_obb_super_75_15_10/images/test/parkinglot_west_v1_frame_000144_224400000000.jpg,/home/ruben/halmstad_ws/models/obb/experiments/sam3_hybrid_full/runs/predictions/baylands-leader-v5-4/baylands_sam3_obb_super_75_15_10_test_all
parkinglot_west_v1_frame_000145_225400000000,matched,1,1,1,0.589996,0.589996,0.768334,/home/ruben/halmstad_ws/datasets/final/baylands_sam3_obb_super_75_15_10/images/test/parkinglot_west_v1_frame_000145_225400000000.jpg,/home/ruben/halmstad_ws/models/obb/experiments/sam3_hybrid_full/runs/predictions/baylands-leader-v5-4/baylands_sam3_obb_super_75_15_10_test_all
parkinglot_west_v1_frame_000149_229452000000,matched,1,1,1,0.376141,0.376141,0.819139,/home/ruben/halmstad_ws/datasets/final/baylands_sam3_obb_super_75_15_10/images/test/parkinglot_west_v1_frame_000149_229452000000.jpg,/home/ruben/halmstad_ws/models/obb/experiments/sam3_hybrid_full/runs/predictions/baylands-leader-v5-4/baylands_sam3_obb_super_75_15_10_test_all
parkinglot_west_v1_frame_000150_230500000000,matched,1,1,1,0.463817,0.463817,0.799136,/home/ruben/halmstad_ws/datasets/final/baylands_sam3_obb_super_75_15_10/images/test/parkinglot_west_v1_frame_000150_230500000000.jpg,/home/ruben/halmstad_ws/models/obb/experiments/sam3_hybrid_full/runs/predictions/baylands-leader-v5-4/baylands_sam3_obb_super_75_15_10_test_all
parkinglot_west_v1_frame_000159_239552000000,matched,1,1,1,0.440584,0.440584,0.283101,/home/ruben/halmstad_ws/datasets/final/baylands_sam3_obb_super_75_15_10/images/test/parkinglot_west_v1_frame_000159_239552000000.jpg,/home/ruben/halmstad_ws/models/obb/experiments/sam3_hybrid_full/runs/predictions/baylands-leader-v5-4/baylands_sam3_obb_super_75_15_10_test_all
parkinglot_west_v1_frame_000160_240552000000,no_prediction,1,0,0,0.0,0.0,,/home/ruben/halmstad_ws/datasets/final/baylands_sam3_obb_super_75_15_10/images/test/parkinglot_west_v1_frame_000160_240552000000.jpg,/home/ruben/halmstad_ws/models/obb/experiments/sam3_hybrid_full/runs/predictions/baylands-leader-v5-4/baylands_sam3_obb_super_75_15_10_test_all
parkinglot_west_v1_frame_000161_241552000000,no_prediction,1,0,0,0.0,0.0,,/home/ruben/halmstad_ws/datasets/final/baylands_sam3_obb_super_75_15_10/images/test/parkinglot_west_v1_frame_000161_241552000000.jpg,/home/ruben/halmstad_ws/models/obb/experiments/sam3_hybrid_full/runs/predictions/baylands-leader-v5-4/baylands_sam3_obb_super_75_15_10_test_all
parkinglot_west_v1_frame_000209_292500000000,matched,1,1,1,0.46715,0.46715,0.430133,/home/ruben/halmstad_ws/datasets/final/baylands_sam3_obb_super_75_15_10/images/test/parkinglot_west_v1_frame_000209_292500000000.jpg,/home/ruben/halmstad_ws/models/obb/experiments/sam3_hybrid_full/runs/predictions/baylands-leader-v5-4/baylands_sam3_obb_super_75_15_10_test_all
parkinglot_west_v1_frame_000210_293500000000,matched,1,1,1,0.444253,0.444253,0.456215,/home/ruben/halmstad_ws/datasets/final/baylands_sam3_obb_super_75_15_10/images/test/parkinglot_west_v1_frame_000210_293500000000.jpg,/home/ruben/halmstad_ws/models/obb/experiments/sam3_hybrid_full/runs/predictions/baylands-leader-v5-4/baylands_sam3_obb_super_75_15_10_test_all
parkinglot_west_v1_frame_000212_295552000000,matched,1,1,1,0.571954,0.571954,0.447767,/home/ruben/halmstad_ws/datasets/final/baylands_sam3_obb_super_75_15_10/images/test/parkinglot_west_v1_frame_000212_295552000000.jpg,/home/ruben/halmstad_ws/models/obb/experiments/sam3_hybrid_full/runs/predictions/baylands-leader-v5-4/baylands_sam3_obb_super_75_15_10_test_all
parkinglot_west_v1_frame_000214_297600000000,matched,1,1,1,0.806634,0.806634,0.794998,/home/ruben/halmstad_ws/datasets/final/baylands_sam3_obb_super_75_15_10/images/test/parkinglot_west_v1_frame_000214_297600000000.jpg,/home/ruben/halmstad_ws/models/obb/experiments/sam3_hybrid_full/runs/predictions/baylands-leader-v5-4/baylands_sam3_obb_super_75_15_10_test_all
parkinglot_west_v1_frame_000215_298600000000,matched,1,1,1,0.594328,0.594328,0.623465,/home/ruben/halmstad_ws/datasets/final/baylands_sam3_obb_super_75_15_10/images/test/parkinglot_west_v1_frame_000215_298600000000.jpg,/home/ruben/halmstad_ws/models/obb/experiments/sam3_hybrid_full/runs/predictions/baylands-leader-v5-4/baylands_sam3_obb_super_75_15_10_test_all
parkinglot_west_v1_frame_000217_300600000000,matched,1,1,1,0.464334,0.464334,0.654082,/home/ruben/halmstad_ws/datasets/final/baylands_sam3_obb_super_75_15_10/images/test/parkinglot_west_v1_frame_000217_300600000000.jpg,/home/ruben/halmstad_ws/models/obb/experiments/sam3_hybrid_full/runs/predictions/baylands-leader-v5-4/baylands_sam3_obb_super_75_15_10_test_all
parkinglot_west_v1_frame_000219_302652000000,matched,1,1,1,0.480288,0.480288,0.673958,/home/ruben/halmstad_ws/datasets/final/baylands_sam3_obb_super_75_15_10/images/test/parkinglot_west_v1_frame_000219_302652000000.jpg,/home/ruben/halmstad_ws/models/obb/experiments/sam3_hybrid_full/runs/predictions/baylands-leader-v5-4/baylands_sam3_obb_super_75_15_10_test_all
parkinglot_west_v1_frame_000220_303652000000,multi_prediction,1,2,1,0.553522,0.553522,0.464316,/home/ruben/halmstad_ws/datasets/final/baylands_sam3_obb_super_75_15_10/images/test/parkinglot_west_v1_frame_000220_303652000000.jpg,/home/ruben/halmstad_ws/models/obb/experiments/sam3_hybrid_full/runs/predictions/baylands-leader-v5-4/baylands_sam3_obb_super_75_15_10_test_all
parkinglot_west_v1_frame_000221_304652000000,matched,1,1,1,0.506512,0.506512,0.705729,/home/ruben/halmstad_ws/datasets/final/baylands_sam3_obb_super_75_15_10/images/test/parkinglot_west_v1_frame_000221_304652000000.jpg,/home/ruben/halmstad_ws/models/obb/experiments/sam3_hybrid_full/runs/predictions/baylands-leader-v5-4/baylands_sam3_obb_super_75_15_10_test_all
parkinglot_west_v1_frame_000225_308700000000,matched,1,1,1,0.549607,0.549607,0.550209,/home/ruben/halmstad_ws/datasets/final/baylands_sam3_obb_super_75_15_10/images/test/parkinglot_west_v1_frame_000225_308700000000.jpg,/home/ruben/halmstad_ws/models/obb/experiments/sam3_hybrid_full/runs/predictions/baylands-leader-v5-4/baylands_sam3_obb_super_75_15_10_test_all
parkinglot_west_v1_frame_000226_309752000000,matched,1,1,1,0.611195,0.611195,0.3774,/home/ruben/halmstad_ws/datasets/final/baylands_sam3_obb_super_75_15_10/images/test/parkinglot_west_v1_frame_000226_309752000000.jpg,/home/ruben/halmstad_ws/models/obb/experiments/sam3_hybrid_full/runs/predictions/baylands-leader-v5-4/baylands_sam3_obb_super_75_15_10_test_all
parkinglot_west_v2_frame_000139_228252000000,matched,1,1,1,0.496508,0.496508,0.617911,/home/ruben/halmstad_ws/datasets/final/baylands_sam3_obb_super_75_15_10/images/test/parkinglot_west_v2_frame_000139_228252000000.jpg,/home/ruben/halmstad_ws/models/obb/experiments/sam3_hybrid_full/runs/predictions/baylands-leader-v5-4/baylands_sam3_obb_super_75_15_10_test_all
parkinglot_west_v2_frame_000153_242352000000,multi_prediction,1,2,1,0.531617,0.531617,0.625267,/home/ruben/halmstad_ws/datasets/final/baylands_sam3_obb_super_75_15_10/images/test/parkinglot_west_v2_frame_000153_242352000000.jpg,/home/ruben/halmstad_ws/models/obb/experiments/sam3_hybrid_full/runs/predictions/baylands-leader-v5-4/baylands_sam3_obb_super_75_15_10_test_all
parkinglot_west_v2_frame_000154_243352000000,matched,1,1,1,0.467384,0.467384,0.703768,/home/ruben/halmstad_ws/datasets/final/baylands_sam3_obb_super_75_15_10/images/test/parkinglot_west_v2_frame_000154_243352000000.jpg,/home/ruben/halmstad_ws/models/obb/experiments/sam3_hybrid_full/runs/predictions/baylands-leader-v5-4/baylands_sam3_obb_super_75_15_10_test_all
parkinglot_west_v2_frame_000155_244352000000,matched,1,1,1,0.691296,0.691296,0.699919,/home/ruben/halmstad_ws/datasets/final/baylands_sam3_obb_super_75_15_10/images/test/parkinglot_west_v2_frame_000155_244352000000.jpg,/home/ruben/halmstad_ws/models/obb/experiments/sam3_hybrid_full/runs/predictions/baylands-leader-v5-4/baylands_sam3_obb_super_75_15_10_test_all
parkinglot_west_v3_frame_000138_229700000000,matched,1,1,1,0.595788,0.595788,0.345544,/home/ruben/halmstad_ws/datasets/final/baylands_sam3_obb_super_75_15_10/images/test/parkinglot_west_v3_frame_000138_229700000000.jpg,/home/ruben/halmstad_ws/models/obb/experiments/sam3_hybrid_full/runs/predictions/baylands-leader-v5-4/baylands_sam3_obb_super_75_15_10_test_all
parkinglot_west_v3_frame_000139_230700000000,matched,1,1,1,0.810251,0.810251,0.497821,/home/ruben/halmstad_ws/datasets/final/baylands_sam3_obb_super_75_15_10/images/test/parkinglot_west_v3_frame_000139_230700000000.jpg,/home/ruben/halmstad_ws/models/obb/experiments/sam3_hybrid_full/runs/predictions/baylands-leader-v5-4/baylands_sam3_obb_super_75_15_10_test_all
parkinglot_west_v3_frame_000140_231752000000,matched,1,1,1,0.606817,0.606817,0.613202,/home/ruben/halmstad_ws/datasets/final/baylands_sam3_obb_super_75_15_10/images/test/parkinglot_west_v3_frame_000140_231752000000.jpg,/home/ruben/halmstad_ws/models/obb/experiments/sam3_hybrid_full/runs/predictions/baylands-leader-v5-4/baylands_sam3_obb_super_75_15_10_test_all
parkinglot_west_v3_frame_000143_234800000000,matched,1,1,1,0.52629,0.52629,0.675772,/home/ruben/halmstad_ws/datasets/final/baylands_sam3_obb_super_75_15_10/images/test/parkinglot_west_v3_frame_000143_234800000000.jpg,/home/ruben/halmstad_ws/models/obb/experiments/sam3_hybrid_full/runs/predictions/baylands-leader-v5-4/baylands_sam3_obb_super_75_15_10_test_all
parkinglot_west_v3_frame_000145_236800000000,matched,1,1,1,0.578726,0.578726,0.570703,/home/ruben/halmstad_ws/datasets/final/baylands_sam3_obb_super_75_15_10/images/test/parkinglot_west_v3_frame_000145_236800000000.jpg,/home/ruben/halmstad_ws/models/obb/experiments/sam3_hybrid_full/runs/predictions/baylands-leader-v5-4/baylands_sam3_obb_super_75_15_10_test_all
parkinglot_west_v3_frame_000146_237800000000,matched,1,1,1,0.574609,0.574609,0.550677,/home/ruben/halmstad_ws/datasets/final/baylands_sam3_obb_super_75_15_10/images/test/parkinglot_west_v3_frame_000146_237800000000.jpg,/home/ruben/halmstad_ws/models/obb/experiments/sam3_hybrid_full/runs/predictions/baylands-leader-v5-4/baylands_sam3_obb_super_75_15_10_test_all
parkinglot_west_v3_frame_000147_238800000000,matched,1,1,1,0.539872,0.539872,0.700529,/home/ruben/halmstad_ws/datasets/final/baylands_sam3_obb_super_75_15_10/images/test/parkinglot_west_v3_frame_000147_238800000000.jpg,/home/ruben/halmstad_ws/models/obb/experiments/sam3_hybrid_full/runs/predictions/baylands-leader-v5-4/baylands_sam3_obb_super_75_15_10_test_all
parkinglot_west_v3_frame_000149_240800000000,matched,1,1,1,0.428654,0.428654,0.748486,/home/ruben/halmstad_ws/datasets/final/baylands_sam3_obb_super_75_15_10/images/test/parkinglot_west_v3_frame_000149_240800000000.jpg,/home/ruben/halmstad_ws/models/obb/experiments/sam3_hybrid_full/runs/predictions/baylands-leader-v5-4/baylands_sam3_obb_super_75_15_10_test_all
parkinglot_west_v3_frame_000150_241852000000,matched,1,1,1,0.47207,0.47207,0.725009,/home/ruben/halmstad_ws/datasets/final/baylands_sam3_obb_super_75_15_10/images/test/parkinglot_west_v3_frame_000150_241852000000.jpg,/home/ruben/halmstad_ws/models/obb/experiments/sam3_hybrid_full/runs/predictions/baylands-leader-v5-4/baylands_sam3_obb_super_75_15_10_test_all
parkinglot_west_v3_frame_000152_243852000000,matched,1,1,1,0.441101,0.441101,0.673493,/home/ruben/halmstad_ws/datasets/final/baylands_sam3_obb_super_75_15_10/images/test/parkinglot_west_v3_frame_000152_243852000000.jpg,/home/ruben/halmstad_ws/models/obb/experiments/sam3_hybrid_full/runs/predictions/baylands-leader-v5-4/baylands_sam3_obb_super_75_15_10_test_all
parkinglot_west_v3_frame_000198_290200000000,matched,1,1,1,0.532202,0.532202,0.775354,/home/ruben/halmstad_ws/datasets/final/baylands_sam3_obb_super_75_15_10/images/test/parkinglot_west_v3_frame_000198_290200000000.jpg,/home/ruben/halmstad_ws/models/obb/experiments/sam3_hybrid_full/runs/predictions/baylands-leader-v5-4/baylands_sam3_obb_super_75_15_10_test_all
parkinglot_west_v3_frame_000199_291252000000,matched,1,1,1,0.524994,0.524994,0.614543,/home/ruben/halmstad_ws/datasets/final/baylands_sam3_obb_super_75_15_10/images/test/parkinglot_west_v3_frame_000199_291252000000.jpg,/home/ruben/halmstad_ws/models/obb/experiments/sam3_hybrid_full/runs/predictions/baylands-leader-v5-4/baylands_sam3_obb_super_75_15_10_test_all
parkinglot_west_v3_frame_000200_292200000000,matched,1,1,1,0.549007,0.549007,0.511033,/home/ruben/halmstad_ws/datasets/final/baylands_sam3_obb_super_75_15_10/images/test/parkinglot_west_v3_frame_000200_292200000000.jpg,/home/ruben/halmstad_ws/models/obb/experiments/sam3_hybrid_full/runs/predictions/baylands-leader-v5-4/baylands_sam3_obb_super_75_15_10_test_all
parkinglot_west_v3_frame_000202_294252000000,matched,1,1,1,0.554024,0.554024,0.385046,/home/ruben/halmstad_ws/datasets/final/baylands_sam3_obb_super_75_15_10/images/test/parkinglot_west_v3_frame_000202_294252000000.jpg,/home/ruben/halmstad_ws/models/obb/experiments/sam3_hybrid_full/runs/predictions/baylands-leader-v5-4/baylands_sam3_obb_super_75_15_10_test_all
parkinglot_west_v3_frame_000203_295252000000,matched,1,1,1,0.567819,0.567819,0.820169,/home/ruben/halmstad_ws/datasets/final/baylands_sam3_obb_super_75_15_10/images/test/parkinglot_west_v3_frame_000203_295252000000.jpg,/home/ruben/halmstad_ws/models/obb/experiments/sam3_hybrid_full/runs/predictions/baylands-leader-v5-4/baylands_sam3_obb_super_75_15_10_test_all
parkinglot_west_v3_frame_000205_297252000000,matched,1,1,1,0.563373,0.563373,0.600607,/home/ruben/halmstad_ws/datasets/final/baylands_sam3_obb_super_75_15_10/images/test/parkinglot_west_v3_frame_000205_297252000000.jpg,/home/ruben/halmstad_ws/models/obb/experiments/sam3_hybrid_full/runs/predictions/baylands-leader-v5-4/baylands_sam3_obb_super_75_15_10_test_all
parkinglot_west_v3_frame_000206_298252000000,matched,1,1,1,0.517857,0.517857,0.359966,/home/ruben/halmstad_ws/datasets/final/baylands_sam3_obb_super_75_15_10/images/test/parkinglot_west_v3_frame_000206_298252000000.jpg,/home/ruben/halmstad_ws/models/obb/experiments/sam3_hybrid_full/runs/predictions/baylands-leader-v5-4/baylands_sam3_obb_super_75_15_10_test_all
parkinglot_west_v3_frame_000208_300252000000,matched,1,1,1,0.749679,0.749679,0.731086,/home/ruben/halmstad_ws/datasets/final/baylands_sam3_obb_super_75_15_10/images/test/parkinglot_west_v3_frame_000208_300252000000.jpg,/home/ruben/halmstad_ws/models/obb/experiments/sam3_hybrid_full/runs/predictions/baylands-leader-v5-4/baylands_sam3_obb_super_75_15_10_test_all
parkinglot_west_v3_frame_000209_301300000000,matched,1,1,1,0.907714,0.907714,0.823111,/home/ruben/halmstad_ws/datasets/final/baylands_sam3_obb_super_75_15_10/images/test/parkinglot_west_v3_frame_000209_301300000000.jpg,/home/ruben/halmstad_ws/models/obb/experiments/sam3_hybrid_full/runs/predictions/baylands-leader-v5-4/baylands_sam3_obb_super_75_15_10_test_all
parkinglot_west_v3_frame_000210_302300000000,matched,1,1,1,0.587461,0.587461,0.851052,/home/ruben/halmstad_ws/datasets/final/baylands_sam3_obb_super_75_15_10/images/test/parkinglot_west_v3_frame_000210_302300000000.jpg,/home/ruben/halmstad_ws/models/obb/experiments/sam3_hybrid_full/runs/predictions/baylands-leader-v5-4/baylands_sam3_obb_super_75_15_10_test_all
parkinglot_west_v3_frame_000212_304352000000,matched,1,1,1,0.75903,0.75903,0.765743,/home/ruben/halmstad_ws/datasets/final/baylands_sam3_obb_super_75_15_10/images/test/parkinglot_west_v3_frame_000212_304352000000.jpg,/home/ruben/halmstad_ws/models/obb/experiments/sam3_hybrid_full/runs/predictions/baylands-leader-v5-4/baylands_sam3_obb_super_75_15_10_test_all
parkinglot_west_v3_frame_000214_306352000000,matched,1,1,1,0.543919,0.543919,0.668869,/home/ruben/halmstad_ws/datasets/final/baylands_sam3_obb_super_75_15_10/images/test/parkinglot_west_v3_frame_000214_306352000000.jpg,/home/ruben/halmstad_ws/models/obb/experiments/sam3_hybrid_full/runs/predictions/baylands-leader-v5-4/baylands_sam3_obb_super_75_15_10_test_all
parkinglot_west_v5_frame_000027_225900000000,correct_empty,0,0,0,0.0,0.0,,/home/ruben/halmstad_ws/datasets/final/baylands_sam3_obb_super_75_15_10/images/test/parkinglot_west_v5_frame_000027_225900000000.jpg,/home/ruben/halmstad_ws/models/obb/experiments/sam3_hybrid_full/runs/predictions/baylands-leader-v5-4/baylands_sam3_obb_super_75_15_10_test_all
parkinglot_west_v5_frame_000029_233900000000,matched,1,1,1,0.476158,0.476158,0.313118,/home/ruben/halmstad_ws/datasets/final/baylands_sam3_obb_super_75_15_10/images/test/parkinglot_west_v5_frame_000029_233900000000.jpg,/home/ruben/halmstad_ws/models/obb/experiments/sam3_hybrid_full/runs/predictions/baylands-leader-v5-4/baylands_sam3_obb_super_75_15_10_test_all
parkinglot_west_v5_frame_000030_237900000000,correct_empty,0,0,0,0.0,0.0,,/home/ruben/halmstad_ws/datasets/final/baylands_sam3_obb_super_75_15_10/images/test/parkinglot_west_v5_frame_000030_237900000000.jpg,/home/ruben/halmstad_ws/models/obb/experiments/sam3_hybrid_full/runs/predictions/baylands-leader-v5-4/baylands_sam3_obb_super_75_15_10_test_all
parkinglot_west_v5_frame_000031_241900000000,correct_empty,0,0,0,0.0,0.0,,/home/ruben/halmstad_ws/datasets/final/baylands_sam3_obb_super_75_15_10/images/test/parkinglot_west_v5_frame_000031_241900000000.jpg,/home/ruben/halmstad_ws/models/obb/experiments/sam3_hybrid_full/runs/predictions/baylands-leader-v5-4/baylands_sam3_obb_super_75_15_10_test_all
parkinglot_west_v5_frame_000044_294100000000,correct_empty,0,0,0,0.0,0.0,,/home/ruben/halmstad_ws/datasets/final/baylands_sam3_obb_super_75_15_10/images/test/parkinglot_west_v5_frame_000044_294100000000.jpg,/home/ruben/halmstad_ws/models/obb/experiments/sam3_hybrid_full/runs/predictions/baylands-leader-v5-4/baylands_sam3_obb_super_75_15_10_test_all
parkinglot_west_v5_frame_000046_302100000000,correct_empty,0,0,0,0.0,0.0,,/home/ruben/halmstad_ws/datasets/final/baylands_sam3_obb_super_75_15_10/images/test/parkinglot_west_v5_frame_000046_302100000000.jpg,/home/ruben/halmstad_ws/models/obb/experiments/sam3_hybrid_full/runs/predictions/baylands-leader-v5-4/baylands_sam3_obb_super_75_15_10_test_all
road_to_east_v1_frame_000159_234300000000,matched,1,1,1,0.565461,0.565461,0.306497,/home/ruben/halmstad_ws/datasets/final/baylands_sam3_obb_super_75_15_10/images/test/road_to_east_v1_frame_000159_234300000000.jpg,/home/ruben/halmstad_ws/models/obb/experiments/sam3_hybrid_full/runs/predictions/baylands-leader-v5-4/baylands_sam3_obb_super_75_15_10_test_all
road_to_east_v1_frame_000160_235300000000,matched,1,1,1,0.603363,0.603363,0.384411,/home/ruben/halmstad_ws/datasets/final/baylands_sam3_obb_super_75_15_10/images/test/road_to_east_v1_frame_000160_235300000000.jpg,/home/ruben/halmstad_ws/models/obb/experiments/sam3_hybrid_full/runs/predictions/baylands-leader-v5-4/baylands_sam3_obb_super_75_15_10_test_all
road_to_east_v1_frame_000161_236300000000,matched,1,1,1,0.650499,0.650499,0.260181,/home/ruben/halmstad_ws/datasets/final/baylands_sam3_obb_super_75_15_10/images/test/road_to_east_v1_frame_000161_236300000000.jpg,/home/ruben/halmstad_ws/models/obb/experiments/sam3_hybrid_full/runs/predictions/baylands-leader-v5-4/baylands_sam3_obb_super_75_15_10_test_all
road_to_east_v1_frame_000169_244352000000,matched,1,1,1,0.722085,0.722085,0.499113,/home/ruben/halmstad_ws/datasets/final/baylands_sam3_obb_super_75_15_10/images/test/road_to_east_v1_frame_000169_244352000000.jpg,/home/ruben/halmstad_ws/models/obb/experiments/sam3_hybrid_full/runs/predictions/baylands-leader-v5-4/baylands_sam3_obb_super_75_15_10_test_all
road_to_east_v1_frame_000170_245352000000,matched,1,1,1,0.428105,0.428105,0.348059,/home/ruben/halmstad_ws/datasets/final/baylands_sam3_obb_super_75_15_10/images/test/road_to_east_v1_frame_000170_245352000000.jpg,/home/ruben/halmstad_ws/models/obb/experiments/sam3_hybrid_full/runs/predictions/baylands-leader-v5-4/baylands_sam3_obb_super_75_15_10_test_all
road_to_east_v1_frame_000172_247400000000,matched,1,1,1,0.506023,0.506023,0.339234,/home/ruben/halmstad_ws/datasets/final/baylands_sam3_obb_super_75_15_10/images/test/road_to_east_v1_frame_000172_247400000000.jpg,/home/ruben/halmstad_ws/models/obb/experiments/sam3_hybrid_full/runs/predictions/baylands-leader-v5-4/baylands_sam3_obb_super_75_15_10_test_all
road_to_east_v1_frame_000209_284752000000,matched,1,1,1,0.767462,0.767462,0.52808,/home/ruben/halmstad_ws/datasets/final/baylands_sam3_obb_super_75_15_10/images/test/road_to_east_v1_frame_000209_284752000000.jpg,/home/ruben/halmstad_ws/models/obb/experiments/sam3_hybrid_full/runs/predictions/baylands-leader-v5-4/baylands_sam3_obb_super_75_15_10_test_all
road_to_east_v1_frame_000215_291100000000,matched,1,1,1,0.570309,0.570309,0.298765,/home/ruben/halmstad_ws/datasets/final/baylands_sam3_obb_super_75_15_10/images/test/road_to_east_v1_frame_000215_291100000000.jpg,/home/ruben/halmstad_ws/models/obb/experiments/sam3_hybrid_full/runs/predictions/baylands-leader-v5-4/baylands_sam3_obb_super_75_15_10_test_all
road_to_east_v1_frame_000216_292100000000,no_prediction,1,0,0,0.0,0.0,,/home/ruben/halmstad_ws/datasets/final/baylands_sam3_obb_super_75_15_10/images/test/road_to_east_v1_frame_000216_292100000000.jpg,/home/ruben/halmstad_ws/models/obb/experiments/sam3_hybrid_full/runs/predictions/baylands-leader-v5-4/baylands_sam3_obb_super_75_15_10_test_all
road_to_east_v1_frame_000217_293100000000,matched,1,1,1,0.55753,0.55753,0.297832,/home/ruben/halmstad_ws/datasets/final/baylands_sam3_obb_super_75_15_10/images/test/road_to_east_v1_frame_000217_293100000000.jpg,/home/ruben/halmstad_ws/models/obb/experiments/sam3_hybrid_full/runs/predictions/baylands-leader-v5-4/baylands_sam3_obb_super_75_15_10_test_all
road_to_east_v1_frame_000219_295100000000,no_prediction,1,0,0,0.0,0.0,,/home/ruben/halmstad_ws/datasets/final/baylands_sam3_obb_super_75_15_10/images/test/road_to_east_v1_frame_000219_295100000000.jpg,/home/ruben/halmstad_ws/models/obb/experiments/sam3_hybrid_full/runs/predictions/baylands-leader-v5-4/baylands_sam3_obb_super_75_15_10_test_all
road_to_east_v1_frame_000224_300152000000,matched,1,1,1,0.446226,0.446226,0.512959,/home/ruben/halmstad_ws/datasets/final/baylands_sam3_obb_super_75_15_10/images/test/road_to_east_v1_frame_000224_300152000000.jpg,/home/ruben/halmstad_ws/models/obb/experiments/sam3_hybrid_full/runs/predictions/baylands-leader-v5-4/baylands_sam3_obb_super_75_15_10_test_all
road_to_east_v1_frame_000225_301152000000,matched,1,1,1,0.402541,0.402541,0.320687,/home/ruben/halmstad_ws/datasets/final/baylands_sam3_obb_super_75_15_10/images/test/road_to_east_v1_frame_000225_301152000000.jpg,/home/ruben/halmstad_ws/models/obb/experiments/sam3_hybrid_full/runs/predictions/baylands-leader-v5-4/baylands_sam3_obb_super_75_15_10_test_all
road_to_east_v1_frame_000232_308200000000,no_prediction,1,0,0,0.0,0.0,,/home/ruben/halmstad_ws/datasets/final/baylands_sam3_obb_super_75_15_10/images/test/road_to_east_v1_frame_000232_308200000000.jpg,/home/ruben/halmstad_ws/models/obb/experiments/sam3_hybrid_full/runs/predictions/baylands-leader-v5-4/baylands_sam3_obb_super_75_15_10_test_all
road_to_east_v1_frame_000233_309200000000,matched,1,1,1,0.463764,0.463764,0.328824,/home/ruben/halmstad_ws/datasets/final/baylands_sam3_obb_super_75_15_10/images/test/road_to_east_v1_frame_000233_309200000000.jpg,/home/ruben/halmstad_ws/models/obb/experiments/sam3_hybrid_full/runs/predictions/baylands-leader-v5-4/baylands_sam3_obb_super_75_15_10_test_all
road_to_east_v1_frame_000239_315252000000,no_prediction,1,0,0,0.0,0.0,,/home/ruben/halmstad_ws/datasets/final/baylands_sam3_obb_super_75_15_10/images/test/road_to_east_v1_frame_000239_315252000000.jpg,/home/ruben/halmstad_ws/models/obb/experiments/sam3_hybrid_full/runs/predictions/baylands-leader-v5-4/baylands_sam3_obb_super_75_15_10_test_all
road_to_east_v2_frame_000118_236352000000,matched,1,1,1,0.465902,0.465902,0.706526,/home/ruben/halmstad_ws/datasets/final/baylands_sam3_obb_super_75_15_10/images/test/road_to_east_v2_frame_000118_236352000000.jpg,/home/ruben/halmstad_ws/models/obb/experiments/sam3_hybrid_full/runs/predictions/baylands-leader-v5-4/baylands_sam3_obb_super_75_15_10_test_all
road_to_east_v2_frame_000119_237400000000,matched,1,1,1,0.446236,0.446236,0.788093,/home/ruben/halmstad_ws/datasets/final/baylands_sam3_obb_super_75_15_10/images/test/road_to_east_v2_frame_000119_237400000000.jpg,/home/ruben/halmstad_ws/models/obb/experiments/sam3_hybrid_full/runs/predictions/baylands-leader-v5-4/baylands_sam3_obb_super_75_15_10_test_all
road_to_east_v2_frame_000120_238400000000,matched,1,1,1,0.611283,0.611283,0.711211,/home/ruben/halmstad_ws/datasets/final/baylands_sam3_obb_super_75_15_10/images/test/road_to_east_v2_frame_000120_238400000000.jpg,/home/ruben/halmstad_ws/models/obb/experiments/sam3_hybrid_full/runs/predictions/baylands-leader-v5-4/baylands_sam3_obb_super_75_15_10_test_all
road_to_east_v2_frame_000122_240400000000,matched,1,1,1,0.52654,0.52654,0.800883,/home/ruben/halmstad_ws/datasets/final/baylands_sam3_obb_super_75_15_10/images/test/road_to_east_v2_frame_000122_240400000000.jpg,/home/ruben/halmstad_ws/models/obb/experiments/sam3_hybrid_full/runs/predictions/baylands-leader-v5-4/baylands_sam3_obb_super_75_15_10_test_all
road_to_east_v2_frame_000123_241400000000,matched,1,1,1,0.589141,0.589141,0.809697,/home/ruben/halmstad_ws/datasets/final/baylands_sam3_obb_super_75_15_10/images/test/road_to_east_v2_frame_000123_241400000000.jpg,/home/ruben/halmstad_ws/models/obb/experiments/sam3_hybrid_full/runs/predictions/baylands-leader-v5-4/baylands_sam3_obb_super_75_15_10_test_all
road_to_east_v2_frame_000124_242400000000,matched,1,1,1,0.490283,0.490283,0.814143,/home/ruben/halmstad_ws/datasets/final/baylands_sam3_obb_super_75_15_10/images/test/road_to_east_v2_frame_000124_242400000000.jpg,/home/ruben/halmstad_ws/models/obb/experiments/sam3_hybrid_full/runs/predictions/baylands-leader-v5-4/baylands_sam3_obb_super_75_15_10_test_all
road_to_east_v2_frame_000125_243400000000,matched,1,1,1,0.499449,0.499449,0.835594,/home/ruben/halmstad_ws/datasets/final/baylands_sam3_obb_super_75_15_10/images/test/road_to_east_v2_frame_000125_243400000000.jpg,/home/ruben/halmstad_ws/models/obb/experiments/sam3_hybrid_full/runs/predictions/baylands-leader-v5-4/baylands_sam3_obb_super_75_15_10_test_all
road_to_east_v2_frame_000129_248000000000,matched,1,1,1,0.599926,0.599926,0.784315,/home/ruben/halmstad_ws/datasets/final/baylands_sam3_obb_super_75_15_10/images/test/road_to_east_v2_frame_000129_248000000000.jpg,/home/ruben/halmstad_ws/models/obb/experiments/sam3_hybrid_full/runs/predictions/baylands-leader-v5-4/baylands_sam3_obb_super_75_15_10_test_all
road_to_east_v2_frame_000165_289052000000,no_prediction,1,0,0,0.0,0.0,,/home/ruben/halmstad_ws/datasets/final/baylands_sam3_obb_super_75_15_10/images/test/road_to_east_v2_frame_000165_289052000000.jpg,/home/ruben/halmstad_ws/models/obb/experiments/sam3_hybrid_full/runs/predictions/baylands-leader-v5-4/baylands_sam3_obb_super_75_15_10_test_all
road_to_east_v2_frame_000171_295100000000,correct_empty,0,0,0,0.0,0.0,,/home/ruben/halmstad_ws/datasets/final/baylands_sam3_obb_super_75_15_10/images/test/road_to_east_v2_frame_000171_295100000000.jpg,/home/ruben/halmstad_ws/models/obb/experiments/sam3_hybrid_full/runs/predictions/baylands-leader-v5-4/baylands_sam3_obb_super_75_15_10_test_all
road_to_east_v2_frame_000175_301652000000,correct_empty,0,0,0,0.0,0.0,,/home/ruben/halmstad_ws/datasets/final/baylands_sam3_obb_super_75_15_10/images/test/road_to_east_v2_frame_000175_301652000000.jpg,/home/ruben/halmstad_ws/models/obb/experiments/sam3_hybrid_full/runs/predictions/baylands-leader-v5-4/baylands_sam3_obb_super_75_15_10_test_all
road_to_east_v2_frame_000179_305752000000,matched,1,1,1,0.505186,0.505186,0.368654,/home/ruben/halmstad_ws/datasets/final/baylands_sam3_obb_super_75_15_10/images/test/road_to_east_v2_frame_000179_305752000000.jpg,/home/ruben/halmstad_ws/models/obb/experiments/sam3_hybrid_full/runs/predictions/baylands-leader-v5-4/baylands_sam3_obb_super_75_15_10_test_all
road_to_east_v2_frame_000183_310200000000,correct_empty,0,0,0,0.0,0.0,,/home/ruben/halmstad_ws/datasets/final/baylands_sam3_obb_super_75_15_10/images/test/road_to_east_v2_frame_000183_310200000000.jpg,/home/ruben/halmstad_ws/models/obb/experiments/sam3_hybrid_full/runs/predictions/baylands-leader-v5-4/baylands_sam3_obb_super_75_15_10_test_all
road_to_east_v2_frame_000185_312252000000,matched,1,1,1,0.683262,0.683262,0.312736,/home/ruben/halmstad_ws/datasets/final/baylands_sam3_obb_super_75_15_10/images/test/road_to_east_v2_frame_000185_312252000000.jpg,/home/ruben/halmstad_ws/models/obb/experiments/sam3_hybrid_full/runs/predictions/baylands-leader-v5-4/baylands_sam3_obb_super_75_15_10_test_all
road_to_east_v2_frame_000187_314252000000,matched,1,1,1,0.747538,0.747538,0.486909,/home/ruben/halmstad_ws/datasets/final/baylands_sam3_obb_super_75_15_10/images/test/road_to_east_v2_frame_000187_314252000000.jpg,/home/ruben/halmstad_ws/models/obb/experiments/sam3_hybrid_full/runs/predictions/baylands-leader-v5-4/baylands_sam3_obb_super_75_15_10_test_all
road_to_east_v4_frame_000025_234400000000,matched,1,1,1,0.392002,0.392002,0.79338,/home/ruben/halmstad_ws/datasets/final/baylands_sam3_obb_super_75_15_10/images/test/road_to_east_v4_frame_000025_234400000000.jpg,/home/ruben/halmstad_ws/models/obb/experiments/sam3_hybrid_full/runs/predictions/baylands-leader-v5-4/baylands_sam3_obb_super_75_15_10_test_all
road_to_east_v4_frame_000026_238500000000,matched,1,1,1,0.511768,0.511768,0.657985,/home/ruben/halmstad_ws/datasets/final/baylands_sam3_obb_super_75_15_10/images/test/road_to_east_v4_frame_000026_238500000000.jpg,/home/ruben/halmstad_ws/models/obb/experiments/sam3_hybrid_full/runs/predictions/baylands-leader-v5-4/baylands_sam3_obb_super_75_15_10_test_all
road_to_east_v4_frame_000027_242500000000,correct_empty,0,0,0,0.0,0.0,,/home/ruben/halmstad_ws/datasets/final/baylands_sam3_obb_super_75_15_10/images/test/road_to_east_v4_frame_000027_242500000000.jpg,/home/ruben/halmstad_ws/models/obb/experiments/sam3_hybrid_full/runs/predictions/baylands-leader-v5-4/baylands_sam3_obb_super_75_15_10_test_all
road_to_east_v4_frame_000028_246500000000,matched,1,1,1,0.371516,0.371516,0.77001,/home/ruben/halmstad_ws/datasets/final/baylands_sam3_obb_super_75_15_10/images/test/road_to_east_v4_frame_000028_246500000000.jpg,/home/ruben/halmstad_ws/models/obb/experiments/sam3_hybrid_full/runs/predictions/baylands-leader-v5-4/baylands_sam3_obb_super_75_15_10_test_all
road_to_east_v4_frame_000029_250500000000,matched,1,1,1,0.583614,0.583614,0.539384,/home/ruben/halmstad_ws/datasets/final/baylands_sam3_obb_super_75_15_10/images/test/road_to_east_v4_frame_000029_250500000000.jpg,/home/ruben/halmstad_ws/models/obb/experiments/sam3_hybrid_full/runs/predictions/baylands-leader-v5-4/baylands_sam3_obb_super_75_15_10_test_all
road_to_east_v4_frame_000038_286600000000,matched,1,1,1,0.585605,0.585605,0.696198,/home/ruben/halmstad_ws/datasets/final/baylands_sam3_obb_super_75_15_10/images/test/road_to_east_v4_frame_000038_286600000000.jpg,/home/ruben/halmstad_ws/models/obb/experiments/sam3_hybrid_full/runs/predictions/baylands-leader-v5-4/baylands_sam3_obb_super_75_15_10_test_all
road_to_east_v4_frame_000039_290600000000,matched,1,1,1,0.583403,0.583403,0.500078,/home/ruben/halmstad_ws/datasets/final/baylands_sam3_obb_super_75_15_10/images/test/road_to_east_v4_frame_000039_290600000000.jpg,/home/ruben/halmstad_ws/models/obb/experiments/sam3_hybrid_full/runs/predictions/baylands-leader-v5-4/baylands_sam3_obb_super_75_15_10_test_all
road_to_east_v5_frame_000135_237752000000,no_prediction,1,0,0,0.0,0.0,,/home/ruben/halmstad_ws/datasets/final/baylands_sam3_obb_super_75_15_10/images/test/road_to_east_v5_frame_000135_237752000000.jpg,/home/ruben/halmstad_ws/models/obb/experiments/sam3_hybrid_full/runs/predictions/baylands-leader-v5-4/baylands_sam3_obb_super_75_15_10_test_all
road_to_east_v5_frame_000136_238752000000,matched,1,1,1,0.536898,0.536898,0.630786,/home/ruben/halmstad_ws/datasets/final/baylands_sam3_obb_super_75_15_10/images/test/road_to_east_v5_frame_000136_238752000000.jpg,/home/ruben/halmstad_ws/models/obb/experiments/sam3_hybrid_full/runs/predictions/baylands-leader-v5-4/baylands_sam3_obb_super_75_15_10_test_all
road_to_east_v5_frame_000137_239752000000,matched,1,1,1,0.499014,0.499014,0.721052,/home/ruben/halmstad_ws/datasets/final/baylands_sam3_obb_super_75_15_10/images/test/road_to_east_v5_frame_000137_239752000000.jpg,/home/ruben/halmstad_ws/models/obb/experiments/sam3_hybrid_full/runs/predictions/baylands-leader-v5-4/baylands_sam3_obb_super_75_15_10_test_all
road_to_east_v5_frame_000138_240752000000,matched,1,1,1,0.733375,0.733375,0.622141,/home/ruben/halmstad_ws/datasets/final/baylands_sam3_obb_super_75_15_10/images/test/road_to_east_v5_frame_000138_240752000000.jpg,/home/ruben/halmstad_ws/models/obb/experiments/sam3_hybrid_full/runs/predictions/baylands-leader-v5-4/baylands_sam3_obb_super_75_15_10_test_all
road_to_east_v5_frame_000144_246800000000,matched,1,1,1,0.595836,0.595836,0.628557,/home/ruben/halmstad_ws/datasets/final/baylands_sam3_obb_super_75_15_10/images/test/road_to_east_v5_frame_000144_246800000000.jpg,/home/ruben/halmstad_ws/models/obb/experiments/sam3_hybrid_full/runs/predictions/baylands-leader-v5-4/baylands_sam3_obb_super_75_15_10_test_all
road_to_east_v5_frame_000146_248800000000,matched,1,1,1,0.698154,0.698154,0.779949,/home/ruben/halmstad_ws/datasets/final/baylands_sam3_obb_super_75_15_10/images/test/road_to_east_v5_frame_000146_248800000000.jpg,/home/ruben/halmstad_ws/models/obb/experiments/sam3_hybrid_full/runs/predictions/baylands-leader-v5-4/baylands_sam3_obb_super_75_15_10_test_all
road_to_east_v5_frame_000179_286800000000,matched,1,1,1,0.419875,0.419875,0.456145,/home/ruben/halmstad_ws/datasets/final/baylands_sam3_obb_super_75_15_10/images/test/road_to_east_v5_frame_000179_286800000000.jpg,/home/ruben/halmstad_ws/models/obb/experiments/sam3_hybrid_full/runs/predictions/baylands-leader-v5-4/baylands_sam3_obb_super_75_15_10_test_all
road_to_east_v5_frame_000180_287800000000,multi_prediction,1,2,1,0.544654,0.544654,0.294199,/home/ruben/halmstad_ws/datasets/final/baylands_sam3_obb_super_75_15_10/images/test/road_to_east_v5_frame_000180_287800000000.jpg,/home/ruben/halmstad_ws/models/obb/experiments/sam3_hybrid_full/runs/predictions/baylands-leader-v5-4/baylands_sam3_obb_super_75_15_10_test_all
road_to_east_v5_frame_000190_297952000000,matched,1,1,1,0.778,0.778,0.703591,/home/ruben/halmstad_ws/datasets/final/baylands_sam3_obb_super_75_15_10/images/test/road_to_east_v5_frame_000190_297952000000.jpg,/home/ruben/halmstad_ws/models/obb/experiments/sam3_hybrid_full/runs/predictions/baylands-leader-v5-4/baylands_sam3_obb_super_75_15_10_test_all
road_to_east_v5_frame_000191_298952000000,matched,1,1,1,0.62836,0.62836,0.694045,/home/ruben/halmstad_ws/datasets/final/baylands_sam3_obb_super_75_15_10/images/test/road_to_east_v5_frame_000191_298952000000.jpg,/home/ruben/halmstad_ws/models/obb/experiments/sam3_hybrid_full/runs/predictions/baylands-leader-v5-4/baylands_sam3_obb_super_75_15_10_test_all
road_to_east_v5_frame_000199_311400000000,matched,1,1,1,0.562969,0.562969,0.828852,/home/ruben/halmstad_ws/datasets/final/baylands_sam3_obb_super_75_15_10/images/test/road_to_east_v5_frame_000199_311400000000.jpg,/home/ruben/halmstad_ws/models/obb/experiments/sam3_hybrid_full/runs/predictions/baylands-leader-v5-4/baylands_sam3_obb_super_75_15_10_test_all
road_to_east_v5_frame_000201_314552000000,matched,1,1,1,0.605176,0.605176,0.26977,/home/ruben/halmstad_ws/datasets/final/baylands_sam3_obb_super_75_15_10/images/test/road_to_east_v5_frame_000201_314552000000.jpg,/home/ruben/halmstad_ws/models/obb/experiments/sam3_hybrid_full/runs/predictions/baylands-leader-v5-4/baylands_sam3_obb_super_75_15_10_test_all
road_to_spawn_v1_frame_000114_195300000000,matched,1,1,1,0.588687,0.588687,0.546069,/home/ruben/halmstad_ws/datasets/final/baylands_sam3_obb_super_75_15_10/images/test/road_to_spawn_v1_frame_000114_195300000000.jpg,/home/ruben/halmstad_ws/models/obb/experiments/sam3_hybrid_full/runs/predictions/baylands-leader-v5-4/baylands_sam3_obb_super_75_15_10_test_all
road_to_spawn_v1_frame_000118_199300000000,matched,1,1,1,0.649089,0.649089,0.633666,/home/ruben/halmstad_ws/datasets/final/baylands_sam3_obb_super_75_15_10/images/test/road_to_spawn_v1_frame_000118_199300000000.jpg,/home/ruben/halmstad_ws/models/obb/experiments/sam3_hybrid_full/runs/predictions/baylands-leader-v5-4/baylands_sam3_obb_super_75_15_10_test_all
road_to_spawn_v1_frame_000119_200300000000,matched,1,1,1,0.539787,0.539787,0.735233,/home/ruben/halmstad_ws/datasets/final/baylands_sam3_obb_super_75_15_10/images/test/road_to_spawn_v1_frame_000119_200300000000.jpg,/home/ruben/halmstad_ws/models/obb/experiments/sam3_hybrid_full/runs/predictions/baylands-leader-v5-4/baylands_sam3_obb_super_75_15_10_test_all
road_to_spawn_v1_frame_000120_201300000000,matched,1,1,1,0.700883,0.700883,0.777594,/home/ruben/halmstad_ws/datasets/final/baylands_sam3_obb_super_75_15_10/images/test/road_to_spawn_v1_frame_000120_201300000000.jpg,/home/ruben/halmstad_ws/models/obb/experiments/sam3_hybrid_full/runs/predictions/baylands-leader-v5-4/baylands_sam3_obb_super_75_15_10_test_all
road_to_spawn_v1_frame_000122_203352000000,matched,1,1,1,0.670439,0.670439,0.653687,/home/ruben/halmstad_ws/datasets/final/baylands_sam3_obb_super_75_15_10/images/test/road_to_spawn_v1_frame_000122_203352000000.jpg,/home/ruben/halmstad_ws/models/obb/experiments/sam3_hybrid_full/runs/predictions/baylands-leader-v5-4/baylands_sam3_obb_super_75_15_10_test_all
road_to_spawn_v2_frame_000020_198100000000,matched,1,1,1,0.605104,0.605104,0.689409,/home/ruben/halmstad_ws/datasets/final/baylands_sam3_obb_super_75_15_10/images/test/road_to_spawn_v2_frame_000020_198100000000.jpg,/home/ruben/halmstad_ws/models/obb/experiments/sam3_hybrid_full/runs/predictions/baylands-leader-v5-4/baylands_sam3_obb_super_75_15_10_test_all
road_to_spawn_v2_frame_000021_202100000000,matched,1,1,1,0.523054,0.523054,0.405457,/home/ruben/halmstad_ws/datasets/final/baylands_sam3_obb_super_75_15_10/images/test/road_to_spawn_v2_frame_000021_202100000000.jpg,/home/ruben/halmstad_ws/models/obb/experiments/sam3_hybrid_full/runs/predictions/baylands-leader-v5-4/baylands_sam3_obb_super_75_15_10_test_all
road_to_spawn_v3_frame_000115_196200000000,matched,1,1,1,0.662714,0.662714,0.777855,/home/ruben/halmstad_ws/datasets/final/baylands_sam3_obb_super_75_15_10/images/test/road_to_spawn_v3_frame_000115_196200000000.jpg,/home/ruben/halmstad_ws/models/obb/experiments/sam3_hybrid_full/runs/predictions/baylands-leader-v5-4/baylands_sam3_obb_super_75_15_10_test_all
road_to_spawn_v3_frame_000116_197152000000,matched,1,1,1,0.565903,0.565903,0.813603,/home/ruben/halmstad_ws/datasets/final/baylands_sam3_obb_super_75_15_10/images/test/road_to_spawn_v3_frame_000116_197152000000.jpg,/home/ruben/halmstad_ws/models/obb/experiments/sam3_hybrid_full/runs/predictions/baylands-leader-v5-4/baylands_sam3_obb_super_75_15_10_test_all
road_to_spawn_v3_frame_000117_198200000000,matched,1,1,1,0.49379,0.49379,0.812043,/home/ruben/halmstad_ws/datasets/final/baylands_sam3_obb_super_75_15_10/images/test/road_to_spawn_v3_frame_000117_198200000000.jpg,/home/ruben/halmstad_ws/models/obb/experiments/sam3_hybrid_full/runs/predictions/baylands-leader-v5-4/baylands_sam3_obb_super_75_15_10_test_all
road_to_spawn_v3_frame_000118_199200000000,matched,1,1,1,0.487353,0.487353,0.844254,/home/ruben/halmstad_ws/datasets/final/baylands_sam3_obb_super_75_15_10/images/test/road_to_spawn_v3_frame_000118_199200000000.jpg,/home/ruben/halmstad_ws/models/obb/experiments/sam3_hybrid_full/runs/predictions/baylands-leader-v5-4/baylands_sam3_obb_super_75_15_10_test_all
road_to_spawn_v3_frame_000119_200200000000,matched,1,1,1,0.517214,0.517214,0.829771,/home/ruben/halmstad_ws/datasets/final/baylands_sam3_obb_super_75_15_10/images/test/road_to_spawn_v3_frame_000119_200200000000.jpg,/home/ruben/halmstad_ws/models/obb/experiments/sam3_hybrid_full/runs/predictions/baylands-leader-v5-4/baylands_sam3_obb_super_75_15_10_test_all
road_to_spawn_v3_frame_000120_201200000000,matched,1,1,1,0.470038,0.470038,0.819397,/home/ruben/halmstad_ws/datasets/final/baylands_sam3_obb_super_75_15_10/images/test/road_to_spawn_v3_frame_000120_201200000000.jpg,/home/ruben/halmstad_ws/models/obb/experiments/sam3_hybrid_full/runs/predictions/baylands-leader-v5-4/baylands_sam3_obb_super_75_15_10_test_all
road_to_spawn_v3_frame_000122_203252000000,matched,1,1,1,0.426792,0.426792,0.779528,/home/ruben/halmstad_ws/datasets/final/baylands_sam3_obb_super_75_15_10/images/test/road_to_spawn_v3_frame_000122_203252000000.jpg,/home/ruben/halmstad_ws/models/obb/experiments/sam3_hybrid_full/runs/predictions/baylands-leader-v5-4/baylands_sam3_obb_super_75_15_10_test_all
road_to_spawn_v3_frame_000125_206252000000,matched,1,1,1,0.459871,0.459871,0.791245,/home/ruben/halmstad_ws/datasets/final/baylands_sam3_obb_super_75_15_10/images/test/road_to_spawn_v3_frame_000125_206252000000.jpg,/home/ruben/halmstad_ws/models/obb/experiments/sam3_hybrid_full/runs/predictions/baylands-leader-v5-4/baylands_sam3_obb_super_75_15_10_test_all
road_to_spawn_v3_frame_000126_207300000000,matched,1,1,1,0.465532,0.465532,0.811223,/home/ruben/halmstad_ws/datasets/final/baylands_sam3_obb_super_75_15_10/images/test/road_to_spawn_v3_frame_000126_207300000000.jpg,/home/ruben/halmstad_ws/models/obb/experiments/sam3_hybrid_full/runs/predictions/baylands-leader-v5-4/baylands_sam3_obb_super_75_15_10_test_all
road_to_spawn_v5_frame_000128_195500000000,matched,1,1,1,0.570723,0.570723,0.472855,/home/ruben/halmstad_ws/datasets/final/baylands_sam3_obb_super_75_15_10/images/test/road_to_spawn_v5_frame_000128_195500000000.jpg,/home/ruben/halmstad_ws/models/obb/experiments/sam3_hybrid_full/runs/predictions/baylands-leader-v5-4/baylands_sam3_obb_super_75_15_10_test_all
road_to_spawn_v5_frame_000129_196500000000,no_prediction,1,0,0,0.0,0.0,,/home/ruben/halmstad_ws/datasets/final/baylands_sam3_obb_super_75_15_10/images/test/road_to_spawn_v5_frame_000129_196500000000.jpg,/home/ruben/halmstad_ws/models/obb/experiments/sam3_hybrid_full/runs/predictions/baylands-leader-v5-4/baylands_sam3_obb_super_75_15_10_test_all
road_to_spawn_v5_frame_000130_197500000000,no_prediction,1,0,0,0.0,0.0,,/home/ruben/halmstad_ws/datasets/final/baylands_sam3_obb_super_75_15_10/images/test/road_to_spawn_v5_frame_000130_197500000000.jpg,/home/ruben/halmstad_ws/models/obb/experiments/sam3_hybrid_full/runs/predictions/baylands-leader-v5-4/baylands_sam3_obb_super_75_15_10_test_all
road_to_spawn_v5_frame_000133_200552000000,matched,1,1,1,0.496892,0.496892,0.31197,/home/ruben/halmstad_ws/datasets/final/baylands_sam3_obb_super_75_15_10/images/test/road_to_spawn_v5_frame_000133_200552000000.jpg,/home/ruben/halmstad_ws/models/obb/experiments/sam3_hybrid_full/runs/predictions/baylands-leader-v5-4/baylands_sam3_obb_super_75_15_10_test_all
road_to_spawn_v5_frame_000134_201552000000,matched,1,1,1,0.518474,0.518474,0.369494,/home/ruben/halmstad_ws/datasets/final/baylands_sam3_obb_super_75_15_10/images/test/road_to_spawn_v5_frame_000134_201552000000.jpg,/home/ruben/halmstad_ws/models/obb/experiments/sam3_hybrid_full/runs/predictions/baylands-leader-v5-4/baylands_sam3_obb_super_75_15_10_test_all
road_to_spawn_v5_frame_000135_202552000000,matched,1,1,1,0.54406,0.54406,0.603893,/home/ruben/halmstad_ws/datasets/final/baylands_sam3_obb_super_75_15_10/images/test/road_to_spawn_v5_frame_000135_202552000000.jpg,/home/ruben/halmstad_ws/models/obb/experiments/sam3_hybrid_full/runs/predictions/baylands-leader-v5-4/baylands_sam3_obb_super_75_15_10_test_all
road_to_spawn_v5_frame_000136_203600000000,matched,1,1,1,0.569661,0.569661,0.486483,/home/ruben/halmstad_ws/datasets/final/baylands_sam3_obb_super_75_15_10/images/test/road_to_spawn_v5_frame_000136_203600000000.jpg,/home/ruben/halmstad_ws/models/obb/experiments/sam3_hybrid_full/runs/predictions/baylands-leader-v5-4/baylands_sam3_obb_super_75_15_10_test_all
road_to_spawn_v5_frame_000138_205600000000,matched,1,1,1,0.539657,0.539657,0.619106,/home/ruben/halmstad_ws/datasets/final/baylands_sam3_obb_super_75_15_10/images/test/road_to_spawn_v5_frame_000138_205600000000.jpg,/home/ruben/halmstad_ws/models/obb/experiments/sam3_hybrid_full/runs/predictions/baylands-leader-v5-4/baylands_sam3_obb_super_75_15_10_test_all
road_to_spawn_v5_frame_000139_206600000000,matched,1,1,1,0.547853,0.547853,0.725991,/home/ruben/halmstad_ws/datasets/final/baylands_sam3_obb_super_75_15_10/images/test/road_to_spawn_v5_frame_000139_206600000000.jpg,/home/ruben/halmstad_ws/models/obb/experiments/sam3_hybrid_full/runs/predictions/baylands-leader-v5-4/baylands_sam3_obb_super_75_15_10_test_all
road_to_strip_v1_frame_000101_273800000000,matched,1,1,1,0.688473,0.688473,0.74719,/home/ruben/halmstad_ws/datasets/final/baylands_sam3_obb_super_75_15_10/images/test/road_to_strip_v1_frame_000101_273800000000.jpg,/home/ruben/halmstad_ws/models/obb/experiments/sam3_hybrid_full/runs/predictions/baylands-leader-v5-4/baylands_sam3_obb_super_75_15_10_test_all
road_to_strip_v1_frame_000119_291952000000,matched,1,1,1,0.538473,0.538473,0.850847,/home/ruben/halmstad_ws/datasets/final/baylands_sam3_obb_super_75_15_10/images/test/road_to_strip_v1_frame_000119_291952000000.jpg,/home/ruben/halmstad_ws/models/obb/experiments/sam3_hybrid_full/runs/predictions/baylands-leader-v5-4/baylands_sam3_obb_super_75_15_10_test_all
road_to_strip_v1_frame_000120_293000000000,matched,1,1,1,0.709883,0.709883,0.861753,/home/ruben/halmstad_ws/datasets/final/baylands_sam3_obb_super_75_15_10/images/test/road_to_strip_v1_frame_000120_293000000000.jpg,/home/ruben/halmstad_ws/models/obb/experiments/sam3_hybrid_full/runs/predictions/baylands-leader-v5-4/baylands_sam3_obb_super_75_15_10_test_all
road_to_strip_v1_frame_000122_295000000000,matched,1,1,1,0.771346,0.771346,0.569873,/home/ruben/halmstad_ws/datasets/final/baylands_sam3_obb_super_75_15_10/images/test/road_to_strip_v1_frame_000122_295000000000.jpg,/home/ruben/halmstad_ws/models/obb/experiments/sam3_hybrid_full/runs/predictions/baylands-leader-v5-4/baylands_sam3_obb_super_75_15_10_test_all
road_to_strip_v1_frame_000123_296000000000,matched,1,1,1,0.646758,0.646758,0.582557,/home/ruben/halmstad_ws/datasets/final/baylands_sam3_obb_super_75_15_10/images/test/road_to_strip_v1_frame_000123_296000000000.jpg,/home/ruben/halmstad_ws/models/obb/experiments/sam3_hybrid_full/runs/predictions/baylands-leader-v5-4/baylands_sam3_obb_super_75_15_10_test_all
road_to_strip_v1_frame_000124_297000000000,matched,1,1,1,0.597479,0.597479,0.728984,/home/ruben/halmstad_ws/datasets/final/baylands_sam3_obb_super_75_15_10/images/test/road_to_strip_v1_frame_000124_297000000000.jpg,/home/ruben/halmstad_ws/models/obb/experiments/sam3_hybrid_full/runs/predictions/baylands-leader-v5-4/baylands_sam3_obb_super_75_15_10_test_all
road_to_strip_v2_frame_000083_145452000000,matched,1,1,1,0.465899,0.465899,0.607779,/home/ruben/halmstad_ws/datasets/final/baylands_sam3_obb_super_75_15_10/images/test/road_to_strip_v2_frame_000083_145452000000.jpg,/home/ruben/halmstad_ws/models/obb/experiments/sam3_hybrid_full/runs/predictions/baylands-leader-v5-4/baylands_sam3_obb_super_75_15_10_test_all
road_to_strip_v2_frame_000084_146452000000,matched,1,1,1,0.501759,0.501759,0.800897,/home/ruben/halmstad_ws/datasets/final/baylands_sam3_obb_super_75_15_10/images/test/road_to_strip_v2_frame_000084_146452000000.jpg,/home/ruben/halmstad_ws/models/obb/experiments/sam3_hybrid_full/runs/predictions/baylands-leader-v5-4/baylands_sam3_obb_super_75_15_10_test_all
road_to_strip_v2_frame_000085_147452000000,matched,1,1,1,0.724092,0.724092,0.717029,/home/ruben/halmstad_ws/datasets/final/baylands_sam3_obb_super_75_15_10/images/test/road_to_strip_v2_frame_000085_147452000000.jpg,/home/ruben/halmstad_ws/models/obb/experiments/sam3_hybrid_full/runs/predictions/baylands-leader-v5-4/baylands_sam3_obb_super_75_15_10_test_all
road_to_strip_v2_frame_000086_148452000000,matched,1,1,1,0.539398,0.539398,0.287441,/home/ruben/halmstad_ws/datasets/final/baylands_sam3_obb_super_75_15_10/images/test/road_to_strip_v2_frame_000086_148452000000.jpg,/home/ruben/halmstad_ws/models/obb/experiments/sam3_hybrid_full/runs/predictions/baylands-leader-v5-4/baylands_sam3_obb_super_75_15_10_test_all
road_to_strip_v2_frame_000087_149452000000,matched,1,1,1,0.619543,0.619543,0.325867,/home/ruben/halmstad_ws/datasets/final/baylands_sam3_obb_super_75_15_10/images/test/road_to_strip_v2_frame_000087_149452000000.jpg,/home/ruben/halmstad_ws/models/obb/experiments/sam3_hybrid_full/runs/predictions/baylands-leader-v5-4/baylands_sam3_obb_super_75_15_10_test_all
road_to_strip_v2_frame_000088_150500000000,matched,1,1,1,0.52194,0.52194,0.444832,/home/ruben/halmstad_ws/datasets/final/baylands_sam3_obb_super_75_15_10/images/test/road_to_strip_v2_frame_000088_150500000000.jpg,/home/ruben/halmstad_ws/models/obb/experiments/sam3_hybrid_full/runs/predictions/baylands-leader-v5-4/baylands_sam3_obb_super_75_15_10_test_all
road_to_strip_v2_frame_000089_151500000000,matched,1,1,1,0.503953,0.503953,0.623598,/home/ruben/halmstad_ws/datasets/final/baylands_sam3_obb_super_75_15_10/images/test/road_to_strip_v2_frame_000089_151500000000.jpg,/home/ruben/halmstad_ws/models/obb/experiments/sam3_hybrid_full/runs/predictions/baylands-leader-v5-4/baylands_sam3_obb_super_75_15_10_test_all
road_to_strip_v2_frame_000090_152552000000,matched,1,1,1,0.578337,0.578337,0.595161,/home/ruben/halmstad_ws/datasets/final/baylands_sam3_obb_super_75_15_10/images/test/road_to_strip_v2_frame_000090_152552000000.jpg,/home/ruben/halmstad_ws/models/obb/experiments/sam3_hybrid_full/runs/predictions/baylands-leader-v5-4/baylands_sam3_obb_super_75_15_10_test_all
road_to_strip_v2_frame_000091_153552000000,matched,1,1,1,0.821247,0.821247,0.834286,/home/ruben/halmstad_ws/datasets/final/baylands_sam3_obb_super_75_15_10/images/test/road_to_strip_v2_frame_000091_153552000000.jpg,/home/ruben/halmstad_ws/models/obb/experiments/sam3_hybrid_full/runs/predictions/baylands-leader-v5-4/baylands_sam3_obb_super_75_15_10_test_all
road_to_strip_v2_frame_000092_154552000000,correct_empty,0,0,0,0.0,0.0,,/home/ruben/halmstad_ws/datasets/final/baylands_sam3_obb_super_75_15_10/images/test/road_to_strip_v2_frame_000092_154552000000.jpg,/home/ruben/halmstad_ws/models/obb/experiments/sam3_hybrid_full/runs/predictions/baylands-leader-v5-4/baylands_sam3_obb_super_75_15_10_test_all
road_to_strip_v2_frame_000093_155552000000,correct_empty,0,0,0,0.0,0.0,,/home/ruben/halmstad_ws/datasets/final/baylands_sam3_obb_super_75_15_10/images/test/road_to_strip_v2_frame_000093_155552000000.jpg,/home/ruben/halmstad_ws/models/obb/experiments/sam3_hybrid_full/runs/predictions/baylands-leader-v5-4/baylands_sam3_obb_super_75_15_10_test_all
road_to_strip_v2_frame_000094_156600000000,matched,1,1,1,0.783452,0.783452,0.84096,/home/ruben/halmstad_ws/datasets/final/baylands_sam3_obb_super_75_15_10/images/test/road_to_strip_v2_frame_000094_156600000000.jpg,/home/ruben/halmstad_ws/models/obb/experiments/sam3_hybrid_full/runs/predictions/baylands-leader-v5-4/baylands_sam3_obb_super_75_15_10_test_all
road_to_strip_v2_frame_000095_157600000000,correct_empty,0,0,0,0.0,0.0,,/home/ruben/halmstad_ws/datasets/final/baylands_sam3_obb_super_75_15_10/images/test/road_to_strip_v2_frame_000095_157600000000.jpg,/home/ruben/halmstad_ws/models/obb/experiments/sam3_hybrid_full/runs/predictions/baylands-leader-v5-4/baylands_sam3_obb_super_75_15_10_test_all
road_to_strip_v2_frame_000096_158600000000,correct_empty,0,0,0,0.0,0.0,,/home/ruben/halmstad_ws/datasets/final/baylands_sam3_obb_super_75_15_10/images/test/road_to_strip_v2_frame_000096_158600000000.jpg,/home/ruben/halmstad_ws/models/obb/experiments/sam3_hybrid_full/runs/predictions/baylands-leader-v5-4/baylands_sam3_obb_super_75_15_10_test_all
road_to_strip_v2_frame_000097_159652000000,correct_empty,0,0,0,0.0,0.0,,/home/ruben/halmstad_ws/datasets/final/baylands_sam3_obb_super_75_15_10/images/test/road_to_strip_v2_frame_000097_159652000000.jpg,/home/ruben/halmstad_ws/models/obb/experiments/sam3_hybrid_full/runs/predictions/baylands-leader-v5-4/baylands_sam3_obb_super_75_15_10_test_all
road_to_strip_v3_frame_000041_145952000000,matched,1,1,1,0.701787,0.701787,0.468276,/home/ruben/halmstad_ws/datasets/final/baylands_sam3_obb_super_75_15_10/images/test/road_to_strip_v3_frame_000041_145952000000.jpg,/home/ruben/halmstad_ws/models/obb/experiments/sam3_hybrid_full/runs/predictions/baylands-leader-v5-4/baylands_sam3_obb_super_75_15_10_test_all
road_to_strip_v3_frame_000047_152000000000,matched,1,1,1,0.504132,0.504132,0.838257,/home/ruben/halmstad_ws/datasets/final/baylands_sam3_obb_super_75_15_10/images/test/road_to_strip_v3_frame_000047_152000000000.jpg,/home/ruben/halmstad_ws/models/obb/experiments/sam3_hybrid_full/runs/predictions/baylands-leader-v5-4/baylands_sam3_obb_super_75_15_10_test_all
road_to_strip_v3_frame_000049_154052000000,matched,1,1,1,0.480502,0.480502,0.66001,/home/ruben/halmstad_ws/datasets/final/baylands_sam3_obb_super_75_15_10/images/test/road_to_strip_v3_frame_000049_154052000000.jpg,/home/ruben/halmstad_ws/models/obb/experiments/sam3_hybrid_full/runs/predictions/baylands-leader-v5-4/baylands_sam3_obb_super_75_15_10_test_all
road_to_strip_v3_frame_000050_155052000000,matched,1,1,1,0.499012,0.499012,0.814753,/home/ruben/halmstad_ws/datasets/final/baylands_sam3_obb_super_75_15_10/images/test/road_to_strip_v3_frame_000050_155052000000.jpg,/home/ruben/halmstad_ws/models/obb/experiments/sam3_hybrid_full/runs/predictions/baylands-leader-v5-4/baylands_sam3_obb_super_75_15_10_test_all
road_to_strip_v3_frame_000051_156100000000,matched,1,1,1,0.49458,0.49458,0.829408,/home/ruben/halmstad_ws/datasets/final/baylands_sam3_obb_super_75_15_10/images/test/road_to_strip_v3_frame_000051_156100000000.jpg,/home/ruben/halmstad_ws/models/obb/experiments/sam3_hybrid_full/runs/predictions/baylands-leader-v5-4/baylands_sam3_obb_super_75_15_10_test_all
road_to_strip_v3_frame_000052_157100000000,matched,1,1,1,0.464557,0.464557,0.577691,/home/ruben/halmstad_ws/datasets/final/baylands_sam3_obb_super_75_15_10/images/test/road_to_strip_v3_frame_000052_157100000000.jpg,/home/ruben/halmstad_ws/models/obb/experiments/sam3_hybrid_full/runs/predictions/baylands-leader-v5-4/baylands_sam3_obb_super_75_15_10_test_all
road_to_strip_v3_frame_000053_158100000000,matched,1,1,1,0.510703,0.510703,0.322411,/home/ruben/halmstad_ws/datasets/final/baylands_sam3_obb_super_75_15_10/images/test/road_to_strip_v3_frame_000053_158100000000.jpg,/home/ruben/halmstad_ws/models/obb/experiments/sam3_hybrid_full/runs/predictions/baylands-leader-v5-4/baylands_sam3_obb_super_75_15_10_test_all
road_to_strip_v3_frame_000056_161152000000,matched,1,1,1,0.530982,0.530982,0.556298,/home/ruben/halmstad_ws/datasets/final/baylands_sam3_obb_super_75_15_10/images/test/road_to_strip_v3_frame_000056_161152000000.jpg,/home/ruben/halmstad_ws/models/obb/experiments/sam3_hybrid_full/runs/predictions/baylands-leader-v5-4/baylands_sam3_obb_super_75_15_10_test_all
road_to_strip_v3_frame_000142_263800000000,matched,1,1,1,0.581448,0.581448,0.776768,/home/ruben/halmstad_ws/datasets/final/baylands_sam3_obb_super_75_15_10/images/test/road_to_strip_v3_frame_000142_263800000000.jpg,/home/ruben/halmstad_ws/models/obb/experiments/sam3_hybrid_full/runs/predictions/baylands-leader-v5-4/baylands_sam3_obb_super_75_15_10_test_all
road_to_strip_v3_frame_000143_264800000000,matched,1,1,1,0.605256,0.605256,0.775797,/home/ruben/halmstad_ws/datasets/final/baylands_sam3_obb_super_75_15_10/images/test/road_to_strip_v3_frame_000143_264800000000.jpg,/home/ruben/halmstad_ws/models/obb/experiments/sam3_hybrid_full/runs/predictions/baylands-leader-v5-4/baylands_sam3_obb_super_75_15_10_test_all
road_to_strip_v3_frame_000145_266852000000,matched,1,1,1,0.612352,0.612352,0.721349,/home/ruben/halmstad_ws/datasets/final/baylands_sam3_obb_super_75_15_10/images/test/road_to_strip_v3_frame_000145_266852000000.jpg,/home/ruben/halmstad_ws/models/obb/experiments/sam3_hybrid_full/runs/predictions/baylands-leader-v5-4/baylands_sam3_obb_super_75_15_10_test_all
road_to_strip_v3_frame_000147_268852000000,matched,1,1,1,0.755628,0.755628,0.787006,/home/ruben/halmstad_ws/datasets/final/baylands_sam3_obb_super_75_15_10/images/test/road_to_strip_v3_frame_000147_268852000000.jpg,/home/ruben/halmstad_ws/models/obb/experiments/sam3_hybrid_full/runs/predictions/baylands-leader-v5-4/baylands_sam3_obb_super_75_15_10_test_all
road_to_strip_v3_frame_000148_269900000000,matched,1,1,1,0.69468,0.69468,0.750865,/home/ruben/halmstad_ws/datasets/final/baylands_sam3_obb_super_75_15_10/images/test/road_to_strip_v3_frame_000148_269900000000.jpg,/home/ruben/halmstad_ws/models/obb/experiments/sam3_hybrid_full/runs/predictions/baylands-leader-v5-4/baylands_sam3_obb_super_75_15_10_test_all
road_to_strip_v3_frame_000150_278400000000,matched,1,1,1,0.826761,0.826761,0.797609,/home/ruben/halmstad_ws/datasets/final/baylands_sam3_obb_super_75_15_10/images/test/road_to_strip_v3_frame_000150_278400000000.jpg,/home/ruben/halmstad_ws/models/obb/experiments/sam3_hybrid_full/runs/predictions/baylands-leader-v5-4/baylands_sam3_obb_super_75_15_10_test_all
road_to_strip_v3_frame_000152_280400000000,matched,1,1,1,0.882646,0.882646,0.819547,/home/ruben/halmstad_ws/datasets/final/baylands_sam3_obb_super_75_15_10/images/test/road_to_strip_v3_frame_000152_280400000000.jpg,/home/ruben/halmstad_ws/models/obb/experiments/sam3_hybrid_full/runs/predictions/baylands-leader-v5-4/baylands_sam3_obb_super_75_15_10_test_all
road_to_strip_v3_frame_000153_281452000000,matched,1,1,1,0.510233,0.510233,0.823139,/home/ruben/halmstad_ws/datasets/final/baylands_sam3_obb_super_75_15_10/images/test/road_to_strip_v3_frame_000153_281452000000.jpg,/home/ruben/halmstad_ws/models/obb/experiments/sam3_hybrid_full/runs/predictions/baylands-leader-v5-4/baylands_sam3_obb_super_75_15_10_test_all
road_to_strip_v3_frame_000155_283452000000,matched,1,1,1,0.703314,0.703314,0.757753,/home/ruben/halmstad_ws/datasets/final/baylands_sam3_obb_super_75_15_10/images/test/road_to_strip_v3_frame_000155_283452000000.jpg,/home/ruben/halmstad_ws/models/obb/experiments/sam3_hybrid_full/runs/predictions/baylands-leader-v5-4/baylands_sam3_obb_super_75_15_10_test_all
road_to_strip_v3_frame_000156_284452000000,matched,1,1,1,0.648676,0.648676,0.822022,/home/ruben/halmstad_ws/datasets/final/baylands_sam3_obb_super_75_15_10/images/test/road_to_strip_v3_frame_000156_284452000000.jpg,/home/ruben/halmstad_ws/models/obb/experiments/sam3_hybrid_full/runs/predictions/baylands-leader-v5-4/baylands_sam3_obb_super_75_15_10_test_all
road_to_strip_v3_frame_000157_285452000000,matched,1,1,1,0.539595,0.539595,0.706583,/home/ruben/halmstad_ws/datasets/final/baylands_sam3_obb_super_75_15_10/images/test/road_to_strip_v3_frame_000157_285452000000.jpg,/home/ruben/halmstad_ws/models/obb/experiments/sam3_hybrid_full/runs/predictions/baylands-leader-v5-4/baylands_sam3_obb_super_75_15_10_test_all
road_to_strip_v3_frame_000158_286452000000,matched,1,1,1,0.526035,0.526035,0.667271,/home/ruben/halmstad_ws/datasets/final/baylands_sam3_obb_super_75_15_10/images/test/road_to_strip_v3_frame_000158_286452000000.jpg,/home/ruben/halmstad_ws/models/obb/experiments/sam3_hybrid_full/runs/predictions/baylands-leader-v5-4/baylands_sam3_obb_super_75_15_10_test_all
road_to_strip_v3_frame_000159_287452000000,matched,1,1,1,0.405046,0.405046,0.58679,/home/ruben/halmstad_ws/datasets/final/baylands_sam3_obb_super_75_15_10/images/test/road_to_strip_v3_frame_000159_287452000000.jpg,/home/ruben/halmstad_ws/models/obb/experiments/sam3_hybrid_full/runs/predictions/baylands-leader-v5-4/baylands_sam3_obb_super_75_15_10_test_all
road_to_strip_v3_frame_000160_288452000000,matched,1,1,1,0.605961,0.605961,0.327757,/home/ruben/halmstad_ws/datasets/final/baylands_sam3_obb_super_75_15_10/images/test/road_to_strip_v3_frame_000160_288452000000.jpg,/home/ruben/halmstad_ws/models/obb/experiments/sam3_hybrid_full/runs/predictions/baylands-leader-v5-4/baylands_sam3_obb_super_75_15_10_test_all
road_to_strip_v3_frame_000161_289500000000,matched,1,1,1,0.317659,0.317659,0.454408,/home/ruben/halmstad_ws/datasets/final/baylands_sam3_obb_super_75_15_10/images/test/road_to_strip_v3_frame_000161_289500000000.jpg,/home/ruben/halmstad_ws/models/obb/experiments/sam3_hybrid_full/runs/predictions/baylands-leader-v5-4/baylands_sam3_obb_super_75_15_10_test_all
road_to_strip_v3_frame_000163_291552000000,matched,1,1,1,0.621167,0.621167,0.270345,/home/ruben/halmstad_ws/datasets/final/baylands_sam3_obb_super_75_15_10/images/test/road_to_strip_v3_frame_000163_291552000000.jpg,/home/ruben/halmstad_ws/models/obb/experiments/sam3_hybrid_full/runs/predictions/baylands-leader-v5-4/baylands_sam3_obb_super_75_15_10_test_all
road_to_strip_v3_frame_000164_292552000000,no_prediction,1,0,0,0.0,0.0,,/home/ruben/halmstad_ws/datasets/final/baylands_sam3_obb_super_75_15_10/images/test/road_to_strip_v3_frame_000164_292552000000.jpg,/home/ruben/halmstad_ws/models/obb/experiments/sam3_hybrid_full/runs/predictions/baylands-leader-v5-4/baylands_sam3_obb_super_75_15_10_test_all
road_to_strip_v3_frame_000166_294552000000,matched,1,1,1,0.514459,0.514459,0.312878,/home/ruben/halmstad_ws/datasets/final/baylands_sam3_obb_super_75_15_10/images/test/road_to_strip_v3_frame_000166_294552000000.jpg,/home/ruben/halmstad_ws/models/obb/experiments/sam3_hybrid_full/runs/predictions/baylands-leader-v5-4/baylands_sam3_obb_super_75_15_10_test_all
road_to_strip_v3_frame_000167_295552000000,matched,1,1,1,0.497841,0.497841,0.447536,/home/ruben/halmstad_ws/datasets/final/baylands_sam3_obb_super_75_15_10/images/test/road_to_strip_v3_frame_000167_295552000000.jpg,/home/ruben/halmstad_ws/models/obb/experiments/sam3_hybrid_full/runs/predictions/baylands-leader-v5-4/baylands_sam3_obb_super_75_15_10_test_all
road_to_strip_v4_frame_000022_145300000000,matched,1,1,1,0.540205,0.540205,0.809855,/home/ruben/halmstad_ws/datasets/final/baylands_sam3_obb_super_75_15_10/images/test/road_to_strip_v4_frame_000022_145300000000.jpg,/home/ruben/halmstad_ws/models/obb/experiments/sam3_hybrid_full/runs/predictions/baylands-leader-v5-4/baylands_sam3_obb_super_75_15_10_test_all
road_to_strip_v4_frame_000025_157300000000,correct_empty,0,0,0,0.0,0.0,,/home/ruben/halmstad_ws/datasets/final/baylands_sam3_obb_super_75_15_10/images/test/road_to_strip_v4_frame_000025_157300000000.jpg,/home/ruben/halmstad_ws/models/obb/experiments/sam3_hybrid_full/runs/predictions/baylands-leader-v5-4/baylands_sam3_obb_super_75_15_10_test_all
road_to_west_v1_frame_000021_119652000000,matched,1,1,1,0.453197,0.453197,0.684624,/home/ruben/halmstad_ws/datasets/final/baylands_sam3_obb_super_75_15_10/images/test/road_to_west_v1_frame_000021_119652000000.jpg,/home/ruben/halmstad_ws/models/obb/experiments/sam3_hybrid_full/runs/predictions/baylands-leader-v5-4/baylands_sam3_obb_super_75_15_10_test_all
road_to_west_v1_frame_000023_121652000000,matched,1,1,1,0.450336,0.450336,0.434039,/home/ruben/halmstad_ws/datasets/final/baylands_sam3_obb_super_75_15_10/images/test/road_to_west_v1_frame_000023_121652000000.jpg,/home/ruben/halmstad_ws/models/obb/experiments/sam3_hybrid_full/runs/predictions/baylands-leader-v5-4/baylands_sam3_obb_super_75_15_10_test_all
road_to_west_v1_frame_000024_122652000000,matched,1,1,1,0.678912,0.678912,0.385688,/home/ruben/halmstad_ws/datasets/final/baylands_sam3_obb_super_75_15_10/images/test/road_to_west_v1_frame_000024_122652000000.jpg,/home/ruben/halmstad_ws/models/obb/experiments/sam3_hybrid_full/runs/predictions/baylands-leader-v5-4/baylands_sam3_obb_super_75_15_10_test_all
road_to_west_v1_frame_000029_127700000000,matched,1,1,1,0.450936,0.450936,0.504133,/home/ruben/halmstad_ws/datasets/final/baylands_sam3_obb_super_75_15_10/images/test/road_to_west_v1_frame_000029_127700000000.jpg,/home/ruben/halmstad_ws/models/obb/experiments/sam3_hybrid_full/runs/predictions/baylands-leader-v5-4/baylands_sam3_obb_super_75_15_10_test_all
road_to_west_v1_frame_000030_128700000000,matched,1,1,1,0.599763,0.599763,0.536268,/home/ruben/halmstad_ws/datasets/final/baylands_sam3_obb_super_75_15_10/images/test/road_to_west_v1_frame_000030_128700000000.jpg,/home/ruben/halmstad_ws/models/obb/experiments/sam3_hybrid_full/runs/predictions/baylands-leader-v5-4/baylands_sam3_obb_super_75_15_10_test_all
road_to_west_v1_frame_000031_129700000000,matched,1,1,1,0.380491,0.380491,0.668642,/home/ruben/halmstad_ws/datasets/final/baylands_sam3_obb_super_75_15_10/images/test/road_to_west_v1_frame_000031_129700000000.jpg,/home/ruben/halmstad_ws/models/obb/experiments/sam3_hybrid_full/runs/predictions/baylands-leader-v5-4/baylands_sam3_obb_super_75_15_10_test_all
road_to_west_v1_frame_000033_131752000000,matched,1,1,1,0.499897,0.499897,0.375364,/home/ruben/halmstad_ws/datasets/final/baylands_sam3_obb_super_75_15_10/images/test/road_to_west_v1_frame_000033_131752000000.jpg,/home/ruben/halmstad_ws/models/obb/experiments/sam3_hybrid_full/runs/predictions/baylands-leader-v5-4/baylands_sam3_obb_super_75_15_10_test_all
road_to_west_v1_frame_000034_132752000000,matched,1,1,1,0.426973,0.426973,0.648037,/home/ruben/halmstad_ws/datasets/final/baylands_sam3_obb_super_75_15_10/images/test/road_to_west_v1_frame_000034_132752000000.jpg,/home/ruben/halmstad_ws/models/obb/experiments/sam3_hybrid_full/runs/predictions/baylands-leader-v5-4/baylands_sam3_obb_super_75_15_10_test_all
road_to_west_v1_frame_000035_133752000000,matched,1,1,1,0.426135,0.426135,0.278587,/home/ruben/halmstad_ws/datasets/final/baylands_sam3_obb_super_75_15_10/images/test/road_to_west_v1_frame_000035_133752000000.jpg,/home/ruben/halmstad_ws/models/obb/experiments/sam3_hybrid_full/runs/predictions/baylands-leader-v5-4/baylands_sam3_obb_super_75_15_10_test_all
road_to_west_v1_frame_000037_135800000000,matched,1,1,1,0.394426,0.394426,0.535936,/home/ruben/halmstad_ws/datasets/final/baylands_sam3_obb_super_75_15_10/images/test/road_to_west_v1_frame_000037_135800000000.jpg,/home/ruben/halmstad_ws/models/obb/experiments/sam3_hybrid_full/runs/predictions/baylands-leader-v5-4/baylands_sam3_obb_super_75_15_10_test_all
road_to_west_v1_frame_000039_137800000000,matched,1,1,1,0.479046,0.479046,0.576382,/home/ruben/halmstad_ws/datasets/final/baylands_sam3_obb_super_75_15_10/images/test/road_to_west_v1_frame_000039_137800000000.jpg,/home/ruben/halmstad_ws/models/obb/experiments/sam3_hybrid_full/runs/predictions/baylands-leader-v5-4/baylands_sam3_obb_super_75_15_10_test_all
road_to_west_v1_frame_000040_138800000000,matched,1,1,1,0.473168,0.473168,0.589389,/home/ruben/halmstad_ws/datasets/final/baylands_sam3_obb_super_75_15_10/images/test/road_to_west_v1_frame_000040_138800000000.jpg,/home/ruben/halmstad_ws/models/obb/experiments/sam3_hybrid_full/runs/predictions/baylands-leader-v5-4/baylands_sam3_obb_super_75_15_10_test_all
road_to_west_v1_frame_000041_139800000000,matched,1,1,1,0.469229,0.469229,0.70329,/home/ruben/halmstad_ws/datasets/final/baylands_sam3_obb_super_75_15_10/images/test/road_to_west_v1_frame_000041_139800000000.jpg,/home/ruben/halmstad_ws/models/obb/experiments/sam3_hybrid_full/runs/predictions/baylands-leader-v5-4/baylands_sam3_obb_super_75_15_10_test_all
road_to_west_v1_frame_000043_141800000000,matched,1,1,1,0.602098,0.602098,0.26936,/home/ruben/halmstad_ws/datasets/final/baylands_sam3_obb_super_75_15_10/images/test/road_to_west_v1_frame_000043_141800000000.jpg,/home/ruben/halmstad_ws/models/obb/experiments/sam3_hybrid_full/runs/predictions/baylands-leader-v5-4/baylands_sam3_obb_super_75_15_10_test_all
road_to_west_v1_frame_000046_144800000000,matched,1,1,1,0.617659,0.617659,0.502439,/home/ruben/halmstad_ws/datasets/final/baylands_sam3_obb_super_75_15_10/images/test/road_to_west_v1_frame_000046_144800000000.jpg,/home/ruben/halmstad_ws/models/obb/experiments/sam3_hybrid_full/runs/predictions/baylands-leader-v5-4/baylands_sam3_obb_super_75_15_10_test_all
road_to_west_v2_frame_000058_119700000000,matched,1,1,1,0.518335,0.518335,0.405558,/home/ruben/halmstad_ws/datasets/final/baylands_sam3_obb_super_75_15_10/images/test/road_to_west_v2_frame_000058_119700000000.jpg,/home/ruben/halmstad_ws/models/obb/experiments/sam3_hybrid_full/runs/predictions/baylands-leader-v5-4/baylands_sam3_obb_super_75_15_10_test_all
road_to_west_v2_frame_000060_121800000000,matched,1,1,1,0.508268,0.508268,0.371824,/home/ruben/halmstad_ws/datasets/final/baylands_sam3_obb_super_75_15_10/images/test/road_to_west_v2_frame_000060_121800000000.jpg,/home/ruben/halmstad_ws/models/obb/experiments/sam3_hybrid_full/runs/predictions/baylands-leader-v5-4/baylands_sam3_obb_super_75_15_10_test_all
road_to_west_v2_frame_000061_122800000000,matched,1,1,1,0.778243,0.778243,0.703453,/home/ruben/halmstad_ws/datasets/final/baylands_sam3_obb_super_75_15_10/images/test/road_to_west_v2_frame_000061_122800000000.jpg,/home/ruben/halmstad_ws/models/obb/experiments/sam3_hybrid_full/runs/predictions/baylands-leader-v5-4/baylands_sam3_obb_super_75_15_10_test_all
road_to_west_v2_frame_000067_128800000000,correct_empty,0,0,0,0.0,0.0,,/home/ruben/halmstad_ws/datasets/final/baylands_sam3_obb_super_75_15_10/images/test/road_to_west_v2_frame_000067_128800000000.jpg,/home/ruben/halmstad_ws/models/obb/experiments/sam3_hybrid_full/runs/predictions/baylands-leader-v5-4/baylands_sam3_obb_super_75_15_10_test_all
road_to_west_v2_frame_000068_129800000000,matched,1,1,1,0.708549,0.708549,0.658209,/home/ruben/halmstad_ws/datasets/final/baylands_sam3_obb_super_75_15_10/images/test/road_to_west_v2_frame_000068_129800000000.jpg,/home/ruben/halmstad_ws/models/obb/experiments/sam3_hybrid_full/runs/predictions/baylands-leader-v5-4/baylands_sam3_obb_super_75_15_10_test_all
road_to_west_v2_frame_000069_130900000000,matched,1,1,1,0.853333,0.853333,0.461192,/home/ruben/halmstad_ws/datasets/final/baylands_sam3_obb_super_75_15_10/images/test/road_to_west_v2_frame_000069_130900000000.jpg,/home/ruben/halmstad_ws/models/obb/experiments/sam3_hybrid_full/runs/predictions/baylands-leader-v5-4/baylands_sam3_obb_super_75_15_10_test_all
road_to_west_v2_frame_000070_131900000000,matched,1,1,1,0.750818,0.750818,0.84989,/home/ruben/halmstad_ws/datasets/final/baylands_sam3_obb_super_75_15_10/images/test/road_to_west_v2_frame_000070_131900000000.jpg,/home/ruben/halmstad_ws/models/obb/experiments/sam3_hybrid_full/runs/predictions/baylands-leader-v5-4/baylands_sam3_obb_super_75_15_10_test_all
road_to_west_v2_frame_000075_139500000000,matched,1,1,1,0.684193,0.684193,0.366633,/home/ruben/halmstad_ws/datasets/final/baylands_sam3_obb_super_75_15_10/images/test/road_to_west_v2_frame_000075_139500000000.jpg,/home/ruben/halmstad_ws/models/obb/experiments/sam3_hybrid_full/runs/predictions/baylands-leader-v5-4/baylands_sam3_obb_super_75_15_10_test_all
road_to_west_v2_frame_000076_140500000000,matched,1,1,1,0.525463,0.525463,0.627964,/home/ruben/halmstad_ws/datasets/final/baylands_sam3_obb_super_75_15_10/images/test/road_to_west_v2_frame_000076_140500000000.jpg,/home/ruben/halmstad_ws/models/obb/experiments/sam3_hybrid_full/runs/predictions/baylands-leader-v5-4/baylands_sam3_obb_super_75_15_10_test_all
road_to_west_v2_frame_000077_141500000000,matched,1,1,1,0.540418,0.540418,0.620131,/home/ruben/halmstad_ws/datasets/final/baylands_sam3_obb_super_75_15_10/images/test/road_to_west_v2_frame_000077_141500000000.jpg,/home/ruben/halmstad_ws/models/obb/experiments/sam3_hybrid_full/runs/predictions/baylands-leader-v5-4/baylands_sam3_obb_super_75_15_10_test_all
road_to_west_v2_frame_000079_143600000000,matched,1,1,1,0.497832,0.497832,0.747772,/home/ruben/halmstad_ws/datasets/final/baylands_sam3_obb_super_75_15_10/images/test/road_to_west_v2_frame_000079_143600000000.jpg,/home/ruben/halmstad_ws/models/obb/experiments/sam3_hybrid_full/runs/predictions/baylands-leader-v5-4/baylands_sam3_obb_super_75_15_10_test_all
road_to_west_v2_frame_000080_144600000000,matched,1,1,1,0.568625,0.568625,0.662337,/home/ruben/halmstad_ws/datasets/final/baylands_sam3_obb_super_75_15_10/images/test/road_to_west_v2_frame_000080_144600000000.jpg,/home/ruben/halmstad_ws/models/obb/experiments/sam3_hybrid_full/runs/predictions/baylands-leader-v5-4/baylands_sam3_obb_super_75_15_10_test_all
road_to_west_v2_frame_000081_145600000000,matched,1,1,1,0.521814,0.521814,0.529795,/home/ruben/halmstad_ws/datasets/final/baylands_sam3_obb_super_75_15_10/images/test/road_to_west_v2_frame_000081_145600000000.jpg,/home/ruben/halmstad_ws/models/obb/experiments/sam3_hybrid_full/runs/predictions/baylands-leader-v5-4/baylands_sam3_obb_super_75_15_10_test_all
road_to_west_v4_frame_000022_118700000000,matched,1,1,1,0.513461,0.513461,0.447193,/home/ruben/halmstad_ws/datasets/final/baylands_sam3_obb_super_75_15_10/images/test/road_to_west_v4_frame_000022_118700000000.jpg,/home/ruben/halmstad_ws/models/obb/experiments/sam3_hybrid_full/runs/predictions/baylands-leader-v5-4/baylands_sam3_obb_super_75_15_10_test_all
road_to_west_v4_frame_000029_130400000000,false_positive_empty,0,1,0,0.0,0.0,0.53505,/home/ruben/halmstad_ws/datasets/final/baylands_sam3_obb_super_75_15_10/images/test/road_to_west_v4_frame_000029_130400000000.jpg,/home/ruben/halmstad_ws/models/obb/experiments/sam3_hybrid_full/runs/predictions/baylands-leader-v5-4/baylands_sam3_obb_super_75_15_10_test_all
road_to_west_v4_frame_000032_137900000000,correct_empty,0,0,0,0.0,0.0,,/home/ruben/halmstad_ws/datasets/final/baylands_sam3_obb_super_75_15_10/images/test/road_to_west_v4_frame_000032_137900000000.jpg,/home/ruben/halmstad_ws/models/obb/experiments/sam3_hybrid_full/runs/predictions/baylands-leader-v5-4/baylands_sam3_obb_super_75_15_10_test_all
road_to_west_v4_frame_000033_138900000000,matched,1,1,1,0.844804,0.844804,0.802626,/home/ruben/halmstad_ws/datasets/final/baylands_sam3_obb_super_75_15_10/images/test/road_to_west_v4_frame_000033_138900000000.jpg,/home/ruben/halmstad_ws/models/obb/experiments/sam3_hybrid_full/runs/predictions/baylands-leader-v5-4/baylands_sam3_obb_super_75_15_10_test_all
road_to_west_v4_frame_000034_139900000000,matched,1,1,1,0.854698,0.854698,0.569398,/home/ruben/halmstad_ws/datasets/final/baylands_sam3_obb_super_75_15_10/images/test/road_to_west_v4_frame_000034_139900000000.jpg,/home/ruben/halmstad_ws/models/obb/experiments/sam3_hybrid_full/runs/predictions/baylands-leader-v5-4/baylands_sam3_obb_super_75_15_10_test_all
road_to_west_v4_frame_000036_141900000000,matched,1,1,1,0.501279,0.501279,0.567365,/home/ruben/halmstad_ws/datasets/final/baylands_sam3_obb_super_75_15_10/images/test/road_to_west_v4_frame_000036_141900000000.jpg,/home/ruben/halmstad_ws/models/obb/experiments/sam3_hybrid_full/runs/predictions/baylands-leader-v5-4/baylands_sam3_obb_super_75_15_10_test_all
road_to_west_v6_frame_000046_122752000000,no_prediction,1,0,0,0.0,0.0,,/home/ruben/halmstad_ws/datasets/final/baylands_sam3_obb_super_75_15_10/images/test/road_to_west_v6_frame_000046_122752000000.jpg,/home/ruben/halmstad_ws/models/obb/experiments/sam3_hybrid_full/runs/predictions/baylands-leader-v5-4/baylands_sam3_obb_super_75_15_10_test_all
road_to_west_v6_frame_000049_125752000000,no_prediction,1,0,0,0.0,0.0,,/home/ruben/halmstad_ws/datasets/final/baylands_sam3_obb_super_75_15_10/images/test/road_to_west_v6_frame_000049_125752000000.jpg,/home/ruben/halmstad_ws/models/obb/experiments/sam3_hybrid_full/runs/predictions/baylands-leader-v5-4/baylands_sam3_obb_super_75_15_10_test_all
road_to_west_v6_frame_000059_135852000000,matched,1,1,1,0.553344,0.553344,0.410234,/home/ruben/halmstad_ws/datasets/final/baylands_sam3_obb_super_75_15_10/images/test/road_to_west_v6_frame_000059_135852000000.jpg,/home/ruben/halmstad_ws/models/obb/experiments/sam3_hybrid_full/runs/predictions/baylands-leader-v5-4/baylands_sam3_obb_super_75_15_10_test_all
road_to_west_v6_frame_000060_136900000000,matched,1,1,1,0.482544,0.482544,0.482144,/home/ruben/halmstad_ws/datasets/final/baylands_sam3_obb_super_75_15_10/images/test/road_to_west_v6_frame_000060_136900000000.jpg,/home/ruben/halmstad_ws/models/obb/experiments/sam3_hybrid_full/runs/predictions/baylands-leader-v5-4/baylands_sam3_obb_super_75_15_10_test_all
road_to_west_v6_frame_000065_141900000000,matched,1,1,1,0.451683,0.451683,0.534573,/home/ruben/halmstad_ws/datasets/final/baylands_sam3_obb_super_75_15_10/images/test/road_to_west_v6_frame_000065_141900000000.jpg,/home/ruben/halmstad_ws/models/obb/experiments/sam3_hybrid_full/runs/predictions/baylands-leader-v5-4/baylands_sam3_obb_super_75_15_10_test_all
road_to_west_v7_frame_000014_119900000000,no_prediction,1,0,0,0.0,0.0,,/home/ruben/halmstad_ws/datasets/final/baylands_sam3_obb_super_75_15_10/images/test/road_to_west_v7_frame_000014_119900000000.jpg,/home/ruben/halmstad_ws/models/obb/experiments/sam3_hybrid_full/runs/predictions/baylands-leader-v5-4/baylands_sam3_obb_super_75_15_10_test_all
road_to_west_v7_frame_000015_123900000000,no_prediction,1,0,0,0.0,0.0,,/home/ruben/halmstad_ws/datasets/final/baylands_sam3_obb_super_75_15_10/images/test/road_to_west_v7_frame_000015_123900000000.jpg,/home/ruben/halmstad_ws/models/obb/experiments/sam3_hybrid_full/runs/predictions/baylands-leader-v5-4/baylands_sam3_obb_super_75_15_10_test_all
road_to_west_v7_frame_000016_128000000000,no_prediction,1,0,0,0.0,0.0,,/home/ruben/halmstad_ws/datasets/final/baylands_sam3_obb_super_75_15_10/images/test/road_to_west_v7_frame_000016_128000000000.jpg,/home/ruben/halmstad_ws/models/obb/experiments/sam3_hybrid_full/runs/predictions/baylands-leader-v5-4/baylands_sam3_obb_super_75_15_10_test_all
road_to_west_v7_frame_000017_131900000000,no_prediction,1,0,0,0.0,0.0,,/home/ruben/halmstad_ws/datasets/final/baylands_sam3_obb_super_75_15_10/images/test/road_to_west_v7_frame_000017_131900000000.jpg,/home/ruben/halmstad_ws/models/obb/experiments/sam3_hybrid_full/runs/predictions/baylands-leader-v5-4/baylands_sam3_obb_super_75_15_10_test_all
road_to_west_v7_frame_000019_140000000000,no_prediction,1,0,0,0.0,0.0,,/home/ruben/halmstad_ws/datasets/final/baylands_sam3_obb_super_75_15_10/images/test/road_to_west_v7_frame_000019_140000000000.jpg,/home/ruben/halmstad_ws/models/obb/experiments/sam3_hybrid_full/runs/predictions/baylands-leader-v5-4/baylands_sam3_obb_super_75_15_10_test_all
road_to_west_v7_frame_000020_144000000000,no_prediction,1,0,0,0.0,0.0,,/home/ruben/halmstad_ws/datasets/final/baylands_sam3_obb_super_75_15_10/images/test/road_to_west_v7_frame_000020_144000000000.jpg,/home/ruben/halmstad_ws/models/obb/experiments/sam3_hybrid_full/runs/predictions/baylands-leader-v5-4/baylands_sam3_obb_super_75_15_10_test_all
road_to_west_v9_frame_000006_120700000000,matched,1,1,1,0.534012,0.534012,0.815584,/home/ruben/halmstad_ws/datasets/final/baylands_sam3_obb_super_75_15_10/images/test/road_to_west_v9_frame_000006_120700000000.jpg,/home/ruben/halmstad_ws/models/obb/experiments/sam3_hybrid_full/runs/predictions/baylands-leader-v5-4/baylands_sam3_obb_super_75_15_10_test_all
road_to_west_v9_frame_000007_124700000000,matched,1,1,1,0.651169,0.651169,0.70349,/home/ruben/halmstad_ws/datasets/final/baylands_sam3_obb_super_75_15_10/images/test/road_to_west_v9_frame_000007_124700000000.jpg,/home/ruben/halmstad_ws/models/obb/experiments/sam3_hybrid_full/runs/predictions/baylands-leader-v5-4/baylands_sam3_obb_super_75_15_10_test_all
road_to_west_v9_frame_000008_128700000000,matched,1,1,1,0.422411,0.422411,0.522228,/home/ruben/halmstad_ws/datasets/final/baylands_sam3_obb_super_75_15_10/images/test/road_to_west_v9_frame_000008_128700000000.jpg,/home/ruben/halmstad_ws/models/obb/experiments/sam3_hybrid_full/runs/predictions/baylands-leader-v5-4/baylands_sam3_obb_super_75_15_10_test_all
road_to_west_v9_frame_000011_140700000000,matched,1,1,1,0.669351,0.669351,0.410482,/home/ruben/halmstad_ws/datasets/final/baylands_sam3_obb_super_75_15_10/images/test/road_to_west_v9_frame_000011_140700000000.jpg,/home/ruben/halmstad_ws/models/obb/experiments/sam3_hybrid_full/runs/predictions/baylands-leader-v5-4/baylands_sam3_obb_super_75_15_10_test_all
road_to_west_v9_frame_000012_144700000000,matched,1,1,1,0.644435,0.644435,0.36444,/home/ruben/halmstad_ws/datasets/final/baylands_sam3_obb_super_75_15_10/images/test/road_to_west_v9_frame_000012_144700000000.jpg,/home/ruben/halmstad_ws/models/obb/experiments/sam3_hybrid_full/runs/predictions/baylands-leader-v5-4/baylands_sam3_obb_super_75_15_10_test_all
spawn_v1_frame_000049_137400000000,matched,1,1,1,0.787987,0.787987,0.833171,/home/ruben/halmstad_ws/datasets/final/baylands_sam3_obb_super_75_15_10/images/test/spawn_v1_frame_000049_137400000000.jpg,/home/ruben/halmstad_ws/models/obb/experiments/sam3_hybrid_full/runs/predictions/baylands-leader-v5-4/baylands_sam3_obb_super_75_15_10_test_all
spawn_v1_frame_000050_138400000000,matched,1,1,1,0.752274,0.752274,0.822099,/home/ruben/halmstad_ws/datasets/final/baylands_sam3_obb_super_75_15_10/images/test/spawn_v1_frame_000050_138400000000.jpg,/home/ruben/halmstad_ws/models/obb/experiments/sam3_hybrid_full/runs/predictions/baylands-leader-v5-4/baylands_sam3_obb_super_75_15_10_test_all
spawn_v1_frame_000054_142452000000,matched,1,1,1,0.508678,0.508678,0.75497,/home/ruben/halmstad_ws/datasets/final/baylands_sam3_obb_super_75_15_10/images/test/spawn_v1_frame_000054_142452000000.jpg,/home/ruben/halmstad_ws/models/obb/experiments/sam3_hybrid_full/runs/predictions/baylands-leader-v5-4/baylands_sam3_obb_super_75_15_10_test_all
spawn_v1_frame_000055_143452000000,matched,1,1,1,0.836215,0.836215,0.796319,/home/ruben/halmstad_ws/datasets/final/baylands_sam3_obb_super_75_15_10/images/test/spawn_v1_frame_000055_143452000000.jpg,/home/ruben/halmstad_ws/models/obb/experiments/sam3_hybrid_full/runs/predictions/baylands-leader-v5-4/baylands_sam3_obb_super_75_15_10_test_all
spawn_v1_frame_000062_150452000000,matched,1,1,1,0.527958,0.527958,0.629784,/home/ruben/halmstad_ws/datasets/final/baylands_sam3_obb_super_75_15_10/images/test/spawn_v1_frame_000062_150452000000.jpg,/home/ruben/halmstad_ws/models/obb/experiments/sam3_hybrid_full/runs/predictions/baylands-leader-v5-4/baylands_sam3_obb_super_75_15_10_test_all
spawn_v1_frame_000063_151500000000,matched,1,1,1,0.58782,0.58782,0.692823,/home/ruben/halmstad_ws/datasets/final/baylands_sam3_obb_super_75_15_10/images/test/spawn_v1_frame_000063_151500000000.jpg,/home/ruben/halmstad_ws/models/obb/experiments/sam3_hybrid_full/runs/predictions/baylands-leader-v5-4/baylands_sam3_obb_super_75_15_10_test_all
spawn_v1_frame_000065_153500000000,matched,1,1,1,0.750531,0.750531,0.669023,/home/ruben/halmstad_ws/datasets/final/baylands_sam3_obb_super_75_15_10/images/test/spawn_v1_frame_000065_153500000000.jpg,/home/ruben/halmstad_ws/models/obb/experiments/sam3_hybrid_full/runs/predictions/baylands-leader-v5-4/baylands_sam3_obb_super_75_15_10_test_all
spawn_v1_frame_000148_243700000000,matched,1,1,1,0.812724,0.812724,0.730249,/home/ruben/halmstad_ws/datasets/final/baylands_sam3_obb_super_75_15_10/images/test/spawn_v1_frame_000148_243700000000.jpg,/home/ruben/halmstad_ws/models/obb/experiments/sam3_hybrid_full/runs/predictions/baylands-leader-v5-4/baylands_sam3_obb_super_75_15_10_test_all
spawn_v1_frame_000149_244700000000,matched,1,1,1,0.674099,0.674099,0.82298,/home/ruben/halmstad_ws/datasets/final/baylands_sam3_obb_super_75_15_10/images/test/spawn_v1_frame_000149_244700000000.jpg,/home/ruben/halmstad_ws/models/obb/experiments/sam3_hybrid_full/runs/predictions/baylands-leader-v5-4/baylands_sam3_obb_super_75_15_10_test_all
spawn_v1_frame_000150_245700000000,matched,1,1,1,0.523255,0.523255,0.731516,/home/ruben/halmstad_ws/datasets/final/baylands_sam3_obb_super_75_15_10/images/test/spawn_v1_frame_000150_245700000000.jpg,/home/ruben/halmstad_ws/models/obb/experiments/sam3_hybrid_full/runs/predictions/baylands-leader-v5-4/baylands_sam3_obb_super_75_15_10_test_all
spawn_v1_frame_000151_246700000000,matched,1,1,1,0.552293,0.552293,0.650287,/home/ruben/halmstad_ws/datasets/final/baylands_sam3_obb_super_75_15_10/images/test/spawn_v1_frame_000151_246700000000.jpg,/home/ruben/halmstad_ws/models/obb/experiments/sam3_hybrid_full/runs/predictions/baylands-leader-v5-4/baylands_sam3_obb_super_75_15_10_test_all
spawn_v1_frame_000152_247700000000,matched,1,1,1,0.500624,0.500624,0.40511,/home/ruben/halmstad_ws/datasets/final/baylands_sam3_obb_super_75_15_10/images/test/spawn_v1_frame_000152_247700000000.jpg,/home/ruben/halmstad_ws/models/obb/experiments/sam3_hybrid_full/runs/predictions/baylands-leader-v5-4/baylands_sam3_obb_super_75_15_10_test_all
spawn_v1_frame_000154_249700000000,matched,1,1,1,0.489693,0.489693,0.425299,/home/ruben/halmstad_ws/datasets/final/baylands_sam3_obb_super_75_15_10/images/test/spawn_v1_frame_000154_249700000000.jpg,/home/ruben/halmstad_ws/models/obb/experiments/sam3_hybrid_full/runs/predictions/baylands-leader-v5-4/baylands_sam3_obb_super_75_15_10_test_all
spawn_v1_frame_000156_251752000000,matched,1,1,1,0.801096,0.801096,0.575553,/home/ruben/halmstad_ws/datasets/final/baylands_sam3_obb_super_75_15_10/images/test/spawn_v1_frame_000156_251752000000.jpg,/home/ruben/halmstad_ws/models/obb/experiments/sam3_hybrid_full/runs/predictions/baylands-leader-v5-4/baylands_sam3_obb_super_75_15_10_test_all
spawn_v1_frame_000157_252752000000,matched,1,1,1,0.675794,0.675794,0.646766,/home/ruben/halmstad_ws/datasets/final/baylands_sam3_obb_super_75_15_10/images/test/spawn_v1_frame_000157_252752000000.jpg,/home/ruben/halmstad_ws/models/obb/experiments/sam3_hybrid_full/runs/predictions/baylands-leader-v5-4/baylands_sam3_obb_super_75_15_10_test_all
spawn_v1_frame_000159_254752000000,matched,1,1,1,0.684142,0.684142,0.614924,/home/ruben/halmstad_ws/datasets/final/baylands_sam3_obb_super_75_15_10/images/test/spawn_v1_frame_000159_254752000000.jpg,/home/ruben/halmstad_ws/models/obb/experiments/sam3_hybrid_full/runs/predictions/baylands-leader-v5-4/baylands_sam3_obb_super_75_15_10_test_all
spawn_v1_frame_000160_255752000000,matched,1,1,1,0.789964,0.789964,0.819042,/home/ruben/halmstad_ws/datasets/final/baylands_sam3_obb_super_75_15_10/images/test/spawn_v1_frame_000160_255752000000.jpg,/home/ruben/halmstad_ws/models/obb/experiments/sam3_hybrid_full/runs/predictions/baylands-leader-v5-4/baylands_sam3_obb_super_75_15_10_test_all
spawn_v1_frame_000161_256800000000,matched,1,1,1,0.676026,0.676026,0.717599,/home/ruben/halmstad_ws/datasets/final/baylands_sam3_obb_super_75_15_10/images/test/spawn_v1_frame_000161_256800000000.jpg,/home/ruben/halmstad_ws/models/obb/experiments/sam3_hybrid_full/runs/predictions/baylands-leader-v5-4/baylands_sam3_obb_super_75_15_10_test_all
spawn_v1_frame_000162_257800000000,matched,1,1,1,0.532961,0.532961,0.727161,/home/ruben/halmstad_ws/datasets/final/baylands_sam3_obb_super_75_15_10/images/test/spawn_v1_frame_000162_257800000000.jpg,/home/ruben/halmstad_ws/models/obb/experiments/sam3_hybrid_full/runs/predictions/baylands-leader-v5-4/baylands_sam3_obb_super_75_15_10_test_all
spawn_v1_frame_000163_258800000000,matched,1,1,1,0.824396,0.824396,0.758446,/home/ruben/halmstad_ws/datasets/final/baylands_sam3_obb_super_75_15_10/images/test/spawn_v1_frame_000163_258800000000.jpg,/home/ruben/halmstad_ws/models/obb/experiments/sam3_hybrid_full/runs/predictions/baylands-leader-v5-4/baylands_sam3_obb_super_75_15_10_test_all
spawn_v1_frame_000164_259800000000,matched,1,1,1,0.658657,0.658657,0.729554,/home/ruben/halmstad_ws/datasets/final/baylands_sam3_obb_super_75_15_10/images/test/spawn_v1_frame_000164_259800000000.jpg,/home/ruben/halmstad_ws/models/obb/experiments/sam3_hybrid_full/runs/predictions/baylands-leader-v5-4/baylands_sam3_obb_super_75_15_10_test_all
spawn_v1_frame_000166_261852000000,matched,1,1,1,0.458549,0.458549,0.782299,/home/ruben/halmstad_ws/datasets/final/baylands_sam3_obb_super_75_15_10/images/test/spawn_v1_frame_000166_261852000000.jpg,/home/ruben/halmstad_ws/models/obb/experiments/sam3_hybrid_full/runs/predictions/baylands-leader-v5-4/baylands_sam3_obb_super_75_15_10_test_all
spawn_v2_frame_000062_135652000000,matched,1,1,1,0.515188,0.515188,0.743882,/home/ruben/halmstad_ws/datasets/final/baylands_sam3_obb_super_75_15_10/images/test/spawn_v2_frame_000062_135652000000.jpg,/home/ruben/halmstad_ws/models/obb/experiments/sam3_hybrid_full/runs/predictions/baylands-leader-v5-4/baylands_sam3_obb_super_75_15_10_test_all
spawn_v2_frame_000063_136652000000,matched,1,1,1,0.672109,0.672109,0.76452,/home/ruben/halmstad_ws/datasets/final/baylands_sam3_obb_super_75_15_10/images/test/spawn_v2_frame_000063_136652000000.jpg,/home/ruben/halmstad_ws/models/obb/experiments/sam3_hybrid_full/runs/predictions/baylands-leader-v5-4/baylands_sam3_obb_super_75_15_10_test_all
spawn_v2_frame_000064_137652000000,matched,1,1,1,0.593517,0.593517,0.667935,/home/ruben/halmstad_ws/datasets/final/baylands_sam3_obb_super_75_15_10/images/test/spawn_v2_frame_000064_137652000000.jpg,/home/ruben/halmstad_ws/models/obb/experiments/sam3_hybrid_full/runs/predictions/baylands-leader-v5-4/baylands_sam3_obb_super_75_15_10_test_all
spawn_v2_frame_000066_139652000000,matched,1,1,1,0.539218,0.539218,0.671674,/home/ruben/halmstad_ws/datasets/final/baylands_sam3_obb_super_75_15_10/images/test/spawn_v2_frame_000066_139652000000.jpg,/home/ruben/halmstad_ws/models/obb/experiments/sam3_hybrid_full/runs/predictions/baylands-leader-v5-4/baylands_sam3_obb_super_75_15_10_test_all
spawn_v2_frame_000067_140700000000,matched,1,1,1,0.550736,0.550736,0.764542,/home/ruben/halmstad_ws/datasets/final/baylands_sam3_obb_super_75_15_10/images/test/spawn_v2_frame_000067_140700000000.jpg,/home/ruben/halmstad_ws/models/obb/experiments/sam3_hybrid_full/runs/predictions/baylands-leader-v5-4/baylands_sam3_obb_super_75_15_10_test_all
spawn_v2_frame_000069_142700000000,matched,1,1,1,0.654211,0.654211,0.721494,/home/ruben/halmstad_ws/datasets/final/baylands_sam3_obb_super_75_15_10/images/test/spawn_v2_frame_000069_142700000000.jpg,/home/ruben/halmstad_ws/models/obb/experiments/sam3_hybrid_full/runs/predictions/baylands-leader-v5-4/baylands_sam3_obb_super_75_15_10_test_all
spawn_v2_frame_000070_143652000000,matched,1,1,1,0.616445,0.616445,0.779746,/home/ruben/halmstad_ws/datasets/final/baylands_sam3_obb_super_75_15_10/images/test/spawn_v2_frame_000070_143652000000.jpg,/home/ruben/halmstad_ws/models/obb/experiments/sam3_hybrid_full/runs/predictions/baylands-leader-v5-4/baylands_sam3_obb_super_75_15_10_test_all
spawn_v2_frame_000071_144700000000,matched,1,1,1,0.591147,0.591147,0.743915,/home/ruben/halmstad_ws/datasets/final/baylands_sam3_obb_super_75_15_10/images/test/spawn_v2_frame_000071_144700000000.jpg,/home/ruben/halmstad_ws/models/obb/experiments/sam3_hybrid_full/runs/predictions/baylands-leader-v5-4/baylands_sam3_obb_super_75_15_10_test_all
spawn_v2_frame_000072_145700000000,matched,1,1,1,0.619282,0.619282,0.713028,/home/ruben/halmstad_ws/datasets/final/baylands_sam3_obb_super_75_15_10/images/test/spawn_v2_frame_000072_145700000000.jpg,/home/ruben/halmstad_ws/models/obb/experiments/sam3_hybrid_full/runs/predictions/baylands-leader-v5-4/baylands_sam3_obb_super_75_15_10_test_all
spawn_v2_frame_000073_146700000000,matched,1,1,1,0.636668,0.636668,0.733762,/home/ruben/halmstad_ws/datasets/final/baylands_sam3_obb_super_75_15_10/images/test/spawn_v2_frame_000073_146700000000.jpg,/home/ruben/halmstad_ws/models/obb/experiments/sam3_hybrid_full/runs/predictions/baylands-leader-v5-4/baylands_sam3_obb_super_75_15_10_test_all
spawn_v2_frame_000075_148700000000,matched,1,1,1,0.613142,0.613142,0.756516,/home/ruben/halmstad_ws/datasets/final/baylands_sam3_obb_super_75_15_10/images/test/spawn_v2_frame_000075_148700000000.jpg,/home/ruben/halmstad_ws/models/obb/experiments/sam3_hybrid_full/runs/predictions/baylands-leader-v5-4/baylands_sam3_obb_super_75_15_10_test_all
spawn_v2_frame_000082_155752000000,matched,1,1,1,0.633868,0.633868,0.690128,/home/ruben/halmstad_ws/datasets/final/baylands_sam3_obb_super_75_15_10/images/test/spawn_v2_frame_000082_155752000000.jpg,/home/ruben/halmstad_ws/models/obb/experiments/sam3_hybrid_full/runs/predictions/baylands-leader-v5-4/baylands_sam3_obb_super_75_15_10_test_all
spawn_v2_frame_000169_243600000000,matched,1,1,1,0.513972,0.513972,0.374859,/home/ruben/halmstad_ws/datasets/final/baylands_sam3_obb_super_75_15_10/images/test/spawn_v2_frame_000169_243600000000.jpg,/home/ruben/halmstad_ws/models/obb/experiments/sam3_hybrid_full/runs/predictions/baylands-leader-v5-4/baylands_sam3_obb_super_75_15_10_test_all
spawn_v2_frame_000175_249700000000,no_prediction,1,0,0,0.0,0.0,,/home/ruben/halmstad_ws/datasets/final/baylands_sam3_obb_super_75_15_10/images/test/spawn_v2_frame_000175_249700000000.jpg,/home/ruben/halmstad_ws/models/obb/experiments/sam3_hybrid_full/runs/predictions/baylands-leader-v5-4/baylands_sam3_obb_super_75_15_10_test_all
spawn_v2_frame_000179_253700000000,no_prediction,1,0,0,0.0,0.0,,/home/ruben/halmstad_ws/datasets/final/baylands_sam3_obb_super_75_15_10/images/test/spawn_v2_frame_000179_253700000000.jpg,/home/ruben/halmstad_ws/models/obb/experiments/sam3_hybrid_full/runs/predictions/baylands-leader-v5-4/baylands_sam3_obb_super_75_15_10_test_all
spawn_v2_frame_000182_256700000000,matched,1,1,1,0.436445,0.436445,0.592625,/home/ruben/halmstad_ws/datasets/final/baylands_sam3_obb_super_75_15_10/images/test/spawn_v2_frame_000182_256700000000.jpg,/home/ruben/halmstad_ws/models/obb/experiments/sam3_hybrid_full/runs/predictions/baylands-leader-v5-4/baylands_sam3_obb_super_75_15_10_test_all
spawn_v2_frame_000184_258752000000,matched,1,1,1,0.43615,0.43615,0.44203,/home/ruben/halmstad_ws/datasets/final/baylands_sam3_obb_super_75_15_10/images/test/spawn_v2_frame_000184_258752000000.jpg,/home/ruben/halmstad_ws/models/obb/experiments/sam3_hybrid_full/runs/predictions/baylands-leader-v5-4/baylands_sam3_obb_super_75_15_10_test_all
spawn_v2_frame_000186_260752000000,no_prediction,1,0,0,0.0,0.0,,/home/ruben/halmstad_ws/datasets/final/baylands_sam3_obb_super_75_15_10/images/test/spawn_v2_frame_000186_260752000000.jpg,/home/ruben/halmstad_ws/models/obb/experiments/sam3_hybrid_full/runs/predictions/baylands-leader-v5-4/baylands_sam3_obb_super_75_15_10_test_all
spawn_v2_frame_000187_261752000000,no_prediction,1,0,0,0.0,0.0,,/home/ruben/halmstad_ws/datasets/final/baylands_sam3_obb_super_75_15_10/images/test/spawn_v2_frame_000187_261752000000.jpg,/home/ruben/halmstad_ws/models/obb/experiments/sam3_hybrid_full/runs/predictions/baylands-leader-v5-4/baylands_sam3_obb_super_75_15_10_test_all
spawn_v2_frame_000188_262752000000,matched,1,1,1,0.44138,0.44138,0.327308,/home/ruben/halmstad_ws/datasets/final/baylands_sam3_obb_super_75_15_10/images/test/spawn_v2_frame_000188_262752000000.jpg,/home/ruben/halmstad_ws/models/obb/experiments/sam3_hybrid_full/runs/predictions/baylands-leader-v5-4/baylands_sam3_obb_super_75_15_10_test_all
spawn_v2_frame_000189_263800000000,no_prediction,1,0,0,0.0,0.0,,/home/ruben/halmstad_ws/datasets/final/baylands_sam3_obb_super_75_15_10/images/test/spawn_v2_frame_000189_263800000000.jpg,/home/ruben/halmstad_ws/models/obb/experiments/sam3_hybrid_full/runs/predictions/baylands-leader-v5-4/baylands_sam3_obb_super_75_15_10_test_all
spawn_v3_frame_000011_137200000000,correct_empty,0,0,0,0.0,0.0,,/home/ruben/halmstad_ws/datasets/final/baylands_sam3_obb_super_75_15_10/images/test/spawn_v3_frame_000011_137200000000.jpg,/home/ruben/halmstad_ws/models/obb/experiments/sam3_hybrid_full/runs/predictions/baylands-leader-v5-4/baylands_sam3_obb_super_75_15_10_test_all
spawn_v3_frame_000012_141200000000,correct_empty,0,0,0,0.0,0.0,,/home/ruben/halmstad_ws/datasets/final/baylands_sam3_obb_super_75_15_10/images/test/spawn_v3_frame_000012_141200000000.jpg,/home/ruben/halmstad_ws/models/obb/experiments/sam3_hybrid_full/runs/predictions/baylands-leader-v5-4/baylands_sam3_obb_super_75_15_10_test_all
spawn_v3_frame_000013_145300000000,matched,1,1,1,0.680869,0.680869,0.80596,/home/ruben/halmstad_ws/datasets/final/baylands_sam3_obb_super_75_15_10/images/test/spawn_v3_frame_000013_145300000000.jpg,/home/ruben/halmstad_ws/models/obb/experiments/sam3_hybrid_full/runs/predictions/baylands-leader-v5-4/baylands_sam3_obb_super_75_15_10_test_all
spawn_v3_frame_000014_149300000000,matched,1,1,1,0.372752,0.372752,0.352137,/home/ruben/halmstad_ws/datasets/final/baylands_sam3_obb_super_75_15_10/images/test/spawn_v3_frame_000014_149300000000.jpg,/home/ruben/halmstad_ws/models/obb/experiments/sam3_hybrid_full/runs/predictions/baylands-leader-v5-4/baylands_sam3_obb_super_75_15_10_test_all
spawn_v3_frame_000015_153300000000,correct_empty,0,0,0,0.0,0.0,,/home/ruben/halmstad_ws/datasets/final/baylands_sam3_obb_super_75_15_10/images/test/spawn_v3_frame_000015_153300000000.jpg,/home/ruben/halmstad_ws/models/obb/experiments/sam3_hybrid_full/runs/predictions/baylands-leader-v5-4/baylands_sam3_obb_super_75_15_10_test_all
spawn_v3_frame_000016_157300000000,correct_empty,0,0,0,0.0,0.0,,/home/ruben/halmstad_ws/datasets/final/baylands_sam3_obb_super_75_15_10/images/test/spawn_v3_frame_000016_157300000000.jpg,/home/ruben/halmstad_ws/models/obb/experiments/sam3_hybrid_full/runs/predictions/baylands-leader-v5-4/baylands_sam3_obb_super_75_15_10_test_all
spawn_v3_frame_000038_245500000000,correct_empty,0,0,0,0.0,0.0,,/home/ruben/halmstad_ws/datasets/final/baylands_sam3_obb_super_75_15_10/images/test/spawn_v3_frame_000038_245500000000.jpg,/home/ruben/halmstad_ws/models/obb/experiments/sam3_hybrid_full/runs/predictions/baylands-leader-v5-4/baylands_sam3_obb_super_75_15_10_test_all
strip_v1_frame_000009_92400000000,matched,1,1,1,0.517813,0.517813,0.308196,/home/ruben/halmstad_ws/datasets/final/baylands_sam3_obb_super_75_15_10/images/test/strip_v1_frame_000009_92400000000.jpg,/home/ruben/halmstad_ws/models/obb/experiments/sam3_hybrid_full/runs/predictions/baylands-leader-v5-4/baylands_sam3_obb_super_75_15_10_test_all
strip_v1_frame_000011_100500000000,no_prediction,1,0,0,0.0,0.0,,/home/ruben/halmstad_ws/datasets/final/baylands_sam3_obb_super_75_15_10/images/test/strip_v1_frame_000011_100500000000.jpg,/home/ruben/halmstad_ws/models/obb/experiments/sam3_hybrid_full/runs/predictions/baylands-leader-v5-4/baylands_sam3_obb_super_75_15_10_test_all
strip_v1_frame_000014_112500000000,correct_empty,0,0,0,0.0,0.0,,/home/ruben/halmstad_ws/datasets/final/baylands_sam3_obb_super_75_15_10/images/test/strip_v1_frame_000014_112500000000.jpg,/home/ruben/halmstad_ws/models/obb/experiments/sam3_hybrid_full/runs/predictions/baylands-leader-v5-4/baylands_sam3_obb_super_75_15_10_test_all
strip_v1_frame_000029_172700000000,matched,1,1,1,0.466459,0.466459,0.632508,/home/ruben/halmstad_ws/datasets/final/baylands_sam3_obb_super_75_15_10/images/test/strip_v1_frame_000029_172700000000.jpg,/home/ruben/halmstad_ws/models/obb/experiments/sam3_hybrid_full/runs/predictions/baylands-leader-v5-4/baylands_sam3_obb_super_75_15_10_test_all
strip_v1_frame_000030_176700000000,matched,1,1,1,0.635995,0.635995,0.731912,/home/ruben/halmstad_ws/datasets/final/baylands_sam3_obb_super_75_15_10/images/test/strip_v1_frame_000030_176700000000.jpg,/home/ruben/halmstad_ws/models/obb/experiments/sam3_hybrid_full/runs/predictions/baylands-leader-v5-4/baylands_sam3_obb_super_75_15_10_test_all
strip_v1_frame_000032_184700000000,correct_empty,0,0,0,0.0,0.0,,/home/ruben/halmstad_ws/datasets/final/baylands_sam3_obb_super_75_15_10/images/test/strip_v1_frame_000032_184700000000.jpg,/home/ruben/halmstad_ws/models/obb/experiments/sam3_hybrid_full/runs/predictions/baylands-leader-v5-4/baylands_sam3_obb_super_75_15_10_test_all
strip_v2_frame_000004_94800000000,matched,1,1,1,0.513917,0.513917,0.253921,/home/ruben/halmstad_ws/datasets/final/baylands_sam3_obb_super_75_15_10/images/test/strip_v2_frame_000004_94800000000.jpg,/home/ruben/halmstad_ws/models/obb/experiments/sam3_hybrid_full/runs/predictions/baylands-leader-v5-4/baylands_sam3_obb_super_75_15_10_test_all
strip_v2_frame_000005_98800000000,matched,1,1,1,1.0,1.0,0.628511,/home/ruben/halmstad_ws/datasets/final/baylands_sam3_obb_super_75_15_10/images/test/strip_v2_frame_000005_98800000000.jpg,/home/ruben/halmstad_ws/models/obb/experiments/sam3_hybrid_full/runs/predictions/baylands-leader-v5-4/baylands_sam3_obb_super_75_15_10_test_all
strip_v2_frame_000025_178900000000,correct_empty,0,0,0,0.0,0.0,,/home/ruben/halmstad_ws/datasets/final/baylands_sam3_obb_super_75_15_10/images/test/strip_v2_frame_000025_178900000000.jpg,/home/ruben/halmstad_ws/models/obb/experiments/sam3_hybrid_full/runs/predictions/baylands-leader-v5-4/baylands_sam3_obb_super_75_15_10_test_all
strip_v2_frame_000026_183000000000,correct_empty,0,0,0,0.0,0.0,,/home/ruben/halmstad_ws/datasets/final/baylands_sam3_obb_super_75_15_10/images/test/strip_v2_frame_000026_183000000000.jpg,/home/ruben/halmstad_ws/models/obb/experiments/sam3_hybrid_full/runs/predictions/baylands-leader-v5-4/baylands_sam3_obb_super_75_15_10_test_all
strip_v3_frame_000017_95952000000,matched,1,1,1,0.485134,0.485134,0.279952,/home/ruben/halmstad_ws/datasets/final/baylands_sam3_obb_super_75_15_10/images/test/strip_v3_frame_000017_95952000000.jpg,/home/ruben/halmstad_ws/models/obb/experiments/sam3_hybrid_full/runs/predictions/baylands-leader-v5-4/baylands_sam3_obb_super_75_15_10_test_all
strip_v3_frame_000019_98000000000,matched,1,1,1,0.499222,0.499222,0.488445,/home/ruben/halmstad_ws/datasets/final/baylands_sam3_obb_super_75_15_10/images/test/strip_v3_frame_000019_98000000000.jpg,/home/ruben/halmstad_ws/models/obb/experiments/sam3_hybrid_full/runs/predictions/baylands-leader-v5-4/baylands_sam3_obb_super_75_15_10_test_all
strip_v3_frame_000020_99000000000,matched,1,1,1,0.565987,0.565987,0.723513,/home/ruben/halmstad_ws/datasets/final/baylands_sam3_obb_super_75_15_10/images/test/strip_v3_frame_000020_99000000000.jpg,/home/ruben/halmstad_ws/models/obb/experiments/sam3_hybrid_full/runs/predictions/baylands-leader-v5-4/baylands_sam3_obb_super_75_15_10_test_all
strip_v3_frame_000021_100052000000,matched,1,1,1,0.508854,0.508854,0.664979,/home/ruben/halmstad_ws/datasets/final/baylands_sam3_obb_super_75_15_10/images/test/strip_v3_frame_000021_100052000000.jpg,/home/ruben/halmstad_ws/models/obb/experiments/sam3_hybrid_full/runs/predictions/baylands-leader-v5-4/baylands_sam3_obb_super_75_15_10_test_all
strip_v3_frame_000029_108100000000,no_prediction,1,0,0,0.0,0.0,,/home/ruben/halmstad_ws/datasets/final/baylands_sam3_obb_super_75_15_10/images/test/strip_v3_frame_000029_108100000000.jpg,/home/ruben/halmstad_ws/models/obb/experiments/sam3_hybrid_full/runs/predictions/baylands-leader-v5-4/baylands_sam3_obb_super_75_15_10_test_all
strip_v3_frame_000083_172852000000,correct_empty,0,0,0,0.0,0.0,,/home/ruben/halmstad_ws/datasets/final/baylands_sam3_obb_super_75_15_10/images/test/strip_v3_frame_000083_172852000000.jpg,/home/ruben/halmstad_ws/models/obb/experiments/sam3_hybrid_full/runs/predictions/baylands-leader-v5-4/baylands_sam3_obb_super_75_15_10_test_all
strip_v3_frame_000084_173852000000,matched,1,1,1,0.696035,0.696035,0.826033,/home/ruben/halmstad_ws/datasets/final/baylands_sam3_obb_super_75_15_10/images/test/strip_v3_frame_000084_173852000000.jpg,/home/ruben/halmstad_ws/models/obb/experiments/sam3_hybrid_full/runs/predictions/baylands-leader-v5-4/baylands_sam3_obb_super_75_15_10_test_all
strip_v3_frame_000096_185952000000,matched,1,1,1,0.815565,0.815565,0.281069,/home/ruben/halmstad_ws/datasets/final/baylands_sam3_obb_super_75_15_10/images/test/strip_v3_frame_000096_185952000000.jpg,/home/ruben/halmstad_ws/models/obb/experiments/sam3_hybrid_full/runs/predictions/baylands-leader-v5-4/baylands_sam3_obb_super_75_15_10_test_all
strip_v3_frame_000097_186952000000,matched,1,1,1,0.50878,0.50878,0.392846,/home/ruben/halmstad_ws/datasets/final/baylands_sam3_obb_super_75_15_10/images/test/strip_v3_frame_000097_186952000000.jpg,/home/ruben/halmstad_ws/models/obb/experiments/sam3_hybrid_full/runs/predictions/baylands-leader-v5-4/baylands_sam3_obb_super_75_15_10_test_all
strip_v4_frame_000003_95200000000,matched,1,1,1,0.47693,0.47693,0.807077,/home/ruben/halmstad_ws/datasets/final/baylands_sam3_obb_super_75_15_10/images/test/strip_v4_frame_000003_95200000000.jpg,/home/ruben/halmstad_ws/models/obb/experiments/sam3_hybrid_full/runs/predictions/baylands-leader-v5-4/baylands_sam3_obb_super_75_15_10_test_all
strip_v4_frame_000004_99200000000,matched,1,1,1,0.550962,0.550962,0.251864,/home/ruben/halmstad_ws/datasets/final/baylands_sam3_obb_super_75_15_10/images/test/strip_v4_frame_000004_99200000000.jpg,/home/ruben/halmstad_ws/models/obb/experiments/sam3_hybrid_full/runs/predictions/baylands-leader-v5-4/baylands_sam3_obb_super_75_15_10_test_all
strip_v4_frame_000005_103200000000,matched,1,1,1,0.509007,0.509007,0.681493,/home/ruben/halmstad_ws/datasets/final/baylands_sam3_obb_super_75_15_10/images/test/strip_v4_frame_000005_103200000000.jpg,/home/ruben/halmstad_ws/models/obb/experiments/sam3_hybrid_full/runs/predictions/baylands-leader-v5-4/baylands_sam3_obb_super_75_15_10_test_all
strip_v4_frame_000007_111200000000,matched,1,1,1,0.637776,0.637776,0.619857,/home/ruben/halmstad_ws/datasets/final/baylands_sam3_obb_super_75_15_10/images/test/strip_v4_frame_000007_111200000000.jpg,/home/ruben/halmstad_ws/models/obb/experiments/sam3_hybrid_full/runs/predictions/baylands-leader-v5-4/baylands_sam3_obb_super_75_15_10_test_all
strip_v4_frame_000023_175400000000,matched,1,1,1,0.66797,0.66797,0.598604,/home/ruben/halmstad_ws/datasets/final/baylands_sam3_obb_super_75_15_10/images/test/strip_v4_frame_000023_175400000000.jpg,/home/ruben/halmstad_ws/models/obb/experiments/sam3_hybrid_full/runs/predictions/baylands-leader-v5-4/baylands_sam3_obb_super_75_15_10_test_all
strip_v4_frame_000024_179400000000,correct_empty,0,0,0,0.0,0.0,,/home/ruben/halmstad_ws/datasets/final/baylands_sam3_obb_super_75_15_10/images/test/strip_v4_frame_000024_179400000000.jpg,/home/ruben/halmstad_ws/models/obb/experiments/sam3_hybrid_full/runs/predictions/baylands-leader-v5-4/baylands_sam3_obb_super_75_15_10_test_all
strip_v4_frame_000025_183400000000,matched,1,1,1,0.508828,0.508828,0.592281,/home/ruben/halmstad_ws/datasets/final/baylands_sam3_obb_super_75_15_10/images/test/strip_v4_frame_000025_183400000000.jpg,/home/ruben/halmstad_ws/models/obb/experiments/sam3_hybrid_full/runs/predictions/baylands-leader-v5-4/baylands_sam3_obb_super_75_15_10_test_all
strip_v5_frame_000000_110252000000,matched,1,1,1,0.540722,0.540722,0.693844,/home/ruben/halmstad_ws/datasets/final/baylands_sam3_obb_super_75_15_10/images/test/strip_v5_frame_000000_110252000000.jpg,/home/ruben/halmstad_ws/models/obb/experiments/sam3_hybrid_full/runs/predictions/baylands-leader-v5-4/baylands_sam3_obb_super_75_15_10_test_all
strip_v5_frame_000004_114252000000,matched,1,1,1,0.611162,0.611162,0.511085,/home/ruben/halmstad_ws/datasets/final/baylands_sam3_obb_super_75_15_10/images/test/strip_v5_frame_000004_114252000000.jpg,/home/ruben/halmstad_ws/models/obb/experiments/sam3_hybrid_full/runs/predictions/baylands-leader-v5-4/baylands_sam3_obb_super_75_15_10_test_all
strip_v5_frame_000007_117252000000,matched,1,1,1,0.637069,0.637069,0.630654,/home/ruben/halmstad_ws/datasets/final/baylands_sam3_obb_super_75_15_10/images/test/strip_v5_frame_000007_117252000000.jpg,/home/ruben/halmstad_ws/models/obb/experiments/sam3_hybrid_full/runs/predictions/baylands-leader-v5-4/baylands_sam3_obb_super_75_15_10_test_all
strip_v5_frame_000051_171552000000,matched,1,1,1,0.661402,0.661402,0.524916,/home/ruben/halmstad_ws/datasets/final/baylands_sam3_obb_super_75_15_10/images/test/strip_v5_frame_000051_171552000000.jpg,/home/ruben/halmstad_ws/models/obb/experiments/sam3_hybrid_full/runs/predictions/baylands-leader-v5-4/baylands_sam3_obb_super_75_15_10_test_all
strip_v5_frame_000052_172600000000,matched,1,1,1,0.558546,0.558546,0.439628,/home/ruben/halmstad_ws/datasets/final/baylands_sam3_obb_super_75_15_10/images/test/strip_v5_frame_000052_172600000000.jpg,/home/ruben/halmstad_ws/models/obb/experiments/sam3_hybrid_full/runs/predictions/baylands-leader-v5-4/baylands_sam3_obb_super_75_15_10_test_all
strip_v5_frame_000053_173600000000,matched,1,1,1,0.688486,0.688486,0.656456,/home/ruben/halmstad_ws/datasets/final/baylands_sam3_obb_super_75_15_10/images/test/strip_v5_frame_000053_173600000000.jpg,/home/ruben/halmstad_ws/models/obb/experiments/sam3_hybrid_full/runs/predictions/baylands-leader-v5-4/baylands_sam3_obb_super_75_15_10_test_all
strip_v5_frame_000054_174600000000,matched,1,1,1,0.637546,0.637546,0.588825,/home/ruben/halmstad_ws/datasets/final/baylands_sam3_obb_super_75_15_10/images/test/strip_v5_frame_000054_174600000000.jpg,/home/ruben/halmstad_ws/models/obb/experiments/sam3_hybrid_full/runs/predictions/baylands-leader-v5-4/baylands_sam3_obb_super_75_15_10_test_all
strip_v5_frame_000056_179552000000,matched,1,1,1,0.500749,0.500749,0.782137,/home/ruben/halmstad_ws/datasets/final/baylands_sam3_obb_super_75_15_10/images/test/strip_v5_frame_000056_179552000000.jpg,/home/ruben/halmstad_ws/models/obb/experiments/sam3_hybrid_full/runs/predictions/baylands-leader-v5-4/baylands_sam3_obb_super_75_15_10_test_all
strip_v5_frame_000057_180552000000,matched,1,1,1,0.480579,0.480579,0.347644,/home/ruben/halmstad_ws/datasets/final/baylands_sam3_obb_super_75_15_10/images/test/strip_v5_frame_000057_180552000000.jpg,/home/ruben/halmstad_ws/models/obb/experiments/sam3_hybrid_full/runs/predictions/baylands-leader-v5-4/baylands_sam3_obb_super_75_15_10_test_all
strip_v5_frame_000058_181552000000,matched,1,1,1,0.509937,0.509937,0.665519,/home/ruben/halmstad_ws/datasets/final/baylands_sam3_obb_super_75_15_10/images/test/strip_v5_frame_000058_181552000000.jpg,/home/ruben/halmstad_ws/models/obb/experiments/sam3_hybrid_full/runs/predictions/baylands-leader-v5-4/baylands_sam3_obb_super_75_15_10_test_all
strip_v5_frame_000059_182552000000,matched,1,1,1,0.526145,0.526145,0.811442,/home/ruben/halmstad_ws/datasets/final/baylands_sam3_obb_super_75_15_10/images/test/strip_v5_frame_000059_182552000000.jpg,/home/ruben/halmstad_ws/models/obb/experiments/sam3_hybrid_full/runs/predictions/baylands-leader-v5-4/baylands_sam3_obb_super_75_15_10_test_all
strip_v5_frame_000060_183552000000,matched,1,1,1,0.540287,0.540287,0.660453,/home/ruben/halmstad_ws/datasets/final/baylands_sam3_obb_super_75_15_10/images/test/strip_v5_frame_000060_183552000000.jpg,/home/ruben/halmstad_ws/models/obb/experiments/sam3_hybrid_full/runs/predictions/baylands-leader-v5-4/baylands_sam3_obb_super_75_15_10_test_all
strip_v5_frame_000062_185600000000,matched,1,1,1,0.47496,0.47496,0.54219,/home/ruben/halmstad_ws/datasets/final/baylands_sam3_obb_super_75_15_10/images/test/strip_v5_frame_000062_185600000000.jpg,/home/ruben/halmstad_ws/models/obb/experiments/sam3_hybrid_full/runs/predictions/baylands-leader-v5-4/baylands_sam3_obb_super_75_15_10_test_all
strip_v5_frame_000063_186600000000,matched,1,1,1,0.525769,0.525769,0.735397,/home/ruben/halmstad_ws/datasets/final/baylands_sam3_obb_super_75_15_10/images/test/strip_v5_frame_000063_186600000000.jpg,/home/ruben/halmstad_ws/models/obb/experiments/sam3_hybrid_full/runs/predictions/baylands-leader-v5-4/baylands_sam3_obb_super_75_15_10_test_all
strip_v7_frame_000019_91652000000,matched,1,1,1,0.478678,0.478678,0.526562,/home/ruben/halmstad_ws/datasets/final/baylands_sam3_obb_super_75_15_10/images/test/strip_v7_frame_000019_91652000000.jpg,/home/ruben/halmstad_ws/models/obb/experiments/sam3_hybrid_full/runs/predictions/baylands-leader-v5-4/baylands_sam3_obb_super_75_15_10_test_all
strip_v7_frame_000022_94752000000,matched,1,1,1,0.5107,0.5107,0.651714,/home/ruben/halmstad_ws/datasets/final/baylands_sam3_obb_super_75_15_10/images/test/strip_v7_frame_000022_94752000000.jpg,/home/ruben/halmstad_ws/models/obb/experiments/sam3_hybrid_full/runs/predictions/baylands-leader-v5-4/baylands_sam3_obb_super_75_15_10_test_all
strip_v7_frame_000027_99800000000,no_prediction,1,0,0,0.0,0.0,,/home/ruben/halmstad_ws/datasets/final/baylands_sam3_obb_super_75_15_10/images/test/strip_v7_frame_000027_99800000000.jpg,/home/ruben/halmstad_ws/models/obb/experiments/sam3_hybrid_full/runs/predictions/baylands-leader-v5-4/baylands_sam3_obb_super_75_15_10_test_all
strip_v7_frame_000028_100800000000,matched,1,1,1,0.519955,0.519955,0.598007,/home/ruben/halmstad_ws/datasets/final/baylands_sam3_obb_super_75_15_10/images/test/strip_v7_frame_000028_100800000000.jpg,/home/ruben/halmstad_ws/models/obb/experiments/sam3_hybrid_full/runs/predictions/baylands-leader-v5-4/baylands_sam3_obb_super_75_15_10_test_all
strip_v7_frame_000029_101852000000,matched,1,1,1,0.5,0.5,0.476022,/home/ruben/halmstad_ws/datasets/final/baylands_sam3_obb_super_75_15_10/images/test/strip_v7_frame_000029_101852000000.jpg,/home/ruben/halmstad_ws/models/obb/experiments/sam3_hybrid_full/runs/predictions/baylands-leader-v5-4/baylands_sam3_obb_super_75_15_10_test_all
strip_v7_frame_000031_103900000000,no_prediction,1,0,0,0.0,0.0,,/home/ruben/halmstad_ws/datasets/final/baylands_sam3_obb_super_75_15_10/images/test/strip_v7_frame_000031_103900000000.jpg,/home/ruben/halmstad_ws/models/obb/experiments/sam3_hybrid_full/runs/predictions/baylands-leader-v5-4/baylands_sam3_obb_super_75_15_10_test_all
strip_v7_frame_000032_104900000000,matched,1,1,1,0.571714,0.571714,0.548316,/home/ruben/halmstad_ws/datasets/final/baylands_sam3_obb_super_75_15_10/images/test/strip_v7_frame_000032_104900000000.jpg,/home/ruben/halmstad_ws/models/obb/experiments/sam3_hybrid_full/runs/predictions/baylands-leader-v5-4/baylands_sam3_obb_super_75_15_10_test_all
strip_v7_frame_000039_112000000000,matched,1,1,1,0.498008,0.498008,0.366992,/home/ruben/halmstad_ws/datasets/final/baylands_sam3_obb_super_75_15_10/images/test/strip_v7_frame_000039_112000000000.jpg,/home/ruben/halmstad_ws/models/obb/experiments/sam3_hybrid_full/runs/predictions/baylands-leader-v5-4/baylands_sam3_obb_super_75_15_10_test_all
strip_v7_frame_000094_177300000000,correct_empty,0,0,0,0.0,0.0,,/home/ruben/halmstad_ws/datasets/final/baylands_sam3_obb_super_75_15_10/images/test/strip_v7_frame_000094_177300000000.jpg,/home/ruben/halmstad_ws/models/obb/experiments/sam3_hybrid_full/runs/predictions/baylands-leader-v5-4/baylands_sam3_obb_super_75_15_10_test_all
strip_v7_frame_000099_182352000000,matched,1,1,1,0.838316,0.838316,0.807141,/home/ruben/halmstad_ws/datasets/final/baylands_sam3_obb_super_75_15_10/images/test/strip_v7_frame_000099_182352000000.jpg,/home/ruben/halmstad_ws/models/obb/experiments/sam3_hybrid_full/runs/predictions/baylands-leader-v5-4/baylands_sam3_obb_super_75_15_10_test_all
