stem,status,gt_count,pred_count,matches,best_iou,mean_iou,max_conf,image,pred_dir
parkinglot_east_v1_frame_000015_113500000000,matched,1,1,1,0.650986,0.650986,0.875462,/home/ruben/halmstad_ws/datasets/final/baylands_sam3_obb_super_75_15_10/images/test/parkinglot_east_v1_frame_000015_113500000000.jpg,/home/ruben/halmstad_ws/models/obb/experiments/sam3_hybrid_full/runs/predictions/baylands-leader-v9-fuller/baylands_sam3_obb_super_75_15_10_test_all
parkinglot_east_v1_frame_000016_117500000000,correct_empty,0,0,0,0.0,0.0,,/home/ruben/halmstad_ws/datasets/final/baylands_sam3_obb_super_75_15_10/images/test/parkinglot_east_v1_frame_000016_117500000000.jpg,/home/ruben/halmstad_ws/models/obb/experiments/sam3_hybrid_full/runs/predictions/baylands-leader-v9-fuller/baylands_sam3_obb_super_75_15_10_test_all
parkinglot_east_v2_frame_000000_168400000000,matched,1,1,1,0.724969,0.724969,0.931495,/home/ruben/halmstad_ws/datasets/final/baylands_sam3_obb_super_75_15_10/images/test/parkinglot_east_v2_frame_000000_168400000000.jpg,/home/ruben/halmstad_ws/models/obb/experiments/sam3_hybrid_full/runs/predictions/baylands-leader-v9-fuller/baylands_sam3_obb_super_75_15_10_test_all
parkinglot_east_v2_frame_000001_169400000000,matched,1,1,1,0.760213,0.760213,0.931882,/home/ruben/halmstad_ws/datasets/final/baylands_sam3_obb_super_75_15_10/images/test/parkinglot_east_v2_frame_000001_169400000000.jpg,/home/ruben/halmstad_ws/models/obb/experiments/sam3_hybrid_full/runs/predictions/baylands-leader-v9-fuller/baylands_sam3_obb_super_75_15_10_test_all
parkinglot_east_v2_frame_000002_170500000000,matched,1,1,1,0.875323,0.875323,0.92955,/home/ruben/halmstad_ws/datasets/final/baylands_sam3_obb_super_75_15_10/images/test/parkinglot_east_v2_frame_000002_170500000000.jpg,/home/ruben/halmstad_ws/models/obb/experiments/sam3_hybrid_full/runs/predictions/baylands-leader-v9-fuller/baylands_sam3_obb_super_75_15_10_test_all
parkinglot_east_v2_frame_000005_173500000000,matched,1,1,1,0.876404,0.876404,0.928823,/home/ruben/halmstad_ws/datasets/final/baylands_sam3_obb_super_75_15_10/images/test/parkinglot_east_v2_frame_000005_173500000000.jpg,/home/ruben/halmstad_ws/models/obb/experiments/sam3_hybrid_full/runs/predictions/baylands-leader-v9-fuller/baylands_sam3_obb_super_75_15_10_test_all
parkinglot_east_v2_frame_000007_175500000000,matched,1,1,1,0.781707,0.781707,0.886583,/home/ruben/halmstad_ws/datasets/final/baylands_sam3_obb_super_75_15_10/images/test/parkinglot_east_v2_frame_000007_175500000000.jpg,/home/ruben/halmstad_ws/models/obb/experiments/sam3_hybrid_full/runs/predictions/baylands-leader-v9-fuller/baylands_sam3_obb_super_75_15_10_test_all
parkinglot_east_v2_frame_000009_177500000000,matched,1,1,1,0.808752,0.808752,0.875263,/home/ruben/halmstad_ws/datasets/final/baylands_sam3_obb_super_75_15_10/images/test/parkinglot_east_v2_frame_000009_177500000000.jpg,/home/ruben/halmstad_ws/models/obb/experiments/sam3_hybrid_full/runs/predictions/baylands-leader-v9-fuller/baylands_sam3_obb_super_75_15_10_test_all
parkinglot_east_v2_frame_000010_178500000000,matched,1,1,1,0.477666,0.477666,0.924234,/home/ruben/halmstad_ws/datasets/final/baylands_sam3_obb_super_75_15_10/images/test/parkinglot_east_v2_frame_000010_178500000000.jpg,/home/ruben/halmstad_ws/models/obb/experiments/sam3_hybrid_full/runs/predictions/baylands-leader-v9-fuller/baylands_sam3_obb_super_75_15_10_test_all
parkinglot_east_v3_frame_000269_512600000000,matched,1,1,1,0.752426,0.752426,0.906115,/home/ruben/halmstad_ws/datasets/final/baylands_sam3_obb_super_75_15_10/images/test/parkinglot_east_v3_frame_000269_512600000000.jpg,/home/ruben/halmstad_ws/models/obb/experiments/sam3_hybrid_full/runs/predictions/baylands-leader-v9-fuller/baylands_sam3_obb_super_75_15_10_test_all
parkinglot_east_v3_frame_000270_513600000000,matched,1,1,1,0.813275,0.813275,0.919136,/home/ruben/halmstad_ws/datasets/final/baylands_sam3_obb_super_75_15_10/images/test/parkinglot_east_v3_frame_000270_513600000000.jpg,/home/ruben/halmstad_ws/models/obb/experiments/sam3_hybrid_full/runs/predictions/baylands-leader-v9-fuller/baylands_sam3_obb_super_75_15_10_test_all
parkinglot_east_v3_frame_000272_515700000000,matched,1,1,1,0.738251,0.738251,0.918517,/home/ruben/halmstad_ws/datasets/final/baylands_sam3_obb_super_75_15_10/images/test/parkinglot_east_v3_frame_000272_515700000000.jpg,/home/ruben/halmstad_ws/models/obb/experiments/sam3_hybrid_full/runs/predictions/baylands-leader-v9-fuller/baylands_sam3_obb_super_75_15_10_test_all
parkinglot_east_v3_frame_000273_516700000000,matched,1,1,1,0.671993,0.671993,0.926061,/home/ruben/halmstad_ws/datasets/final/baylands_sam3_obb_super_75_15_10/images/test/parkinglot_east_v3_frame_000273_516700000000.jpg,/home/ruben/halmstad_ws/models/obb/experiments/sam3_hybrid_full/runs/predictions/baylands-leader-v9-fuller/baylands_sam3_obb_super_75_15_10_test_all
parkinglot_east_v3_frame_000274_517700000000,matched,1,1,1,0.719813,0.719813,0.934514,/home/ruben/halmstad_ws/datasets/final/baylands_sam3_obb_super_75_15_10/images/test/parkinglot_east_v3_frame_000274_517700000000.jpg,/home/ruben/halmstad_ws/models/obb/experiments/sam3_hybrid_full/runs/predictions/baylands-leader-v9-fuller/baylands_sam3_obb_super_75_15_10_test_all
parkinglot_east_v3_frame_000275_518700000000,matched,1,1,1,0.789246,0.789246,0.925578,/home/ruben/halmstad_ws/datasets/final/baylands_sam3_obb_super_75_15_10/images/test/parkinglot_east_v3_frame_000275_518700000000.jpg,/home/ruben/halmstad_ws/models/obb/experiments/sam3_hybrid_full/runs/predictions/baylands-leader-v9-fuller/baylands_sam3_obb_super_75_15_10_test_all
parkinglot_east_v3_frame_000276_519700000000,matched,1,1,1,0.862181,0.862181,0.936985,/home/ruben/halmstad_ws/datasets/final/baylands_sam3_obb_super_75_15_10/images/test/parkinglot_east_v3_frame_000276_519700000000.jpg,/home/ruben/halmstad_ws/models/obb/experiments/sam3_hybrid_full/runs/predictions/baylands-leader-v9-fuller/baylands_sam3_obb_super_75_15_10_test_all
parkinglot_east_v3_frame_000277_520700000000,matched,1,1,1,0.691318,0.691318,0.918528,/home/ruben/halmstad_ws/datasets/final/baylands_sam3_obb_super_75_15_10/images/test/parkinglot_east_v3_frame_000277_520700000000.jpg,/home/ruben/halmstad_ws/models/obb/experiments/sam3_hybrid_full/runs/predictions/baylands-leader-v9-fuller/baylands_sam3_obb_super_75_15_10_test_all
parkinglot_east_v3_frame_000278_521700000000,matched,1,1,1,0.850675,0.850675,0.932792,/home/ruben/halmstad_ws/datasets/final/baylands_sam3_obb_super_75_15_10/images/test/parkinglot_east_v3_frame_000278_521700000000.jpg,/home/ruben/halmstad_ws/models/obb/experiments/sam3_hybrid_full/runs/predictions/baylands-leader-v9-fuller/baylands_sam3_obb_super_75_15_10_test_all
parkinglot_east_v3_frame_000279_522700000000,matched,1,1,1,0.89476,0.89476,0.924097,/home/ruben/halmstad_ws/datasets/final/baylands_sam3_obb_super_75_15_10/images/test/parkinglot_east_v3_frame_000279_522700000000.jpg,/home/ruben/halmstad_ws/models/obb/experiments/sam3_hybrid_full/runs/predictions/baylands-leader-v9-fuller/baylands_sam3_obb_super_75_15_10_test_all
parkinglot_east_v3_frame_000280_523800000000,matched,1,1,1,0.928662,0.928662,0.944207,/home/ruben/halmstad_ws/datasets/final/baylands_sam3_obb_super_75_15_10/images/test/parkinglot_east_v3_frame_000280_523800000000.jpg,/home/ruben/halmstad_ws/models/obb/experiments/sam3_hybrid_full/runs/predictions/baylands-leader-v9-fuller/baylands_sam3_obb_super_75_15_10_test_all
parkinglot_east_v3_frame_000281_524800000000,matched,1,1,1,0.914369,0.914369,0.94993,/home/ruben/halmstad_ws/datasets/final/baylands_sam3_obb_super_75_15_10/images/test/parkinglot_east_v3_frame_000281_524800000000.jpg,/home/ruben/halmstad_ws/models/obb/experiments/sam3_hybrid_full/runs/predictions/baylands-leader-v9-fuller/baylands_sam3_obb_super_75_15_10_test_all
parkinglot_east_v3_frame_000282_525800000000,matched,1,1,1,0.857719,0.857719,0.911248,/home/ruben/halmstad_ws/datasets/final/baylands_sam3_obb_super_75_15_10/images/test/parkinglot_east_v3_frame_000282_525800000000.jpg,/home/ruben/halmstad_ws/models/obb/experiments/sam3_hybrid_full/runs/predictions/baylands-leader-v9-fuller/baylands_sam3_obb_super_75_15_10_test_all
parkinglot_east_v3_frame_000283_526800000000,matched,1,1,1,0.940379,0.940379,0.916684,/home/ruben/halmstad_ws/datasets/final/baylands_sam3_obb_super_75_15_10/images/test/parkinglot_east_v3_frame_000283_526800000000.jpg,/home/ruben/halmstad_ws/models/obb/experiments/sam3_hybrid_full/runs/predictions/baylands-leader-v9-fuller/baylands_sam3_obb_super_75_15_10_test_all
parkinglot_east_v3_frame_000284_527800000000,matched,1,1,1,0.993578,0.993578,0.929146,/home/ruben/halmstad_ws/datasets/final/baylands_sam3_obb_super_75_15_10/images/test/parkinglot_east_v3_frame_000284_527800000000.jpg,/home/ruben/halmstad_ws/models/obb/experiments/sam3_hybrid_full/runs/predictions/baylands-leader-v9-fuller/baylands_sam3_obb_super_75_15_10_test_all
parkinglot_east_v3_frame_000285_528800000000,matched,1,1,1,0.966168,0.966168,0.913203,/home/ruben/halmstad_ws/datasets/final/baylands_sam3_obb_super_75_15_10/images/test/parkinglot_east_v3_frame_000285_528800000000.jpg,/home/ruben/halmstad_ws/models/obb/experiments/sam3_hybrid_full/runs/predictions/baylands-leader-v9-fuller/baylands_sam3_obb_super_75_15_10_test_all
parkinglot_east_v3_frame_000286_529800000000,matched,1,1,1,0.882177,0.882177,0.875808,/home/ruben/halmstad_ws/datasets/final/baylands_sam3_obb_super_75_15_10/images/test/parkinglot_east_v3_frame_000286_529800000000.jpg,/home/ruben/halmstad_ws/models/obb/experiments/sam3_hybrid_full/runs/predictions/baylands-leader-v9-fuller/baylands_sam3_obb_super_75_15_10_test_all
parkinglot_east_v3_frame_000287_530800000000,matched,1,1,1,0.83277,0.83277,0.883931,/home/ruben/halmstad_ws/datasets/final/baylands_sam3_obb_super_75_15_10/images/test/parkinglot_east_v3_frame_000287_530800000000.jpg,/home/ruben/halmstad_ws/models/obb/experiments/sam3_hybrid_full/runs/predictions/baylands-leader-v9-fuller/baylands_sam3_obb_super_75_15_10_test_all
parkinglot_east_v3_frame_000288_531800000000,matched,1,1,1,0.761188,0.761188,0.843158,/home/ruben/halmstad_ws/datasets/final/baylands_sam3_obb_super_75_15_10/images/test/parkinglot_east_v3_frame_000288_531800000000.jpg,/home/ruben/halmstad_ws/models/obb/experiments/sam3_hybrid_full/runs/predictions/baylands-leader-v9-fuller/baylands_sam3_obb_super_75_15_10_test_all
parkinglot_east_v3_frame_000289_532800000000,matched,1,1,1,0.789276,0.789276,0.76748,/home/ruben/halmstad_ws/datasets/final/baylands_sam3_obb_super_75_15_10/images/test/parkinglot_east_v3_frame_000289_532800000000.jpg,/home/ruben/halmstad_ws/models/obb/experiments/sam3_hybrid_full/runs/predictions/baylands-leader-v9-fuller/baylands_sam3_obb_super_75_15_10_test_all
parkinglot_east_v3_frame_000290_533900000000,matched,1,1,1,0.810369,0.810369,0.867694,/home/ruben/halmstad_ws/datasets/final/baylands_sam3_obb_super_75_15_10/images/test/parkinglot_east_v3_frame_000290_533900000000.jpg,/home/ruben/halmstad_ws/models/obb/experiments/sam3_hybrid_full/runs/predictions/baylands-leader-v9-fuller/baylands_sam3_obb_super_75_15_10_test_all
parkinglot_east_v3_frame_000291_534900000000,matched,1,1,1,0.734141,0.734141,0.868662,/home/ruben/halmstad_ws/datasets/final/baylands_sam3_obb_super_75_15_10/images/test/parkinglot_east_v3_frame_000291_534900000000.jpg,/home/ruben/halmstad_ws/models/obb/experiments/sam3_hybrid_full/runs/predictions/baylands-leader-v9-fuller/baylands_sam3_obb_super_75_15_10_test_all
parkinglot_east_v3_frame_000293_536900000000,matched,1,1,1,0.839378,0.839378,0.924976,/home/ruben/halmstad_ws/datasets/final/baylands_sam3_obb_super_75_15_10/images/test/parkinglot_east_v3_frame_000293_536900000000.jpg,/home/ruben/halmstad_ws/models/obb/experiments/sam3_hybrid_full/runs/predictions/baylands-leader-v9-fuller/baylands_sam3_obb_super_75_15_10_test_all
parkinglot_east_v3_frame_000294_537900000000,matched,1,1,1,0.874412,0.874412,0.924406,/home/ruben/halmstad_ws/datasets/final/baylands_sam3_obb_super_75_15_10/images/test/parkinglot_east_v3_frame_000294_537900000000.jpg,/home/ruben/halmstad_ws/models/obb/experiments/sam3_hybrid_full/runs/predictions/baylands-leader-v9-fuller/baylands_sam3_obb_super_75_15_10_test_all
parkinglot_east_v3_frame_000295_538900000000,matched,1,1,1,0.918643,0.918643,0.938356,/home/ruben/halmstad_ws/datasets/final/baylands_sam3_obb_super_75_15_10/images/test/parkinglot_east_v3_frame_000295_538900000000.jpg,/home/ruben/halmstad_ws/models/obb/experiments/sam3_hybrid_full/runs/predictions/baylands-leader-v9-fuller/baylands_sam3_obb_super_75_15_10_test_all
parkinglot_east_v4_frame_000010_113700000000,correct_empty,0,0,0,0.0,0.0,,/home/ruben/halmstad_ws/datasets/final/baylands_sam3_obb_super_75_15_10/images/test/parkinglot_east_v4_frame_000010_113700000000.jpg,/home/ruben/halmstad_ws/models/obb/experiments/sam3_hybrid_full/runs/predictions/baylands-leader-v9-fuller/baylands_sam3_obb_super_75_15_10_test_all
parkinglot_east_v4_frame_000012_121700000000,matched,1,1,1,0.712448,0.712448,0.942876,/home/ruben/halmstad_ws/datasets/final/baylands_sam3_obb_super_75_15_10/images/test/parkinglot_east_v4_frame_000012_121700000000.jpg,/home/ruben/halmstad_ws/models/obb/experiments/sam3_hybrid_full/runs/predictions/baylands-leader-v9-fuller/baylands_sam3_obb_super_75_15_10_test_all
parkinglot_east_v4_frame_000013_125700000000,matched,1,1,1,0.852152,0.852152,0.954328,/home/ruben/halmstad_ws/datasets/final/baylands_sam3_obb_super_75_15_10/images/test/parkinglot_east_v4_frame_000013_125700000000.jpg,/home/ruben/halmstad_ws/models/obb/experiments/sam3_hybrid_full/runs/predictions/baylands-leader-v9-fuller/baylands_sam3_obb_super_75_15_10_test_all
parkinglot_east_v4_frame_000014_129700000000,correct_empty,0,0,0,0.0,0.0,,/home/ruben/halmstad_ws/datasets/final/baylands_sam3_obb_super_75_15_10/images/test/parkinglot_east_v4_frame_000014_129700000000.jpg,/home/ruben/halmstad_ws/models/obb/experiments/sam3_hybrid_full/runs/predictions/baylands-leader-v9-fuller/baylands_sam3_obb_super_75_15_10_test_all
parkinglot_east_v4_frame_000015_133700000000,matched,1,1,1,0.914206,0.914206,0.900477,/home/ruben/halmstad_ws/datasets/final/baylands_sam3_obb_super_75_15_10/images/test/parkinglot_east_v4_frame_000015_133700000000.jpg,/home/ruben/halmstad_ws/models/obb/experiments/sam3_hybrid_full/runs/predictions/baylands-leader-v9-fuller/baylands_sam3_obb_super_75_15_10_test_all
parkinglot_east_v4_frame_000016_137700000000,matched,1,1,1,0.907593,0.907593,0.947303,/home/ruben/halmstad_ws/datasets/final/baylands_sam3_obb_super_75_15_10/images/test/parkinglot_east_v4_frame_000016_137700000000.jpg,/home/ruben/halmstad_ws/models/obb/experiments/sam3_hybrid_full/runs/predictions/baylands-leader-v9-fuller/baylands_sam3_obb_super_75_15_10_test_all
parkinglot_east_v4_frame_000017_141800000000,matched,1,1,1,0.906105,0.906105,0.946742,/home/ruben/halmstad_ws/datasets/final/baylands_sam3_obb_super_75_15_10/images/test/parkinglot_east_v4_frame_000017_141800000000.jpg,/home/ruben/halmstad_ws/models/obb/experiments/sam3_hybrid_full/runs/predictions/baylands-leader-v9-fuller/baylands_sam3_obb_super_75_15_10_test_all
parkinglot_east_v4_frame_000018_145800000000,matched,1,1,1,0.923487,0.923487,0.932759,/home/ruben/halmstad_ws/datasets/final/baylands_sam3_obb_super_75_15_10/images/test/parkinglot_east_v4_frame_000018_145800000000.jpg,/home/ruben/halmstad_ws/models/obb/experiments/sam3_hybrid_full/runs/predictions/baylands-leader-v9-fuller/baylands_sam3_obb_super_75_15_10_test_all
parkinglot_east_v4_frame_000019_149800000000,correct_empty,0,0,0,0.0,0.0,,/home/ruben/halmstad_ws/datasets/final/baylands_sam3_obb_super_75_15_10/images/test/parkinglot_east_v4_frame_000019_149800000000.jpg,/home/ruben/halmstad_ws/models/obb/experiments/sam3_hybrid_full/runs/predictions/baylands-leader-v9-fuller/baylands_sam3_obb_super_75_15_10_test_all
parkinglot_east_v4_frame_000020_153800000000,correct_empty,0,0,0,0.0,0.0,,/home/ruben/halmstad_ws/datasets/final/baylands_sam3_obb_super_75_15_10/images/test/parkinglot_east_v4_frame_000020_153800000000.jpg,/home/ruben/halmstad_ws/models/obb/experiments/sam3_hybrid_full/runs/predictions/baylands-leader-v9-fuller/baylands_sam3_obb_super_75_15_10_test_all
parkinglot_east_v4_frame_000021_157800000000,matched,1,1,1,0.87544,0.87544,0.935689,/home/ruben/halmstad_ws/datasets/final/baylands_sam3_obb_super_75_15_10/images/test/parkinglot_east_v4_frame_000021_157800000000.jpg,/home/ruben/halmstad_ws/models/obb/experiments/sam3_hybrid_full/runs/predictions/baylands-leader-v9-fuller/baylands_sam3_obb_super_75_15_10_test_all
parkinglot_east_v4_frame_000022_161800000000,matched,1,1,1,0.847411,0.847411,0.925015,/home/ruben/halmstad_ws/datasets/final/baylands_sam3_obb_super_75_15_10/images/test/parkinglot_east_v4_frame_000022_161800000000.jpg,/home/ruben/halmstad_ws/models/obb/experiments/sam3_hybrid_full/runs/predictions/baylands-leader-v9-fuller/baylands_sam3_obb_super_75_15_10_test_all
parkinglot_east_v4_frame_000023_165800000000,matched,1,1,1,0.904327,0.904327,0.932384,/home/ruben/halmstad_ws/datasets/final/baylands_sam3_obb_super_75_15_10/images/test/parkinglot_east_v4_frame_000023_165800000000.jpg,/home/ruben/halmstad_ws/models/obb/experiments/sam3_hybrid_full/runs/predictions/baylands-leader-v9-fuller/baylands_sam3_obb_super_75_15_10_test_all
parkinglot_east_v4_frame_000024_169800000000,matched,1,1,1,0.874828,0.874828,0.942356,/home/ruben/halmstad_ws/datasets/final/baylands_sam3_obb_super_75_15_10/images/test/parkinglot_east_v4_frame_000024_169800000000.jpg,/home/ruben/halmstad_ws/models/obb/experiments/sam3_hybrid_full/runs/predictions/baylands-leader-v9-fuller/baylands_sam3_obb_super_75_15_10_test_all
parkinglot_east_v4_frame_000025_173800000000,matched,1,1,1,0.908638,0.908638,0.929745,/home/ruben/halmstad_ws/datasets/final/baylands_sam3_obb_super_75_15_10/images/test/parkinglot_east_v4_frame_000025_173800000000.jpg,/home/ruben/halmstad_ws/models/obb/experiments/sam3_hybrid_full/runs/predictions/baylands-leader-v9-fuller/baylands_sam3_obb_super_75_15_10_test_all
parkinglot_east_v4_frame_000026_177900000000,matched,1,1,1,0.611557,0.611557,0.946421,/home/ruben/halmstad_ws/datasets/final/baylands_sam3_obb_super_75_15_10/images/test/parkinglot_east_v4_frame_000026_177900000000.jpg,/home/ruben/halmstad_ws/models/obb/experiments/sam3_hybrid_full/runs/predictions/baylands-leader-v9-fuller/baylands_sam3_obb_super_75_15_10_test_all
parkinglot_west_v1_frame_000144_224400000000,matched,1,1,1,0.793844,0.793844,0.863551,/home/ruben/halmstad_ws/datasets/final/baylands_sam3_obb_super_75_15_10/images/test/parkinglot_west_v1_frame_000144_224400000000.jpg,/home/ruben/halmstad_ws/models/obb/experiments/sam3_hybrid_full/runs/predictions/baylands-leader-v9-fuller/baylands_sam3_obb_super_75_15_10_test_all
parkinglot_west_v1_frame_000145_225400000000,matched,1,1,1,0.749164,0.749164,0.854571,/home/ruben/halmstad_ws/datasets/final/baylands_sam3_obb_super_75_15_10/images/test/parkinglot_west_v1_frame_000145_225400000000.jpg,/home/ruben/halmstad_ws/models/obb/experiments/sam3_hybrid_full/runs/predictions/baylands-leader-v9-fuller/baylands_sam3_obb_super_75_15_10_test_all
parkinglot_west_v1_frame_000149_229452000000,matched,1,1,1,0.780147,0.780147,0.857032,/home/ruben/halmstad_ws/datasets/final/baylands_sam3_obb_super_75_15_10/images/test/parkinglot_west_v1_frame_000149_229452000000.jpg,/home/ruben/halmstad_ws/models/obb/experiments/sam3_hybrid_full/runs/predictions/baylands-leader-v9-fuller/baylands_sam3_obb_super_75_15_10_test_all
parkinglot_west_v1_frame_000150_230500000000,matched,1,1,1,0.607584,0.607584,0.874187,/home/ruben/halmstad_ws/datasets/final/baylands_sam3_obb_super_75_15_10/images/test/parkinglot_west_v1_frame_000150_230500000000.jpg,/home/ruben/halmstad_ws/models/obb/experiments/sam3_hybrid_full/runs/predictions/baylands-leader-v9-fuller/baylands_sam3_obb_super_75_15_10_test_all
parkinglot_west_v1_frame_000159_239552000000,matched,1,1,1,0.809374,0.809374,0.936725,/home/ruben/halmstad_ws/datasets/final/baylands_sam3_obb_super_75_15_10/images/test/parkinglot_west_v1_frame_000159_239552000000.jpg,/home/ruben/halmstad_ws/models/obb/experiments/sam3_hybrid_full/runs/predictions/baylands-leader-v9-fuller/baylands_sam3_obb_super_75_15_10_test_all
parkinglot_west_v1_frame_000160_240552000000,matched,1,1,1,0.957044,0.957044,0.938245,/home/ruben/halmstad_ws/datasets/final/baylands_sam3_obb_super_75_15_10/images/test/parkinglot_west_v1_frame_000160_240552000000.jpg,/home/ruben/halmstad_ws/models/obb/experiments/sam3_hybrid_full/runs/predictions/baylands-leader-v9-fuller/baylands_sam3_obb_super_75_15_10_test_all
parkinglot_west_v1_frame_000161_241552000000,matched,1,1,1,0.9312,0.9312,0.932525,/home/ruben/halmstad_ws/datasets/final/baylands_sam3_obb_super_75_15_10/images/test/parkinglot_west_v1_frame_000161_241552000000.jpg,/home/ruben/halmstad_ws/models/obb/experiments/sam3_hybrid_full/runs/predictions/baylands-leader-v9-fuller/baylands_sam3_obb_super_75_15_10_test_all
parkinglot_west_v1_frame_000209_292500000000,matched,1,1,1,0.95839,0.95839,0.916756,/home/ruben/halmstad_ws/datasets/final/baylands_sam3_obb_super_75_15_10/images/test/parkinglot_west_v1_frame_000209_292500000000.jpg,/home/ruben/halmstad_ws/models/obb/experiments/sam3_hybrid_full/runs/predictions/baylands-leader-v9-fuller/baylands_sam3_obb_super_75_15_10_test_all
parkinglot_west_v1_frame_000210_293500000000,matched,1,1,1,0.903089,0.903089,0.896067,/home/ruben/halmstad_ws/datasets/final/baylands_sam3_obb_super_75_15_10/images/test/parkinglot_west_v1_frame_000210_293500000000.jpg,/home/ruben/halmstad_ws/models/obb/experiments/sam3_hybrid_full/runs/predictions/baylands-leader-v9-fuller/baylands_sam3_obb_super_75_15_10_test_all
parkinglot_west_v1_frame_000212_295552000000,matched,1,1,1,0.955207,0.955207,0.937609,/home/ruben/halmstad_ws/datasets/final/baylands_sam3_obb_super_75_15_10/images/test/parkinglot_west_v1_frame_000212_295552000000.jpg,/home/ruben/halmstad_ws/models/obb/experiments/sam3_hybrid_full/runs/predictions/baylands-leader-v9-fuller/baylands_sam3_obb_super_75_15_10_test_all
parkinglot_west_v1_frame_000214_297600000000,matched,1,1,1,0.592931,0.592931,0.939511,/home/ruben/halmstad_ws/datasets/final/baylands_sam3_obb_super_75_15_10/images/test/parkinglot_west_v1_frame_000214_297600000000.jpg,/home/ruben/halmstad_ws/models/obb/experiments/sam3_hybrid_full/runs/predictions/baylands-leader-v9-fuller/baylands_sam3_obb_super_75_15_10_test_all
parkinglot_west_v1_frame_000215_298600000000,matched,1,1,1,0.883809,0.883809,0.942862,/home/ruben/halmstad_ws/datasets/final/baylands_sam3_obb_super_75_15_10/images/test/parkinglot_west_v1_frame_000215_298600000000.jpg,/home/ruben/halmstad_ws/models/obb/experiments/sam3_hybrid_full/runs/predictions/baylands-leader-v9-fuller/baylands_sam3_obb_super_75_15_10_test_all
parkinglot_west_v1_frame_000217_300600000000,matched,1,1,1,0.779874,0.779874,0.932961,/home/ruben/halmstad_ws/datasets/final/baylands_sam3_obb_super_75_15_10/images/test/parkinglot_west_v1_frame_000217_300600000000.jpg,/home/ruben/halmstad_ws/models/obb/experiments/sam3_hybrid_full/runs/predictions/baylands-leader-v9-fuller/baylands_sam3_obb_super_75_15_10_test_all
parkinglot_west_v1_frame_000219_302652000000,matched,1,1,1,0.777644,0.777644,0.932866,/home/ruben/halmstad_ws/datasets/final/baylands_sam3_obb_super_75_15_10/images/test/parkinglot_west_v1_frame_000219_302652000000.jpg,/home/ruben/halmstad_ws/models/obb/experiments/sam3_hybrid_full/runs/predictions/baylands-leader-v9-fuller/baylands_sam3_obb_super_75_15_10_test_all
parkinglot_west_v1_frame_000220_303652000000,matched,1,1,1,0.881321,0.881321,0.910761,/home/ruben/halmstad_ws/datasets/final/baylands_sam3_obb_super_75_15_10/images/test/parkinglot_west_v1_frame_000220_303652000000.jpg,/home/ruben/halmstad_ws/models/obb/experiments/sam3_hybrid_full/runs/predictions/baylands-leader-v9-fuller/baylands_sam3_obb_super_75_15_10_test_all
parkinglot_west_v1_frame_000221_304652000000,matched,1,1,1,1.0,1.0,0.933531,/home/ruben/halmstad_ws/datasets/final/baylands_sam3_obb_super_75_15_10/images/test/parkinglot_west_v1_frame_000221_304652000000.jpg,/home/ruben/halmstad_ws/models/obb/experiments/sam3_hybrid_full/runs/predictions/baylands-leader-v9-fuller/baylands_sam3_obb_super_75_15_10_test_all
parkinglot_west_v1_frame_000225_308700000000,matched,1,1,1,0.917952,0.917952,0.846079,/home/ruben/halmstad_ws/datasets/final/baylands_sam3_obb_super_75_15_10/images/test/parkinglot_west_v1_frame_000225_308700000000.jpg,/home/ruben/halmstad_ws/models/obb/experiments/sam3_hybrid_full/runs/predictions/baylands-leader-v9-fuller/baylands_sam3_obb_super_75_15_10_test_all
parkinglot_west_v1_frame_000226_309752000000,matched,1,1,1,0.906712,0.906712,0.927528,/home/ruben/halmstad_ws/datasets/final/baylands_sam3_obb_super_75_15_10/images/test/parkinglot_west_v1_frame_000226_309752000000.jpg,/home/ruben/halmstad_ws/models/obb/experiments/sam3_hybrid_full/runs/predictions/baylands-leader-v9-fuller/baylands_sam3_obb_super_75_15_10_test_all
parkinglot_west_v2_frame_000139_228252000000,matched,1,1,1,0.840282,0.840282,0.891194,/home/ruben/halmstad_ws/datasets/final/baylands_sam3_obb_super_75_15_10/images/test/parkinglot_west_v2_frame_000139_228252000000.jpg,/home/ruben/halmstad_ws/models/obb/experiments/sam3_hybrid_full/runs/predictions/baylands-leader-v9-fuller/baylands_sam3_obb_super_75_15_10_test_all
parkinglot_west_v2_frame_000153_242352000000,matched,1,1,1,0.822861,0.822861,0.86955,/home/ruben/halmstad_ws/datasets/final/baylands_sam3_obb_super_75_15_10/images/test/parkinglot_west_v2_frame_000153_242352000000.jpg,/home/ruben/halmstad_ws/models/obb/experiments/sam3_hybrid_full/runs/predictions/baylands-leader-v9-fuller/baylands_sam3_obb_super_75_15_10_test_all
parkinglot_west_v2_frame_000154_243352000000,matched,1,1,1,0.796192,0.796192,0.869754,/home/ruben/halmstad_ws/datasets/final/baylands_sam3_obb_super_75_15_10/images/test/parkinglot_west_v2_frame_000154_243352000000.jpg,/home/ruben/halmstad_ws/models/obb/experiments/sam3_hybrid_full/runs/predictions/baylands-leader-v9-fuller/baylands_sam3_obb_super_75_15_10_test_all
parkinglot_west_v2_frame_000155_244352000000,matched,1,1,1,0.737159,0.737159,0.91734,/home/ruben/halmstad_ws/datasets/final/baylands_sam3_obb_super_75_15_10/images/test/parkinglot_west_v2_frame_000155_244352000000.jpg,/home/ruben/halmstad_ws/models/obb/experiments/sam3_hybrid_full/runs/predictions/baylands-leader-v9-fuller/baylands_sam3_obb_super_75_15_10_test_all
parkinglot_west_v3_frame_000138_229700000000,matched,1,1,1,1.0,1.0,0.897057,/home/ruben/halmstad_ws/datasets/final/baylands_sam3_obb_super_75_15_10/images/test/parkinglot_west_v3_frame_000138_229700000000.jpg,/home/ruben/halmstad_ws/models/obb/experiments/sam3_hybrid_full/runs/predictions/baylands-leader-v9-fuller/baylands_sam3_obb_super_75_15_10_test_all
parkinglot_west_v3_frame_000139_230700000000,matched,1,1,1,0.762625,0.762625,0.924681,/home/ruben/halmstad_ws/datasets/final/baylands_sam3_obb_super_75_15_10/images/test/parkinglot_west_v3_frame_000139_230700000000.jpg,/home/ruben/halmstad_ws/models/obb/experiments/sam3_hybrid_full/runs/predictions/baylands-leader-v9-fuller/baylands_sam3_obb_super_75_15_10_test_all
parkinglot_west_v3_frame_000140_231752000000,matched,1,1,1,0.518461,0.518461,0.919369,/home/ruben/halmstad_ws/datasets/final/baylands_sam3_obb_super_75_15_10/images/test/parkinglot_west_v3_frame_000140_231752000000.jpg,/home/ruben/halmstad_ws/models/obb/experiments/sam3_hybrid_full/runs/predictions/baylands-leader-v9-fuller/baylands_sam3_obb_super_75_15_10_test_all
parkinglot_west_v3_frame_000143_234800000000,matched,1,1,1,0.808944,0.808944,0.929415,/home/ruben/halmstad_ws/datasets/final/baylands_sam3_obb_super_75_15_10/images/test/parkinglot_west_v3_frame_000143_234800000000.jpg,/home/ruben/halmstad_ws/models/obb/experiments/sam3_hybrid_full/runs/predictions/baylands-leader-v9-fuller/baylands_sam3_obb_super_75_15_10_test_all
parkinglot_west_v3_frame_000145_236800000000,matched,1,1,1,0.894517,0.894517,0.934876,/home/ruben/halmstad_ws/datasets/final/baylands_sam3_obb_super_75_15_10/images/test/parkinglot_west_v3_frame_000145_236800000000.jpg,/home/ruben/halmstad_ws/models/obb/experiments/sam3_hybrid_full/runs/predictions/baylands-leader-v9-fuller/baylands_sam3_obb_super_75_15_10_test_all
parkinglot_west_v3_frame_000146_237800000000,matched,1,1,1,0.908158,0.908158,0.927265,/home/ruben/halmstad_ws/datasets/final/baylands_sam3_obb_super_75_15_10/images/test/parkinglot_west_v3_frame_000146_237800000000.jpg,/home/ruben/halmstad_ws/models/obb/experiments/sam3_hybrid_full/runs/predictions/baylands-leader-v9-fuller/baylands_sam3_obb_super_75_15_10_test_all
parkinglot_west_v3_frame_000147_238800000000,matched,1,1,1,0.947063,0.947063,0.923549,/home/ruben/halmstad_ws/datasets/final/baylands_sam3_obb_super_75_15_10/images/test/parkinglot_west_v3_frame_000147_238800000000.jpg,/home/ruben/halmstad_ws/models/obb/experiments/sam3_hybrid_full/runs/predictions/baylands-leader-v9-fuller/baylands_sam3_obb_super_75_15_10_test_all
parkinglot_west_v3_frame_000149_240800000000,matched,1,1,1,0.829591,0.829591,0.921936,/home/ruben/halmstad_ws/datasets/final/baylands_sam3_obb_super_75_15_10/images/test/parkinglot_west_v3_frame_000149_240800000000.jpg,/home/ruben/halmstad_ws/models/obb/experiments/sam3_hybrid_full/runs/predictions/baylands-leader-v9-fuller/baylands_sam3_obb_super_75_15_10_test_all
parkinglot_west_v3_frame_000150_241852000000,matched,1,1,1,0.957202,0.957202,0.914856,/home/ruben/halmstad_ws/datasets/final/baylands_sam3_obb_super_75_15_10/images/test/parkinglot_west_v3_frame_000150_241852000000.jpg,/home/ruben/halmstad_ws/models/obb/experiments/sam3_hybrid_full/runs/predictions/baylands-leader-v9-fuller/baylands_sam3_obb_super_75_15_10_test_all
parkinglot_west_v3_frame_000152_243852000000,matched,1,1,1,0.772745,0.772745,0.918498,/home/ruben/halmstad_ws/datasets/final/baylands_sam3_obb_super_75_15_10/images/test/parkinglot_west_v3_frame_000152_243852000000.jpg,/home/ruben/halmstad_ws/models/obb/experiments/sam3_hybrid_full/runs/predictions/baylands-leader-v9-fuller/baylands_sam3_obb_super_75_15_10_test_all
parkinglot_west_v3_frame_000198_290200000000,matched,1,1,1,0.878939,0.878939,0.925069,/home/ruben/halmstad_ws/datasets/final/baylands_sam3_obb_super_75_15_10/images/test/parkinglot_west_v3_frame_000198_290200000000.jpg,/home/ruben/halmstad_ws/models/obb/experiments/sam3_hybrid_full/runs/predictions/baylands-leader-v9-fuller/baylands_sam3_obb_super_75_15_10_test_all
parkinglot_west_v3_frame_000199_291252000000,matched,1,1,1,0.925783,0.925783,0.947339,/home/ruben/halmstad_ws/datasets/final/baylands_sam3_obb_super_75_15_10/images/test/parkinglot_west_v3_frame_000199_291252000000.jpg,/home/ruben/halmstad_ws/models/obb/experiments/sam3_hybrid_full/runs/predictions/baylands-leader-v9-fuller/baylands_sam3_obb_super_75_15_10_test_all
parkinglot_west_v3_frame_000200_292200000000,matched,1,1,1,0.927313,0.927313,0.944279,/home/ruben/halmstad_ws/datasets/final/baylands_sam3_obb_super_75_15_10/images/test/parkinglot_west_v3_frame_000200_292200000000.jpg,/home/ruben/halmstad_ws/models/obb/experiments/sam3_hybrid_full/runs/predictions/baylands-leader-v9-fuller/baylands_sam3_obb_super_75_15_10_test_all
parkinglot_west_v3_frame_000202_294252000000,matched,1,1,1,0.868336,0.868336,0.935825,/home/ruben/halmstad_ws/datasets/final/baylands_sam3_obb_super_75_15_10/images/test/parkinglot_west_v3_frame_000202_294252000000.jpg,/home/ruben/halmstad_ws/models/obb/experiments/sam3_hybrid_full/runs/predictions/baylands-leader-v9-fuller/baylands_sam3_obb_super_75_15_10_test_all
parkinglot_west_v3_frame_000203_295252000000,matched,1,1,1,0.947435,0.947435,0.931334,/home/ruben/halmstad_ws/datasets/final/baylands_sam3_obb_super_75_15_10/images/test/parkinglot_west_v3_frame_000203_295252000000.jpg,/home/ruben/halmstad_ws/models/obb/experiments/sam3_hybrid_full/runs/predictions/baylands-leader-v9-fuller/baylands_sam3_obb_super_75_15_10_test_all
parkinglot_west_v3_frame_000205_297252000000,matched,1,1,1,0.382785,0.382785,0.933373,/home/ruben/halmstad_ws/datasets/final/baylands_sam3_obb_super_75_15_10/images/test/parkinglot_west_v3_frame_000205_297252000000.jpg,/home/ruben/halmstad_ws/models/obb/experiments/sam3_hybrid_full/runs/predictions/baylands-leader-v9-fuller/baylands_sam3_obb_super_75_15_10_test_all
parkinglot_west_v3_frame_000206_298252000000,matched,1,1,1,0.962907,0.962907,0.927301,/home/ruben/halmstad_ws/datasets/final/baylands_sam3_obb_super_75_15_10/images/test/parkinglot_west_v3_frame_000206_298252000000.jpg,/home/ruben/halmstad_ws/models/obb/experiments/sam3_hybrid_full/runs/predictions/baylands-leader-v9-fuller/baylands_sam3_obb_super_75_15_10_test_all
parkinglot_west_v3_frame_000208_300252000000,matched,1,1,1,0.73086,0.73086,0.923302,/home/ruben/halmstad_ws/datasets/final/baylands_sam3_obb_super_75_15_10/images/test/parkinglot_west_v3_frame_000208_300252000000.jpg,/home/ruben/halmstad_ws/models/obb/experiments/sam3_hybrid_full/runs/predictions/baylands-leader-v9-fuller/baylands_sam3_obb_super_75_15_10_test_all
parkinglot_west_v3_frame_000209_301300000000,matched,1,1,1,0.870566,0.870566,0.916965,/home/ruben/halmstad_ws/datasets/final/baylands_sam3_obb_super_75_15_10/images/test/parkinglot_west_v3_frame_000209_301300000000.jpg,/home/ruben/halmstad_ws/models/obb/experiments/sam3_hybrid_full/runs/predictions/baylands-leader-v9-fuller/baylands_sam3_obb_super_75_15_10_test_all
parkinglot_west_v3_frame_000210_302300000000,matched,1,1,1,0.588597,0.588597,0.923782,/home/ruben/halmstad_ws/datasets/final/baylands_sam3_obb_super_75_15_10/images/test/parkinglot_west_v3_frame_000210_302300000000.jpg,/home/ruben/halmstad_ws/models/obb/experiments/sam3_hybrid_full/runs/predictions/baylands-leader-v9-fuller/baylands_sam3_obb_super_75_15_10_test_all
parkinglot_west_v3_frame_000212_304352000000,matched,1,1,1,0.736714,0.736714,0.896004,/home/ruben/halmstad_ws/datasets/final/baylands_sam3_obb_super_75_15_10/images/test/parkinglot_west_v3_frame_000212_304352000000.jpg,/home/ruben/halmstad_ws/models/obb/experiments/sam3_hybrid_full/runs/predictions/baylands-leader-v9-fuller/baylands_sam3_obb_super_75_15_10_test_all
parkinglot_west_v3_frame_000214_306352000000,matched,1,1,1,0.93058,0.93058,0.950238,/home/ruben/halmstad_ws/datasets/final/baylands_sam3_obb_super_75_15_10/images/test/parkinglot_west_v3_frame_000214_306352000000.jpg,/home/ruben/halmstad_ws/models/obb/experiments/sam3_hybrid_full/runs/predictions/baylands-leader-v9-fuller/baylands_sam3_obb_super_75_15_10_test_all
parkinglot_west_v5_frame_000027_225900000000,correct_empty,0,0,0,0.0,0.0,,/home/ruben/halmstad_ws/datasets/final/baylands_sam3_obb_super_75_15_10/images/test/parkinglot_west_v5_frame_000027_225900000000.jpg,/home/ruben/halmstad_ws/models/obb/experiments/sam3_hybrid_full/runs/predictions/baylands-leader-v9-fuller/baylands_sam3_obb_super_75_15_10_test_all
parkinglot_west_v5_frame_000029_233900000000,matched,1,1,1,0.875099,0.875099,0.950804,/home/ruben/halmstad_ws/datasets/final/baylands_sam3_obb_super_75_15_10/images/test/parkinglot_west_v5_frame_000029_233900000000.jpg,/home/ruben/halmstad_ws/models/obb/experiments/sam3_hybrid_full/runs/predictions/baylands-leader-v9-fuller/baylands_sam3_obb_super_75_15_10_test_all
parkinglot_west_v5_frame_000030_237900000000,correct_empty,0,0,0,0.0,0.0,,/home/ruben/halmstad_ws/datasets/final/baylands_sam3_obb_super_75_15_10/images/test/parkinglot_west_v5_frame_000030_237900000000.jpg,/home/ruben/halmstad_ws/models/obb/experiments/sam3_hybrid_full/runs/predictions/baylands-leader-v9-fuller/baylands_sam3_obb_super_75_15_10_test_all
parkinglot_west_v5_frame_000031_241900000000,correct_empty,0,0,0,0.0,0.0,,/home/ruben/halmstad_ws/datasets/final/baylands_sam3_obb_super_75_15_10/images/test/parkinglot_west_v5_frame_000031_241900000000.jpg,/home/ruben/halmstad_ws/models/obb/experiments/sam3_hybrid_full/runs/predictions/baylands-leader-v9-fuller/baylands_sam3_obb_super_75_15_10_test_all
parkinglot_west_v5_frame_000044_294100000000,correct_empty,0,0,0,0.0,0.0,,/home/ruben/halmstad_ws/datasets/final/baylands_sam3_obb_super_75_15_10/images/test/parkinglot_west_v5_frame_000044_294100000000.jpg,/home/ruben/halmstad_ws/models/obb/experiments/sam3_hybrid_full/runs/predictions/baylands-leader-v9-fuller/baylands_sam3_obb_super_75_15_10_test_all
parkinglot_west_v5_frame_000046_302100000000,correct_empty,0,0,0,0.0,0.0,,/home/ruben/halmstad_ws/datasets/final/baylands_sam3_obb_super_75_15_10/images/test/parkinglot_west_v5_frame_000046_302100000000.jpg,/home/ruben/halmstad_ws/models/obb/experiments/sam3_hybrid_full/runs/predictions/baylands-leader-v9-fuller/baylands_sam3_obb_super_75_15_10_test_all
road_to_east_v1_frame_000159_234300000000,matched,1,1,1,0.884893,0.884893,0.910303,/home/ruben/halmstad_ws/datasets/final/baylands_sam3_obb_super_75_15_10/images/test/road_to_east_v1_frame_000159_234300000000.jpg,/home/ruben/halmstad_ws/models/obb/experiments/sam3_hybrid_full/runs/predictions/baylands-leader-v9-fuller/baylands_sam3_obb_super_75_15_10_test_all
road_to_east_v1_frame_000160_235300000000,matched,1,1,1,0.93018,0.93018,0.902535,/home/ruben/halmstad_ws/datasets/final/baylands_sam3_obb_super_75_15_10/images/test/road_to_east_v1_frame_000160_235300000000.jpg,/home/ruben/halmstad_ws/models/obb/experiments/sam3_hybrid_full/runs/predictions/baylands-leader-v9-fuller/baylands_sam3_obb_super_75_15_10_test_all
road_to_east_v1_frame_000161_236300000000,matched,1,1,1,0.886605,0.886605,0.917347,/home/ruben/halmstad_ws/datasets/final/baylands_sam3_obb_super_75_15_10/images/test/road_to_east_v1_frame_000161_236300000000.jpg,/home/ruben/halmstad_ws/models/obb/experiments/sam3_hybrid_full/runs/predictions/baylands-leader-v9-fuller/baylands_sam3_obb_super_75_15_10_test_all
road_to_east_v1_frame_000169_244352000000,matched,1,1,1,0.801977,0.801977,0.898649,/home/ruben/halmstad_ws/datasets/final/baylands_sam3_obb_super_75_15_10/images/test/road_to_east_v1_frame_000169_244352000000.jpg,/home/ruben/halmstad_ws/models/obb/experiments/sam3_hybrid_full/runs/predictions/baylands-leader-v9-fuller/baylands_sam3_obb_super_75_15_10_test_all
road_to_east_v1_frame_000170_245352000000,matched,1,1,1,0.861616,0.861616,0.928733,/home/ruben/halmstad_ws/datasets/final/baylands_sam3_obb_super_75_15_10/images/test/road_to_east_v1_frame_000170_245352000000.jpg,/home/ruben/halmstad_ws/models/obb/experiments/sam3_hybrid_full/runs/predictions/baylands-leader-v9-fuller/baylands_sam3_obb_super_75_15_10_test_all
road_to_east_v1_frame_000172_247400000000,matched,1,1,1,0.831008,0.831008,0.843339,/home/ruben/halmstad_ws/datasets/final/baylands_sam3_obb_super_75_15_10/images/test/road_to_east_v1_frame_000172_247400000000.jpg,/home/ruben/halmstad_ws/models/obb/experiments/sam3_hybrid_full/runs/predictions/baylands-leader-v9-fuller/baylands_sam3_obb_super_75_15_10_test_all
road_to_east_v1_frame_000209_284752000000,matched,1,1,1,0.861787,0.861787,0.851973,/home/ruben/halmstad_ws/datasets/final/baylands_sam3_obb_super_75_15_10/images/test/road_to_east_v1_frame_000209_284752000000.jpg,/home/ruben/halmstad_ws/models/obb/experiments/sam3_hybrid_full/runs/predictions/baylands-leader-v9-fuller/baylands_sam3_obb_super_75_15_10_test_all
road_to_east_v1_frame_000215_291100000000,matched,1,1,1,0.881023,0.881023,0.944405,/home/ruben/halmstad_ws/datasets/final/baylands_sam3_obb_super_75_15_10/images/test/road_to_east_v1_frame_000215_291100000000.jpg,/home/ruben/halmstad_ws/models/obb/experiments/sam3_hybrid_full/runs/predictions/baylands-leader-v9-fuller/baylands_sam3_obb_super_75_15_10_test_all
road_to_east_v1_frame_000216_292100000000,matched,1,1,1,0.806129,0.806129,0.932989,/home/ruben/halmstad_ws/datasets/final/baylands_sam3_obb_super_75_15_10/images/test/road_to_east_v1_frame_000216_292100000000.jpg,/home/ruben/halmstad_ws/models/obb/experiments/sam3_hybrid_full/runs/predictions/baylands-leader-v9-fuller/baylands_sam3_obb_super_75_15_10_test_all
road_to_east_v1_frame_000217_293100000000,matched,1,1,1,0.772339,0.772339,0.8726,/home/ruben/halmstad_ws/datasets/final/baylands_sam3_obb_super_75_15_10/images/test/road_to_east_v1_frame_000217_293100000000.jpg,/home/ruben/halmstad_ws/models/obb/experiments/sam3_hybrid_full/runs/predictions/baylands-leader-v9-fuller/baylands_sam3_obb_super_75_15_10_test_all
road_to_east_v1_frame_000219_295100000000,matched,1,1,1,0.833558,0.833558,0.886722,/home/ruben/halmstad_ws/datasets/final/baylands_sam3_obb_super_75_15_10/images/test/road_to_east_v1_frame_000219_295100000000.jpg,/home/ruben/halmstad_ws/models/obb/experiments/sam3_hybrid_full/runs/predictions/baylands-leader-v9-fuller/baylands_sam3_obb_super_75_15_10_test_all
road_to_east_v1_frame_000224_300152000000,matched,1,1,1,0.617672,0.617672,0.808713,/home/ruben/halmstad_ws/datasets/final/baylands_sam3_obb_super_75_15_10/images/test/road_to_east_v1_frame_000224_300152000000.jpg,/home/ruben/halmstad_ws/models/obb/experiments/sam3_hybrid_full/runs/predictions/baylands-leader-v9-fuller/baylands_sam3_obb_super_75_15_10_test_all
road_to_east_v1_frame_000225_301152000000,matched,1,1,1,0.794183,0.794183,0.866371,/home/ruben/halmstad_ws/datasets/final/baylands_sam3_obb_super_75_15_10/images/test/road_to_east_v1_frame_000225_301152000000.jpg,/home/ruben/halmstad_ws/models/obb/experiments/sam3_hybrid_full/runs/predictions/baylands-leader-v9-fuller/baylands_sam3_obb_super_75_15_10_test_all
road_to_east_v1_frame_000232_308200000000,matched,1,1,1,0.909729,0.909729,0.908674,/home/ruben/halmstad_ws/datasets/final/baylands_sam3_obb_super_75_15_10/images/test/road_to_east_v1_frame_000232_308200000000.jpg,/home/ruben/halmstad_ws/models/obb/experiments/sam3_hybrid_full/runs/predictions/baylands-leader-v9-fuller/baylands_sam3_obb_super_75_15_10_test_all
road_to_east_v1_frame_000233_309200000000,matched,1,1,1,0.864503,0.864503,0.902447,/home/ruben/halmstad_ws/datasets/final/baylands_sam3_obb_super_75_15_10/images/test/road_to_east_v1_frame_000233_309200000000.jpg,/home/ruben/halmstad_ws/models/obb/experiments/sam3_hybrid_full/runs/predictions/baylands-leader-v9-fuller/baylands_sam3_obb_super_75_15_10_test_all
road_to_east_v1_frame_000239_315252000000,matched,1,1,1,0.759969,0.759969,0.940164,/home/ruben/halmstad_ws/datasets/final/baylands_sam3_obb_super_75_15_10/images/test/road_to_east_v1_frame_000239_315252000000.jpg,/home/ruben/halmstad_ws/models/obb/experiments/sam3_hybrid_full/runs/predictions/baylands-leader-v9-fuller/baylands_sam3_obb_super_75_15_10_test_all
road_to_east_v2_frame_000118_236352000000,matched,1,1,1,0.803995,0.803995,0.948787,/home/ruben/halmstad_ws/datasets/final/baylands_sam3_obb_super_75_15_10/images/test/road_to_east_v2_frame_000118_236352000000.jpg,/home/ruben/halmstad_ws/models/obb/experiments/sam3_hybrid_full/runs/predictions/baylands-leader-v9-fuller/baylands_sam3_obb_super_75_15_10_test_all
road_to_east_v2_frame_000119_237400000000,matched,1,1,1,0.891496,0.891496,0.940475,/home/ruben/halmstad_ws/datasets/final/baylands_sam3_obb_super_75_15_10/images/test/road_to_east_v2_frame_000119_237400000000.jpg,/home/ruben/halmstad_ws/models/obb/experiments/sam3_hybrid_full/runs/predictions/baylands-leader-v9-fuller/baylands_sam3_obb_super_75_15_10_test_all
road_to_east_v2_frame_000120_238400000000,matched,1,1,1,0.689157,0.689157,0.943169,/home/ruben/halmstad_ws/datasets/final/baylands_sam3_obb_super_75_15_10/images/test/road_to_east_v2_frame_000120_238400000000.jpg,/home/ruben/halmstad_ws/models/obb/experiments/sam3_hybrid_full/runs/predictions/baylands-leader-v9-fuller/baylands_sam3_obb_super_75_15_10_test_all
road_to_east_v2_frame_000122_240400000000,matched,1,1,1,0.893645,0.893645,0.846703,/home/ruben/halmstad_ws/datasets/final/baylands_sam3_obb_super_75_15_10/images/test/road_to_east_v2_frame_000122_240400000000.jpg,/home/ruben/halmstad_ws/models/obb/experiments/sam3_hybrid_full/runs/predictions/baylands-leader-v9-fuller/baylands_sam3_obb_super_75_15_10_test_all
road_to_east_v2_frame_000123_241400000000,matched,1,1,1,0.640049,0.640049,0.93833,/home/ruben/halmstad_ws/datasets/final/baylands_sam3_obb_super_75_15_10/images/test/road_to_east_v2_frame_000123_241400000000.jpg,/home/ruben/halmstad_ws/models/obb/experiments/sam3_hybrid_full/runs/predictions/baylands-leader-v9-fuller/baylands_sam3_obb_super_75_15_10_test_all
road_to_east_v2_frame_000124_242400000000,matched,1,1,1,0.901385,0.901385,0.949294,/home/ruben/halmstad_ws/datasets/final/baylands_sam3_obb_super_75_15_10/images/test/road_to_east_v2_frame_000124_242400000000.jpg,/home/ruben/halmstad_ws/models/obb/experiments/sam3_hybrid_full/runs/predictions/baylands-leader-v9-fuller/baylands_sam3_obb_super_75_15_10_test_all
road_to_east_v2_frame_000125_243400000000,matched,1,1,1,0.952224,0.952224,0.939584,/home/ruben/halmstad_ws/datasets/final/baylands_sam3_obb_super_75_15_10/images/test/road_to_east_v2_frame_000125_243400000000.jpg,/home/ruben/halmstad_ws/models/obb/experiments/sam3_hybrid_full/runs/predictions/baylands-leader-v9-fuller/baylands_sam3_obb_super_75_15_10_test_all
road_to_east_v2_frame_000129_248000000000,matched,1,1,1,0.841093,0.841093,0.933129,/home/ruben/halmstad_ws/datasets/final/baylands_sam3_obb_super_75_15_10/images/test/road_to_east_v2_frame_000129_248000000000.jpg,/home/ruben/halmstad_ws/models/obb/experiments/sam3_hybrid_full/runs/predictions/baylands-leader-v9-fuller/baylands_sam3_obb_super_75_15_10_test_all
road_to_east_v2_frame_000165_289052000000,matched,1,1,1,0.875258,0.875258,0.894988,/home/ruben/halmstad_ws/datasets/final/baylands_sam3_obb_super_75_15_10/images/test/road_to_east_v2_frame_000165_289052000000.jpg,/home/ruben/halmstad_ws/models/obb/experiments/sam3_hybrid_full/runs/predictions/baylands-leader-v9-fuller/baylands_sam3_obb_super_75_15_10_test_all
road_to_east_v2_frame_000171_295100000000,correct_empty,0,0,0,0.0,0.0,,/home/ruben/halmstad_ws/datasets/final/baylands_sam3_obb_super_75_15_10/images/test/road_to_east_v2_frame_000171_295100000000.jpg,/home/ruben/halmstad_ws/models/obb/experiments/sam3_hybrid_full/runs/predictions/baylands-leader-v9-fuller/baylands_sam3_obb_super_75_15_10_test_all
road_to_east_v2_frame_000175_301652000000,correct_empty,0,0,0,0.0,0.0,,/home/ruben/halmstad_ws/datasets/final/baylands_sam3_obb_super_75_15_10/images/test/road_to_east_v2_frame_000175_301652000000.jpg,/home/ruben/halmstad_ws/models/obb/experiments/sam3_hybrid_full/runs/predictions/baylands-leader-v9-fuller/baylands_sam3_obb_super_75_15_10_test_all
road_to_east_v2_frame_000179_305752000000,matched,1,1,1,0.800211,0.800211,0.868771,/home/ruben/halmstad_ws/datasets/final/baylands_sam3_obb_super_75_15_10/images/test/road_to_east_v2_frame_000179_305752000000.jpg,/home/ruben/halmstad_ws/models/obb/experiments/sam3_hybrid_full/runs/predictions/baylands-leader-v9-fuller/baylands_sam3_obb_super_75_15_10_test_all
road_to_east_v2_frame_000183_310200000000,correct_empty,0,0,0,0.0,0.0,,/home/ruben/halmstad_ws/datasets/final/baylands_sam3_obb_super_75_15_10/images/test/road_to_east_v2_frame_000183_310200000000.jpg,/home/ruben/halmstad_ws/models/obb/experiments/sam3_hybrid_full/runs/predictions/baylands-leader-v9-fuller/baylands_sam3_obb_super_75_15_10_test_all
road_to_east_v2_frame_000185_312252000000,multi_prediction,1,2,1,0.784836,0.784836,0.605154,/home/ruben/halmstad_ws/datasets/final/baylands_sam3_obb_super_75_15_10/images/test/road_to_east_v2_frame_000185_312252000000.jpg,/home/ruben/halmstad_ws/models/obb/experiments/sam3_hybrid_full/runs/predictions/baylands-leader-v9-fuller/baylands_sam3_obb_super_75_15_10_test_all
road_to_east_v2_frame_000187_314252000000,matched,1,1,1,0.65223,0.65223,0.895883,/home/ruben/halmstad_ws/datasets/final/baylands_sam3_obb_super_75_15_10/images/test/road_to_east_v2_frame_000187_314252000000.jpg,/home/ruben/halmstad_ws/models/obb/experiments/sam3_hybrid_full/runs/predictions/baylands-leader-v9-fuller/baylands_sam3_obb_super_75_15_10_test_all
road_to_east_v4_frame_000025_234400000000,matched,1,1,1,0.565744,0.565744,0.812701,/home/ruben/halmstad_ws/datasets/final/baylands_sam3_obb_super_75_15_10/images/test/road_to_east_v4_frame_000025_234400000000.jpg,/home/ruben/halmstad_ws/models/obb/experiments/sam3_hybrid_full/runs/predictions/baylands-leader-v9-fuller/baylands_sam3_obb_super_75_15_10_test_all
road_to_east_v4_frame_000026_238500000000,matched,1,1,1,0.901731,0.901731,0.940328,/home/ruben/halmstad_ws/datasets/final/baylands_sam3_obb_super_75_15_10/images/test/road_to_east_v4_frame_000026_238500000000.jpg,/home/ruben/halmstad_ws/models/obb/experiments/sam3_hybrid_full/runs/predictions/baylands-leader-v9-fuller/baylands_sam3_obb_super_75_15_10_test_all
road_to_east_v4_frame_000027_242500000000,correct_empty,0,0,0,0.0,0.0,,/home/ruben/halmstad_ws/datasets/final/baylands_sam3_obb_super_75_15_10/images/test/road_to_east_v4_frame_000027_242500000000.jpg,/home/ruben/halmstad_ws/models/obb/experiments/sam3_hybrid_full/runs/predictions/baylands-leader-v9-fuller/baylands_sam3_obb_super_75_15_10_test_all
road_to_east_v4_frame_000028_246500000000,matched,1,1,1,0.470767,0.470767,0.82529,/home/ruben/halmstad_ws/datasets/final/baylands_sam3_obb_super_75_15_10/images/test/road_to_east_v4_frame_000028_246500000000.jpg,/home/ruben/halmstad_ws/models/obb/experiments/sam3_hybrid_full/runs/predictions/baylands-leader-v9-fuller/baylands_sam3_obb_super_75_15_10_test_all
road_to_east_v4_frame_000029_250500000000,matched,1,1,1,0.895151,0.895151,0.942807,/home/ruben/halmstad_ws/datasets/final/baylands_sam3_obb_super_75_15_10/images/test/road_to_east_v4_frame_000029_250500000000.jpg,/home/ruben/halmstad_ws/models/obb/experiments/sam3_hybrid_full/runs/predictions/baylands-leader-v9-fuller/baylands_sam3_obb_super_75_15_10_test_all
road_to_east_v4_frame_000038_286600000000,matched,1,1,1,0.907955,0.907955,0.941577,/home/ruben/halmstad_ws/datasets/final/baylands_sam3_obb_super_75_15_10/images/test/road_to_east_v4_frame_000038_286600000000.jpg,/home/ruben/halmstad_ws/models/obb/experiments/sam3_hybrid_full/runs/predictions/baylands-leader-v9-fuller/baylands_sam3_obb_super_75_15_10_test_all
road_to_east_v4_frame_000039_290600000000,matched,1,1,1,0.92254,0.92254,0.949173,/home/ruben/halmstad_ws/datasets/final/baylands_sam3_obb_super_75_15_10/images/test/road_to_east_v4_frame_000039_290600000000.jpg,/home/ruben/halmstad_ws/models/obb/experiments/sam3_hybrid_full/runs/predictions/baylands-leader-v9-fuller/baylands_sam3_obb_super_75_15_10_test_all
road_to_east_v5_frame_000135_237752000000,matched,1,1,1,0.923246,0.923246,0.919587,/home/ruben/halmstad_ws/datasets/final/baylands_sam3_obb_super_75_15_10/images/test/road_to_east_v5_frame_000135_237752000000.jpg,/home/ruben/halmstad_ws/models/obb/experiments/sam3_hybrid_full/runs/predictions/baylands-leader-v9-fuller/baylands_sam3_obb_super_75_15_10_test_all
road_to_east_v5_frame_000136_238752000000,matched,1,1,1,0.936189,0.936189,0.957163,/home/ruben/halmstad_ws/datasets/final/baylands_sam3_obb_super_75_15_10/images/test/road_to_east_v5_frame_000136_238752000000.jpg,/home/ruben/halmstad_ws/models/obb/experiments/sam3_hybrid_full/runs/predictions/baylands-leader-v9-fuller/baylands_sam3_obb_super_75_15_10_test_all
road_to_east_v5_frame_000137_239752000000,matched,1,1,1,0.869777,0.869777,0.954891,/home/ruben/halmstad_ws/datasets/final/baylands_sam3_obb_super_75_15_10/images/test/road_to_east_v5_frame_000137_239752000000.jpg,/home/ruben/halmstad_ws/models/obb/experiments/sam3_hybrid_full/runs/predictions/baylands-leader-v9-fuller/baylands_sam3_obb_super_75_15_10_test_all
road_to_east_v5_frame_000138_240752000000,matched,1,1,1,0.729017,0.729017,0.927873,/home/ruben/halmstad_ws/datasets/final/baylands_sam3_obb_super_75_15_10/images/test/road_to_east_v5_frame_000138_240752000000.jpg,/home/ruben/halmstad_ws/models/obb/experiments/sam3_hybrid_full/runs/predictions/baylands-leader-v9-fuller/baylands_sam3_obb_super_75_15_10_test_all
road_to_east_v5_frame_000144_246800000000,matched,1,1,1,0.563955,0.563955,0.917071,/home/ruben/halmstad_ws/datasets/final/baylands_sam3_obb_super_75_15_10/images/test/road_to_east_v5_frame_000144_246800000000.jpg,/home/ruben/halmstad_ws/models/obb/experiments/sam3_hybrid_full/runs/predictions/baylands-leader-v9-fuller/baylands_sam3_obb_super_75_15_10_test_all
road_to_east_v5_frame_000146_248800000000,matched,1,1,1,0.871199,0.871199,0.938576,/home/ruben/halmstad_ws/datasets/final/baylands_sam3_obb_super_75_15_10/images/test/road_to_east_v5_frame_000146_248800000000.jpg,/home/ruben/halmstad_ws/models/obb/experiments/sam3_hybrid_full/runs/predictions/baylands-leader-v9-fuller/baylands_sam3_obb_super_75_15_10_test_all
road_to_east_v5_frame_000179_286800000000,matched,1,1,1,0.544065,0.544065,0.697318,/home/ruben/halmstad_ws/datasets/final/baylands_sam3_obb_super_75_15_10/images/test/road_to_east_v5_frame_000179_286800000000.jpg,/home/ruben/halmstad_ws/models/obb/experiments/sam3_hybrid_full/runs/predictions/baylands-leader-v9-fuller/baylands_sam3_obb_super_75_15_10_test_all
road_to_east_v5_frame_000180_287800000000,matched,1,1,1,0.926191,0.926191,0.954852,/home/ruben/halmstad_ws/datasets/final/baylands_sam3_obb_super_75_15_10/images/test/road_to_east_v5_frame_000180_287800000000.jpg,/home/ruben/halmstad_ws/models/obb/experiments/sam3_hybrid_full/runs/predictions/baylands-leader-v9-fuller/baylands_sam3_obb_super_75_15_10_test_all
road_to_east_v5_frame_000190_297952000000,matched,1,1,1,0.692721,0.692721,0.914007,/home/ruben/halmstad_ws/datasets/final/baylands_sam3_obb_super_75_15_10/images/test/road_to_east_v5_frame_000190_297952000000.jpg,/home/ruben/halmstad_ws/models/obb/experiments/sam3_hybrid_full/runs/predictions/baylands-leader-v9-fuller/baylands_sam3_obb_super_75_15_10_test_all
road_to_east_v5_frame_000191_298952000000,matched,1,1,1,0.9411,0.9411,0.945176,/home/ruben/halmstad_ws/datasets/final/baylands_sam3_obb_super_75_15_10/images/test/road_to_east_v5_frame_000191_298952000000.jpg,/home/ruben/halmstad_ws/models/obb/experiments/sam3_hybrid_full/runs/predictions/baylands-leader-v9-fuller/baylands_sam3_obb_super_75_15_10_test_all
road_to_east_v5_frame_000199_311400000000,matched,1,1,1,0.633022,0.633022,0.877337,/home/ruben/halmstad_ws/datasets/final/baylands_sam3_obb_super_75_15_10/images/test/road_to_east_v5_frame_000199_311400000000.jpg,/home/ruben/halmstad_ws/models/obb/experiments/sam3_hybrid_full/runs/predictions/baylands-leader-v9-fuller/baylands_sam3_obb_super_75_15_10_test_all
road_to_east_v5_frame_000201_314552000000,matched,1,1,1,0.882346,0.882346,0.913736,/home/ruben/halmstad_ws/datasets/final/baylands_sam3_obb_super_75_15_10/images/test/road_to_east_v5_frame_000201_314552000000.jpg,/home/ruben/halmstad_ws/models/obb/experiments/sam3_hybrid_full/runs/predictions/baylands-leader-v9-fuller/baylands_sam3_obb_super_75_15_10_test_all
road_to_spawn_v1_frame_000114_195300000000,matched,1,1,1,0.950843,0.950843,0.94012,/home/ruben/halmstad_ws/datasets/final/baylands_sam3_obb_super_75_15_10/images/test/road_to_spawn_v1_frame_000114_195300000000.jpg,/home/ruben/halmstad_ws/models/obb/experiments/sam3_hybrid_full/runs/predictions/baylands-leader-v9-fuller/baylands_sam3_obb_super_75_15_10_test_all
road_to_spawn_v1_frame_000118_199300000000,matched,1,1,1,0.543454,0.543454,0.90439,/home/ruben/halmstad_ws/datasets/final/baylands_sam3_obb_super_75_15_10/images/test/road_to_spawn_v1_frame_000118_199300000000.jpg,/home/ruben/halmstad_ws/models/obb/experiments/sam3_hybrid_full/runs/predictions/baylands-leader-v9-fuller/baylands_sam3_obb_super_75_15_10_test_all
road_to_spawn_v1_frame_000119_200300000000,matched,1,1,1,0.378855,0.378855,0.898231,/home/ruben/halmstad_ws/datasets/final/baylands_sam3_obb_super_75_15_10/images/test/road_to_spawn_v1_frame_000119_200300000000.jpg,/home/ruben/halmstad_ws/models/obb/experiments/sam3_hybrid_full/runs/predictions/baylands-leader-v9-fuller/baylands_sam3_obb_super_75_15_10_test_all
road_to_spawn_v1_frame_000120_201300000000,matched,1,1,1,0.665278,0.665278,0.888229,/home/ruben/halmstad_ws/datasets/final/baylands_sam3_obb_super_75_15_10/images/test/road_to_spawn_v1_frame_000120_201300000000.jpg,/home/ruben/halmstad_ws/models/obb/experiments/sam3_hybrid_full/runs/predictions/baylands-leader-v9-fuller/baylands_sam3_obb_super_75_15_10_test_all
road_to_spawn_v1_frame_000122_203352000000,matched,1,1,1,0.868034,0.868034,0.917698,/home/ruben/halmstad_ws/datasets/final/baylands_sam3_obb_super_75_15_10/images/test/road_to_spawn_v1_frame_000122_203352000000.jpg,/home/ruben/halmstad_ws/models/obb/experiments/sam3_hybrid_full/runs/predictions/baylands-leader-v9-fuller/baylands_sam3_obb_super_75_15_10_test_all
road_to_spawn_v2_frame_000020_198100000000,matched,1,1,1,0.885332,0.885332,0.925473,/home/ruben/halmstad_ws/datasets/final/baylands_sam3_obb_super_75_15_10/images/test/road_to_spawn_v2_frame_000020_198100000000.jpg,/home/ruben/halmstad_ws/models/obb/experiments/sam3_hybrid_full/runs/predictions/baylands-leader-v9-fuller/baylands_sam3_obb_super_75_15_10_test_all
road_to_spawn_v2_frame_000021_202100000000,matched,1,1,1,0.924953,0.924953,0.935979,/home/ruben/halmstad_ws/datasets/final/baylands_sam3_obb_super_75_15_10/images/test/road_to_spawn_v2_frame_000021_202100000000.jpg,/home/ruben/halmstad_ws/models/obb/experiments/sam3_hybrid_full/runs/predictions/baylands-leader-v9-fuller/baylands_sam3_obb_super_75_15_10_test_all
road_to_spawn_v3_frame_000115_196200000000,matched,1,1,1,0.56189,0.56189,0.831939,/home/ruben/halmstad_ws/datasets/final/baylands_sam3_obb_super_75_15_10/images/test/road_to_spawn_v3_frame_000115_196200000000.jpg,/home/ruben/halmstad_ws/models/obb/experiments/sam3_hybrid_full/runs/predictions/baylands-leader-v9-fuller/baylands_sam3_obb_super_75_15_10_test_all
road_to_spawn_v3_frame_000116_197152000000,matched,1,1,1,0.917476,0.917476,0.948654,/home/ruben/halmstad_ws/datasets/final/baylands_sam3_obb_super_75_15_10/images/test/road_to_spawn_v3_frame_000116_197152000000.jpg,/home/ruben/halmstad_ws/models/obb/experiments/sam3_hybrid_full/runs/predictions/baylands-leader-v9-fuller/baylands_sam3_obb_super_75_15_10_test_all
road_to_spawn_v3_frame_000117_198200000000,matched,1,1,1,0.855509,0.855509,0.947972,/home/ruben/halmstad_ws/datasets/final/baylands_sam3_obb_super_75_15_10/images/test/road_to_spawn_v3_frame_000117_198200000000.jpg,/home/ruben/halmstad_ws/models/obb/experiments/sam3_hybrid_full/runs/predictions/baylands-leader-v9-fuller/baylands_sam3_obb_super_75_15_10_test_all
road_to_spawn_v3_frame_000118_199200000000,matched,1,1,1,0.952651,0.952651,0.947649,/home/ruben/halmstad_ws/datasets/final/baylands_sam3_obb_super_75_15_10/images/test/road_to_spawn_v3_frame_000118_199200000000.jpg,/home/ruben/halmstad_ws/models/obb/experiments/sam3_hybrid_full/runs/predictions/baylands-leader-v9-fuller/baylands_sam3_obb_super_75_15_10_test_all
road_to_spawn_v3_frame_000119_200200000000,matched,1,1,1,0.860139,0.860139,0.932629,/home/ruben/halmstad_ws/datasets/final/baylands_sam3_obb_super_75_15_10/images/test/road_to_spawn_v3_frame_000119_200200000000.jpg,/home/ruben/halmstad_ws/models/obb/experiments/sam3_hybrid_full/runs/predictions/baylands-leader-v9-fuller/baylands_sam3_obb_super_75_15_10_test_all
road_to_spawn_v3_frame_000120_201200000000,matched,1,1,1,0.895712,0.895712,0.930561,/home/ruben/halmstad_ws/datasets/final/baylands_sam3_obb_super_75_15_10/images/test/road_to_spawn_v3_frame_000120_201200000000.jpg,/home/ruben/halmstad_ws/models/obb/experiments/sam3_hybrid_full/runs/predictions/baylands-leader-v9-fuller/baylands_sam3_obb_super_75_15_10_test_all
road_to_spawn_v3_frame_000122_203252000000,matched,1,1,1,0.893908,0.893908,0.896908,/home/ruben/halmstad_ws/datasets/final/baylands_sam3_obb_super_75_15_10/images/test/road_to_spawn_v3_frame_000122_203252000000.jpg,/home/ruben/halmstad_ws/models/obb/experiments/sam3_hybrid_full/runs/predictions/baylands-leader-v9-fuller/baylands_sam3_obb_super_75_15_10_test_all
road_to_spawn_v3_frame_000125_206252000000,matched,1,1,1,0.803116,0.803116,0.89708,/home/ruben/halmstad_ws/datasets/final/baylands_sam3_obb_super_75_15_10/images/test/road_to_spawn_v3_frame_000125_206252000000.jpg,/home/ruben/halmstad_ws/models/obb/experiments/sam3_hybrid_full/runs/predictions/baylands-leader-v9-fuller/baylands_sam3_obb_super_75_15_10_test_all
road_to_spawn_v3_frame_000126_207300000000,matched,1,1,1,0.812523,0.812523,0.922436,/home/ruben/halmstad_ws/datasets/final/baylands_sam3_obb_super_75_15_10/images/test/road_to_spawn_v3_frame_000126_207300000000.jpg,/home/ruben/halmstad_ws/models/obb/experiments/sam3_hybrid_full/runs/predictions/baylands-leader-v9-fuller/baylands_sam3_obb_super_75_15_10_test_all
road_to_spawn_v5_frame_000128_195500000000,matched,1,1,1,0.931887,0.931887,0.960804,/home/ruben/halmstad_ws/datasets/final/baylands_sam3_obb_super_75_15_10/images/test/road_to_spawn_v5_frame_000128_195500000000.jpg,/home/ruben/halmstad_ws/models/obb/experiments/sam3_hybrid_full/runs/predictions/baylands-leader-v9-fuller/baylands_sam3_obb_super_75_15_10_test_all
road_to_spawn_v5_frame_000129_196500000000,matched,1,1,1,0.920037,0.920037,0.956043,/home/ruben/halmstad_ws/datasets/final/baylands_sam3_obb_super_75_15_10/images/test/road_to_spawn_v5_frame_000129_196500000000.jpg,/home/ruben/halmstad_ws/models/obb/experiments/sam3_hybrid_full/runs/predictions/baylands-leader-v9-fuller/baylands_sam3_obb_super_75_15_10_test_all
road_to_spawn_v5_frame_000130_197500000000,matched,1,1,1,0.873498,0.873498,0.949675,/home/ruben/halmstad_ws/datasets/final/baylands_sam3_obb_super_75_15_10/images/test/road_to_spawn_v5_frame_000130_197500000000.jpg,/home/ruben/halmstad_ws/models/obb/experiments/sam3_hybrid_full/runs/predictions/baylands-leader-v9-fuller/baylands_sam3_obb_super_75_15_10_test_all
road_to_spawn_v5_frame_000133_200552000000,matched,1,1,1,0.914413,0.914413,0.959232,/home/ruben/halmstad_ws/datasets/final/baylands_sam3_obb_super_75_15_10/images/test/road_to_spawn_v5_frame_000133_200552000000.jpg,/home/ruben/halmstad_ws/models/obb/experiments/sam3_hybrid_full/runs/predictions/baylands-leader-v9-fuller/baylands_sam3_obb_super_75_15_10_test_all
road_to_spawn_v5_frame_000134_201552000000,matched,1,1,1,0.889099,0.889099,0.960164,/home/ruben/halmstad_ws/datasets/final/baylands_sam3_obb_super_75_15_10/images/test/road_to_spawn_v5_frame_000134_201552000000.jpg,/home/ruben/halmstad_ws/models/obb/experiments/sam3_hybrid_full/runs/predictions/baylands-leader-v9-fuller/baylands_sam3_obb_super_75_15_10_test_all
road_to_spawn_v5_frame_000135_202552000000,matched,1,1,1,0.953964,0.953964,0.955598,/home/ruben/halmstad_ws/datasets/final/baylands_sam3_obb_super_75_15_10/images/test/road_to_spawn_v5_frame_000135_202552000000.jpg,/home/ruben/halmstad_ws/models/obb/experiments/sam3_hybrid_full/runs/predictions/baylands-leader-v9-fuller/baylands_sam3_obb_super_75_15_10_test_all
road_to_spawn_v5_frame_000136_203600000000,matched,1,1,1,0.972635,0.972635,0.94436,/home/ruben/halmstad_ws/datasets/final/baylands_sam3_obb_super_75_15_10/images/test/road_to_spawn_v5_frame_000136_203600000000.jpg,/home/ruben/halmstad_ws/models/obb/experiments/sam3_hybrid_full/runs/predictions/baylands-leader-v9-fuller/baylands_sam3_obb_super_75_15_10_test_all
road_to_spawn_v5_frame_000138_205600000000,matched,1,1,1,0.924192,0.924192,0.953676,/home/ruben/halmstad_ws/datasets/final/baylands_sam3_obb_super_75_15_10/images/test/road_to_spawn_v5_frame_000138_205600000000.jpg,/home/ruben/halmstad_ws/models/obb/experiments/sam3_hybrid_full/runs/predictions/baylands-leader-v9-fuller/baylands_sam3_obb_super_75_15_10_test_all
road_to_spawn_v5_frame_000139_206600000000,matched,1,1,1,0.896599,0.896599,0.760137,/home/ruben/halmstad_ws/datasets/final/baylands_sam3_obb_super_75_15_10/images/test/road_to_spawn_v5_frame_000139_206600000000.jpg,/home/ruben/halmstad_ws/models/obb/experiments/sam3_hybrid_full/runs/predictions/baylands-leader-v9-fuller/baylands_sam3_obb_super_75_15_10_test_all
road_to_strip_v1_frame_000101_273800000000,matched,1,1,1,0.680277,0.680277,0.916055,/home/ruben/halmstad_ws/datasets/final/baylands_sam3_obb_super_75_15_10/images/test/road_to_strip_v1_frame_000101_273800000000.jpg,/home/ruben/halmstad_ws/models/obb/experiments/sam3_hybrid_full/runs/predictions/baylands-leader-v9-fuller/baylands_sam3_obb_super_75_15_10_test_all
road_to_strip_v1_frame_000119_291952000000,matched,1,1,1,0.895473,0.895473,0.935927,/home/ruben/halmstad_ws/datasets/final/baylands_sam3_obb_super_75_15_10/images/test/road_to_strip_v1_frame_000119_291952000000.jpg,/home/ruben/halmstad_ws/models/obb/experiments/sam3_hybrid_full/runs/predictions/baylands-leader-v9-fuller/baylands_sam3_obb_super_75_15_10_test_all
road_to_strip_v1_frame_000120_293000000000,matched,1,1,1,0.702417,0.702417,0.92845,/home/ruben/halmstad_ws/datasets/final/baylands_sam3_obb_super_75_15_10/images/test/road_to_strip_v1_frame_000120_293000000000.jpg,/home/ruben/halmstad_ws/models/obb/experiments/sam3_hybrid_full/runs/predictions/baylands-leader-v9-fuller/baylands_sam3_obb_super_75_15_10_test_all
road_to_strip_v1_frame_000122_295000000000,matched,1,1,1,0.660883,0.660883,0.922947,/home/ruben/halmstad_ws/datasets/final/baylands_sam3_obb_super_75_15_10/images/test/road_to_strip_v1_frame_000122_295000000000.jpg,/home/ruben/halmstad_ws/models/obb/experiments/sam3_hybrid_full/runs/predictions/baylands-leader-v9-fuller/baylands_sam3_obb_super_75_15_10_test_all
road_to_strip_v1_frame_000123_296000000000,matched,1,1,1,0.763256,0.763256,0.91025,/home/ruben/halmstad_ws/datasets/final/baylands_sam3_obb_super_75_15_10/images/test/road_to_strip_v1_frame_000123_296000000000.jpg,/home/ruben/halmstad_ws/models/obb/experiments/sam3_hybrid_full/runs/predictions/baylands-leader-v9-fuller/baylands_sam3_obb_super_75_15_10_test_all
road_to_strip_v1_frame_000124_297000000000,matched,1,1,1,0.928592,0.928592,0.908103,/home/ruben/halmstad_ws/datasets/final/baylands_sam3_obb_super_75_15_10/images/test/road_to_strip_v1_frame_000124_297000000000.jpg,/home/ruben/halmstad_ws/models/obb/experiments/sam3_hybrid_full/runs/predictions/baylands-leader-v9-fuller/baylands_sam3_obb_super_75_15_10_test_all
road_to_strip_v2_frame_000083_145452000000,matched,1,1,1,0.95277,0.95277,0.952807,/home/ruben/halmstad_ws/datasets/final/baylands_sam3_obb_super_75_15_10/images/test/road_to_strip_v2_frame_000083_145452000000.jpg,/home/ruben/halmstad_ws/models/obb/experiments/sam3_hybrid_full/runs/predictions/baylands-leader-v9-fuller/baylands_sam3_obb_super_75_15_10_test_all
road_to_strip_v2_frame_000084_146452000000,matched,1,1,1,0.930236,0.930236,0.962105,/home/ruben/halmstad_ws/datasets/final/baylands_sam3_obb_super_75_15_10/images/test/road_to_strip_v2_frame_000084_146452000000.jpg,/home/ruben/halmstad_ws/models/obb/experiments/sam3_hybrid_full/runs/predictions/baylands-leader-v9-fuller/baylands_sam3_obb_super_75_15_10_test_all
road_to_strip_v2_frame_000085_147452000000,matched,1,1,1,0.692578,0.692578,0.936506,/home/ruben/halmstad_ws/datasets/final/baylands_sam3_obb_super_75_15_10/images/test/road_to_strip_v2_frame_000085_147452000000.jpg,/home/ruben/halmstad_ws/models/obb/experiments/sam3_hybrid_full/runs/predictions/baylands-leader-v9-fuller/baylands_sam3_obb_super_75_15_10_test_all
road_to_strip_v2_frame_000086_148452000000,matched,1,1,1,0.93853,0.93853,0.949478,/home/ruben/halmstad_ws/datasets/final/baylands_sam3_obb_super_75_15_10/images/test/road_to_strip_v2_frame_000086_148452000000.jpg,/home/ruben/halmstad_ws/models/obb/experiments/sam3_hybrid_full/runs/predictions/baylands-leader-v9-fuller/baylands_sam3_obb_super_75_15_10_test_all
road_to_strip_v2_frame_000087_149452000000,matched,1,1,1,0.879475,0.879475,0.923121,/home/ruben/halmstad_ws/datasets/final/baylands_sam3_obb_super_75_15_10/images/test/road_to_strip_v2_frame_000087_149452000000.jpg,/home/ruben/halmstad_ws/models/obb/experiments/sam3_hybrid_full/runs/predictions/baylands-leader-v9-fuller/baylands_sam3_obb_super_75_15_10_test_all
road_to_strip_v2_frame_000088_150500000000,matched,1,1,1,0.901497,0.901497,0.948594,/home/ruben/halmstad_ws/datasets/final/baylands_sam3_obb_super_75_15_10/images/test/road_to_strip_v2_frame_000088_150500000000.jpg,/home/ruben/halmstad_ws/models/obb/experiments/sam3_hybrid_full/runs/predictions/baylands-leader-v9-fuller/baylands_sam3_obb_super_75_15_10_test_all
road_to_strip_v2_frame_000089_151500000000,matched,1,1,1,0.928668,0.928668,0.946808,/home/ruben/halmstad_ws/datasets/final/baylands_sam3_obb_super_75_15_10/images/test/road_to_strip_v2_frame_000089_151500000000.jpg,/home/ruben/halmstad_ws/models/obb/experiments/sam3_hybrid_full/runs/predictions/baylands-leader-v9-fuller/baylands_sam3_obb_super_75_15_10_test_all
road_to_strip_v2_frame_000090_152552000000,matched,1,1,1,0.90122,0.90122,0.93991,/home/ruben/halmstad_ws/datasets/final/baylands_sam3_obb_super_75_15_10/images/test/road_to_strip_v2_frame_000090_152552000000.jpg,/home/ruben/halmstad_ws/models/obb/experiments/sam3_hybrid_full/runs/predictions/baylands-leader-v9-fuller/baylands_sam3_obb_super_75_15_10_test_all
road_to_strip_v2_frame_000091_153552000000,matched,1,1,1,0.941444,0.941444,0.912256,/home/ruben/halmstad_ws/datasets/final/baylands_sam3_obb_super_75_15_10/images/test/road_to_strip_v2_frame_000091_153552000000.jpg,/home/ruben/halmstad_ws/models/obb/experiments/sam3_hybrid_full/runs/predictions/baylands-leader-v9-fuller/baylands_sam3_obb_super_75_15_10_test_all
road_to_strip_v2_frame_000092_154552000000,correct_empty,0,0,0,0.0,0.0,,/home/ruben/halmstad_ws/datasets/final/baylands_sam3_obb_super_75_15_10/images/test/road_to_strip_v2_frame_000092_154552000000.jpg,/home/ruben/halmstad_ws/models/obb/experiments/sam3_hybrid_full/runs/predictions/baylands-leader-v9-fuller/baylands_sam3_obb_super_75_15_10_test_all
road_to_strip_v2_frame_000093_155552000000,correct_empty,0,0,0,0.0,0.0,,/home/ruben/halmstad_ws/datasets/final/baylands_sam3_obb_super_75_15_10/images/test/road_to_strip_v2_frame_000093_155552000000.jpg,/home/ruben/halmstad_ws/models/obb/experiments/sam3_hybrid_full/runs/predictions/baylands-leader-v9-fuller/baylands_sam3_obb_super_75_15_10_test_all
road_to_strip_v2_frame_000094_156600000000,matched,1,1,1,0.672144,0.672144,0.819038,/home/ruben/halmstad_ws/datasets/final/baylands_sam3_obb_super_75_15_10/images/test/road_to_strip_v2_frame_000094_156600000000.jpg,/home/ruben/halmstad_ws/models/obb/experiments/sam3_hybrid_full/runs/predictions/baylands-leader-v9-fuller/baylands_sam3_obb_super_75_15_10_test_all
road_to_strip_v2_frame_000095_157600000000,correct_empty,0,0,0,0.0,0.0,,/home/ruben/halmstad_ws/datasets/final/baylands_sam3_obb_super_75_15_10/images/test/road_to_strip_v2_frame_000095_157600000000.jpg,/home/ruben/halmstad_ws/models/obb/experiments/sam3_hybrid_full/runs/predictions/baylands-leader-v9-fuller/baylands_sam3_obb_super_75_15_10_test_all
road_to_strip_v2_frame_000096_158600000000,correct_empty,0,0,0,0.0,0.0,,/home/ruben/halmstad_ws/datasets/final/baylands_sam3_obb_super_75_15_10/images/test/road_to_strip_v2_frame_000096_158600000000.jpg,/home/ruben/halmstad_ws/models/obb/experiments/sam3_hybrid_full/runs/predictions/baylands-leader-v9-fuller/baylands_sam3_obb_super_75_15_10_test_all
road_to_strip_v2_frame_000097_159652000000,correct_empty,0,0,0,0.0,0.0,,/home/ruben/halmstad_ws/datasets/final/baylands_sam3_obb_super_75_15_10/images/test/road_to_strip_v2_frame_000097_159652000000.jpg,/home/ruben/halmstad_ws/models/obb/experiments/sam3_hybrid_full/runs/predictions/baylands-leader-v9-fuller/baylands_sam3_obb_super_75_15_10_test_all
road_to_strip_v3_frame_000041_145952000000,matched,1,1,1,0.910936,0.910936,0.938239,/home/ruben/halmstad_ws/datasets/final/baylands_sam3_obb_super_75_15_10/images/test/road_to_strip_v3_frame_000041_145952000000.jpg,/home/ruben/halmstad_ws/models/obb/experiments/sam3_hybrid_full/runs/predictions/baylands-leader-v9-fuller/baylands_sam3_obb_super_75_15_10_test_all
road_to_strip_v3_frame_000047_152000000000,matched,1,1,1,0.90879,0.90879,0.952142,/home/ruben/halmstad_ws/datasets/final/baylands_sam3_obb_super_75_15_10/images/test/road_to_strip_v3_frame_000047_152000000000.jpg,/home/ruben/halmstad_ws/models/obb/experiments/sam3_hybrid_full/runs/predictions/baylands-leader-v9-fuller/baylands_sam3_obb_super_75_15_10_test_all
road_to_strip_v3_frame_000049_154052000000,matched,1,1,1,0.938733,0.938733,0.944773,/home/ruben/halmstad_ws/datasets/final/baylands_sam3_obb_super_75_15_10/images/test/road_to_strip_v3_frame_000049_154052000000.jpg,/home/ruben/halmstad_ws/models/obb/experiments/sam3_hybrid_full/runs/predictions/baylands-leader-v9-fuller/baylands_sam3_obb_super_75_15_10_test_all
road_to_strip_v3_frame_000050_155052000000,matched,1,1,1,0.935475,0.935475,0.95604,/home/ruben/halmstad_ws/datasets/final/baylands_sam3_obb_super_75_15_10/images/test/road_to_strip_v3_frame_000050_155052000000.jpg,/home/ruben/halmstad_ws/models/obb/experiments/sam3_hybrid_full/runs/predictions/baylands-leader-v9-fuller/baylands_sam3_obb_super_75_15_10_test_all
road_to_strip_v3_frame_000051_156100000000,matched,1,1,1,0.951146,0.951146,0.954268,/home/ruben/halmstad_ws/datasets/final/baylands_sam3_obb_super_75_15_10/images/test/road_to_strip_v3_frame_000051_156100000000.jpg,/home/ruben/halmstad_ws/models/obb/experiments/sam3_hybrid_full/runs/predictions/baylands-leader-v9-fuller/baylands_sam3_obb_super_75_15_10_test_all
road_to_strip_v3_frame_000052_157100000000,matched,1,1,1,0.900739,0.900739,0.94492,/home/ruben/halmstad_ws/datasets/final/baylands_sam3_obb_super_75_15_10/images/test/road_to_strip_v3_frame_000052_157100000000.jpg,/home/ruben/halmstad_ws/models/obb/experiments/sam3_hybrid_full/runs/predictions/baylands-leader-v9-fuller/baylands_sam3_obb_super_75_15_10_test_all
road_to_strip_v3_frame_000053_158100000000,matched,1,1,1,0.896015,0.896015,0.937916,/home/ruben/halmstad_ws/datasets/final/baylands_sam3_obb_super_75_15_10/images/test/road_to_strip_v3_frame_000053_158100000000.jpg,/home/ruben/halmstad_ws/models/obb/experiments/sam3_hybrid_full/runs/predictions/baylands-leader-v9-fuller/baylands_sam3_obb_super_75_15_10_test_all
road_to_strip_v3_frame_000056_161152000000,matched,1,1,1,0.957484,0.957484,0.940483,/home/ruben/halmstad_ws/datasets/final/baylands_sam3_obb_super_75_15_10/images/test/road_to_strip_v3_frame_000056_161152000000.jpg,/home/ruben/halmstad_ws/models/obb/experiments/sam3_hybrid_full/runs/predictions/baylands-leader-v9-fuller/baylands_sam3_obb_super_75_15_10_test_all
road_to_strip_v3_frame_000142_263800000000,matched,1,1,1,0.920562,0.920562,0.957189,/home/ruben/halmstad_ws/datasets/final/baylands_sam3_obb_super_75_15_10/images/test/road_to_strip_v3_frame_000142_263800000000.jpg,/home/ruben/halmstad_ws/models/obb/experiments/sam3_hybrid_full/runs/predictions/baylands-leader-v9-fuller/baylands_sam3_obb_super_75_15_10_test_all
road_to_strip_v3_frame_000143_264800000000,matched,1,1,1,0.930644,0.930644,0.95953,/home/ruben/halmstad_ws/datasets/final/baylands_sam3_obb_super_75_15_10/images/test/road_to_strip_v3_frame_000143_264800000000.jpg,/home/ruben/halmstad_ws/models/obb/experiments/sam3_hybrid_full/runs/predictions/baylands-leader-v9-fuller/baylands_sam3_obb_super_75_15_10_test_all
road_to_strip_v3_frame_000145_266852000000,multi_prediction,1,2,1,0.929276,0.929276,0.957181,/home/ruben/halmstad_ws/datasets/final/baylands_sam3_obb_super_75_15_10/images/test/road_to_strip_v3_frame_000145_266852000000.jpg,/home/ruben/halmstad_ws/models/obb/experiments/sam3_hybrid_full/runs/predictions/baylands-leader-v9-fuller/baylands_sam3_obb_super_75_15_10_test_all
road_to_strip_v3_frame_000147_268852000000,matched,1,1,1,0.878489,0.878489,0.952884,/home/ruben/halmstad_ws/datasets/final/baylands_sam3_obb_super_75_15_10/images/test/road_to_strip_v3_frame_000147_268852000000.jpg,/home/ruben/halmstad_ws/models/obb/experiments/sam3_hybrid_full/runs/predictions/baylands-leader-v9-fuller/baylands_sam3_obb_super_75_15_10_test_all
road_to_strip_v3_frame_000148_269900000000,matched,1,1,1,0.63132,0.63132,0.801326,/home/ruben/halmstad_ws/datasets/final/baylands_sam3_obb_super_75_15_10/images/test/road_to_strip_v3_frame_000148_269900000000.jpg,/home/ruben/halmstad_ws/models/obb/experiments/sam3_hybrid_full/runs/predictions/baylands-leader-v9-fuller/baylands_sam3_obb_super_75_15_10_test_all
road_to_strip_v3_frame_000150_278400000000,matched,1,1,1,0.862698,0.862698,0.925031,/home/ruben/halmstad_ws/datasets/final/baylands_sam3_obb_super_75_15_10/images/test/road_to_strip_v3_frame_000150_278400000000.jpg,/home/ruben/halmstad_ws/models/obb/experiments/sam3_hybrid_full/runs/predictions/baylands-leader-v9-fuller/baylands_sam3_obb_super_75_15_10_test_all
road_to_strip_v3_frame_000152_280400000000,matched,1,1,1,0.921011,0.921011,0.945,/home/ruben/halmstad_ws/datasets/final/baylands_sam3_obb_super_75_15_10/images/test/road_to_strip_v3_frame_000152_280400000000.jpg,/home/ruben/halmstad_ws/models/obb/experiments/sam3_hybrid_full/runs/predictions/baylands-leader-v9-fuller/baylands_sam3_obb_super_75_15_10_test_all
road_to_strip_v3_frame_000153_281452000000,matched,1,1,1,0.758634,0.758634,0.916604,/home/ruben/halmstad_ws/datasets/final/baylands_sam3_obb_super_75_15_10/images/test/road_to_strip_v3_frame_000153_281452000000.jpg,/home/ruben/halmstad_ws/models/obb/experiments/sam3_hybrid_full/runs/predictions/baylands-leader-v9-fuller/baylands_sam3_obb_super_75_15_10_test_all
road_to_strip_v3_frame_000155_283452000000,matched,1,1,1,0.55996,0.55996,0.791025,/home/ruben/halmstad_ws/datasets/final/baylands_sam3_obb_super_75_15_10/images/test/road_to_strip_v3_frame_000155_283452000000.jpg,/home/ruben/halmstad_ws/models/obb/experiments/sam3_hybrid_full/runs/predictions/baylands-leader-v9-fuller/baylands_sam3_obb_super_75_15_10_test_all
road_to_strip_v3_frame_000156_284452000000,matched,1,1,1,0.545996,0.545996,0.903079,/home/ruben/halmstad_ws/datasets/final/baylands_sam3_obb_super_75_15_10/images/test/road_to_strip_v3_frame_000156_284452000000.jpg,/home/ruben/halmstad_ws/models/obb/experiments/sam3_hybrid_full/runs/predictions/baylands-leader-v9-fuller/baylands_sam3_obb_super_75_15_10_test_all
road_to_strip_v3_frame_000157_285452000000,matched,1,1,1,0.923787,0.923787,0.956125,/home/ruben/halmstad_ws/datasets/final/baylands_sam3_obb_super_75_15_10/images/test/road_to_strip_v3_frame_000157_285452000000.jpg,/home/ruben/halmstad_ws/models/obb/experiments/sam3_hybrid_full/runs/predictions/baylands-leader-v9-fuller/baylands_sam3_obb_super_75_15_10_test_all
road_to_strip_v3_frame_000158_286452000000,matched,1,1,1,0.765242,0.765242,0.933853,/home/ruben/halmstad_ws/datasets/final/baylands_sam3_obb_super_75_15_10/images/test/road_to_strip_v3_frame_000158_286452000000.jpg,/home/ruben/halmstad_ws/models/obb/experiments/sam3_hybrid_full/runs/predictions/baylands-leader-v9-fuller/baylands_sam3_obb_super_75_15_10_test_all
road_to_strip_v3_frame_000159_287452000000,matched,1,1,1,0.796083,0.796083,0.895711,/home/ruben/halmstad_ws/datasets/final/baylands_sam3_obb_super_75_15_10/images/test/road_to_strip_v3_frame_000159_287452000000.jpg,/home/ruben/halmstad_ws/models/obb/experiments/sam3_hybrid_full/runs/predictions/baylands-leader-v9-fuller/baylands_sam3_obb_super_75_15_10_test_all
road_to_strip_v3_frame_000160_288452000000,matched,1,1,1,0.821315,0.821315,0.916827,/home/ruben/halmstad_ws/datasets/final/baylands_sam3_obb_super_75_15_10/images/test/road_to_strip_v3_frame_000160_288452000000.jpg,/home/ruben/halmstad_ws/models/obb/experiments/sam3_hybrid_full/runs/predictions/baylands-leader-v9-fuller/baylands_sam3_obb_super_75_15_10_test_all
road_to_strip_v3_frame_000161_289500000000,matched,1,1,1,0.506418,0.506418,0.777394,/home/ruben/halmstad_ws/datasets/final/baylands_sam3_obb_super_75_15_10/images/test/road_to_strip_v3_frame_000161_289500000000.jpg,/home/ruben/halmstad_ws/models/obb/experiments/sam3_hybrid_full/runs/predictions/baylands-leader-v9-fuller/baylands_sam3_obb_super_75_15_10_test_all
road_to_strip_v3_frame_000163_291552000000,matched,1,1,1,0.699761,0.699761,0.887054,/home/ruben/halmstad_ws/datasets/final/baylands_sam3_obb_super_75_15_10/images/test/road_to_strip_v3_frame_000163_291552000000.jpg,/home/ruben/halmstad_ws/models/obb/experiments/sam3_hybrid_full/runs/predictions/baylands-leader-v9-fuller/baylands_sam3_obb_super_75_15_10_test_all
road_to_strip_v3_frame_000164_292552000000,matched,1,1,1,0.888488,0.888488,0.961512,/home/ruben/halmstad_ws/datasets/final/baylands_sam3_obb_super_75_15_10/images/test/road_to_strip_v3_frame_000164_292552000000.jpg,/home/ruben/halmstad_ws/models/obb/experiments/sam3_hybrid_full/runs/predictions/baylands-leader-v9-fuller/baylands_sam3_obb_super_75_15_10_test_all
road_to_strip_v3_frame_000166_294552000000,matched,1,1,1,0.895215,0.895215,0.959825,/home/ruben/halmstad_ws/datasets/final/baylands_sam3_obb_super_75_15_10/images/test/road_to_strip_v3_frame_000166_294552000000.jpg,/home/ruben/halmstad_ws/models/obb/experiments/sam3_hybrid_full/runs/predictions/baylands-leader-v9-fuller/baylands_sam3_obb_super_75_15_10_test_all
road_to_strip_v3_frame_000167_295552000000,matched,1,1,1,0.861089,0.861089,0.953078,/home/ruben/halmstad_ws/datasets/final/baylands_sam3_obb_super_75_15_10/images/test/road_to_strip_v3_frame_000167_295552000000.jpg,/home/ruben/halmstad_ws/models/obb/experiments/sam3_hybrid_full/runs/predictions/baylands-leader-v9-fuller/baylands_sam3_obb_super_75_15_10_test_all
road_to_strip_v4_frame_000022_145300000000,matched,1,1,1,0.835463,0.835463,0.915163,/home/ruben/halmstad_ws/datasets/final/baylands_sam3_obb_super_75_15_10/images/test/road_to_strip_v4_frame_000022_145300000000.jpg,/home/ruben/halmstad_ws/models/obb/experiments/sam3_hybrid_full/runs/predictions/baylands-leader-v9-fuller/baylands_sam3_obb_super_75_15_10_test_all
road_to_strip_v4_frame_000025_157300000000,correct_empty,0,0,0,0.0,0.0,,/home/ruben/halmstad_ws/datasets/final/baylands_sam3_obb_super_75_15_10/images/test/road_to_strip_v4_frame_000025_157300000000.jpg,/home/ruben/halmstad_ws/models/obb/experiments/sam3_hybrid_full/runs/predictions/baylands-leader-v9-fuller/baylands_sam3_obb_super_75_15_10_test_all
road_to_west_v1_frame_000021_119652000000,matched,1,1,1,0.900668,0.900668,0.947105,/home/ruben/halmstad_ws/datasets/final/baylands_sam3_obb_super_75_15_10/images/test/road_to_west_v1_frame_000021_119652000000.jpg,/home/ruben/halmstad_ws/models/obb/experiments/sam3_hybrid_full/runs/predictions/baylands-leader-v9-fuller/baylands_sam3_obb_super_75_15_10_test_all
road_to_west_v1_frame_000023_121652000000,matched,1,1,1,0.877224,0.877224,0.956425,/home/ruben/halmstad_ws/datasets/final/baylands_sam3_obb_super_75_15_10/images/test/road_to_west_v1_frame_000023_121652000000.jpg,/home/ruben/halmstad_ws/models/obb/experiments/sam3_hybrid_full/runs/predictions/baylands-leader-v9-fuller/baylands_sam3_obb_super_75_15_10_test_all
road_to_west_v1_frame_000024_122652000000,matched,1,1,1,0.84939,0.84939,0.919,/home/ruben/halmstad_ws/datasets/final/baylands_sam3_obb_super_75_15_10/images/test/road_to_west_v1_frame_000024_122652000000.jpg,/home/ruben/halmstad_ws/models/obb/experiments/sam3_hybrid_full/runs/predictions/baylands-leader-v9-fuller/baylands_sam3_obb_super_75_15_10_test_all
road_to_west_v1_frame_000029_127700000000,matched,1,1,1,0.710829,0.710829,0.891159,/home/ruben/halmstad_ws/datasets/final/baylands_sam3_obb_super_75_15_10/images/test/road_to_west_v1_frame_000029_127700000000.jpg,/home/ruben/halmstad_ws/models/obb/experiments/sam3_hybrid_full/runs/predictions/baylands-leader-v9-fuller/baylands_sam3_obb_super_75_15_10_test_all
road_to_west_v1_frame_000030_128700000000,matched,1,1,1,0.879895,0.879895,0.868215,/home/ruben/halmstad_ws/datasets/final/baylands_sam3_obb_super_75_15_10/images/test/road_to_west_v1_frame_000030_128700000000.jpg,/home/ruben/halmstad_ws/models/obb/experiments/sam3_hybrid_full/runs/predictions/baylands-leader-v9-fuller/baylands_sam3_obb_super_75_15_10_test_all
road_to_west_v1_frame_000031_129700000000,matched,1,1,1,0.779535,0.779535,0.89184,/home/ruben/halmstad_ws/datasets/final/baylands_sam3_obb_super_75_15_10/images/test/road_to_west_v1_frame_000031_129700000000.jpg,/home/ruben/halmstad_ws/models/obb/experiments/sam3_hybrid_full/runs/predictions/baylands-leader-v9-fuller/baylands_sam3_obb_super_75_15_10_test_all
road_to_west_v1_frame_000033_131752000000,matched,1,1,1,0.770694,0.770694,0.838823,/home/ruben/halmstad_ws/datasets/final/baylands_sam3_obb_super_75_15_10/images/test/road_to_west_v1_frame_000033_131752000000.jpg,/home/ruben/halmstad_ws/models/obb/experiments/sam3_hybrid_full/runs/predictions/baylands-leader-v9-fuller/baylands_sam3_obb_super_75_15_10_test_all
road_to_west_v1_frame_000034_132752000000,matched,1,1,1,0.869423,0.869423,0.922388,/home/ruben/halmstad_ws/datasets/final/baylands_sam3_obb_super_75_15_10/images/test/road_to_west_v1_frame_000034_132752000000.jpg,/home/ruben/halmstad_ws/models/obb/experiments/sam3_hybrid_full/runs/predictions/baylands-leader-v9-fuller/baylands_sam3_obb_super_75_15_10_test_all
road_to_west_v1_frame_000035_133752000000,matched,1,1,1,0.816563,0.816563,0.914268,/home/ruben/halmstad_ws/datasets/final/baylands_sam3_obb_super_75_15_10/images/test/road_to_west_v1_frame_000035_133752000000.jpg,/home/ruben/halmstad_ws/models/obb/experiments/sam3_hybrid_full/runs/predictions/baylands-leader-v9-fuller/baylands_sam3_obb_super_75_15_10_test_all
road_to_west_v1_frame_000037_135800000000,matched,1,1,1,0.806631,0.806631,0.919136,/home/ruben/halmstad_ws/datasets/final/baylands_sam3_obb_super_75_15_10/images/test/road_to_west_v1_frame_000037_135800000000.jpg,/home/ruben/halmstad_ws/models/obb/experiments/sam3_hybrid_full/runs/predictions/baylands-leader-v9-fuller/baylands_sam3_obb_super_75_15_10_test_all
road_to_west_v1_frame_000039_137800000000,matched,1,1,1,0.876199,0.876199,0.929619,/home/ruben/halmstad_ws/datasets/final/baylands_sam3_obb_super_75_15_10/images/test/road_to_west_v1_frame_000039_137800000000.jpg,/home/ruben/halmstad_ws/models/obb/experiments/sam3_hybrid_full/runs/predictions/baylands-leader-v9-fuller/baylands_sam3_obb_super_75_15_10_test_all
road_to_west_v1_frame_000040_138800000000,matched,1,1,1,0.799626,0.799626,0.923771,/home/ruben/halmstad_ws/datasets/final/baylands_sam3_obb_super_75_15_10/images/test/road_to_west_v1_frame_000040_138800000000.jpg,/home/ruben/halmstad_ws/models/obb/experiments/sam3_hybrid_full/runs/predictions/baylands-leader-v9-fuller/baylands_sam3_obb_super_75_15_10_test_all
road_to_west_v1_frame_000041_139800000000,matched,1,1,1,0.874813,0.874813,0.926811,/home/ruben/halmstad_ws/datasets/final/baylands_sam3_obb_super_75_15_10/images/test/road_to_west_v1_frame_000041_139800000000.jpg,/home/ruben/halmstad_ws/models/obb/experiments/sam3_hybrid_full/runs/predictions/baylands-leader-v9-fuller/baylands_sam3_obb_super_75_15_10_test_all
road_to_west_v1_frame_000043_141800000000,multi_prediction,1,2,1,0.605958,0.605958,0.846275,/home/ruben/halmstad_ws/datasets/final/baylands_sam3_obb_super_75_15_10/images/test/road_to_west_v1_frame_000043_141800000000.jpg,/home/ruben/halmstad_ws/models/obb/experiments/sam3_hybrid_full/runs/predictions/baylands-leader-v9-fuller/baylands_sam3_obb_super_75_15_10_test_all
road_to_west_v1_frame_000046_144800000000,multi_prediction,1,2,1,0.790285,0.790285,0.785269,/home/ruben/halmstad_ws/datasets/final/baylands_sam3_obb_super_75_15_10/images/test/road_to_west_v1_frame_000046_144800000000.jpg,/home/ruben/halmstad_ws/models/obb/experiments/sam3_hybrid_full/runs/predictions/baylands-leader-v9-fuller/baylands_sam3_obb_super_75_15_10_test_all
road_to_west_v2_frame_000058_119700000000,matched,1,1,1,0.880285,0.880285,0.939747,/home/ruben/halmstad_ws/datasets/final/baylands_sam3_obb_super_75_15_10/images/test/road_to_west_v2_frame_000058_119700000000.jpg,/home/ruben/halmstad_ws/models/obb/experiments/sam3_hybrid_full/runs/predictions/baylands-leader-v9-fuller/baylands_sam3_obb_super_75_15_10_test_all
road_to_west_v2_frame_000060_121800000000,matched,1,1,1,0.900425,0.900425,0.944224,/home/ruben/halmstad_ws/datasets/final/baylands_sam3_obb_super_75_15_10/images/test/road_to_west_v2_frame_000060_121800000000.jpg,/home/ruben/halmstad_ws/models/obb/experiments/sam3_hybrid_full/runs/predictions/baylands-leader-v9-fuller/baylands_sam3_obb_super_75_15_10_test_all
road_to_west_v2_frame_000061_122800000000,matched,1,1,1,0.764899,0.764899,0.939283,/home/ruben/halmstad_ws/datasets/final/baylands_sam3_obb_super_75_15_10/images/test/road_to_west_v2_frame_000061_122800000000.jpg,/home/ruben/halmstad_ws/models/obb/experiments/sam3_hybrid_full/runs/predictions/baylands-leader-v9-fuller/baylands_sam3_obb_super_75_15_10_test_all
road_to_west_v2_frame_000067_128800000000,correct_empty,0,0,0,0.0,0.0,,/home/ruben/halmstad_ws/datasets/final/baylands_sam3_obb_super_75_15_10/images/test/road_to_west_v2_frame_000067_128800000000.jpg,/home/ruben/halmstad_ws/models/obb/experiments/sam3_hybrid_full/runs/predictions/baylands-leader-v9-fuller/baylands_sam3_obb_super_75_15_10_test_all
road_to_west_v2_frame_000068_129800000000,matched,1,1,1,0.700401,0.700401,0.838942,/home/ruben/halmstad_ws/datasets/final/baylands_sam3_obb_super_75_15_10/images/test/road_to_west_v2_frame_000068_129800000000.jpg,/home/ruben/halmstad_ws/models/obb/experiments/sam3_hybrid_full/runs/predictions/baylands-leader-v9-fuller/baylands_sam3_obb_super_75_15_10_test_all
road_to_west_v2_frame_000069_130900000000,matched,1,1,1,0.780073,0.780073,0.940094,/home/ruben/halmstad_ws/datasets/final/baylands_sam3_obb_super_75_15_10/images/test/road_to_west_v2_frame_000069_130900000000.jpg,/home/ruben/halmstad_ws/models/obb/experiments/sam3_hybrid_full/runs/predictions/baylands-leader-v9-fuller/baylands_sam3_obb_super_75_15_10_test_all
road_to_west_v2_frame_000070_131900000000,matched,1,1,1,0.928113,0.928113,0.931818,/home/ruben/halmstad_ws/datasets/final/baylands_sam3_obb_super_75_15_10/images/test/road_to_west_v2_frame_000070_131900000000.jpg,/home/ruben/halmstad_ws/models/obb/experiments/sam3_hybrid_full/runs/predictions/baylands-leader-v9-fuller/baylands_sam3_obb_super_75_15_10_test_all
road_to_west_v2_frame_000075_139500000000,matched,1,1,1,0.65982,0.65982,0.869015,/home/ruben/halmstad_ws/datasets/final/baylands_sam3_obb_super_75_15_10/images/test/road_to_west_v2_frame_000075_139500000000.jpg,/home/ruben/halmstad_ws/models/obb/experiments/sam3_hybrid_full/runs/predictions/baylands-leader-v9-fuller/baylands_sam3_obb_super_75_15_10_test_all
road_to_west_v2_frame_000076_140500000000,matched,1,1,1,0.944772,0.944772,0.942966,/home/ruben/halmstad_ws/datasets/final/baylands_sam3_obb_super_75_15_10/images/test/road_to_west_v2_frame_000076_140500000000.jpg,/home/ruben/halmstad_ws/models/obb/experiments/sam3_hybrid_full/runs/predictions/baylands-leader-v9-fuller/baylands_sam3_obb_super_75_15_10_test_all
road_to_west_v2_frame_000077_141500000000,matched,1,1,1,0.649902,0.649902,0.714607,/home/ruben/halmstad_ws/datasets/final/baylands_sam3_obb_super_75_15_10/images/test/road_to_west_v2_frame_000077_141500000000.jpg,/home/ruben/halmstad_ws/models/obb/experiments/sam3_hybrid_full/runs/predictions/baylands-leader-v9-fuller/baylands_sam3_obb_super_75_15_10_test_all
road_to_west_v2_frame_000079_143600000000,matched,1,1,1,0.903474,0.903474,0.942178,/home/ruben/halmstad_ws/datasets/final/baylands_sam3_obb_super_75_15_10/images/test/road_to_west_v2_frame_000079_143600000000.jpg,/home/ruben/halmstad_ws/models/obb/experiments/sam3_hybrid_full/runs/predictions/baylands-leader-v9-fuller/baylands_sam3_obb_super_75_15_10_test_all
road_to_west_v2_frame_000080_144600000000,matched,1,1,1,0.0,0.0,0.934026,/home/ruben/halmstad_ws/datasets/final/baylands_sam3_obb_super_75_15_10/images/test/road_to_west_v2_frame_000080_144600000000.jpg,/home/ruben/halmstad_ws/models/obb/experiments/sam3_hybrid_full/runs/predictions/baylands-leader-v9-fuller/baylands_sam3_obb_super_75_15_10_test_all
road_to_west_v2_frame_000081_145600000000,matched,1,1,1,0.905846,0.905846,0.945325,/home/ruben/halmstad_ws/datasets/final/baylands_sam3_obb_super_75_15_10/images/test/road_to_west_v2_frame_000081_145600000000.jpg,/home/ruben/halmstad_ws/models/obb/experiments/sam3_hybrid_full/runs/predictions/baylands-leader-v9-fuller/baylands_sam3_obb_super_75_15_10_test_all
road_to_west_v4_frame_000022_118700000000,matched,1,1,1,0.114168,0.114168,0.286209,/home/ruben/halmstad_ws/datasets/final/baylands_sam3_obb_super_75_15_10/images/test/road_to_west_v4_frame_000022_118700000000.jpg,/home/ruben/halmstad_ws/models/obb/experiments/sam3_hybrid_full/runs/predictions/baylands-leader-v9-fuller/baylands_sam3_obb_super_75_15_10_test_all
road_to_west_v4_frame_000029_130400000000,false_positive_empty,0,1,0,0.0,0.0,0.376106,/home/ruben/halmstad_ws/datasets/final/baylands_sam3_obb_super_75_15_10/images/test/road_to_west_v4_frame_000029_130400000000.jpg,/home/ruben/halmstad_ws/models/obb/experiments/sam3_hybrid_full/runs/predictions/baylands-leader-v9-fuller/baylands_sam3_obb_super_75_15_10_test_all
road_to_west_v4_frame_000032_137900000000,correct_empty,0,0,0,0.0,0.0,,/home/ruben/halmstad_ws/datasets/final/baylands_sam3_obb_super_75_15_10/images/test/road_to_west_v4_frame_000032_137900000000.jpg,/home/ruben/halmstad_ws/models/obb/experiments/sam3_hybrid_full/runs/predictions/baylands-leader-v9-fuller/baylands_sam3_obb_super_75_15_10_test_all
road_to_west_v4_frame_000033_138900000000,matched,1,1,1,0.842861,0.842861,0.938878,/home/ruben/halmstad_ws/datasets/final/baylands_sam3_obb_super_75_15_10/images/test/road_to_west_v4_frame_000033_138900000000.jpg,/home/ruben/halmstad_ws/models/obb/experiments/sam3_hybrid_full/runs/predictions/baylands-leader-v9-fuller/baylands_sam3_obb_super_75_15_10_test_all
road_to_west_v4_frame_000034_139900000000,matched,1,1,1,0.942172,0.942172,0.924661,/home/ruben/halmstad_ws/datasets/final/baylands_sam3_obb_super_75_15_10/images/test/road_to_west_v4_frame_000034_139900000000.jpg,/home/ruben/halmstad_ws/models/obb/experiments/sam3_hybrid_full/runs/predictions/baylands-leader-v9-fuller/baylands_sam3_obb_super_75_15_10_test_all
road_to_west_v4_frame_000036_141900000000,matched,1,1,1,0.721333,0.721333,0.697021,/home/ruben/halmstad_ws/datasets/final/baylands_sam3_obb_super_75_15_10/images/test/road_to_west_v4_frame_000036_141900000000.jpg,/home/ruben/halmstad_ws/models/obb/experiments/sam3_hybrid_full/runs/predictions/baylands-leader-v9-fuller/baylands_sam3_obb_super_75_15_10_test_all
road_to_west_v6_frame_000046_122752000000,matched,1,1,1,0.987053,0.987053,0.917685,/home/ruben/halmstad_ws/datasets/final/baylands_sam3_obb_super_75_15_10/images/test/road_to_west_v6_frame_000046_122752000000.jpg,/home/ruben/halmstad_ws/models/obb/experiments/sam3_hybrid_full/runs/predictions/baylands-leader-v9-fuller/baylands_sam3_obb_super_75_15_10_test_all
road_to_west_v6_frame_000049_125752000000,matched,1,1,1,0.922995,0.922995,0.915597,/home/ruben/halmstad_ws/datasets/final/baylands_sam3_obb_super_75_15_10/images/test/road_to_west_v6_frame_000049_125752000000.jpg,/home/ruben/halmstad_ws/models/obb/experiments/sam3_hybrid_full/runs/predictions/baylands-leader-v9-fuller/baylands_sam3_obb_super_75_15_10_test_all
road_to_west_v6_frame_000059_135852000000,matched,1,1,1,0.872666,0.872666,0.911258,/home/ruben/halmstad_ws/datasets/final/baylands_sam3_obb_super_75_15_10/images/test/road_to_west_v6_frame_000059_135852000000.jpg,/home/ruben/halmstad_ws/models/obb/experiments/sam3_hybrid_full/runs/predictions/baylands-leader-v9-fuller/baylands_sam3_obb_super_75_15_10_test_all
road_to_west_v6_frame_000060_136900000000,matched,1,1,1,0.945304,0.945304,0.934891,/home/ruben/halmstad_ws/datasets/final/baylands_sam3_obb_super_75_15_10/images/test/road_to_west_v6_frame_000060_136900000000.jpg,/home/ruben/halmstad_ws/models/obb/experiments/sam3_hybrid_full/runs/predictions/baylands-leader-v9-fuller/baylands_sam3_obb_super_75_15_10_test_all
road_to_west_v6_frame_000065_141900000000,matched,1,1,1,0.875677,0.875677,0.899346,/home/ruben/halmstad_ws/datasets/final/baylands_sam3_obb_super_75_15_10/images/test/road_to_west_v6_frame_000065_141900000000.jpg,/home/ruben/halmstad_ws/models/obb/experiments/sam3_hybrid_full/runs/predictions/baylands-leader-v9-fuller/baylands_sam3_obb_super_75_15_10_test_all
road_to_west_v7_frame_000014_119900000000,matched,1,1,1,0.890031,0.890031,0.908702,/home/ruben/halmstad_ws/datasets/final/baylands_sam3_obb_super_75_15_10/images/test/road_to_west_v7_frame_000014_119900000000.jpg,/home/ruben/halmstad_ws/models/obb/experiments/sam3_hybrid_full/runs/predictions/baylands-leader-v9-fuller/baylands_sam3_obb_super_75_15_10_test_all
road_to_west_v7_frame_000015_123900000000,matched,1,1,1,0.934982,0.934982,0.790812,/home/ruben/halmstad_ws/datasets/final/baylands_sam3_obb_super_75_15_10/images/test/road_to_west_v7_frame_000015_123900000000.jpg,/home/ruben/halmstad_ws/models/obb/experiments/sam3_hybrid_full/runs/predictions/baylands-leader-v9-fuller/baylands_sam3_obb_super_75_15_10_test_all
road_to_west_v7_frame_000016_128000000000,matched,1,1,1,0.834556,0.834556,0.727739,/home/ruben/halmstad_ws/datasets/final/baylands_sam3_obb_super_75_15_10/images/test/road_to_west_v7_frame_000016_128000000000.jpg,/home/ruben/halmstad_ws/models/obb/experiments/sam3_hybrid_full/runs/predictions/baylands-leader-v9-fuller/baylands_sam3_obb_super_75_15_10_test_all
road_to_west_v7_frame_000017_131900000000,matched,1,1,1,0.951862,0.951862,0.92082,/home/ruben/halmstad_ws/datasets/final/baylands_sam3_obb_super_75_15_10/images/test/road_to_west_v7_frame_000017_131900000000.jpg,/home/ruben/halmstad_ws/models/obb/experiments/sam3_hybrid_full/runs/predictions/baylands-leader-v9-fuller/baylands_sam3_obb_super_75_15_10_test_all
road_to_west_v7_frame_000019_140000000000,matched,1,1,1,0.777206,0.777206,0.900893,/home/ruben/halmstad_ws/datasets/final/baylands_sam3_obb_super_75_15_10/images/test/road_to_west_v7_frame_000019_140000000000.jpg,/home/ruben/halmstad_ws/models/obb/experiments/sam3_hybrid_full/runs/predictions/baylands-leader-v9-fuller/baylands_sam3_obb_super_75_15_10_test_all
road_to_west_v7_frame_000020_144000000000,matched,1,1,1,0.888671,0.888671,0.902558,/home/ruben/halmstad_ws/datasets/final/baylands_sam3_obb_super_75_15_10/images/test/road_to_west_v7_frame_000020_144000000000.jpg,/home/ruben/halmstad_ws/models/obb/experiments/sam3_hybrid_full/runs/predictions/baylands-leader-v9-fuller/baylands_sam3_obb_super_75_15_10_test_all
road_to_west_v9_frame_000006_120700000000,matched,1,1,1,0.802006,0.802006,0.738029,/home/ruben/halmstad_ws/datasets/final/baylands_sam3_obb_super_75_15_10/images/test/road_to_west_v9_frame_000006_120700000000.jpg,/home/ruben/halmstad_ws/models/obb/experiments/sam3_hybrid_full/runs/predictions/baylands-leader-v9-fuller/baylands_sam3_obb_super_75_15_10_test_all
road_to_west_v9_frame_000007_124700000000,matched,1,1,1,0.593354,0.593354,0.918506,/home/ruben/halmstad_ws/datasets/final/baylands_sam3_obb_super_75_15_10/images/test/road_to_west_v9_frame_000007_124700000000.jpg,/home/ruben/halmstad_ws/models/obb/experiments/sam3_hybrid_full/runs/predictions/baylands-leader-v9-fuller/baylands_sam3_obb_super_75_15_10_test_all
road_to_west_v9_frame_000008_128700000000,matched,1,1,1,0.529778,0.529778,0.854802,/home/ruben/halmstad_ws/datasets/final/baylands_sam3_obb_super_75_15_10/images/test/road_to_west_v9_frame_000008_128700000000.jpg,/home/ruben/halmstad_ws/models/obb/experiments/sam3_hybrid_full/runs/predictions/baylands-leader-v9-fuller/baylands_sam3_obb_super_75_15_10_test_all
road_to_west_v9_frame_000011_140700000000,matched,1,1,1,0.720393,0.720393,0.881628,/home/ruben/halmstad_ws/datasets/final/baylands_sam3_obb_super_75_15_10/images/test/road_to_west_v9_frame_000011_140700000000.jpg,/home/ruben/halmstad_ws/models/obb/experiments/sam3_hybrid_full/runs/predictions/baylands-leader-v9-fuller/baylands_sam3_obb_super_75_15_10_test_all
road_to_west_v9_frame_000012_144700000000,matched,1,1,1,0.708138,0.708138,0.881518,/home/ruben/halmstad_ws/datasets/final/baylands_sam3_obb_super_75_15_10/images/test/road_to_west_v9_frame_000012_144700000000.jpg,/home/ruben/halmstad_ws/models/obb/experiments/sam3_hybrid_full/runs/predictions/baylands-leader-v9-fuller/baylands_sam3_obb_super_75_15_10_test_all
spawn_v1_frame_000049_137400000000,matched,1,1,1,1.0,1.0,0.912896,/home/ruben/halmstad_ws/datasets/final/baylands_sam3_obb_super_75_15_10/images/test/spawn_v1_frame_000049_137400000000.jpg,/home/ruben/halmstad_ws/models/obb/experiments/sam3_hybrid_full/runs/predictions/baylands-leader-v9-fuller/baylands_sam3_obb_super_75_15_10_test_all
spawn_v1_frame_000050_138400000000,matched,1,1,1,0.938362,0.938362,0.958673,/home/ruben/halmstad_ws/datasets/final/baylands_sam3_obb_super_75_15_10/images/test/spawn_v1_frame_000050_138400000000.jpg,/home/ruben/halmstad_ws/models/obb/experiments/sam3_hybrid_full/runs/predictions/baylands-leader-v9-fuller/baylands_sam3_obb_super_75_15_10_test_all
spawn_v1_frame_000054_142452000000,matched,1,1,1,0.863226,0.863226,0.83399,/home/ruben/halmstad_ws/datasets/final/baylands_sam3_obb_super_75_15_10/images/test/spawn_v1_frame_000054_142452000000.jpg,/home/ruben/halmstad_ws/models/obb/experiments/sam3_hybrid_full/runs/predictions/baylands-leader-v9-fuller/baylands_sam3_obb_super_75_15_10_test_all
spawn_v1_frame_000055_143452000000,multi_prediction,1,2,1,0.884729,0.884729,0.735073,/home/ruben/halmstad_ws/datasets/final/baylands_sam3_obb_super_75_15_10/images/test/spawn_v1_frame_000055_143452000000.jpg,/home/ruben/halmstad_ws/models/obb/experiments/sam3_hybrid_full/runs/predictions/baylands-leader-v9-fuller/baylands_sam3_obb_super_75_15_10_test_all
spawn_v1_frame_000062_150452000000,matched,1,1,1,0.688724,0.688724,0.836235,/home/ruben/halmstad_ws/datasets/final/baylands_sam3_obb_super_75_15_10/images/test/spawn_v1_frame_000062_150452000000.jpg,/home/ruben/halmstad_ws/models/obb/experiments/sam3_hybrid_full/runs/predictions/baylands-leader-v9-fuller/baylands_sam3_obb_super_75_15_10_test_all
spawn_v1_frame_000063_151500000000,matched,1,1,1,0.78073,0.78073,0.854594,/home/ruben/halmstad_ws/datasets/final/baylands_sam3_obb_super_75_15_10/images/test/spawn_v1_frame_000063_151500000000.jpg,/home/ruben/halmstad_ws/models/obb/experiments/sam3_hybrid_full/runs/predictions/baylands-leader-v9-fuller/baylands_sam3_obb_super_75_15_10_test_all
spawn_v1_frame_000065_153500000000,matched,1,1,1,0.872996,0.872996,0.912717,/home/ruben/halmstad_ws/datasets/final/baylands_sam3_obb_super_75_15_10/images/test/spawn_v1_frame_000065_153500000000.jpg,/home/ruben/halmstad_ws/models/obb/experiments/sam3_hybrid_full/runs/predictions/baylands-leader-v9-fuller/baylands_sam3_obb_super_75_15_10_test_all
spawn_v1_frame_000148_243700000000,matched,1,1,1,0.724481,0.724481,0.931802,/home/ruben/halmstad_ws/datasets/final/baylands_sam3_obb_super_75_15_10/images/test/spawn_v1_frame_000148_243700000000.jpg,/home/ruben/halmstad_ws/models/obb/experiments/sam3_hybrid_full/runs/predictions/baylands-leader-v9-fuller/baylands_sam3_obb_super_75_15_10_test_all
spawn_v1_frame_000149_244700000000,matched,1,1,1,0.717193,0.717193,0.874546,/home/ruben/halmstad_ws/datasets/final/baylands_sam3_obb_super_75_15_10/images/test/spawn_v1_frame_000149_244700000000.jpg,/home/ruben/halmstad_ws/models/obb/experiments/sam3_hybrid_full/runs/predictions/baylands-leader-v9-fuller/baylands_sam3_obb_super_75_15_10_test_all
spawn_v1_frame_000150_245700000000,matched,1,1,1,0.914291,0.914291,0.944693,/home/ruben/halmstad_ws/datasets/final/baylands_sam3_obb_super_75_15_10/images/test/spawn_v1_frame_000150_245700000000.jpg,/home/ruben/halmstad_ws/models/obb/experiments/sam3_hybrid_full/runs/predictions/baylands-leader-v9-fuller/baylands_sam3_obb_super_75_15_10_test_all
spawn_v1_frame_000151_246700000000,matched,1,1,1,0.937199,0.937199,0.935292,/home/ruben/halmstad_ws/datasets/final/baylands_sam3_obb_super_75_15_10/images/test/spawn_v1_frame_000151_246700000000.jpg,/home/ruben/halmstad_ws/models/obb/experiments/sam3_hybrid_full/runs/predictions/baylands-leader-v9-fuller/baylands_sam3_obb_super_75_15_10_test_all
spawn_v1_frame_000152_247700000000,matched,1,1,1,0.924352,0.924352,0.932695,/home/ruben/halmstad_ws/datasets/final/baylands_sam3_obb_super_75_15_10/images/test/spawn_v1_frame_000152_247700000000.jpg,/home/ruben/halmstad_ws/models/obb/experiments/sam3_hybrid_full/runs/predictions/baylands-leader-v9-fuller/baylands_sam3_obb_super_75_15_10_test_all
spawn_v1_frame_000154_249700000000,matched,1,1,1,0.931082,0.931082,0.943558,/home/ruben/halmstad_ws/datasets/final/baylands_sam3_obb_super_75_15_10/images/test/spawn_v1_frame_000154_249700000000.jpg,/home/ruben/halmstad_ws/models/obb/experiments/sam3_hybrid_full/runs/predictions/baylands-leader-v9-fuller/baylands_sam3_obb_super_75_15_10_test_all
spawn_v1_frame_000156_251752000000,matched,1,1,1,0.759754,0.759754,0.897478,/home/ruben/halmstad_ws/datasets/final/baylands_sam3_obb_super_75_15_10/images/test/spawn_v1_frame_000156_251752000000.jpg,/home/ruben/halmstad_ws/models/obb/experiments/sam3_hybrid_full/runs/predictions/baylands-leader-v9-fuller/baylands_sam3_obb_super_75_15_10_test_all
spawn_v1_frame_000157_252752000000,matched,1,1,1,0.834912,0.834912,0.922821,/home/ruben/halmstad_ws/datasets/final/baylands_sam3_obb_super_75_15_10/images/test/spawn_v1_frame_000157_252752000000.jpg,/home/ruben/halmstad_ws/models/obb/experiments/sam3_hybrid_full/runs/predictions/baylands-leader-v9-fuller/baylands_sam3_obb_super_75_15_10_test_all
spawn_v1_frame_000159_254752000000,matched,1,1,1,0.5731,0.5731,0.919354,/home/ruben/halmstad_ws/datasets/final/baylands_sam3_obb_super_75_15_10/images/test/spawn_v1_frame_000159_254752000000.jpg,/home/ruben/halmstad_ws/models/obb/experiments/sam3_hybrid_full/runs/predictions/baylands-leader-v9-fuller/baylands_sam3_obb_super_75_15_10_test_all
spawn_v1_frame_000160_255752000000,matched,1,1,1,0.807545,0.807545,0.92599,/home/ruben/halmstad_ws/datasets/final/baylands_sam3_obb_super_75_15_10/images/test/spawn_v1_frame_000160_255752000000.jpg,/home/ruben/halmstad_ws/models/obb/experiments/sam3_hybrid_full/runs/predictions/baylands-leader-v9-fuller/baylands_sam3_obb_super_75_15_10_test_all
spawn_v1_frame_000161_256800000000,matched,1,1,1,0.679735,0.679735,0.924774,/home/ruben/halmstad_ws/datasets/final/baylands_sam3_obb_super_75_15_10/images/test/spawn_v1_frame_000161_256800000000.jpg,/home/ruben/halmstad_ws/models/obb/experiments/sam3_hybrid_full/runs/predictions/baylands-leader-v9-fuller/baylands_sam3_obb_super_75_15_10_test_all
spawn_v1_frame_000162_257800000000,matched,1,1,1,0.633331,0.633331,0.910799,/home/ruben/halmstad_ws/datasets/final/baylands_sam3_obb_super_75_15_10/images/test/spawn_v1_frame_000162_257800000000.jpg,/home/ruben/halmstad_ws/models/obb/experiments/sam3_hybrid_full/runs/predictions/baylands-leader-v9-fuller/baylands_sam3_obb_super_75_15_10_test_all
spawn_v1_frame_000163_258800000000,matched,1,1,1,0.833133,0.833133,0.900718,/home/ruben/halmstad_ws/datasets/final/baylands_sam3_obb_super_75_15_10/images/test/spawn_v1_frame_000163_258800000000.jpg,/home/ruben/halmstad_ws/models/obb/experiments/sam3_hybrid_full/runs/predictions/baylands-leader-v9-fuller/baylands_sam3_obb_super_75_15_10_test_all
spawn_v1_frame_000164_259800000000,matched,1,1,1,0.774248,0.774248,0.925282,/home/ruben/halmstad_ws/datasets/final/baylands_sam3_obb_super_75_15_10/images/test/spawn_v1_frame_000164_259800000000.jpg,/home/ruben/halmstad_ws/models/obb/experiments/sam3_hybrid_full/runs/predictions/baylands-leader-v9-fuller/baylands_sam3_obb_super_75_15_10_test_all
spawn_v1_frame_000166_261852000000,matched,1,1,1,0.458241,0.458241,0.87028,/home/ruben/halmstad_ws/datasets/final/baylands_sam3_obb_super_75_15_10/images/test/spawn_v1_frame_000166_261852000000.jpg,/home/ruben/halmstad_ws/models/obb/experiments/sam3_hybrid_full/runs/predictions/baylands-leader-v9-fuller/baylands_sam3_obb_super_75_15_10_test_all
spawn_v2_frame_000062_135652000000,matched,1,1,1,0.917443,0.917443,0.905871,/home/ruben/halmstad_ws/datasets/final/baylands_sam3_obb_super_75_15_10/images/test/spawn_v2_frame_000062_135652000000.jpg,/home/ruben/halmstad_ws/models/obb/experiments/sam3_hybrid_full/runs/predictions/baylands-leader-v9-fuller/baylands_sam3_obb_super_75_15_10_test_all
spawn_v2_frame_000063_136652000000,matched,1,1,1,0.800666,0.800666,0.921103,/home/ruben/halmstad_ws/datasets/final/baylands_sam3_obb_super_75_15_10/images/test/spawn_v2_frame_000063_136652000000.jpg,/home/ruben/halmstad_ws/models/obb/experiments/sam3_hybrid_full/runs/predictions/baylands-leader-v9-fuller/baylands_sam3_obb_super_75_15_10_test_all
spawn_v2_frame_000064_137652000000,matched,1,1,1,0.824999,0.824999,0.90605,/home/ruben/halmstad_ws/datasets/final/baylands_sam3_obb_super_75_15_10/images/test/spawn_v2_frame_000064_137652000000.jpg,/home/ruben/halmstad_ws/models/obb/experiments/sam3_hybrid_full/runs/predictions/baylands-leader-v9-fuller/baylands_sam3_obb_super_75_15_10_test_all
spawn_v2_frame_000066_139652000000,matched,1,1,1,0.925446,0.925446,0.937585,/home/ruben/halmstad_ws/datasets/final/baylands_sam3_obb_super_75_15_10/images/test/spawn_v2_frame_000066_139652000000.jpg,/home/ruben/halmstad_ws/models/obb/experiments/sam3_hybrid_full/runs/predictions/baylands-leader-v9-fuller/baylands_sam3_obb_super_75_15_10_test_all
spawn_v2_frame_000067_140700000000,matched,1,1,1,0.884188,0.884188,0.912171,/home/ruben/halmstad_ws/datasets/final/baylands_sam3_obb_super_75_15_10/images/test/spawn_v2_frame_000067_140700000000.jpg,/home/ruben/halmstad_ws/models/obb/experiments/sam3_hybrid_full/runs/predictions/baylands-leader-v9-fuller/baylands_sam3_obb_super_75_15_10_test_all
spawn_v2_frame_000069_142700000000,matched,1,1,1,0.527138,0.527138,0.918748,/home/ruben/halmstad_ws/datasets/final/baylands_sam3_obb_super_75_15_10/images/test/spawn_v2_frame_000069_142700000000.jpg,/home/ruben/halmstad_ws/models/obb/experiments/sam3_hybrid_full/runs/predictions/baylands-leader-v9-fuller/baylands_sam3_obb_super_75_15_10_test_all
spawn_v2_frame_000070_143652000000,matched,1,1,1,0.943232,0.943232,0.9385,/home/ruben/halmstad_ws/datasets/final/baylands_sam3_obb_super_75_15_10/images/test/spawn_v2_frame_000070_143652000000.jpg,/home/ruben/halmstad_ws/models/obb/experiments/sam3_hybrid_full/runs/predictions/baylands-leader-v9-fuller/baylands_sam3_obb_super_75_15_10_test_all
spawn_v2_frame_000071_144700000000,matched,1,1,1,0.908721,0.908721,0.955171,/home/ruben/halmstad_ws/datasets/final/baylands_sam3_obb_super_75_15_10/images/test/spawn_v2_frame_000071_144700000000.jpg,/home/ruben/halmstad_ws/models/obb/experiments/sam3_hybrid_full/runs/predictions/baylands-leader-v9-fuller/baylands_sam3_obb_super_75_15_10_test_all
spawn_v2_frame_000072_145700000000,matched,1,1,1,0.867561,0.867561,0.844639,/home/ruben/halmstad_ws/datasets/final/baylands_sam3_obb_super_75_15_10/images/test/spawn_v2_frame_000072_145700000000.jpg,/home/ruben/halmstad_ws/models/obb/experiments/sam3_hybrid_full/runs/predictions/baylands-leader-v9-fuller/baylands_sam3_obb_super_75_15_10_test_all
spawn_v2_frame_000073_146700000000,matched,1,1,1,0.932832,0.932832,0.953753,/home/ruben/halmstad_ws/datasets/final/baylands_sam3_obb_super_75_15_10/images/test/spawn_v2_frame_000073_146700000000.jpg,/home/ruben/halmstad_ws/models/obb/experiments/sam3_hybrid_full/runs/predictions/baylands-leader-v9-fuller/baylands_sam3_obb_super_75_15_10_test_all
spawn_v2_frame_000075_148700000000,matched,1,1,1,0.932446,0.932446,0.953589,/home/ruben/halmstad_ws/datasets/final/baylands_sam3_obb_super_75_15_10/images/test/spawn_v2_frame_000075_148700000000.jpg,/home/ruben/halmstad_ws/models/obb/experiments/sam3_hybrid_full/runs/predictions/baylands-leader-v9-fuller/baylands_sam3_obb_super_75_15_10_test_all
spawn_v2_frame_000082_155752000000,matched,1,1,1,0.724838,0.724838,0.853065,/home/ruben/halmstad_ws/datasets/final/baylands_sam3_obb_super_75_15_10/images/test/spawn_v2_frame_000082_155752000000.jpg,/home/ruben/halmstad_ws/models/obb/experiments/sam3_hybrid_full/runs/predictions/baylands-leader-v9-fuller/baylands_sam3_obb_super_75_15_10_test_all
spawn_v2_frame_000169_243600000000,matched,1,1,1,0.854295,0.854295,0.859221,/home/ruben/halmstad_ws/datasets/final/baylands_sam3_obb_super_75_15_10/images/test/spawn_v2_frame_000169_243600000000.jpg,/home/ruben/halmstad_ws/models/obb/experiments/sam3_hybrid_full/runs/predictions/baylands-leader-v9-fuller/baylands_sam3_obb_super_75_15_10_test_all
spawn_v2_frame_000175_249700000000,matched,1,1,1,0.92651,0.92651,0.96015,/home/ruben/halmstad_ws/datasets/final/baylands_sam3_obb_super_75_15_10/images/test/spawn_v2_frame_000175_249700000000.jpg,/home/ruben/halmstad_ws/models/obb/experiments/sam3_hybrid_full/runs/predictions/baylands-leader-v9-fuller/baylands_sam3_obb_super_75_15_10_test_all
spawn_v2_frame_000179_253700000000,matched,1,1,1,0.876985,0.876985,0.95095,/home/ruben/halmstad_ws/datasets/final/baylands_sam3_obb_super_75_15_10/images/test/spawn_v2_frame_000179_253700000000.jpg,/home/ruben/halmstad_ws/models/obb/experiments/sam3_hybrid_full/runs/predictions/baylands-leader-v9-fuller/baylands_sam3_obb_super_75_15_10_test_all
spawn_v2_frame_000182_256700000000,matched,1,1,1,0.909095,0.909095,0.95479,/home/ruben/halmstad_ws/datasets/final/baylands_sam3_obb_super_75_15_10/images/test/spawn_v2_frame_000182_256700000000.jpg,/home/ruben/halmstad_ws/models/obb/experiments/sam3_hybrid_full/runs/predictions/baylands-leader-v9-fuller/baylands_sam3_obb_super_75_15_10_test_all
spawn_v2_frame_000184_258752000000,matched,1,1,1,0.789439,0.789439,0.910325,/home/ruben/halmstad_ws/datasets/final/baylands_sam3_obb_super_75_15_10/images/test/spawn_v2_frame_000184_258752000000.jpg,/home/ruben/halmstad_ws/models/obb/experiments/sam3_hybrid_full/runs/predictions/baylands-leader-v9-fuller/baylands_sam3_obb_super_75_15_10_test_all
spawn_v2_frame_000186_260752000000,matched,1,1,1,0.486182,0.486182,0.908521,/home/ruben/halmstad_ws/datasets/final/baylands_sam3_obb_super_75_15_10/images/test/spawn_v2_frame_000186_260752000000.jpg,/home/ruben/halmstad_ws/models/obb/experiments/sam3_hybrid_full/runs/predictions/baylands-leader-v9-fuller/baylands_sam3_obb_super_75_15_10_test_all
spawn_v2_frame_000187_261752000000,matched,1,1,1,0.733671,0.733671,0.87533,/home/ruben/halmstad_ws/datasets/final/baylands_sam3_obb_super_75_15_10/images/test/spawn_v2_frame_000187_261752000000.jpg,/home/ruben/halmstad_ws/models/obb/experiments/sam3_hybrid_full/runs/predictions/baylands-leader-v9-fuller/baylands_sam3_obb_super_75_15_10_test_all
spawn_v2_frame_000188_262752000000,matched,1,1,1,0.734262,0.734262,0.908944,/home/ruben/halmstad_ws/datasets/final/baylands_sam3_obb_super_75_15_10/images/test/spawn_v2_frame_000188_262752000000.jpg,/home/ruben/halmstad_ws/models/obb/experiments/sam3_hybrid_full/runs/predictions/baylands-leader-v9-fuller/baylands_sam3_obb_super_75_15_10_test_all
spawn_v2_frame_000189_263800000000,matched,1,1,1,0.900449,0.900449,0.883501,/home/ruben/halmstad_ws/datasets/final/baylands_sam3_obb_super_75_15_10/images/test/spawn_v2_frame_000189_263800000000.jpg,/home/ruben/halmstad_ws/models/obb/experiments/sam3_hybrid_full/runs/predictions/baylands-leader-v9-fuller/baylands_sam3_obb_super_75_15_10_test_all
spawn_v3_frame_000011_137200000000,correct_empty,0,0,0,0.0,0.0,,/home/ruben/halmstad_ws/datasets/final/baylands_sam3_obb_super_75_15_10/images/test/spawn_v3_frame_000011_137200000000.jpg,/home/ruben/halmstad_ws/models/obb/experiments/sam3_hybrid_full/runs/predictions/baylands-leader-v9-fuller/baylands_sam3_obb_super_75_15_10_test_all
spawn_v3_frame_000012_141200000000,correct_empty,0,0,0,0.0,0.0,,/home/ruben/halmstad_ws/datasets/final/baylands_sam3_obb_super_75_15_10/images/test/spawn_v3_frame_000012_141200000000.jpg,/home/ruben/halmstad_ws/models/obb/experiments/sam3_hybrid_full/runs/predictions/baylands-leader-v9-fuller/baylands_sam3_obb_super_75_15_10_test_all
spawn_v3_frame_000013_145300000000,matched,1,1,1,0.738016,0.738016,0.916857,/home/ruben/halmstad_ws/datasets/final/baylands_sam3_obb_super_75_15_10/images/test/spawn_v3_frame_000013_145300000000.jpg,/home/ruben/halmstad_ws/models/obb/experiments/sam3_hybrid_full/runs/predictions/baylands-leader-v9-fuller/baylands_sam3_obb_super_75_15_10_test_all
spawn_v3_frame_000014_149300000000,matched,1,1,1,0.578231,0.578231,0.741902,/home/ruben/halmstad_ws/datasets/final/baylands_sam3_obb_super_75_15_10/images/test/spawn_v3_frame_000014_149300000000.jpg,/home/ruben/halmstad_ws/models/obb/experiments/sam3_hybrid_full/runs/predictions/baylands-leader-v9-fuller/baylands_sam3_obb_super_75_15_10_test_all
spawn_v3_frame_000015_153300000000,correct_empty,0,0,0,0.0,0.0,,/home/ruben/halmstad_ws/datasets/final/baylands_sam3_obb_super_75_15_10/images/test/spawn_v3_frame_000015_153300000000.jpg,/home/ruben/halmstad_ws/models/obb/experiments/sam3_hybrid_full/runs/predictions/baylands-leader-v9-fuller/baylands_sam3_obb_super_75_15_10_test_all
spawn_v3_frame_000016_157300000000,correct_empty,0,0,0,0.0,0.0,,/home/ruben/halmstad_ws/datasets/final/baylands_sam3_obb_super_75_15_10/images/test/spawn_v3_frame_000016_157300000000.jpg,/home/ruben/halmstad_ws/models/obb/experiments/sam3_hybrid_full/runs/predictions/baylands-leader-v9-fuller/baylands_sam3_obb_super_75_15_10_test_all
spawn_v3_frame_000038_245500000000,correct_empty,0,0,0,0.0,0.0,,/home/ruben/halmstad_ws/datasets/final/baylands_sam3_obb_super_75_15_10/images/test/spawn_v3_frame_000038_245500000000.jpg,/home/ruben/halmstad_ws/models/obb/experiments/sam3_hybrid_full/runs/predictions/baylands-leader-v9-fuller/baylands_sam3_obb_super_75_15_10_test_all
strip_v1_frame_000009_92400000000,matched,1,1,1,0.869422,0.869422,0.943171,/home/ruben/halmstad_ws/datasets/final/baylands_sam3_obb_super_75_15_10/images/test/strip_v1_frame_000009_92400000000.jpg,/home/ruben/halmstad_ws/models/obb/experiments/sam3_hybrid_full/runs/predictions/baylands-leader-v9-fuller/baylands_sam3_obb_super_75_15_10_test_all
strip_v1_frame_000011_100500000000,matched,1,1,1,0.925103,0.925103,0.891896,/home/ruben/halmstad_ws/datasets/final/baylands_sam3_obb_super_75_15_10/images/test/strip_v1_frame_000011_100500000000.jpg,/home/ruben/halmstad_ws/models/obb/experiments/sam3_hybrid_full/runs/predictions/baylands-leader-v9-fuller/baylands_sam3_obb_super_75_15_10_test_all
strip_v1_frame_000014_112500000000,correct_empty,0,0,0,0.0,0.0,,/home/ruben/halmstad_ws/datasets/final/baylands_sam3_obb_super_75_15_10/images/test/strip_v1_frame_000014_112500000000.jpg,/home/ruben/halmstad_ws/models/obb/experiments/sam3_hybrid_full/runs/predictions/baylands-leader-v9-fuller/baylands_sam3_obb_super_75_15_10_test_all
strip_v1_frame_000029_172700000000,matched,1,1,1,0.79294,0.79294,0.888286,/home/ruben/halmstad_ws/datasets/final/baylands_sam3_obb_super_75_15_10/images/test/strip_v1_frame_000029_172700000000.jpg,/home/ruben/halmstad_ws/models/obb/experiments/sam3_hybrid_full/runs/predictions/baylands-leader-v9-fuller/baylands_sam3_obb_super_75_15_10_test_all
strip_v1_frame_000030_176700000000,matched,1,1,1,0.808879,0.808879,0.90884,/home/ruben/halmstad_ws/datasets/final/baylands_sam3_obb_super_75_15_10/images/test/strip_v1_frame_000030_176700000000.jpg,/home/ruben/halmstad_ws/models/obb/experiments/sam3_hybrid_full/runs/predictions/baylands-leader-v9-fuller/baylands_sam3_obb_super_75_15_10_test_all
strip_v1_frame_000032_184700000000,correct_empty,0,0,0,0.0,0.0,,/home/ruben/halmstad_ws/datasets/final/baylands_sam3_obb_super_75_15_10/images/test/strip_v1_frame_000032_184700000000.jpg,/home/ruben/halmstad_ws/models/obb/experiments/sam3_hybrid_full/runs/predictions/baylands-leader-v9-fuller/baylands_sam3_obb_super_75_15_10_test_all
strip_v2_frame_000004_94800000000,matched,1,1,1,0.844434,0.844434,0.934796,/home/ruben/halmstad_ws/datasets/final/baylands_sam3_obb_super_75_15_10/images/test/strip_v2_frame_000004_94800000000.jpg,/home/ruben/halmstad_ws/models/obb/experiments/sam3_hybrid_full/runs/predictions/baylands-leader-v9-fuller/baylands_sam3_obb_super_75_15_10_test_all
strip_v2_frame_000005_98800000000,matched,1,1,1,0.550852,0.550852,0.600373,/home/ruben/halmstad_ws/datasets/final/baylands_sam3_obb_super_75_15_10/images/test/strip_v2_frame_000005_98800000000.jpg,/home/ruben/halmstad_ws/models/obb/experiments/sam3_hybrid_full/runs/predictions/baylands-leader-v9-fuller/baylands_sam3_obb_super_75_15_10_test_all
strip_v2_frame_000025_178900000000,correct_empty,0,0,0,0.0,0.0,,/home/ruben/halmstad_ws/datasets/final/baylands_sam3_obb_super_75_15_10/images/test/strip_v2_frame_000025_178900000000.jpg,/home/ruben/halmstad_ws/models/obb/experiments/sam3_hybrid_full/runs/predictions/baylands-leader-v9-fuller/baylands_sam3_obb_super_75_15_10_test_all
strip_v2_frame_000026_183000000000,correct_empty,0,0,0,0.0,0.0,,/home/ruben/halmstad_ws/datasets/final/baylands_sam3_obb_super_75_15_10/images/test/strip_v2_frame_000026_183000000000.jpg,/home/ruben/halmstad_ws/models/obb/experiments/sam3_hybrid_full/runs/predictions/baylands-leader-v9-fuller/baylands_sam3_obb_super_75_15_10_test_all
strip_v3_frame_000017_95952000000,matched,1,1,1,0.901941,0.901941,0.938844,/home/ruben/halmstad_ws/datasets/final/baylands_sam3_obb_super_75_15_10/images/test/strip_v3_frame_000017_95952000000.jpg,/home/ruben/halmstad_ws/models/obb/experiments/sam3_hybrid_full/runs/predictions/baylands-leader-v9-fuller/baylands_sam3_obb_super_75_15_10_test_all
strip_v3_frame_000019_98000000000,matched,1,1,1,0.93316,0.93316,0.949774,/home/ruben/halmstad_ws/datasets/final/baylands_sam3_obb_super_75_15_10/images/test/strip_v3_frame_000019_98000000000.jpg,/home/ruben/halmstad_ws/models/obb/experiments/sam3_hybrid_full/runs/predictions/baylands-leader-v9-fuller/baylands_sam3_obb_super_75_15_10_test_all
strip_v3_frame_000020_99000000000,matched,1,1,1,0.973281,0.973281,0.944683,/home/ruben/halmstad_ws/datasets/final/baylands_sam3_obb_super_75_15_10/images/test/strip_v3_frame_000020_99000000000.jpg,/home/ruben/halmstad_ws/models/obb/experiments/sam3_hybrid_full/runs/predictions/baylands-leader-v9-fuller/baylands_sam3_obb_super_75_15_10_test_all
strip_v3_frame_000021_100052000000,matched,1,1,1,0.93783,0.93783,0.943194,/home/ruben/halmstad_ws/datasets/final/baylands_sam3_obb_super_75_15_10/images/test/strip_v3_frame_000021_100052000000.jpg,/home/ruben/halmstad_ws/models/obb/experiments/sam3_hybrid_full/runs/predictions/baylands-leader-v9-fuller/baylands_sam3_obb_super_75_15_10_test_all
strip_v3_frame_000029_108100000000,matched,1,1,1,0.912493,0.912493,0.918304,/home/ruben/halmstad_ws/datasets/final/baylands_sam3_obb_super_75_15_10/images/test/strip_v3_frame_000029_108100000000.jpg,/home/ruben/halmstad_ws/models/obb/experiments/sam3_hybrid_full/runs/predictions/baylands-leader-v9-fuller/baylands_sam3_obb_super_75_15_10_test_all
strip_v3_frame_000083_172852000000,correct_empty,0,0,0,0.0,0.0,,/home/ruben/halmstad_ws/datasets/final/baylands_sam3_obb_super_75_15_10/images/test/strip_v3_frame_000083_172852000000.jpg,/home/ruben/halmstad_ws/models/obb/experiments/sam3_hybrid_full/runs/predictions/baylands-leader-v9-fuller/baylands_sam3_obb_super_75_15_10_test_all
strip_v3_frame_000084_173852000000,matched,1,1,1,0.809508,0.809508,0.911359,/home/ruben/halmstad_ws/datasets/final/baylands_sam3_obb_super_75_15_10/images/test/strip_v3_frame_000084_173852000000.jpg,/home/ruben/halmstad_ws/models/obb/experiments/sam3_hybrid_full/runs/predictions/baylands-leader-v9-fuller/baylands_sam3_obb_super_75_15_10_test_all
strip_v3_frame_000096_185952000000,matched,1,1,1,0.781686,0.781686,0.935442,/home/ruben/halmstad_ws/datasets/final/baylands_sam3_obb_super_75_15_10/images/test/strip_v3_frame_000096_185952000000.jpg,/home/ruben/halmstad_ws/models/obb/experiments/sam3_hybrid_full/runs/predictions/baylands-leader-v9-fuller/baylands_sam3_obb_super_75_15_10_test_all
strip_v3_frame_000097_186952000000,matched,1,1,1,0.957696,0.957696,0.954424,/home/ruben/halmstad_ws/datasets/final/baylands_sam3_obb_super_75_15_10/images/test/strip_v3_frame_000097_186952000000.jpg,/home/ruben/halmstad_ws/models/obb/experiments/sam3_hybrid_full/runs/predictions/baylands-leader-v9-fuller/baylands_sam3_obb_super_75_15_10_test_all
strip_v4_frame_000003_95200000000,matched,1,1,1,0.68614,0.68614,0.869213,/home/ruben/halmstad_ws/datasets/final/baylands_sam3_obb_super_75_15_10/images/test/strip_v4_frame_000003_95200000000.jpg,/home/ruben/halmstad_ws/models/obb/experiments/sam3_hybrid_full/runs/predictions/baylands-leader-v9-fuller/baylands_sam3_obb_super_75_15_10_test_all
strip_v4_frame_000004_99200000000,matched,1,1,1,0.893754,0.893754,0.907336,/home/ruben/halmstad_ws/datasets/final/baylands_sam3_obb_super_75_15_10/images/test/strip_v4_frame_000004_99200000000.jpg,/home/ruben/halmstad_ws/models/obb/experiments/sam3_hybrid_full/runs/predictions/baylands-leader-v9-fuller/baylands_sam3_obb_super_75_15_10_test_all
strip_v4_frame_000005_103200000000,matched,1,1,1,0.847192,0.847192,0.937404,/home/ruben/halmstad_ws/datasets/final/baylands_sam3_obb_super_75_15_10/images/test/strip_v4_frame_000005_103200000000.jpg,/home/ruben/halmstad_ws/models/obb/experiments/sam3_hybrid_full/runs/predictions/baylands-leader-v9-fuller/baylands_sam3_obb_super_75_15_10_test_all
strip_v4_frame_000007_111200000000,matched,1,1,1,0.974057,0.974057,0.937393,/home/ruben/halmstad_ws/datasets/final/baylands_sam3_obb_super_75_15_10/images/test/strip_v4_frame_000007_111200000000.jpg,/home/ruben/halmstad_ws/models/obb/experiments/sam3_hybrid_full/runs/predictions/baylands-leader-v9-fuller/baylands_sam3_obb_super_75_15_10_test_all
strip_v4_frame_000023_175400000000,matched,1,1,1,0.642943,0.642943,0.864921,/home/ruben/halmstad_ws/datasets/final/baylands_sam3_obb_super_75_15_10/images/test/strip_v4_frame_000023_175400000000.jpg,/home/ruben/halmstad_ws/models/obb/experiments/sam3_hybrid_full/runs/predictions/baylands-leader-v9-fuller/baylands_sam3_obb_super_75_15_10_test_all
strip_v4_frame_000024_179400000000,correct_empty,0,0,0,0.0,0.0,,/home/ruben/halmstad_ws/datasets/final/baylands_sam3_obb_super_75_15_10/images/test/strip_v4_frame_000024_179400000000.jpg,/home/ruben/halmstad_ws/models/obb/experiments/sam3_hybrid_full/runs/predictions/baylands-leader-v9-fuller/baylands_sam3_obb_super_75_15_10_test_all
strip_v4_frame_000025_183400000000,matched,1,1,1,0.899152,0.899152,0.933051,/home/ruben/halmstad_ws/datasets/final/baylands_sam3_obb_super_75_15_10/images/test/strip_v4_frame_000025_183400000000.jpg,/home/ruben/halmstad_ws/models/obb/experiments/sam3_hybrid_full/runs/predictions/baylands-leader-v9-fuller/baylands_sam3_obb_super_75_15_10_test_all
strip_v5_frame_000000_110252000000,matched,1,1,1,0.924368,0.924368,0.914834,/home/ruben/halmstad_ws/datasets/final/baylands_sam3_obb_super_75_15_10/images/test/strip_v5_frame_000000_110252000000.jpg,/home/ruben/halmstad_ws/models/obb/experiments/sam3_hybrid_full/runs/predictions/baylands-leader-v9-fuller/baylands_sam3_obb_super_75_15_10_test_all
strip_v5_frame_000004_114252000000,matched,1,1,1,0.94752,0.94752,0.926247,/home/ruben/halmstad_ws/datasets/final/baylands_sam3_obb_super_75_15_10/images/test/strip_v5_frame_000004_114252000000.jpg,/home/ruben/halmstad_ws/models/obb/experiments/sam3_hybrid_full/runs/predictions/baylands-leader-v9-fuller/baylands_sam3_obb_super_75_15_10_test_all
strip_v5_frame_000007_117252000000,matched,1,1,1,0.951801,0.951801,0.932952,/home/ruben/halmstad_ws/datasets/final/baylands_sam3_obb_super_75_15_10/images/test/strip_v5_frame_000007_117252000000.jpg,/home/ruben/halmstad_ws/models/obb/experiments/sam3_hybrid_full/runs/predictions/baylands-leader-v9-fuller/baylands_sam3_obb_super_75_15_10_test_all
strip_v5_frame_000051_171552000000,matched,1,1,1,0.50916,0.50916,0.91905,/home/ruben/halmstad_ws/datasets/final/baylands_sam3_obb_super_75_15_10/images/test/strip_v5_frame_000051_171552000000.jpg,/home/ruben/halmstad_ws/models/obb/experiments/sam3_hybrid_full/runs/predictions/baylands-leader-v9-fuller/baylands_sam3_obb_super_75_15_10_test_all
strip_v5_frame_000052_172600000000,matched,1,1,1,0.794411,0.794411,0.86851,/home/ruben/halmstad_ws/datasets/final/baylands_sam3_obb_super_75_15_10/images/test/strip_v5_frame_000052_172600000000.jpg,/home/ruben/halmstad_ws/models/obb/experiments/sam3_hybrid_full/runs/predictions/baylands-leader-v9-fuller/baylands_sam3_obb_super_75_15_10_test_all
strip_v5_frame_000053_173600000000,matched,1,1,1,0.74352,0.74352,0.917164,/home/ruben/halmstad_ws/datasets/final/baylands_sam3_obb_super_75_15_10/images/test/strip_v5_frame_000053_173600000000.jpg,/home/ruben/halmstad_ws/models/obb/experiments/sam3_hybrid_full/runs/predictions/baylands-leader-v9-fuller/baylands_sam3_obb_super_75_15_10_test_all
strip_v5_frame_000054_174600000000,matched,1,1,1,0.751884,0.751884,0.921152,/home/ruben/halmstad_ws/datasets/final/baylands_sam3_obb_super_75_15_10/images/test/strip_v5_frame_000054_174600000000.jpg,/home/ruben/halmstad_ws/models/obb/experiments/sam3_hybrid_full/runs/predictions/baylands-leader-v9-fuller/baylands_sam3_obb_super_75_15_10_test_all
strip_v5_frame_000056_179552000000,matched,1,1,1,0.930913,0.930913,0.947193,/home/ruben/halmstad_ws/datasets/final/baylands_sam3_obb_super_75_15_10/images/test/strip_v5_frame_000056_179552000000.jpg,/home/ruben/halmstad_ws/models/obb/experiments/sam3_hybrid_full/runs/predictions/baylands-leader-v9-fuller/baylands_sam3_obb_super_75_15_10_test_all
strip_v5_frame_000057_180552000000,matched,1,1,1,0.94978,0.94978,0.94632,/home/ruben/halmstad_ws/datasets/final/baylands_sam3_obb_super_75_15_10/images/test/strip_v5_frame_000057_180552000000.jpg,/home/ruben/halmstad_ws/models/obb/experiments/sam3_hybrid_full/runs/predictions/baylands-leader-v9-fuller/baylands_sam3_obb_super_75_15_10_test_all
strip_v5_frame_000058_181552000000,matched,1,1,1,0.92346,0.92346,0.955449,/home/ruben/halmstad_ws/datasets/final/baylands_sam3_obb_super_75_15_10/images/test/strip_v5_frame_000058_181552000000.jpg,/home/ruben/halmstad_ws/models/obb/experiments/sam3_hybrid_full/runs/predictions/baylands-leader-v9-fuller/baylands_sam3_obb_super_75_15_10_test_all
strip_v5_frame_000059_182552000000,matched,1,1,1,0.950792,0.950792,0.952131,/home/ruben/halmstad_ws/datasets/final/baylands_sam3_obb_super_75_15_10/images/test/strip_v5_frame_000059_182552000000.jpg,/home/ruben/halmstad_ws/models/obb/experiments/sam3_hybrid_full/runs/predictions/baylands-leader-v9-fuller/baylands_sam3_obb_super_75_15_10_test_all
strip_v5_frame_000060_183552000000,matched,1,1,1,0.953703,0.953703,0.955989,/home/ruben/halmstad_ws/datasets/final/baylands_sam3_obb_super_75_15_10/images/test/strip_v5_frame_000060_183552000000.jpg,/home/ruben/halmstad_ws/models/obb/experiments/sam3_hybrid_full/runs/predictions/baylands-leader-v9-fuller/baylands_sam3_obb_super_75_15_10_test_all
strip_v5_frame_000062_185600000000,matched,1,1,1,0.890473,0.890473,0.934087,/home/ruben/halmstad_ws/datasets/final/baylands_sam3_obb_super_75_15_10/images/test/strip_v5_frame_000062_185600000000.jpg,/home/ruben/halmstad_ws/models/obb/experiments/sam3_hybrid_full/runs/predictions/baylands-leader-v9-fuller/baylands_sam3_obb_super_75_15_10_test_all
strip_v5_frame_000063_186600000000,matched,1,1,1,0.884686,0.884686,0.926985,/home/ruben/halmstad_ws/datasets/final/baylands_sam3_obb_super_75_15_10/images/test/strip_v5_frame_000063_186600000000.jpg,/home/ruben/halmstad_ws/models/obb/experiments/sam3_hybrid_full/runs/predictions/baylands-leader-v9-fuller/baylands_sam3_obb_super_75_15_10_test_all
strip_v7_frame_000019_91652000000,matched,1,1,1,0.842903,0.842903,0.940974,/home/ruben/halmstad_ws/datasets/final/baylands_sam3_obb_super_75_15_10/images/test/strip_v7_frame_000019_91652000000.jpg,/home/ruben/halmstad_ws/models/obb/experiments/sam3_hybrid_full/runs/predictions/baylands-leader-v9-fuller/baylands_sam3_obb_super_75_15_10_test_all
strip_v7_frame_000022_94752000000,matched,1,1,1,0.909696,0.909696,0.949968,/home/ruben/halmstad_ws/datasets/final/baylands_sam3_obb_super_75_15_10/images/test/strip_v7_frame_000022_94752000000.jpg,/home/ruben/halmstad_ws/models/obb/experiments/sam3_hybrid_full/runs/predictions/baylands-leader-v9-fuller/baylands_sam3_obb_super_75_15_10_test_all
strip_v7_frame_000027_99800000000,matched,1,1,1,0.927181,0.927181,0.945368,/home/ruben/halmstad_ws/datasets/final/baylands_sam3_obb_super_75_15_10/images/test/strip_v7_frame_000027_99800000000.jpg,/home/ruben/halmstad_ws/models/obb/experiments/sam3_hybrid_full/runs/predictions/baylands-leader-v9-fuller/baylands_sam3_obb_super_75_15_10_test_all
strip_v7_frame_000028_100800000000,matched,1,1,1,0.896973,0.896973,0.956381,/home/ruben/halmstad_ws/datasets/final/baylands_sam3_obb_super_75_15_10/images/test/strip_v7_frame_000028_100800000000.jpg,/home/ruben/halmstad_ws/models/obb/experiments/sam3_hybrid_full/runs/predictions/baylands-leader-v9-fuller/baylands_sam3_obb_super_75_15_10_test_all
strip_v7_frame_000029_101852000000,matched,1,1,1,0.919235,0.919235,0.957275,/home/ruben/halmstad_ws/datasets/final/baylands_sam3_obb_super_75_15_10/images/test/strip_v7_frame_000029_101852000000.jpg,/home/ruben/halmstad_ws/models/obb/experiments/sam3_hybrid_full/runs/predictions/baylands-leader-v9-fuller/baylands_sam3_obb_super_75_15_10_test_all
strip_v7_frame_000031_103900000000,matched,1,1,1,0.845944,0.845944,0.94808,/home/ruben/halmstad_ws/datasets/final/baylands_sam3_obb_super_75_15_10/images/test/strip_v7_frame_000031_103900000000.jpg,/home/ruben/halmstad_ws/models/obb/experiments/sam3_hybrid_full/runs/predictions/baylands-leader-v9-fuller/baylands_sam3_obb_super_75_15_10_test_all
strip_v7_frame_000032_104900000000,matched,1,1,1,0.935916,0.935916,0.946781,/home/ruben/halmstad_ws/datasets/final/baylands_sam3_obb_super_75_15_10/images/test/strip_v7_frame_000032_104900000000.jpg,/home/ruben/halmstad_ws/models/obb/experiments/sam3_hybrid_full/runs/predictions/baylands-leader-v9-fuller/baylands_sam3_obb_super_75_15_10_test_all
strip_v7_frame_000039_112000000000,matched,1,1,1,0.916835,0.916835,0.947874,/home/ruben/halmstad_ws/datasets/final/baylands_sam3_obb_super_75_15_10/images/test/strip_v7_frame_000039_112000000000.jpg,/home/ruben/halmstad_ws/models/obb/experiments/sam3_hybrid_full/runs/predictions/baylands-leader-v9-fuller/baylands_sam3_obb_super_75_15_10_test_all
strip_v7_frame_000094_177300000000,correct_empty,0,0,0,0.0,0.0,,/home/ruben/halmstad_ws/datasets/final/baylands_sam3_obb_super_75_15_10/images/test/strip_v7_frame_000094_177300000000.jpg,/home/ruben/halmstad_ws/models/obb/experiments/sam3_hybrid_full/runs/predictions/baylands-leader-v9-fuller/baylands_sam3_obb_super_75_15_10_test_all
strip_v7_frame_000099_182352000000,matched,1,1,1,0.864113,0.864113,0.93905,/home/ruben/halmstad_ws/datasets/final/baylands_sam3_obb_super_75_15_10/images/test/strip_v7_frame_000099_182352000000.jpg,/home/ruben/halmstad_ws/models/obb/experiments/sam3_hybrid_full/runs/predictions/baylands-leader-v9-fuller/baylands_sam3_obb_super_75_15_10_test_all
