<COLLADA xmlns="http://www.collada.org/2005/11/COLLADASchema" version="1.4.1">
  <asset>
    <created>2026-06-28T20:58:21.915240</created>
    <modified>2026-06-28T20:58:21.915244</modified>
    <up_axis>Y_UP</up_axis>
  </asset>
  <library_effects>
    <effect id="3bb8f917da90435fa1b994bfc24e6567" name="3bb8f917da90435fa1b994bfc24e6567">
      <profile_COMMON>
        <technique sid="common">
          <phong>
            <emission>
              <color>0.0 0.0 0.0 1.0</color>
            </emission>
            <ambient>
              <color>0.0 0.0 0.0 1.0</color>
            </ambient>
            <diffuse>
              <color>0.0 0.0 0.0 1.0</color>
            </diffuse>
            <specular>
              <color>0.0 0.0 0.0 1.0</color>
            </specular>
            <shininess>
              <float>0.0</float>
            </shininess>
            <reflective>
              <color>0.0 0.0 0.0 1.0</color>
            </reflective>
            <reflectivity>
              <float>0.0</float>
            </reflectivity>
            <transparent>
              <color>0.0 0.0 0.0 1.0</color>
            </transparent>
            <transparency>
              <float>1.0</float>
            </transparency>
          </phong>
        </technique>
        <extra>
          <technique profile="GOOGLEEARTH">
            <double_sided>0</double_sided>
          </technique>
        </extra>
      </profile_COMMON>
    </effect>
  </library_effects>
  <library_geometries>
    <geometry id="01f9827e6af9474a9b9bfbd2677974ff" name="8adbdedc1d074bfebe83977ddee875d7">
      <mesh>
        <source id="verts-array">
          <float_array count="12924" id="verts-array-array">-169.1808 -9.050948 -2.877354 -160.957 -5.932797 -2.877354 -159.148 -10.36438 -2.877354 -159.148 -10.36438 -2.877354 -167.5362 -13.48253 -2.877354 -169.1808 -9.050948 -2.877354 -159.148 -10.36438 0.1226459 -160.957 -5.932797 0.1226459 -169.1808 -9.050948 0.1226459 -169.1808 -9.050948 0.1226459 -167.5362 -13.48253 0.1226459 -159.148 -10.36438 0.1226459 -159.148 -10.36438 0.1226459 -167.5362 -13.48253 0.1226459 -159.148 -10.36438 -2.877354 -159.148 -10.36438 -2.877354 -167.5362 -13.48253 0.1226459 -167.5362 -13.48253 -2.877354 -167.5362 -13.48253 0.1226459 -169.1808 -9.050948 0.1226459 -167.5362 -13.48253 -2.877354 -167.5362 -13.48253 -2.877354 -169.1808 -9.050948 0.1226459 -169.1808 -9.050948 -2.877354 -160.957 -5.932797 0.1226459 -159.148 -10.36438 0.1226459 -160.957 -5.932797 -2.877354 -160.957 -5.932797 -2.877354 -159.148 -10.36438 0.1226459 -159.148 -10.36438 -2.877354 -169.1808 -9.050948 0.1226459 -160.957 -5.932797 0.1226459 -169.1808 -9.050948 -2.877354 -169.1808 -9.050948 -2.877354 -160.957 -5.932797 0.1226459 -160.957 -5.932797 -2.877354 -204.5425 -9.377637 -3.166693 -191.3843 -2.320658 -3.166693 -184.806 -14.30246 -3.166693 -184.806 -14.30246 -3.166693 -197.9642 -21.52359 -3.166693 -204.5425 -9.377637 -3.166693 -184.806 -14.30246 -0.1666927 -191.3843 -2.320658 -0.1666927 -204.5425 -9.377637 -0.1666927 -204.5425 -9.377637 -0.1666927 -197.9642 -21.52359 -0.1666927 -184.806 -14.30246 -0.1666927 -184.806 -14.30246 -0.1666927 -197.9642 -21.52359 -0.1666927 -184.806 -14.30246 -3.166693 -184.806 -14.30246 -3.166693 -197.9642 -21.52359 -0.1666927 -197.9642 -21.52359 -3.166693 -197.9642 -21.52359 -0.1666927 -204.5425 -9.377637 -0.1666927 -197.9642 -21.52359 -3.166693 -197.9642 -21.52359 -3.166693 -204.5425 -9.377637 -0.1666927 -204.5425 -9.377637 -3.166693 -191.3843 -2.320658 -0.1666927 -184.806 -14.30246 -0.1666927 -191.3843 -2.320658 -3.166693 -191.3843 -2.320658 -3.166693 -184.806 -14.30246 -0.1666927 -184.806 -14.30246 -3.166693 -204.5425 -9.377637 -0.1666927 -191.3843 -2.320658 -0.1666927 -204.5425 -9.377637 -3.166693 -204.5425 -9.377637 -3.166693 -191.3843 -2.320658 -0.1666927 -191.3843 -2.320658 -3.166693 -141.5487 8.838223 -1.49681 -150.9238 3.750513 -1.49681 -152.404 6.37665 -1.49681 -69.1802 48.55592 -1.49681 -78.39066 43.30392 -1.49681 -141.5487 8.838223 -1.49681 -78.38945 108.4636 -1.49681 -57.338 70.22093 -1.49681 -75.59435 60.04515 -1.49681 -99.27692 109.613 -1.49681 -83.81671 118.1474 -1.49681 -78.38945 108.4636 -1.49681 -152.4013 80.52022 -1.49681 -152.4013 80.56351 -1.49681 -104.0466 106.987 -1.49681 -197.6336 13.10787 -1.49681 -215.7239 45.9348 -1.49681 -156.5131 78.26583 -1.49681 -141.5487 8.838223 -1.49681 -152.404 6.37665 -1.49681 -152.404 6.425889 -1.49681 -75.59435 60.04515 -1.49681 -69.1802 48.55592 -1.49681 -141.5487 8.838223 -1.49681 -99.27692 109.613 -1.49681 -78.38945 108.4636 -1.49681 -75.59435 60.04515 -1.49681 -156.5131 78.26583 -1.49681 -152.4013 80.52022 -1.49681 -104.0466 106.987 -1.49681 -165.7253 30.50429 -1.49681 -197.6336 13.10787 -1.49681 -156.5131 78.26583 -1.49681 -141.5487 8.838223 -1.49681 -152.404 6.425889 -1.49681 -165.7253 30.50429 -1.49681 -99.27692 109.613 -1.49681 -75.59435 60.04515 -1.49681 -141.5487 8.838223 -1.49681 -165.7253 30.50429 -1.49681 -156.5131 78.26583 -1.49681 -104.0466 106.987 -1.49681 -99.27692 109.613 -1.49681 -141.5487 8.838223 -1.49681 -165.7253 30.50429 -1.49681 -165.7253 30.50429 -1.49681 -104.0466 106.987 -1.49681 -99.27692 109.613 -1.49681 -152.404 6.37665 7.80319 -150.9238 3.750513 7.80319 -141.5487 8.838223 7.80319 -141.5487 8.838223 7.80319 -78.39066 43.30392 7.80319 -69.1802 48.55592 7.80319 -75.59435 60.04515 7.80319 -57.338 70.22093 7.80319 -78.38945 108.4636 7.80319 -78.38945 108.4636 7.80319 -83.81671 118.1474 7.80319 -99.27692 109.613 7.80319 -104.0466 106.987 7.80319 -152.4013 80.56351 7.80319 -152.4013 80.52022 7.80319 -156.5131 78.26583 7.80319 -215.7239 45.9348 7.80319 -197.6336 13.10787 7.80319 -152.404 6.425889 7.80319 -152.404 6.37665 7.80319 -141.5487 8.838223 7.80319 -141.5487 8.838223 7.80319 -69.1802 48.55592 7.80319 -75.59435 60.04515 7.80319 -75.59435 60.04515 7.80319 -78.38945 108.4636 7.80319 -99.27692 109.613 7.80319 -104.0466 106.987 7.80319 -152.4013 80.52022 7.80319 -156.5131 78.26583 7.80319 -156.5131 78.26583 7.80319 -197.6336 13.10787 7.80319 -165.7253 30.50429 7.80319 -165.7253 30.50429 7.80319 -152.404 6.425889 7.80319 -141.5487 8.838223 7.80319 -141.5487 8.838223 7.80319 -75.59435 60.04515 7.80319 -99.27692 109.613 7.80319 -104.0466 106.987 7.80319 -156.5131 78.26583 7.80319 -165.7253 30.50429 7.80319 -165.7253 30.50429 7.80319 -141.5487 8.838223 7.80319 -99.27692 109.613 7.80319 -99.27692 109.613 7.80319 -104.0466 106.987 7.80319 -165.7253 30.50429 7.80319 -152.404 6.37665 7.80319 -152.404 6.425889 7.80319 -152.404 6.37665 -1.49681 -152.404 6.37665 -1.49681 -152.404 6.425889 7.80319 -152.404 6.425889 -1.49681 -152.404 6.425889 7.80319 -165.7253 30.50429 7.80319 -152.404 6.425889 -1.49681 -152.404 6.425889 -1.49681 -165.7253 30.50429 7.80319 -165.7253 30.50429 -1.49681 -165.7253 30.50429 7.80319 -197.6336 13.10787 7.80319 -165.7253 30.50429 -1.49681 -165.7253 30.50429 -1.49681 -197.6336 13.10787 7.80319 -197.6336 13.10787 -1.49681 -197.6336 13.10787 7.80319 -215.7239 45.9348 7.80319 -197.6336 13.10787 -1.49681 -197.6336 13.10787 -1.49681 -215.7239 45.9348 7.80319 -215.7239 45.9348 -1.49681 -215.7239 45.9348 7.80319 -156.5131 78.26583 7.80319 -215.7239 45.9348 -1.49681 -215.7239 45.9348 -1.49681 -156.5131 78.26583 7.80319 -156.5131 78.26583 -1.49681 -156.5131 78.26583 7.80319 -152.4013 80.52022 7.80319 -156.5131 78.26583 -1.49681 -156.5131 78.26583 -1.49681 -152.4013 80.52022 7.80319 -152.4013 80.52022 -1.49681 -152.4013 80.52022 7.80319 -152.4013 80.56351 7.80319 -152.4013 80.52022 -1.49681 -152.4013 80.52022 -1.49681 -152.4013 80.56351 7.80319 -152.4013 80.56351 -1.49681 -152.4013 80.56351 7.80319 -104.0466 106.987 7.80319 -152.4013 80.56351 -1.49681 -152.4013 80.56351 -1.49681 -104.0466 106.987 7.80319 -104.0466 106.987 -1.49681 -104.0466 106.987 7.80319 -99.27692 109.613 7.80319 -104.0466 106.987 -1.49681 -104.0466 106.987 -1.49681 -99.27692 109.613 7.80319 -99.27692 109.613 -1.49681 -99.27692 109.613 7.80319 -83.81671 118.1474 7.80319 -99.27692 109.613 -1.49681 -99.27692 109.613 -1.49681 -83.81671 118.1474 7.80319 -83.81671 118.1474 -1.49681 -83.81671 118.1474 7.80319 -78.38945 108.4636 7.80319 -83.81671 118.1474 -1.49681 -83.81671 118.1474 -1.49681 -78.38945 108.4636 7.80319 -78.38945 108.4636 -1.49681 -78.38945 108.4636 7.80319 -57.338 70.22093 7.80319 -78.38945 108.4636 -1.49681 -78.38945 108.4636 -1.49681 -57.338 70.22093 7.80319 -57.338 70.22093 -1.49681 -57.338 70.22093 7.80319 -75.59435 60.04515 7.80319 -57.338 70.22093 -1.49681 -57.338 70.22093 -1.49681 -75.59435 60.04515 7.80319 -75.59435 60.04515 -1.49681 -75.59435 60.04515 7.80319 -69.1802 48.55592 7.80319 -75.59435 60.04515 -1.49681 -75.59435 60.04515 -1.49681 -69.1802 48.55592 7.80319 -69.1802 48.55592 -1.49681 -69.1802 48.55592 7.80319 -78.39066 43.30392 7.80319 -69.1802 48.55592 -1.49681 -69.1802 48.55592 -1.49681 -78.39066 43.30392 7.80319 -78.39066 43.30392 -1.49681 -78.39066 43.30392 7.80319 -141.5487 8.838223 7.80319 -78.39066 43.30392 -1.49681 -78.39066 43.30392 -1.49681 -141.5487 8.838223 7.80319 -141.5487 8.838223 -1.49681 -150.9238 3.750513 7.80319 -152.404 6.37665 7.80319 -150.9238 3.750513 -1.49681 -150.9238 3.750513 -1.49681 -152.404 6.37665 7.80319 -152.404 6.37665 -1.49681 -141.5487 8.838223 7.80319 -150.9238 3.750513 7.80319 -141.5487 8.838223 -1.49681 -141.5487 8.838223 -1.49681 -150.9238 3.750513 7.80319 -150.9238 3.750513 -1.49681 -78.39066 43.30392 -0.2843586 -69.1802 48.55592 -0.2843586 -64.41067 40.34933 -0.2843586 -64.41067 40.34933 -0.2843586 -73.62115 35.09732 -0.2843586 -78.39066 43.30392 -0.2843586 -64.41067 40.34933 2.715641 -69.1802 48.55592 2.715641 -78.39066 43.30392 2.715641 -78.39066 43.30392 2.715641 -73.62115 35.09732 2.715641 -64.41067 40.34933 2.715641 -64.41067 40.34933 2.715641 -73.62115 35.09732 2.715641 -64.41067 40.34933 -0.2843586 -64.41067 40.34933 -0.2843586 -73.62115 35.09732 2.715641 -73.62115 35.09732 -0.2843586 -73.62115 35.09732 2.715641 -78.39066 43.30392 2.715641 -73.62115 35.09732 -0.2843586 -73.62115 35.09732 -0.2843586 -78.39066 43.30392 2.715641 -78.39066 43.30392 -0.2843586 -69.1802 48.55592 2.715641 -64.41067 40.34933 2.715641 -69.1802 48.55592 -0.2843586 -69.1802 48.55592 -0.2843586 -64.41067 40.34933 2.715641 -64.41067 40.34933 -0.2843586 -78.39066 43.30392 2.715641 -69.1802 48.55592 2.715641 -78.39066 43.30392 -0.2843586 -78.39066 43.30392 -0.2843586 -69.1802 48.55592 2.715641 -69.1802 48.55592 -0.2843586 -11.77962 137.6781 -0.1578208 -2.898383 142.2737 -0.1578208 0.5554284 135.7085 -0.1578208 0.5554284 135.7085 -0.1578208 -8.161354 131.1129 -0.1578208 -11.77962 137.6781 -0.1578208 0.5554284 135.7085 2.942179 -2.898383 142.2737 2.942179 -11.77962 137.6781 2.942179 -11.77962 137.6781 2.942179 -8.161354 131.1129 2.942179 0.5554284 135.7085 2.942179 0.5554284 135.7085 2.942179 -8.161354 131.1129 2.942179 0.5554284 135.7085 -0.1578208 0.5554284 135.7085 -0.1578208 -8.161354 131.1129 2.942179 -8.161354 131.1129 -0.1578208 -8.161354 131.1129 2.942179 -11.77962 137.6781 2.942179 -8.161354 131.1129 -0.1578208 -8.161354 131.1129 -0.1578208 -11.77962 137.6781 2.942179 -11.77962 137.6781 -0.1578208 -2.898383 142.2737 2.942179 0.5554284 135.7085 2.942179 -2.898383 142.2737 -0.1578208 -2.898383 142.2737 -0.1578208 0.5554284 135.7085 2.942179 0.5554284 135.7085 -0.1578208 -11.77962 137.6781 2.942179 -2.898383 142.2737 2.942179 -11.77962 137.6781 -0.1578208 -11.77962 137.6781 -0.1578208 -2.898383 142.2737 2.942179 -2.898383 142.2737 -0.1578208 219.6335 -7.735574 -2.400156 231.1464 -2.48279 -2.400156 232.6268 -5.601183 -2.400156 232.6268 -5.601183 -2.400156 221.114 -10.85397 -2.400156 219.6335 -7.735574 -2.400156 232.6268 -5.601183 0.5998445 231.1464 -2.48279 0.5998445 219.6335 -7.735574 0.5998445 219.6335 -7.735574 0.5998445 221.114 -10.85397 0.5998445 232.6268 -5.601183 0.5998445 232.6268 -5.601183 0.5998445 221.114 -10.85397 0.5998445 232.6268 -5.601183 -2.400156 232.6268 -5.601183 -2.400156 221.114 -10.85397 0.5998445 221.114 -10.85397 -2.400156 221.114 -10.85397 0.5998445 219.6335 -7.735574 0.5998445 221.114 -10.85397 -2.400156 221.114 -10.85397 -2.400156 219.6335 -7.735574 0.5998445 219.6335 -7.735574 -2.400156 231.1464 -2.48279 0.5998445 232.6268 -5.601183 0.5998445 231.1464 -2.48279 -2.400156 231.1464 -2.48279 -2.400156 232.6268 -5.601183 0.5998445 232.6268 -5.601183 -2.400156 219.6335 -7.735574 0.5998445 231.1464 -2.48279 0.5998445 219.6335 -7.735574 -2.400156 219.6335 -7.735574 -2.400156 231.1464 -2.48279 0.5998445 231.1464 -2.48279 -2.400156 67.66217 -114.7528 -1.527004 62.89242 -120.4983 -1.527004 62.87809 -120.4864 -1.527004 65.35929 -101.6233 -1.527004 73.0898 -108.0242 -1.527004 67.5893 -114.7528 -1.527004 62.87809 -120.4864 -1.527004 55.16189 -114.0973 -1.527004 65.35929 -101.6233 -1.527004 67.5893 -114.7528 -1.527004 67.66217 -114.7528 -1.527004 62.87809 -120.4864 -1.527004 62.87809 -120.4864 -1.527004 65.35929 -101.6233 -1.527004 67.5893 -114.7528 -1.527004 62.87809 -120.4864 1.472996 62.89242 -120.4983 1.472996 67.66217 -114.7528 1.472996 67.5893 -114.7528 1.472996 73.0898 -108.0242 1.472996 65.35929 -101.6233 1.472996 65.35929 -101.6233 1.472996 55.16189 -114.0973 1.472996 62.87809 -120.4864 1.472996 62.87809 -120.4864 1.472996 67.66217 -114.7528 1.472996 67.5893 -114.7528 1.472996 67.5893 -114.7528 1.472996 65.35929 -101.6233 1.472996 62.87809 -120.4864 1.472996 62.87809 -120.4864 1.472996 55.16189 -114.0973 1.472996 62.87809 -120.4864 -1.527004 62.87809 -120.4864 -1.527004 55.16189 -114.0973 1.472996 55.16189 -114.0973 -1.527004 55.16189 -114.0973 1.472996 65.35929 -101.6233 1.472996 55.16189 -114.0973 -1.527004 55.16189 -114.0973 -1.527004 65.35929 -101.6233 1.472996 65.35929 -101.6233 -1.527004 65.35929 -101.6233 1.472996 73.0898 -108.0242 1.472996 65.35929 -101.6233 -1.527004 65.35929 -101.6233 -1.527004 73.0898 -108.0242 1.472996 73.0898 -108.0242 -1.527004 73.0898 -108.0242 1.472996 67.5893 -114.7528 1.472996 73.0898 -108.0242 -1.527004 73.0898 -108.0242 -1.527004 67.5893 -114.7528 1.472996 67.5893 -114.7528 -1.527004 67.5893 -114.7528 1.472996 67.66217 -114.7528 1.472996 67.5893 -114.7528 -1.527004 67.5893 -114.7528 -1.527004 67.66217 -114.7528 1.472996 67.66217 -114.7528 -1.527004 62.89242 -120.4983 1.472996 62.87809 -120.4864 1.472996 62.89242 -120.4983 -1.527004 62.89242 -120.4983 -1.527004 62.87809 -120.4864 1.472996 62.87809 -120.4864 -1.527004 67.66217 -114.7528 1.472996 62.89242 -120.4983 1.472996 67.66217 -114.7528 -1.527004 67.66217 -114.7528 -1.527004 62.89242 -120.4983 1.472996 62.89242 -120.4983 -1.527004 -96.97921 -100.4737 -4 -92.04477 -94.40104 -4 -75.92631 -107.0394 -4 -75.92631 -107.0394 -4 -81.02522 -113.2762 -4 -96.97921 -100.4737 -4 -75.92631 -107.0394 -1 -92.04477 -94.40104 -1 -96.97921 -100.4737 -1 -96.97921 -100.4737 -1 -81.02522 -113.2762 -1 -75.92631 -107.0394 -1 -75.92631 -107.0394 -1 -81.02522 -113.2762 -1 -75.92631 -107.0394 -4 -75.92631 -107.0394 -4 -81.02522 -113.2762 -1 -81.02522 -113.2762 -4 -81.02522 -113.2762 -1 -96.97921 -100.4737 -1 -81.02522 -113.2762 -4 -81.02522 -113.2762 -4 -96.97921 -100.4737 -1 -96.97921 -100.4737 -4 -92.04477 -94.40104 -1 -75.92631 -107.0394 -1 -92.04477 -94.40104 -4 -92.04477 -94.40104 -4 -75.92631 -107.0394 -1 -75.92631 -107.0394 -4 -96.97921 -100.4737 -1 -92.04477 -94.40104 -1 -96.97921 -100.4737 -4 -96.97921 -100.4737 -4 -92.04477 -94.40104 -1 -92.04477 -94.40104 -4 31.62932 -125.5867 -4.447315 47.7607 -138.5557 -4.447315 42.49746 -144.9579 -4.447315 7.792444 -106.3835 -4.447315 31.64174 -125.5867 -4.447315 31.62932 -125.5867 -4.447315 -22.63599 -144.1373 -4.447315 1.048893 -114.7533 -4.447315 1.100204 -114.7533 -4.447315 -12.27389 -157.5981 -4.447315 -25.10318 -147.2562 -4.447315 -22.63599 -144.1373 -4.447315 14.86522 -181.565 -4.447315 -13.42524 -158.9114 -4.447315 -12.27389 -157.5981 -4.447315 42.49746 -144.9579 -4.447315 43.64882 -145.9428 -4.447315 14.86522 -181.565 -4.447315 7.792444 -106.3835 -4.447315 31.62932 -125.5867 -4.447315 42.49746 -144.9579 -4.447315 -22.63599 -144.1373 -4.447315 1.100204 -114.7533 -4.447315 2.693664 -112.7846 -4.447315 14.86522 -181.565 -4.447315 -12.27389 -157.5981 -4.447315 -22.63599 -144.1373 -4.447315 7.792444 -106.3835 -4.447315 42.49746 -144.9579 -4.447315 14.86522 -181.565 -4.447315 14.86522 -181.565 -4.447315 -22.63599 -144.1373 -4.447315 2.693664 -112.7846 -4.447315 2.693664 -112.7846 -4.447315 7.792444 -106.3835 -4.447315 14.86522 -181.565 -4.447315 42.49746 -144.9579 -1.447315 47.7607 -138.5557 -1.447315 31.62932 -125.5867 -1.447315 31.62932 -125.5867 -1.447315 31.64174 -125.5867 -1.447315 7.792444 -106.3835 -1.447315 1.100204 -114.7533 -1.447315 1.048893 -114.7533 -1.447315 -22.63599 -144.1373 -1.447315 -22.63599 -144.1373 -1.447315 -25.10318 -147.2562 -1.447315 -12.27389 -157.5981 -1.447315 -12.27389 -157.5981 -1.447315 -13.42524 -158.9114 -1.447315 14.86522 -181.565 -1.447315 14.86522 -181.565 -1.447315 43.64882 -145.9428 -1.447315 42.49746 -144.9579 -1.447315 42.49746 -144.9579 -1.447315 31.62932 -125.5867 -1.447315 7.792444 -106.3835 -1.447315 2.693664 -112.7846 -1.447315 1.100204 -114.7533 -1.447315 -22.63599 -144.1373 -1.447315 -22.63599 -144.1373 -1.447315 -12.27389 -157.5981 -1.447315 14.86522 -181.565 -1.447315 14.86522 -181.565 -1.447315 42.49746 -144.9579 -1.447315 7.792444 -106.3835 -1.447315 2.693664 -112.7846 -1.447315 -22.63599 -144.1373 -1.447315 14.86522 -181.565 -1.447315 14.86522 -181.565 -1.447315 7.792444 -106.3835 -1.447315 2.693664 -112.7846 -1.447315 42.49746 -144.9579 -1.447315 43.64882 -145.9428 -1.447315 42.49746 -144.9579 -4.447315 42.49746 -144.9579 -4.447315 43.64882 -145.9428 -1.447315 43.64882 -145.9428 -4.447315 43.64882 -145.9428 -1.447315 14.86522 -181.565 -1.447315 43.64882 -145.9428 -4.447315 43.64882 -145.9428 -4.447315 14.86522 -181.565 -1.447315 14.86522 -181.565 -4.447315 14.86522 -181.565 -1.447315 -13.42524 -158.9114 -1.447315 14.86522 -181.565 -4.447315 14.86522 -181.565 -4.447315 -13.42524 -158.9114 -1.447315 -13.42524 -158.9114 -4.447315 -13.42524 -158.9114 -1.447315 -12.27389 -157.5981 -1.447315 -13.42524 -158.9114 -4.447315 -13.42524 -158.9114 -4.447315 -12.27389 -157.5981 -1.447315 -12.27389 -157.5981 -4.447315 -12.27389 -157.5981 -1.447315 -25.10318 -147.2562 -1.447315 -12.27389 -157.5981 -4.447315 -12.27389 -157.5981 -4.447315 -25.10318 -147.2562 -1.447315 -25.10318 -147.2562 -4.447315 -25.10318 -147.2562 -1.447315 -22.63599 -144.1373 -1.447315 -25.10318 -147.2562 -4.447315 -25.10318 -147.2562 -4.447315 -22.63599 -144.1373 -1.447315 -22.63599 -144.1373 -4.447315 -22.63599 -144.1373 -1.447315 1.048893 -114.7533 -1.447315 -22.63599 -144.1373 -4.447315 -22.63599 -144.1373 -4.447315 1.048893 -114.7533 -1.447315 1.048893 -114.7533 -4.447315 1.048893 -114.7533 -1.447315 1.100204 -114.7533 -1.447315 1.048893 -114.7533 -4.447315 1.048893 -114.7533 -4.447315 1.100204 -114.7533 -1.447315 1.100204 -114.7533 -4.447315 1.100204 -114.7533 -1.447315 2.693664 -112.7846 -1.447315 1.100204 -114.7533 -4.447315 1.100204 -114.7533 -4.447315 2.693664 -112.7846 -1.447315 2.693664 -112.7846 -4.447315 2.693664 -112.7846 -1.447315 7.792444 -106.3835 -1.447315 2.693664 -112.7846 -4.447315 2.693664 -112.7846 -4.447315 7.792444 -106.3835 -1.447315 7.792444 -106.3835 -4.447315 7.792444 -106.3835 -1.447315 31.64174 -125.5867 -1.447315 7.792444 -106.3835 -4.447315 7.792444 -106.3835 -4.447315 31.64174 -125.5867 -1.447315 31.64174 -125.5867 -4.447315 31.64174 -125.5867 -1.447315 31.62932 -125.5867 -1.447315 31.64174 -125.5867 -4.447315 31.64174 -125.5867 -4.447315 31.62932 -125.5867 -1.447315 31.62932 -125.5867 -4.447315 47.7607 -138.5557 -1.447315 42.49746 -144.9579 -1.447315 47.7607 -138.5557 -4.447315 47.7607 -138.5557 -4.447315 42.49746 -144.9579 -1.447315 42.49746 -144.9579 -4.447315 31.62932 -125.5867 -1.447315 47.7607 -138.5557 -1.447315 31.62932 -125.5867 -4.447315 31.62932 -125.5867 -4.447315 47.7607 -138.5557 -1.447315 47.7607 -138.5557 -4.447315 -117.0454 -102.2787 -4 -110.6306 -95.38538 -4 -103.0649 -102.4432 -4 -108.9862 -106.7104 -4 -110.4665 -108.3517 -4 -117.0454 -102.2787 -4 -103.0649 -102.4432 -4 -107.9993 -107.6952 -4 -108.9862 -106.7104 -4 -108.9862 -106.7104 -4 -117.0454 -102.2787 -4 -103.0649 -102.4432 -4 -103.0649 -102.4432 -1 -110.6306 -95.38538 -1 -117.0454 -102.2787 -1 -117.0454 -102.2787 -1 -110.4665 -108.3517 -1 -108.9862 -106.7104 -1 -108.9862 -106.7104 -1 -107.9993 -107.6952 -1 -103.0649 -102.4432 -1 -103.0649 -102.4432 -1 -117.0454 -102.2787 -1 -108.9862 -106.7104 -1 -103.0649 -102.4432 -1 -107.9993 -107.6952 -1 -103.0649 -102.4432 -4 -103.0649 -102.4432 -4 -107.9993 -107.6952 -1 -107.9993 -107.6952 -4 -107.9993 -107.6952 -1 -108.9862 -106.7104 -1 -107.9993 -107.6952 -4 -107.9993 -107.6952 -4 -108.9862 -106.7104 -1 -108.9862 -106.7104 -4 -108.9862 -106.7104 -1 -110.4665 -108.3517 -1 -108.9862 -106.7104 -4 -108.9862 -106.7104 -4 -110.4665 -108.3517 -1 -110.4665 -108.3517 -4 -110.4665 -108.3517 -1 -117.0454 -102.2787 -1 -110.4665 -108.3517 -4 -110.4665 -108.3517 -4 -117.0454 -102.2787 -1 -117.0454 -102.2787 -4 -110.6306 -95.38538 -1 -103.0649 -102.4432 -1 -110.6306 -95.38538 -4 -110.6306 -95.38538 -4 -103.0649 -102.4432 -1 -103.0649 -102.4432 -4 -117.0454 -102.2787 -1 -110.6306 -95.38538 -1 -117.0454 -102.2787 -4 -117.0454 -102.2787 -4 -110.6306 -95.38538 -1 -110.6306 -95.38538 -4 136.5778 -104.2476 -2.26895 167.169 -66.98899 -2.26895 181.1495 -70.27101 -2.26895 181.1495 -70.27101 -2.26895 146.1177 -112.9462 -2.26895 136.5778 -104.2476 -2.26895 181.1495 -70.27101 0.7310505 167.169 -66.98899 0.7310505 136.5778 -104.2476 0.7310505 136.5778 -104.2476 0.7310505 146.1177 -112.9462 0.7310505 181.1495 -70.27101 0.7310505 181.1495 -70.27101 0.7310505 146.1177 -112.9462 0.7310505 181.1495 -70.27101 -2.26895 181.1495 -70.27101 -2.26895 146.1177 -112.9462 0.7310505 146.1177 -112.9462 -2.26895 146.1177 -112.9462 0.7310505 136.5778 -104.2476 0.7310505 146.1177 -112.9462 -2.26895 146.1177 -112.9462 -2.26895 136.5778 -104.2476 0.7310505 136.5778 -104.2476 -2.26895 167.169 -66.98899 0.7310505 181.1495 -70.27101 0.7310505 167.169 -66.98899 -2.26895 167.169 -66.98899 -2.26895 181.1495 -70.27101 0.7310505 181.1495 -70.27101 -2.26895 136.5778 -104.2476 0.7310505 167.169 -66.98899 0.7310505 136.5778 -104.2476 -2.26895 136.5778 -104.2476 -2.26895 167.169 -66.98899 0.7310505 167.169 -66.98899 -2.26895 181.3104 13.92779 -2.600467 192.8228 27.87937 -2.600467 219.6328 5.887233 -2.600467 219.6328 5.887233 -2.600467 208.1204 -8.06442 -2.600467 181.3104 13.92779 -2.600467 219.6328 5.887233 0.399533 192.8228 27.87937 0.399533 181.3104 13.92779 0.399533 181.3104 13.92779 0.399533 208.1204 -8.06442 0.399533 219.6328 5.887233 0.399533 219.6328 5.887233 0.399533 208.1204 -8.06442 0.399533 219.6328 5.887233 -2.600467 219.6328 5.887233 -2.600467 208.1204 -8.06442 0.399533 208.1204 -8.06442 -2.600467 208.1204 -8.06442 0.399533 181.3104 13.92779 0.399533 208.1204 -8.06442 -2.600467 208.1204 -8.06442 -2.600467 181.3104 13.92779 0.399533 181.3104 13.92779 -2.600467 192.8228 27.87937 0.399533 219.6328 5.887233 0.399533 192.8228 27.87937 -2.600467 192.8228 27.87937 -2.600467 219.6328 5.887233 0.399533 219.6328 5.887233 -2.600467 181.3104 13.92779 0.399533 192.8228 27.87937 0.399533 181.3104 13.92779 -2.600467 181.3104 13.92779 -2.600467 192.8228 27.87937 0.399533 192.8228 27.87937 -2.600467 168.6492 -65.84002 -1.844981 198.0886 -29.56596 -1.844981 207.9574 -37.60786 -1.844981 181.1495 -70.27101 -1.844981 167.169 -66.98899 -1.844981 168.6492 -65.84002 -1.844981 168.6492 -65.84002 -1.844981 207.9574 -37.60786 -1.844981 181.1495 -70.27101 -1.844981 207.9574 -37.60786 1.155019 198.0886 -29.56596 1.155019 168.6492 -65.84002 1.155019 168.6492 -65.84002 1.155019 167.169 -66.98899 1.155019 181.1495 -70.27101 1.155019 181.1495 -70.27101 1.155019 207.9574 -37.60786 1.155019 168.6492 -65.84002 1.155019 207.9574 -37.60786 1.155019 181.1495 -70.27101 1.155019 207.9574 -37.60786 -1.844981 207.9574 -37.60786 -1.844981 181.1495 -70.27101 1.155019 181.1495 -70.27101 -1.844981 181.1495 -70.27101 1.155019 167.169 -66.98899 1.155019 181.1495 -70.27101 -1.844981 181.1495 -70.27101 -1.844981 167.169 -66.98899 1.155019 167.169 -66.98899 -1.844981 167.169 -66.98899 1.155019 168.6492 -65.84002 1.155019 167.169 -66.98899 -1.844981 167.169 -66.98899 -1.844981 168.6492 -65.84002 1.155019 168.6492 -65.84002 -1.844981 198.0886 -29.56596 1.155019 207.9574 -37.60786 1.155019 198.0886 -29.56596 -1.844981 198.0886 -29.56596 -1.844981 207.9574 -37.60786 1.155019 207.9574 -37.60786 -1.844981 168.6492 -65.84002 1.155019 198.0886 -29.56596 1.155019 168.6492 -65.84002 -1.844981 168.6492 -65.84002 -1.844981 198.0886 -29.56596 1.155019 198.0886 -29.56596 -1.844981 15.19289 174.9357 -3.675642 37.23121 186.9173 -3.675642 49.40192 164.2675 -3.675642 38.87613 158.6869 -3.675642 27.36351 152.4499 -3.675642 15.19289 174.9357 -3.675642 15.19289 174.9357 -3.675642 49.40192 164.2675 -3.675642 38.87613 158.6869 -3.675642 49.40192 164.2675 -0.675642 37.23121 186.9173 -0.675642 15.19289 174.9357 -0.675642 15.19289 174.9357 -0.675642 27.36351 152.4499 -0.675642 38.87613 158.6869 -0.675642 38.87613 158.6869 -0.675642 49.40192 164.2675 -0.675642 15.19289 174.9357 -0.675642 49.40192 164.2675 -0.675642 38.87613 158.6869 -0.675642 49.40192 164.2675 -3.675642 49.40192 164.2675 -3.675642 38.87613 158.6869 -0.675642 38.87613 158.6869 -3.675642 38.87613 158.6869 -0.675642 27.36351 152.4499 -0.675642 38.87613 158.6869 -3.675642 38.87613 158.6869 -3.675642 27.36351 152.4499 -0.675642 27.36351 152.4499 -3.675642 27.36351 152.4499 -0.675642 15.19289 174.9357 -0.675642 27.36351 152.4499 -3.675642 27.36351 152.4499 -3.675642 15.19289 174.9357 -0.675642 15.19289 174.9357 -3.675642 37.23121 186.9173 -0.675642 49.40192 164.2675 -0.675642 37.23121 186.9173 -3.675642 37.23121 186.9173 -3.675642 49.40192 164.2675 -0.675642 49.40192 164.2675 -3.675642 15.19289 174.9357 -0.675642 37.23121 186.9173 -0.675642 15.19289 174.9357 -3.675642 15.19289 174.9357 -3.675642 37.23121 186.9173 -0.675642 37.23121 186.9173 -3.675642 110.0954 -43.84851 -0.6003114 120.6215 -34.00041 -0.6003114 123.4177 -36.95467 -0.6003114 124.4047 -42.20681 -0.6003114 115.8522 -50.0853 -0.6003114 110.0954 -43.84851 -0.6003114 124.4045 -36.13399 -0.6003114 127.0362 -38.92413 -0.6003114 124.0757 -41.71443 -0.6003114 124.0757 -41.71443 -0.6003114 124.4047 -42.20681 -0.6003114 110.0954 -43.84851 -0.6003114 123.4177 -36.95467 -0.6003114 124.4045 -36.13399 -0.6003114 124.0757 -41.71443 -0.6003114 124.0757 -41.71443 -0.6003114 110.0954 -43.84851 -0.6003114 123.4177 -36.95467 -0.6003114 123.4177 -36.95467 2.399689 120.6215 -34.00041 2.399689 110.0954 -43.84851 2.399689 110.0954 -43.84851 2.399689 115.8522 -50.0853 2.399689 124.4047 -42.20681 2.399689 124.0757 -41.71443 2.399689 127.0362 -38.92413 2.399689 124.4045 -36.13399 2.399689 110.0954 -43.84851 2.399689 124.4047 -42.20681 2.399689 124.0757 -41.71443 2.399689 124.0757 -41.71443 2.399689 124.4045 -36.13399 2.399689 123.4177 -36.95467 2.399689 123.4177 -36.95467 2.399689 110.0954 -43.84851 2.399689 124.0757 -41.71443 2.399689 123.4177 -36.95467 2.399689 124.4045 -36.13399 2.399689 123.4177 -36.95467 -0.6003114 123.4177 -36.95467 -0.6003114 124.4045 -36.13399 2.399689 124.4045 -36.13399 -0.6003114 124.4045 -36.13399 2.399689 127.0362 -38.92413 2.399689 124.4045 -36.13399 -0.6003114 124.4045 -36.13399 -0.6003114 127.0362 -38.92413 2.399689 127.0362 -38.92413 -0.6003114 127.0362 -38.92413 2.399689 124.0757 -41.71443 2.399689 127.0362 -38.92413 -0.6003114 127.0362 -38.92413 -0.6003114 124.0757 -41.71443 2.399689 124.0757 -41.71443 -0.6003114 124.0757 -41.71443 2.399689 124.4047 -42.20681 2.399689 124.0757 -41.71443 -0.6003114 124.0757 -41.71443 -0.6003114 124.4047 -42.20681 2.399689 124.4047 -42.20681 -0.6003114 124.4047 -42.20681 2.399689 115.8522 -50.0853 2.399689 124.4047 -42.20681 -0.6003114 124.4047 -42.20681 -0.6003114 115.8522 -50.0853 2.399689 115.8522 -50.0853 -0.6003114 115.8522 -50.0853 2.399689 110.0954 -43.84851 2.399689 115.8522 -50.0853 -0.6003114 115.8522 -50.0853 -0.6003114 110.0954 -43.84851 2.399689 110.0954 -43.84851 -0.6003114 120.6215 -34.00041 2.399689 123.4177 -36.95467 2.399689 120.6215 -34.00041 -0.6003114 120.6215 -34.00041 -0.6003114 123.4177 -36.95467 2.399689 123.4177 -36.95467 -0.6003114 110.0954 -43.84851 2.399689 120.6215 -34.00041 2.399689 110.0954 -43.84851 -0.6003114 110.0954 -43.84851 -0.6003114 120.6215 -34.00041 2.399689 120.6215 -34.00041 -0.6003114 121.6995 -114.7516 -2.351284 121.7752 -114.7516 -2.351284 133.1711 -124.0124 -2.351284 86.60373 -114.7524 -2.351284 100.5572 -97.68345 -2.351284 121.6995 -114.7516 -2.351284 85.26127 -116.394 -2.351284 86.57705 -114.7524 -2.351284 86.60373 -114.7524 -2.351284 83.3805 -114.7525 -2.351284 83.45198 -114.7525 -2.351284 85.26127 -116.394 -2.351284 77.35705 -120.6739 -2.351284 82.62959 -114.0969 -2.351284 83.3805 -114.7525 -2.351284 65.85332 -140.5254 -2.351284 63.05716 -138.3914 -2.351284 77.35705 -120.6739 -2.351284 83.61786 -185.1756 -2.351284 51.05051 -158.9111 -2.351284 65.85332 -140.5254 -2.351284 84.60411 -153.9859 -2.351284 99.243 -165.8048 -2.351284 83.61786 -185.1756 -2.351284 132.0958 -125.5847 -2.351284 116.8417 -144.464 -2.351284 101.8739 -132.481 -2.351284 133.275 -124.1253 -2.351284 132.1376 -125.5847 -2.351284 132.0958 -125.5847 -2.351284 133.2886 -124.1079 -2.351284 133.2889 -124.1081 -2.351284 133.275 -124.1253 -2.351284 133.1711 -124.0124 -2.351284 133.2889 -124.1075 -2.351284 133.2886 -124.1079 -2.351284 86.60373 -114.7524 -2.351284 121.6995 -114.7516 -2.351284 133.1711 -124.0124 -2.351284 77.35705 -120.6739 -2.351284 83.3805 -114.7525 -2.351284 85.26127 -116.394 -2.351284 83.61786 -185.1756 -2.351284 65.85332 -140.5254 -2.351284 77.35705 -120.6739 -2.351284 133.275 -124.1253 -2.351284 132.0958 -125.5847 -2.351284 101.8739 -132.481 -2.351284 133.1711 -124.0124 -2.351284 133.2886 -124.1079 -2.351284 133.275 -124.1253 -2.351284 85.26127 -116.394 -2.351284 86.60373 -114.7524 -2.351284 133.1711 -124.0124 -2.351284 83.61786 -185.1756 -2.351284 77.35705 -120.6739 -2.351284 85.26127 -116.394 -2.351284 133.1711 -124.0124 -2.351284 133.275 -124.1253 -2.351284 101.8739 -132.481 -2.351284 84.60411 -153.9859 -2.351284 83.61786 -185.1756 -2.351284 85.26127 -116.394 -2.351284 85.26127 -116.394 -2.351284 133.1711 -124.0124 -2.351284 101.8739 -132.481 -2.351284 101.8739 -132.481 -2.351284 84.60411 -153.9859 -2.351284 85.26127 -116.394 -2.351284 133.1711 -124.0124 0.6487157 121.7752 -114.7516 0.6487157 121.6995 -114.7516 0.6487157 121.6995 -114.7516 0.6487157 100.5572 -97.68345 0.6487157 86.60373 -114.7524 0.6487157 86.60373 -114.7524 0.6487157 86.57705 -114.7524 0.6487157 85.26127 -116.394 0.6487157 85.26127 -116.394 0.6487157 83.45198 -114.7525 0.6487157 83.3805 -114.7525 0.6487157 83.3805 -114.7525 0.6487157 82.62959 -114.0969 0.6487157 77.35705 -120.6739 0.6487157 77.35705 -120.6739 0.6487157 63.05716 -138.3914 0.6487157 65.85332 -140.5254 0.6487157 65.85332 -140.5254 0.6487157 51.05051 -158.9111 0.6487157 83.61786 -185.1756 0.6487157 83.61786 -185.1756 0.6487157 99.243 -165.8048 0.6487157 84.60411 -153.9859 0.6487157 101.8739 -132.481 0.6487157 116.8417 -144.464 0.6487157 132.0958 -125.5847 0.6487157 132.0958 -125.5847 0.6487157 132.1376 -125.5847 0.6487157 133.275 -124.1253 0.6487157 133.275 -124.1253 0.6487157 133.2889 -124.1081 0.6487157 133.2886 -124.1079 0.6487157 133.2886 -124.1079 0.6487157 133.2889 -124.1075 0.6487157 133.1711 -124.0124 0.6487157 133.1711 -124.0124 0.6487157 121.6995 -114.7516 0.6487157 86.60373 -114.7524 0.6487157 85.26127 -116.394 0.6487157 83.3805 -114.7525 0.6487157 77.35705 -120.6739 0.6487157 77.35705 -120.6739 0.6487157 65.85332 -140.5254 0.6487157 83.61786 -185.1756 0.6487157 101.8739 -132.481 0.6487157 132.0958 -125.5847 0.6487157 133.275 -124.1253 0.6487157 133.275 -124.1253 0.6487157 133.2886 -124.1079 0.6487157 133.1711 -124.0124 0.6487157 133.1711 -124.0124 0.6487157 86.60373 -114.7524 0.6487157 85.26127 -116.394 0.6487157 85.26127 -116.394 0.6487157 77.35705 -120.6739 0.6487157 83.61786 -185.1756 0.6487157 101.8739 -132.481 0.6487157 133.275 -124.1253 0.6487157 133.1711 -124.0124 0.6487157 85.26127 -116.394 0.6487157 83.61786 -185.1756 0.6487157 84.60411 -153.9859 0.6487157 101.8739 -132.481 0.6487157 133.1711 -124.0124 0.6487157 85.26127 -116.394 0.6487157 85.26127 -116.394 0.6487157 84.60411 -153.9859 0.6487157 101.8739 -132.481 0.6487157 133.2889 -124.1075 0.6487157 133.2886 -124.1079 0.6487157 133.2889 -124.1075 -2.351284 133.2889 -124.1075 -2.351284 133.2886 -124.1079 0.6487157 133.2886 -124.1079 -2.351284 133.2886 -124.1079 0.6487157 133.2889 -124.1081 0.6487157 133.2886 -124.1079 -2.351284 133.2886 -124.1079 -2.351284 133.2889 -124.1081 0.6487157 133.2889 -124.1081 -2.351284 133.2889 -124.1081 0.6487157 133.275 -124.1253 0.6487157 133.2889 -124.1081 -2.351284 133.2889 -124.1081 -2.351284 133.275 -124.1253 0.6487157 133.275 -124.1253 -2.351284 133.275 -124.1253 0.6487157 132.1376 -125.5847 0.6487157 133.275 -124.1253 -2.351284 133.275 -124.1253 -2.351284 132.1376 -125.5847 0.6487157 132.1376 -125.5847 -2.351284 132.1376 -125.5847 0.6487157 132.0958 -125.5847 0.6487157 132.1376 -125.5847 -2.351284 132.1376 -125.5847 -2.351284 132.0958 -125.5847 0.6487157 132.0958 -125.5847 -2.351284 132.0958 -125.5847 0.6487157 116.8417 -144.464 0.6487157 132.0958 -125.5847 -2.351284 132.0958 -125.5847 -2.351284 116.8417 -144.464 0.6487157 116.8417 -144.464 -2.351284 116.8417 -144.464 0.6487157 101.8739 -132.481 0.6487157 116.8417 -144.464 -2.351284 116.8417 -144.464 -2.351284 101.8739 -132.481 0.6487157 101.8739 -132.481 -2.351284 101.8739 -132.481 0.6487157 84.60411 -153.9859 0.6487157 101.8739 -132.481 -2.351284 101.8739 -132.481 -2.351284 84.60411 -153.9859 0.6487157 84.60411 -153.9859 -2.351284 84.60411 -153.9859 0.6487157 99.243 -165.8048 0.6487157 84.60411 -153.9859 -2.351284 84.60411 -153.9859 -2.351284 99.243 -165.8048 0.6487157 99.243 -165.8048 -2.351284 99.243 -165.8048 0.6487157 83.61786 -185.1756 0.6487157 99.243 -165.8048 -2.351284 99.243 -165.8048 -2.351284 83.61786 -185.1756 0.6487157 83.61786 -185.1756 -2.351284 83.61786 -185.1756 0.6487157 51.05051 -158.9111 0.6487157 83.61786 -185.1756 -2.351284 83.61786 -185.1756 -2.351284 51.05051 -158.9111 0.6487157 51.05051 -158.9111 -2.351284 51.05051 -158.9111 0.6487157 65.85332 -140.5254 0.6487157 51.05051 -158.9111 -2.351284 51.05051 -158.9111 -2.351284 65.85332 -140.5254 0.6487157 65.85332 -140.5254 -2.351284 65.85332 -140.5254 0.6487157 63.05716 -138.3914 0.6487157 65.85332 -140.5254 -2.351284 65.85332 -140.5254 -2.351284 63.05716 -138.3914 0.6487157 63.05716 -138.3914 -2.351284 63.05716 -138.3914 0.6487157 77.35705 -120.6739 0.6487157 63.05716 -138.3914 -2.351284 63.05716 -138.3914 -2.351284 77.35705 -120.6739 0.6487157 77.35705 -120.6739 -2.351284 77.35705 -120.6739 0.6487157 82.62959 -114.0969 0.6487157 77.35705 -120.6739 -2.351284 77.35705 -120.6739 -2.351284 82.62959 -114.0969 0.6487157 82.62959 -114.0969 -2.351284 82.62959 -114.0969 0.6487157 83.3805 -114.7525 0.6487157 82.62959 -114.0969 -2.351284 82.62959 -114.0969 -2.351284 83.3805 -114.7525 0.6487157 83.3805 -114.7525 -2.351284 83.3805 -114.7525 0.6487157 83.45198 -114.7525 0.6487157 83.3805 -114.7525 -2.351284 83.3805 -114.7525 -2.351284 83.45198 -114.7525 0.6487157 83.45198 -114.7525 -2.351284 83.45198 -114.7525 0.6487157 85.26127 -116.394 0.6487157 83.45198 -114.7525 -2.351284 83.45198 -114.7525 -2.351284 85.26127 -116.394 0.6487157 85.26127 -116.394 -2.351284 85.26127 -116.394 0.6487157 86.57705 -114.7524 0.6487157 85.26127 -116.394 -2.351284 85.26127 -116.394 -2.351284 86.57705 -114.7524 0.6487157 86.57705 -114.7524 -2.351284 86.57705 -114.7524 0.6487157 86.60373 -114.7524 0.6487157 86.57705 -114.7524 -2.351284 86.57705 -114.7524 -2.351284 86.60373 -114.7524 0.6487157 86.60373 -114.7524 -2.351284 86.60373 -114.7524 0.6487157 100.5572 -97.68345 0.6487157 86.60373 -114.7524 -2.351284 86.60373 -114.7524 -2.351284 100.5572 -97.68345 0.6487157 100.5572 -97.68345 -2.351284 100.5572 -97.68345 0.6487157 121.6995 -114.7516 0.6487157 100.5572 -97.68345 -2.351284 100.5572 -97.68345 -2.351284 121.6995 -114.7516 0.6487157 121.6995 -114.7516 -2.351284 121.6995 -114.7516 0.6487157 121.7752 -114.7516 0.6487157 121.6995 -114.7516 -2.351284 121.6995 -114.7516 -2.351284 121.7752 -114.7516 0.6487157 121.7752 -114.7516 -2.351284 133.1711 -124.0124 0.6487157 133.2889 -124.1075 0.6487157 133.1711 -124.0124 -2.351284 133.1711 -124.0124 -2.351284 133.2889 -124.1075 0.6487157 133.2889 -124.1075 -2.351284 121.7752 -114.7516 0.6487157 133.1711 -124.0124 0.6487157 121.7752 -114.7516 -2.351284 121.7752 -114.7516 -2.351284 133.1711 -124.0124 0.6487157 133.1711 -124.0124 -2.351284 108.1179 105.1817 -2.045603 135.0897 137.6802 -2.045603 250.058 42.98236 -2.045603 228.8427 17.37684 -2.045603 223.0865 10.31893 -2.045603 108.1179 105.1817 -2.045603 108.1179 105.1817 -2.045603 250.058 42.98236 -2.045603 241.8351 33.13407 -2.045603 241.8351 33.13407 -2.045603 228.8427 17.37684 -2.045603 108.1179 105.1817 -2.045603 250.058 42.98236 0.9543967 135.0897 137.6802 0.9543967 108.1179 105.1817 0.9543967 108.1179 105.1817 0.9543967 223.0865 10.31893 0.9543967 228.8427 17.37684 0.9543967 241.8351 33.13407 0.9543967 250.058 42.98236 0.9543967 108.1179 105.1817 0.9543967 108.1179 105.1817 0.9543967 228.8427 17.37684 0.9543967 241.8351 33.13407 0.9543967 250.058 42.98236 0.9543967 241.8351 33.13407 0.9543967 250.058 42.98236 -2.045603 250.058 42.98236 -2.045603 241.8351 33.13407 0.9543967 241.8351 33.13407 -2.045603 241.8351 33.13407 0.9543967 228.8427 17.37684 0.9543967 241.8351 33.13407 -2.045603 241.8351 33.13407 -2.045603 228.8427 17.37684 0.9543967 228.8427 17.37684 -2.045603 228.8427 17.37684 0.9543967 223.0865 10.31893 0.9543967 228.8427 17.37684 -2.045603 228.8427 17.37684 -2.045603 223.0865 10.31893 0.9543967 223.0865 10.31893 -2.045603 223.0865 10.31893 0.9543967 108.1179 105.1817 0.9543967 223.0865 10.31893 -2.045603 223.0865 10.31893 -2.045603 108.1179 105.1817 0.9543967 108.1179 105.1817 -2.045603 135.0897 137.6802 0.9543967 250.058 42.98236 0.9543967 135.0897 137.6802 -2.045603 135.0897 137.6802 -2.045603 250.058 42.98236 0.9543967 250.058 42.98236 -2.045603 108.1179 105.1817 0.9543967 135.0897 137.6802 0.9543967 108.1179 105.1817 -2.045603 108.1179 105.1817 -2.045603 135.0897 137.6802 0.9543967 135.0897 137.6802 -2.045603 22.43058 -49.43032 0.1996888 64.53532 1.450477 0.1996888 76.37753 -8.233006 0.1996888 54.17406 -38.76157 0.1996888 36.08208 -60.59108 0.1996888 22.43058 -49.43032 0.1996888 76.37753 -8.233006 0.1996888 78.18676 -9.710145 0.1996888 54.17406 -38.76157 0.1996888 54.17406 -38.76157 0.1996888 22.43058 -49.43032 0.1996888 76.37753 -8.233006 0.1996888 76.37753 -8.233006 3.199689 64.53532 1.450477 3.199689 22.43058 -49.43032 3.199689 22.43058 -49.43032 3.199689 36.08208 -60.59108 3.199689 54.17406 -38.76157 3.199689 54.17406 -38.76157 3.199689 78.18676 -9.710145 3.199689 76.37753 -8.233006 3.199689 76.37753 -8.233006 3.199689 22.43058 -49.43032 3.199689 54.17406 -38.76157 3.199689 76.37753 -8.233006 3.199689 78.18676 -9.710145 3.199689 76.37753 -8.233006 0.1996888 76.37753 -8.233006 0.1996888 78.18676 -9.710145 3.199689 78.18676 -9.710145 0.1996888 78.18676 -9.710145 3.199689 54.17406 -38.76157 3.199689 78.18676 -9.710145 0.1996888 78.18676 -9.710145 0.1996888 54.17406 -38.76157 3.199689 54.17406 -38.76157 0.1996888 54.17406 -38.76157 3.199689 36.08208 -60.59108 3.199689 54.17406 -38.76157 0.1996888 54.17406 -38.76157 0.1996888 36.08208 -60.59108 3.199689 36.08208 -60.59108 0.1996888 36.08208 -60.59108 3.199689 22.43058 -49.43032 3.199689 36.08208 -60.59108 0.1996888 36.08208 -60.59108 0.1996888 22.43058 -49.43032 3.199689 22.43058 -49.43032 0.1996888 64.53532 1.450477 3.199689 76.37753 -8.233006 3.199689 64.53532 1.450477 0.1996888 64.53532 1.450477 0.1996888 76.37753 -8.233006 3.199689 76.37753 -8.233006 0.1996888 22.43058 -49.43032 3.199689 64.53532 1.450477 3.199689 22.43058 -49.43032 0.1996888 22.43058 -49.43032 0.1996888 64.53532 1.450477 3.199689 64.53532 1.450477 0.1996888 45.12622 125.2044 -1.332451 68.31573 153.1069 -1.332451 86.40738 138.1713 -1.332451 69.79639 125.2047 -1.332451 60.09296 113.059 -1.332451 45.12622 125.2044 -1.332451 86.40738 138.1713 -1.332451 73.5792 122.2505 -1.332451 69.79639 125.2047 -1.332451 69.79639 125.2047 -1.332451 45.12622 125.2044 -1.332451 86.40738 138.1713 -1.332451 86.40738 138.1713 1.667549 68.31573 153.1069 1.667549 45.12622 125.2044 1.667549 45.12622 125.2044 1.667549 60.09296 113.059 1.667549 69.79639 125.2047 1.667549 69.79639 125.2047 1.667549 73.5792 122.2505 1.667549 86.40738 138.1713 1.667549 86.40738 138.1713 1.667549 45.12622 125.2044 1.667549 69.79639 125.2047 1.667549 86.40738 138.1713 1.667549 73.5792 122.2505 1.667549 86.40738 138.1713 -1.332451 86.40738 138.1713 -1.332451 73.5792 122.2505 1.667549 73.5792 122.2505 -1.332451 73.5792 122.2505 1.667549 69.79639 125.2047 1.667549 73.5792 122.2505 -1.332451 73.5792 122.2505 -1.332451 69.79639 125.2047 1.667549 69.79639 125.2047 -1.332451 69.79639 125.2047 1.667549 60.09296 113.059 1.667549 69.79639 125.2047 -1.332451 69.79639 125.2047 -1.332451 60.09296 113.059 1.667549 60.09296 113.059 -1.332451 60.09296 113.059 1.667549 45.12622 125.2044 1.667549 60.09296 113.059 -1.332451 60.09296 113.059 -1.332451 45.12622 125.2044 1.667549 45.12622 125.2044 -1.332451 68.31573 153.1069 1.667549 86.40738 138.1713 1.667549 68.31573 153.1069 -1.332451 68.31573 153.1069 -1.332451 86.40738 138.1713 1.667549 86.40738 138.1713 -1.332451 45.12622 125.2044 1.667549 68.31573 153.1069 1.667549 45.12622 125.2044 -1.332451 45.12622 125.2044 -1.332451 68.31573 153.1069 1.667549 68.31573 153.1069 -1.332451 -33.16086 76.45762 2.460545 -18.68749 84.9923 2.460545 -16.056 79.90425 2.460545 -25.5953 68.25106 2.460545 -29.70703 71.69782 2.460545 -33.16086 76.45762 2.460545 -21.48354 70.87712 2.460545 -22.47037 69.56408 2.460545 -23.62165 70.54887 2.460545 -33.16086 76.45762 2.460545 -16.056 79.90425 2.460545 -22.47035 71.69777 2.460545 -23.62165 70.54887 2.460545 -25.5953 68.25106 2.460545 -33.16086 76.45762 2.460545 -22.47035 71.69777 2.460545 -21.48354 70.87712 2.460545 -23.62165 70.54887 2.460545 -23.62165 70.54887 2.460545 -33.16086 76.45762 2.460545 -22.47035 71.69777 2.460545 -16.056 79.90425 5.460545 -18.68749 84.9923 5.460545 -33.16086 76.45762 5.460545 -33.16086 76.45762 5.460545 -29.70703 71.69782 5.460545 -25.5953 68.25106 5.460545 -23.62165 70.54887 5.460545 -22.47037 69.56408 5.460545 -21.48354 70.87712 5.460545 -22.47035 71.69777 5.460545 -16.056 79.90425 5.460545 -33.16086 76.45762 5.460545 -33.16086 76.45762 5.460545 -25.5953 68.25106 5.460545 -23.62165 70.54887 5.460545 -23.62165 70.54887 5.460545 -21.48354 70.87712 5.460545 -22.47035 71.69777 5.460545 -22.47035 71.69777 5.460545 -33.16086 76.45762 5.460545 -23.62165 70.54887 5.460545 -16.056 79.90425 5.460545 -22.47035 71.69777 5.460545 -16.056 79.90425 2.460545 -16.056 79.90425 2.460545 -22.47035 71.69777 5.460545 -22.47035 71.69777 2.460545 -22.47035 71.69777 5.460545 -21.48354 70.87712 5.460545 -22.47035 71.69777 2.460545 -22.47035 71.69777 2.460545 -21.48354 70.87712 5.460545 -21.48354 70.87712 2.460545 -21.48354 70.87712 5.460545 -22.47037 69.56408 5.460545 -21.48354 70.87712 2.460545 -21.48354 70.87712 2.460545 -22.47037 69.56408 5.460545 -22.47037 69.56408 2.460545 -22.47037 69.56408 5.460545 -23.62165 70.54887 5.460545 -22.47037 69.56408 2.460545 -22.47037 69.56408 2.460545 -23.62165 70.54887 5.460545 -23.62165 70.54887 2.460545 -23.62165 70.54887 5.460545 -25.5953 68.25106 5.460545 -23.62165 70.54887 2.460545 -23.62165 70.54887 2.460545 -25.5953 68.25106 5.460545 -25.5953 68.25106 2.460545 -25.5953 68.25106 5.460545 -29.70703 71.69782 5.460545 -25.5953 68.25106 2.460545 -25.5953 68.25106 2.460545 -29.70703 71.69782 5.460545 -29.70703 71.69782 2.460545 -29.70703 71.69782 5.460545 -33.16086 76.45762 5.460545 -29.70703 71.69782 2.460545 -29.70703 71.69782 2.460545 -33.16086 76.45762 5.460545 -33.16086 76.45762 2.460545 -18.68749 84.9923 5.460545 -16.056 79.90425 5.460545 -18.68749 84.9923 2.460545 -18.68749 84.9923 2.460545 -16.056 79.90425 5.460545 -16.056 79.90425 2.460545 -33.16086 76.45762 5.460545 -18.68749 84.9923 5.460545 -33.16086 76.45762 2.460545 -33.16086 76.45762 2.460545 -18.68749 84.9923 5.460545 -18.68749 84.9923 2.460545 76.37753 -8.233006 -0.3685609 127.0332 57.4203 -0.3685609 152.3626 33.45813 -0.3685609 102.5292 -28.0922 -0.3685609 78.18676 -9.710145 -0.3685609 76.37753 -8.233006 -0.3685609 152.3626 33.45813 -0.3685609 145.9485 25.41552 -0.3685609 102.5292 -28.0922 -0.3685609 102.5292 -28.0922 -0.3685609 76.37753 -8.233006 -0.3685609 152.3626 33.45813 -0.3685609 152.3626 33.45813 2.631439 127.0332 57.4203 2.631439 76.37753 -8.233006 2.631439 76.37753 -8.233006 2.631439 78.18676 -9.710145 2.631439 102.5292 -28.0922 2.631439 102.5292 -28.0922 2.631439 145.9485 25.41552 2.631439 152.3626 33.45813 2.631439 152.3626 33.45813 2.631439 76.37753 -8.233006 2.631439 102.5292 -28.0922 2.631439 152.3626 33.45813 2.631439 145.9485 25.41552 2.631439 152.3626 33.45813 -0.3685609 152.3626 33.45813 -0.3685609 145.9485 25.41552 2.631439 145.9485 25.41552 -0.3685609 145.9485 25.41552 2.631439 102.5292 -28.0922 2.631439 145.9485 25.41552 -0.3685609 145.9485 25.41552 -0.3685609 102.5292 -28.0922 2.631439 102.5292 -28.0922 -0.3685609 102.5292 -28.0922 2.631439 78.18676 -9.710145 2.631439 102.5292 -28.0922 -0.3685609 102.5292 -28.0922 -0.3685609 78.18676 -9.710145 2.631439 78.18676 -9.710145 -0.3685609 78.18676 -9.710145 2.631439 76.37753 -8.233006 2.631439 78.18676 -9.710145 -0.3685609 78.18676 -9.710145 -0.3685609 76.37753 -8.233006 2.631439 76.37753 -8.233006 -0.3685609 127.0332 57.4203 2.631439 152.3626 33.45813 2.631439 127.0332 57.4203 -0.3685609 127.0332 57.4203 -0.3685609 152.3626 33.45813 2.631439 152.3626 33.45813 -0.3685609 76.37753 -8.233006 2.631439 127.0332 57.4203 2.631439 76.37753 -8.233006 -0.3685609 76.37753 -8.233006 -0.3685609 127.0332 57.4203 2.631439 127.0332 57.4203 -0.3685609 -21.64778 115.3564 1.70568 -17.865 117.4901 1.70568 -12.60205 107.9705 1.70568 -49.772 102.2262 1.70568 -22.63458 116.9977 1.70568 -21.64778 115.3564 1.70568 -15.39803 104.0314 1.70568 -42.53551 89.09573 1.70568 -49.772 102.2262 1.70568 -21.64778 115.3564 1.70568 -12.60205 107.9705 1.70568 -16.38483 105.8368 1.70568 -15.39803 104.0314 1.70568 -49.772 102.2262 1.70568 -21.64778 115.3564 1.70568 -21.64778 115.3564 1.70568 -16.38483 105.8368 1.70568 -15.39803 104.0314 1.70568 -12.60205 107.9705 4.70568 -17.865 117.4901 4.70568 -21.64778 115.3564 4.70568 -21.64778 115.3564 4.70568 -22.63458 116.9977 4.70568 -49.772 102.2262 4.70568 -49.772 102.2262 4.70568 -42.53551 89.09573 4.70568 -15.39803 104.0314 4.70568 -16.38483 105.8368 4.70568 -12.60205 107.9705 4.70568 -21.64778 115.3564 4.70568 -21.64778 115.3564 4.70568 -49.772 102.2262 4.70568 -15.39803 104.0314 4.70568 -15.39803 104.0314 4.70568 -16.38483 105.8368 4.70568 -21.64778 115.3564 4.70568 -12.60205 107.9705 4.70568 -16.38483 105.8368 4.70568 -12.60205 107.9705 1.70568 -12.60205 107.9705 1.70568 -16.38483 105.8368 4.70568 -16.38483 105.8368 1.70568 -16.38483 105.8368 4.70568 -15.39803 104.0314 4.70568 -16.38483 105.8368 1.70568 -16.38483 105.8368 1.70568 -15.39803 104.0314 4.70568 -15.39803 104.0314 1.70568 -15.39803 104.0314 4.70568 -42.53551 89.09573 4.70568 -15.39803 104.0314 1.70568 -15.39803 104.0314 1.70568 -42.53551 89.09573 4.70568 -42.53551 89.09573 1.70568 -42.53551 89.09573 4.70568 -49.772 102.2262 4.70568 -42.53551 89.09573 1.70568 -42.53551 89.09573 1.70568 -49.772 102.2262 4.70568 -49.772 102.2262 1.70568 -49.772 102.2262 4.70568 -22.63458 116.9977 4.70568 -49.772 102.2262 1.70568 -49.772 102.2262 1.70568 -22.63458 116.9977 4.70568 -22.63458 116.9977 1.70568 -22.63458 116.9977 4.70568 -21.64778 115.3564 4.70568 -22.63458 116.9977 1.70568 -22.63458 116.9977 1.70568 -21.64778 115.3564 4.70568 -21.64778 115.3564 1.70568 -17.865 117.4901 4.70568 -12.60205 107.9705 4.70568 -17.865 117.4901 1.70568 -17.865 117.4901 1.70568 -12.60205 107.9705 4.70568 -12.60205 107.9705 1.70568 -21.64778 115.3564 4.70568 -17.865 117.4901 4.70568 -21.64778 115.3564 1.70568 -21.64778 115.3564 1.70568 -17.865 117.4901 4.70568 -17.865 117.4901 1.70568 -7.683341 -125.5868 -4.059455 -22.63599 -144.1373 -4.059455 -44.34695 -126.7365 -4.059455 2.693664 -112.7846 -4.059455 -7.66842 -125.5868 -4.059455 -7.683341 -125.5868 -4.059455 -55.03782 -113.4408 -4.059455 -32.0108 -84.88238 -4.059455 2.693664 -112.7846 -4.059455 -55.03778 -122.1398 -4.059455 -55.03794 -122.1397 -4.059455 -53.43426 -120.1701 -4.059455 -46.32071 -129.1988 -4.059455 -55.03794 -122.14 -4.059455 -55.03778 -122.1398 -4.059455 2.693664 -112.7846 -4.059455 -7.683341 -125.5868 -4.059455 -44.34695 -126.7365 -4.059455 -50.76172 -116.8874 -4.059455 -55.03782 -113.4408 -4.059455 2.693664 -112.7846 -4.059455 -46.32071 -129.1988 -4.059455 -55.03778 -122.1398 -4.059455 -53.43426 -120.1701 -4.059455 -50.76172 -116.8874 -4.059455 2.693664 -112.7846 -4.059455 -44.34695 -126.7365 -4.059455 -46.32071 -129.1988 -4.059455 -53.43426 -120.1701 -4.059455 -50.76172 -116.8874 -4.059455 -50.76172 -116.8874 -4.059455 -44.34695 -126.7365 -4.059455 -46.32071 -129.1988 -4.059455 -44.34695 -126.7365 -1.059455 -22.63599 -144.1373 -1.059455 -7.683341 -125.5868 -1.059455 -7.683341 -125.5868 -1.059455 -7.66842 -125.5868 -1.059455 2.693664 -112.7846 -1.059455 2.693664 -112.7846 -1.059455 -32.0108 -84.88238 -1.059455 -55.03782 -113.4408 -1.059455 -53.43426 -120.1701 -1.059455 -55.03794 -122.1397 -1.059455 -55.03778 -122.1398 -1.059455 -55.03778 -122.1398 -1.059455 -55.03794 -122.14 -1.059455 -46.32071 -129.1988 -1.059455 -44.34695 -126.7365 -1.059455 -7.683341 -125.5868 -1.059455 2.693664 -112.7846 -1.059455 2.693664 -112.7846 -1.059455 -55.03782 -113.4408 -1.059455 -50.76172 -116.8874 -1.059455 -53.43426 -120.1701 -1.059455 -55.03778 -122.1398 -1.059455 -46.32071 -129.1988 -1.059455 -44.34695 -126.7365 -1.059455 2.693664 -112.7846 -1.059455 -50.76172 -116.8874 -1.059455 -50.76172 -116.8874 -1.059455 -53.43426 -120.1701 -1.059455 -46.32071 -129.1988 -1.059455 -46.32071 -129.1988 -1.059455 -44.34695 -126.7365 -1.059455 -50.76172 -116.8874 -1.059455 -44.34695 -126.7365 -1.059455 -46.32071 -129.1988 -1.059455 -44.34695 -126.7365 -4.059455 -44.34695 -126.7365 -4.059455 -46.32071 -129.1988 -1.059455 -46.32071 -129.1988 -4.059455 -46.32071 -129.1988 -1.059455 -55.03794 -122.14 -1.059455 -46.32071 -129.1988 -4.059455 -46.32071 -129.1988 -4.059455 -55.03794 -122.14 -1.059455 -55.03794 -122.14 -4.059455 -55.03794 -122.14 -1.059455 -55.03778 -122.1398 -1.059455 -55.03794 -122.14 -4.059455 -55.03794 -122.14 -4.059455 -55.03778 -122.1398 -1.059455 -55.03778 -122.1398 -4.059455 -55.03778 -122.1398 -1.059455 -55.03794 -122.1397 -1.059455 -55.03778 -122.1398 -4.059455 -55.03778 -122.1398 -4.059455 -55.03794 -122.1397 -1.059455 -55.03794 -122.1397 -4.059455 -55.03794 -122.1397 -1.059455 -53.43426 -120.1701 -1.059455 -55.03794 -122.1397 -4.059455 -55.03794 -122.1397 -4.059455 -53.43426 -120.1701 -1.059455 -53.43426 -120.1701 -4.059455 -53.43426 -120.1701 -1.059455 -50.76172 -116.8874 -1.059455 -53.43426 -120.1701 -4.059455 -53.43426 -120.1701 -4.059455 -50.76172 -116.8874 -1.059455 -50.76172 -116.8874 -4.059455 -50.76172 -116.8874 -1.059455 -55.03782 -113.4408 -1.059455 -50.76172 -116.8874 -4.059455 -50.76172 -116.8874 -4.059455 -55.03782 -113.4408 -1.059455 -55.03782 -113.4408 -4.059455 -55.03782 -113.4408 -1.059455 -32.0108 -84.88238 -1.059455 -55.03782 -113.4408 -4.059455 -55.03782 -113.4408 -4.059455 -32.0108 -84.88238 -1.059455 -32.0108 -84.88238 -4.059455 -32.0108 -84.88238 -1.059455 2.693664 -112.7846 -1.059455 -32.0108 -84.88238 -4.059455 -32.0108 -84.88238 -4.059455 2.693664 -112.7846 -1.059455 2.693664 -112.7846 -4.059455 2.693664 -112.7846 -1.059455 -7.66842 -125.5868 -1.059455 2.693664 -112.7846 -4.059455 2.693664 -112.7846 -4.059455 -7.66842 -125.5868 -1.059455 -7.66842 -125.5868 -4.059455 -7.66842 -125.5868 -1.059455 -7.683341 -125.5868 -1.059455 -7.66842 -125.5868 -4.059455 -7.66842 -125.5868 -4.059455 -7.683341 -125.5868 -1.059455 -7.683341 -125.5868 -4.059455 -22.63599 -144.1373 -1.059455 -44.34695 -126.7365 -1.059455 -22.63599 -144.1373 -4.059455 -22.63599 -144.1373 -4.059455 -44.34695 -126.7365 -1.059455 -44.34695 -126.7365 -4.059455 -7.683341 -125.5868 -1.059455 -22.63599 -144.1373 -1.059455 -7.683341 -125.5868 -4.059455 -7.683341 -125.5868 -4.059455 -22.63599 -144.1373 -1.059455 -22.63599 -144.1373 -4.059455 -35.79183 140.9608 -0.1136189 -31.8446 143.0945 -0.1136189 -26.74618 133.739 -0.1136189 -63.75146 127.8307 -0.1136189 -36.61415 142.6021 -0.1136189 -35.79183 140.9608 -0.1136189 -29.54215 129.7999 -0.1136189 -56.67952 114.8643 -0.1136189 -63.75146 127.8307 -0.1136189 -35.79183 140.9608 -0.1136189 -26.74618 133.739 -0.1136189 -30.69341 131.6054 -0.1136189 -30.69341 131.6054 -0.1136189 -29.54215 129.7999 -0.1136189 -63.75146 127.8307 -0.1136189 -63.75146 127.8307 -0.1136189 -35.79183 140.9608 -0.1136189 -30.69341 131.6054 -0.1136189 -26.74618 133.739 2.886381 -31.8446 143.0945 2.886381 -35.79183 140.9608 2.886381 -35.79183 140.9608 2.886381 -36.61415 142.6021 2.886381 -63.75146 127.8307 2.886381 -63.75146 127.8307 2.886381 -56.67952 114.8643 2.886381 -29.54215 129.7999 2.886381 -30.69341 131.6054 2.886381 -26.74618 133.739 2.886381 -35.79183 140.9608 2.886381 -63.75146 127.8307 2.886381 -29.54215 129.7999 2.886381 -30.69341 131.6054 2.886381 -30.69341 131.6054 2.886381 -35.79183 140.9608 2.886381 -63.75146 127.8307 2.886381 -26.74618 133.739 2.886381 -30.69341 131.6054 2.886381 -26.74618 133.739 -0.1136189 -26.74618 133.739 -0.1136189 -30.69341 131.6054 2.886381 -30.69341 131.6054 -0.1136189 -30.69341 131.6054 2.886381 -29.54215 129.7999 2.886381 -30.69341 131.6054 -0.1136189 -30.69341 131.6054 -0.1136189 -29.54215 129.7999 2.886381 -29.54215 129.7999 -0.1136189 -29.54215 129.7999 2.886381 -56.67952 114.8643 2.886381 -29.54215 129.7999 -0.1136189 -29.54215 129.7999 -0.1136189 -56.67952 114.8643 2.886381 -56.67952 114.8643 -0.1136189 -56.67952 114.8643 2.886381 -63.75146 127.8307 2.886381 -56.67952 114.8643 -0.1136189 -56.67952 114.8643 -0.1136189 -63.75146 127.8307 2.886381 -63.75146 127.8307 -0.1136189 -63.75146 127.8307 2.886381 -36.61415 142.6021 2.886381 -63.75146 127.8307 -0.1136189 -63.75146 127.8307 -0.1136189 -36.61415 142.6021 2.886381 -36.61415 142.6021 -0.1136189 -36.61415 142.6021 2.886381 -35.79183 140.9608 2.886381 -36.61415 142.6021 -0.1136189 -36.61415 142.6021 -0.1136189 -35.79183 140.9608 2.886381 -35.79183 140.9608 -0.1136189 -31.8446 143.0945 2.886381 -26.74618 133.739 2.886381 -31.8446 143.0945 -0.1136189 -31.8446 143.0945 -0.1136189 -26.74618 133.739 2.886381 -26.74618 133.739 -0.1136189 -35.79183 140.9608 2.886381 -31.8446 143.0945 2.886381 -35.79183 140.9608 -0.1136189 -35.79183 140.9608 -0.1136189 -31.8446 143.0945 2.886381 -31.8446 143.0945 -0.1136189 -2.076042 153.927 -1.020078 1.213292 155.7324 -1.020078 9.930029 153.7628 -1.020078 -2.898383 142.2737 -1.020078 -4.378584 145.8846 -1.020078 -2.076042 153.927 -1.020078 10.91689 130.1281 -1.020078 1.871169 132.7542 -1.020078 0.5554284 135.7085 -1.020078 17.00215 141.1248 -1.020078 14.20624 131.9335 -1.020078 10.91689 130.1281 -1.020078 -2.076042 153.927 -1.020078 9.930029 153.7628 -1.020078 17.00215 141.1248 -1.020078 0.5554284 135.7085 -1.020078 -2.898383 142.2737 -1.020078 -2.076042 153.927 -1.020078 17.00215 141.1248 -1.020078 10.91689 130.1281 -1.020078 0.5554284 135.7085 -1.020078 0.5554284 135.7085 -1.020078 -2.076042 153.927 -1.020078 17.00215 141.1248 -1.020078 9.930029 153.7628 72.47992 1.213292 155.7324 72.47992 -2.076042 153.927 72.47992 -2.076042 153.927 72.47992 -4.378584 145.8846 72.47992 -2.898383 142.2737 72.47992 0.5554284 135.7085 72.47992 1.871169 132.7542 72.47992 10.91689 130.1281 72.47992 10.91689 130.1281 72.47992 14.20624 131.9335 72.47992 17.00215 141.1248 72.47992 17.00215 141.1248 72.47992 9.930029 153.7628 72.47992 -2.076042 153.927 72.47992 -2.076042 153.927 72.47992 -2.898383 142.2737 72.47992 0.5554284 135.7085 72.47992 0.5554284 135.7085 72.47992 10.91689 130.1281 72.47992 17.00215 141.1248 72.47992 17.00215 141.1248 72.47992 -2.076042 153.927 72.47992 0.5554284 135.7085 72.47992 9.930029 153.7628 72.47992 17.00215 141.1248 72.47992 9.930029 153.7628 -1.020078 9.930029 153.7628 -1.020078 17.00215 141.1248 72.47992 17.00215 141.1248 -1.020078 17.00215 141.1248 72.47992 14.20624 131.9335 72.47992 17.00215 141.1248 -1.020078 17.00215 141.1248 -1.020078 14.20624 131.9335 72.47992 14.20624 131.9335 -1.020078 14.20624 131.9335 72.47992 10.91689 130.1281 72.47992 14.20624 131.9335 -1.020078 14.20624 131.9335 -1.020078 10.91689 130.1281 72.47992 10.91689 130.1281 -1.020078 10.91689 130.1281 72.47992 1.871169 132.7542 72.47992 10.91689 130.1281 -1.020078 10.91689 130.1281 -1.020078 1.871169 132.7542 72.47992 1.871169 132.7542 -1.020078 1.871169 132.7542 72.47992 0.5554284 135.7085 72.47992 1.871169 132.7542 -1.020078 1.871169 132.7542 -1.020078 0.5554284 135.7085 72.47992 0.5554284 135.7085 -1.020078 0.5554284 135.7085 72.47992 -2.898383 142.2737 72.47992 0.5554284 135.7085 -1.020078 0.5554284 135.7085 -1.020078 -2.898383 142.2737 72.47992 -2.898383 142.2737 -1.020078 -2.898383 142.2737 72.47992 -4.378584 145.8846 72.47992 -2.898383 142.2737 -1.020078 -2.898383 142.2737 -1.020078 -4.378584 145.8846 72.47992 -4.378584 145.8846 -1.020078 -4.378584 145.8846 72.47992 -2.076042 153.927 72.47992 -4.378584 145.8846 -1.020078 -4.378584 145.8846 -1.020078 -2.076042 153.927 72.47992 -2.076042 153.927 -1.020078 1.213292 155.7324 72.47992 9.930029 153.7628 72.47992 1.213292 155.7324 -1.020078 1.213292 155.7324 -1.020078 9.930029 153.7628 72.47992 9.930029 153.7628 -1.020078 -2.076042 153.927 72.47992 1.213292 155.7324 72.47992 -2.076042 153.927 -1.020078 -2.076042 153.927 -1.020078 1.213292 155.7324 72.47992 1.213292 155.7324 -1.020078 68.97518 56.5983 1.603113 91.67146 86.63456 1.603113 127.0332 57.4203 1.603113 64.53532 1.450477 1.603113 40.0287 21.47406 1.603113 68.97518 56.5983 1.603113 127.0332 57.4203 1.603113 76.37753 -8.233006 1.603113 64.53532 1.450477 1.603113 64.53532 1.450477 1.603113 68.97518 56.5983 1.603113 127.0332 57.4203 1.603113 127.0332 57.4203 4.603113 91.67146 86.63456 4.603113 68.97518 56.5983 4.603113 68.97518 56.5983 4.603113 40.0287 21.47406 4.603113 64.53532 1.450477 4.603113 64.53532 1.450477 4.603113 76.37753 -8.233006 4.603113 127.0332 57.4203 4.603113 127.0332 57.4203 4.603113 68.97518 56.5983 4.603113 64.53532 1.450477 4.603113 127.0332 57.4203 4.603113 76.37753 -8.233006 4.603113 127.0332 57.4203 1.603113 127.0332 57.4203 1.603113 76.37753 -8.233006 4.603113 76.37753 -8.233006 1.603113 76.37753 -8.233006 4.603113 64.53532 1.450477 4.603113 76.37753 -8.233006 1.603113 76.37753 -8.233006 1.603113 64.53532 1.450477 4.603113 64.53532 1.450477 1.603113 64.53532 1.450477 4.603113 40.0287 21.47406 4.603113 64.53532 1.450477 1.603113 64.53532 1.450477 1.603113 40.0287 21.47406 4.603113 40.0287 21.47406 1.603113 40.0287 21.47406 4.603113 68.97518 56.5983 4.603113 40.0287 21.47406 1.603113 40.0287 21.47406 1.603113 68.97518 56.5983 4.603113 68.97518 56.5983 1.603113 91.67146 86.63456 4.603113 127.0332 57.4203 4.603113 91.67146 86.63456 1.603113 91.67146 86.63456 1.603113 127.0332 57.4203 4.603113 127.0332 57.4203 1.603113 68.97518 56.5983 4.603113 91.67146 86.63456 4.603113 68.97518 56.5983 1.603113 68.97518 56.5983 1.603113 91.67146 86.63456 4.603113 91.67146 86.63456 1.603113 45.29004 185.1119 -2.488405 53.67765 195.2881 -2.488405 98.08408 158.6879 -2.488405 63.38163 159.5079 -2.488405 52.52673 168.3707 -2.488405 57.95402 174.7719 -2.488405 98.08408 158.6879 -2.488405 89.20311 148.0192 -2.488405 68.15106 165.2525 -2.488405 57.95402 174.7719 -2.488405 45.29004 185.1119 -2.488405 98.08408 158.6879 -2.488405 68.15106 165.2525 -2.488405 63.38163 159.5079 -2.488405 57.95402 174.7719 -2.488405 57.95402 174.7719 -2.488405 98.08408 158.6879 -2.488405 68.15106 165.2525 -2.488405 98.08408 158.6879 0.5115952 53.67765 195.2881 0.5115952 45.29004 185.1119 0.5115952 57.95402 174.7719 0.5115952 52.52673 168.3707 0.5115952 63.38163 159.5079 0.5115952 68.15106 165.2525 0.5115952 89.20311 148.0192 0.5115952 98.08408 158.6879 0.5115952 98.08408 158.6879 0.5115952 45.29004 185.1119 0.5115952 57.95402 174.7719 0.5115952 57.95402 174.7719 0.5115952 63.38163 159.5079 0.5115952 68.15106 165.2525 0.5115952 68.15106 165.2525 0.5115952 98.08408 158.6879 0.5115952 57.95402 174.7719 0.5115952 98.08408 158.6879 0.5115952 89.20311 148.0192 0.5115952 98.08408 158.6879 -2.488405 98.08408 158.6879 -2.488405 89.20311 148.0192 0.5115952 89.20311 148.0192 -2.488405 89.20311 148.0192 0.5115952 68.15106 165.2525 0.5115952 89.20311 148.0192 -2.488405 89.20311 148.0192 -2.488405 68.15106 165.2525 0.5115952 68.15106 165.2525 -2.488405 68.15106 165.2525 0.5115952 63.38163 159.5079 0.5115952 68.15106 165.2525 -2.488405 68.15106 165.2525 -2.488405 63.38163 159.5079 0.5115952 63.38163 159.5079 -2.488405 63.38163 159.5079 0.5115952 52.52673 168.3707 0.5115952 63.38163 159.5079 -2.488405 63.38163 159.5079 -2.488405 52.52673 168.3707 0.5115952 52.52673 168.3707 -2.488405 52.52673 168.3707 0.5115952 57.95402 174.7719 0.5115952 52.52673 168.3707 -2.488405 52.52673 168.3707 -2.488405 57.95402 174.7719 0.5115952 57.95402 174.7719 -2.488405 57.95402 174.7719 0.5115952 45.29004 185.1119 0.5115952 57.95402 174.7719 -2.488405 57.95402 174.7719 -2.488405 45.29004 185.1119 0.5115952 45.29004 185.1119 -2.488405 53.67765 195.2881 0.5115952 98.08408 158.6879 0.5115952 53.67765 195.2881 -2.488405 53.67765 195.2881 -2.488405 98.08408 158.6879 0.5115952 98.08408 158.6879 -2.488405 45.29004 185.1119 0.5115952 53.67765 195.2881 0.5115952 45.29004 185.1119 -2.488405 45.29004 185.1119 -2.488405 53.67765 195.2881 0.5115952 53.67765 195.2881 -2.488405 19.63395 72.02602 4.164202 21.93651 74.98037 4.164202 30.32452 68.25109 4.164202 2.364616 54.13578 4.164202 17.82477 73.33905 4.164202 19.63395 72.02602 4.164202 -6.84574 53.47926 4.164202 -2.898441 58.40317 4.164202 2.364616 54.13578 4.164202 28.02196 65.29673 4.164202 29.5022 64.14783 4.164202 10.25924 39.85646 4.164202 19.63395 72.02602 4.164202 30.32452 68.25109 4.164202 28.02196 65.29673 4.164202 10.25924 39.85646 4.164202 -6.84574 53.47926 4.164202 2.364616 54.13578 4.164202 19.63395 72.02602 4.164202 28.02196 65.29673 4.164202 10.25924 39.85646 4.164202 10.25924 39.85646 4.164202 2.364616 54.13578 4.164202 19.63395 72.02602 4.164202 30.32452 68.25109 7.164202 21.93651 74.98037 7.164202 19.63395 72.02602 7.164202 19.63395 72.02602 7.164202 17.82477 73.33905 7.164202 2.364616 54.13578 7.164202 2.364616 54.13578 7.164202 -2.898441 58.40317 7.164202 -6.84574 53.47926 7.164202 10.25924 39.85646 7.164202 29.5022 64.14783 7.164202 28.02196 65.29673 7.164202 28.02196 65.29673 7.164202 30.32452 68.25109 7.164202 19.63395 72.02602 7.164202 2.364616 54.13578 7.164202 -6.84574 53.47926 7.164202 10.25924 39.85646 7.164202 10.25924 39.85646 7.164202 28.02196 65.29673 7.164202 19.63395 72.02602 7.164202 19.63395 72.02602 7.164202 2.364616 54.13578 7.164202 10.25924 39.85646 7.164202 30.32452 68.25109 7.164202 28.02196 65.29673 7.164202 30.32452 68.25109 4.164202 30.32452 68.25109 4.164202 28.02196 65.29673 7.164202 28.02196 65.29673 4.164202 28.02196 65.29673 7.164202 29.5022 64.14783 7.164202 28.02196 65.29673 4.164202 28.02196 65.29673 4.164202 29.5022 64.14783 7.164202 29.5022 64.14783 4.164202 29.5022 64.14783 7.164202 10.25924 39.85646 7.164202 29.5022 64.14783 4.164202 29.5022 64.14783 4.164202 10.25924 39.85646 7.164202 10.25924 39.85646 4.164202 10.25924 39.85646 7.164202 -6.84574 53.47926 7.164202 10.25924 39.85646 4.164202 10.25924 39.85646 4.164202 -6.84574 53.47926 7.164202 -6.84574 53.47926 4.164202 -6.84574 53.47926 7.164202 -2.898441 58.40317 7.164202 -6.84574 53.47926 4.164202 -6.84574 53.47926 4.164202 -2.898441 58.40317 7.164202 -2.898441 58.40317 4.164202 -2.898441 58.40317 7.164202 2.364616 54.13578 7.164202 -2.898441 58.40317 4.164202 -2.898441 58.40317 4.164202 2.364616 54.13578 7.164202 2.364616 54.13578 4.164202 2.364616 54.13578 7.164202 17.82477 73.33905 7.164202 2.364616 54.13578 4.164202 2.364616 54.13578 4.164202 17.82477 73.33905 7.164202 17.82477 73.33905 4.164202 17.82477 73.33905 7.164202 19.63395 72.02602 7.164202 17.82477 73.33905 4.164202 17.82477 73.33905 4.164202 19.63395 72.02602 7.164202 19.63395 72.02602 4.164202 21.93651 74.98037 7.164202 30.32452 68.25109 7.164202 21.93651 74.98037 4.164202 21.93651 74.98037 4.164202 30.32452 68.25109 7.164202 30.32452 68.25109 4.164202 19.63395 72.02602 7.164202 21.93651 74.98037 7.164202 19.63395 72.02602 4.164202 19.63395 72.02602 4.164202 21.93651 74.98037 7.164202 21.93651 74.98037 4.164202 77.19771 110.9255 -2.177588 106.1432 146.5424 -2.177588 109.2682 144.0806 -2.177588 84.92776 108.9561 -2.177588 82.78972 106.33 -2.177588 77.19771 110.9255 -2.177588 100.552 118.1478 -2.177588 89.8619 105.0171 -2.177588 84.92776 108.9561 -2.177588 110.255 145.2295 -2.177588 116.6693 140.1416 -2.177588 99.40075 119.1325 -2.177588 84.92776 108.9561 -2.177588 77.19771 110.9255 -2.177588 109.2682 144.0806 -2.177588 99.40075 119.1325 -2.177588 100.552 118.1478 -2.177588 84.92776 108.9561 -2.177588 109.2682 144.0806 -2.177588 110.255 145.2295 -2.177588 99.40075 119.1325 -2.177588 99.40075 119.1325 -2.177588 84.92776 108.9561 -2.177588 109.2682 144.0806 -2.177588 109.2682 144.0806 0.8224125 106.1432 146.5424 0.8224125 77.19771 110.9255 0.8224125 77.19771 110.9255 0.8224125 82.78972 106.33 0.8224125 84.92776 108.9561 0.8224125 84.92776 108.9561 0.8224125 89.8619 105.0171 0.8224125 100.552 118.1478 0.8224125 99.40075 119.1325 0.8224125 116.6693 140.1416 0.8224125 110.255 145.2295 0.8224125 109.2682 144.0806 0.8224125 77.19771 110.9255 0.8224125 84.92776 108.9561 0.8224125 84.92776 108.9561 0.8224125 100.552 118.1478 0.8224125 99.40075 119.1325 0.8224125 99.40075 119.1325 0.8224125 110.255 145.2295 0.8224125 109.2682 144.0806 0.8224125 109.2682 144.0806 0.8224125 84.92776 108.9561 0.8224125 99.40075 119.1325 0.8224125 109.2682 144.0806 0.8224125 110.255 145.2295 0.8224125 109.2682 144.0806 -2.177588 109.2682 144.0806 -2.177588 110.255 145.2295 0.8224125 110.255 145.2295 -2.177588 110.255 145.2295 0.8224125 116.6693 140.1416 0.8224125 110.255 145.2295 -2.177588 110.255 145.2295 -2.177588 116.6693 140.1416 0.8224125 116.6693 140.1416 -2.177588 116.6693 140.1416 0.8224125 99.40075 119.1325 0.8224125 116.6693 140.1416 -2.177588 116.6693 140.1416 -2.177588 99.40075 119.1325 0.8224125 99.40075 119.1325 -2.177588 99.40075 119.1325 0.8224125 100.552 118.1478 0.8224125 99.40075 119.1325 -2.177588 99.40075 119.1325 -2.177588 100.552 118.1478 0.8224125 100.552 118.1478 -2.177588 100.552 118.1478 0.8224125 89.8619 105.0171 0.8224125 100.552 118.1478 -2.177588 100.552 118.1478 -2.177588 89.8619 105.0171 0.8224125 89.8619 105.0171 -2.177588 89.8619 105.0171 0.8224125 84.92776 108.9561 0.8224125 89.8619 105.0171 -2.177588 89.8619 105.0171 -2.177588 84.92776 108.9561 0.8224125 84.92776 108.9561 -2.177588 84.92776 108.9561 0.8224125 82.78972 106.33 0.8224125 84.92776 108.9561 -2.177588 84.92776 108.9561 -2.177588 82.78972 106.33 0.8224125 82.78972 106.33 -2.177588 82.78972 106.33 0.8224125 77.19771 110.9255 0.8224125 82.78972 106.33 -2.177588 82.78972 106.33 -2.177588 77.19771 110.9255 0.8224125 77.19771 110.9255 -2.177588 106.1432 146.5424 0.8224125 109.2682 144.0806 0.8224125 106.1432 146.5424 -2.177588 106.1432 146.5424 -2.177588 109.2682 144.0806 0.8224125 109.2682 144.0806 -2.177588 77.19771 110.9255 0.8224125 106.1432 146.5424 0.8224125 77.19771 110.9255 -2.177588 77.19771 110.9255 -2.177588 106.1432 146.5424 0.8224125 106.1432 146.5424 -2.177588 -22.30546 151.4651 0.8706611 -19.67399 152.7781 0.8706611 -11.77962 137.6781 0.8706611 -31.8446 143.0945 0.8706611 -33.16032 145.3923 0.8706611 -22.30546 151.4651 0.8706611 -17.865 117.4901 0.8706611 -26.74618 133.739 0.8706611 -31.8446 143.0945 0.8706611 4.667145 108.2988 0.8706611 -7.339074 98.28682 0.8706611 -12.60205 107.9705 0.8706611 -22.30546 151.4651 0.8706611 -11.77962 137.6781 0.8706611 -8.161354 131.1129 0.8706611 -17.865 117.4901 0.8706611 -31.8446 143.0945 0.8706611 -22.30546 151.4651 0.8706611 4.667145 108.2988 0.8706611 -12.60205 107.9705 0.8706611 -17.865 117.4901 0.8706611 -22.30546 151.4651 0.8706611 -8.161354 131.1129 0.8706611 4.667145 108.2988 0.8706611 4.667145 108.2988 0.8706611 -17.865 117.4901 0.8706611 -22.30546 151.4651 0.8706611 -11.77962 137.6781 3.870661 -19.67399 152.7781 3.870661 -22.30546 151.4651 3.870661 -22.30546 151.4651 3.870661 -33.16032 145.3923 3.870661 -31.8446 143.0945 3.870661 -31.8446 143.0945 3.870661 -26.74618 133.739 3.870661 -17.865 117.4901 3.870661 -12.60205 107.9705 3.870661 -7.339074 98.28682 3.870661 4.667145 108.2988 3.870661 -8.161354 131.1129 3.870661 -11.77962 137.6781 3.870661 -22.30546 151.4651 3.870661 -22.30546 151.4651 3.870661 -31.8446 143.0945 3.870661 -17.865 117.4901 3.870661 -17.865 117.4901 3.870661 -12.60205 107.9705 3.870661 4.667145 108.2988 3.870661 4.667145 108.2988 3.870661 -8.161354 131.1129 3.870661 -22.30546 151.4651 3.870661 -22.30546 151.4651 3.870661 -17.865 117.4901 3.870661 4.667145 108.2988 3.870661 -11.77962 137.6781 3.870661 -8.161354 131.1129 3.870661 -11.77962 137.6781 0.8706611 -11.77962 137.6781 0.8706611 -8.161354 131.1129 3.870661 -8.161354 131.1129 0.8706611 -8.161354 131.1129 3.870661 4.667145 108.2988 3.870661 -8.161354 131.1129 0.8706611 -8.161354 131.1129 0.8706611 4.667145 108.2988 3.870661 4.667145 108.2988 0.8706611 4.667145 108.2988 3.870661 -7.339074 98.28682 3.870661 4.667145 108.2988 0.8706611 4.667145 108.2988 0.8706611 -7.339074 98.28682 3.870661 -7.339074 98.28682 0.8706611 -7.339074 98.28682 3.870661 -12.60205 107.9705 3.870661 -7.339074 98.28682 0.8706611 -7.339074 98.28682 0.8706611 -12.60205 107.9705 3.870661 -12.60205 107.9705 0.8706611 -12.60205 107.9705 3.870661 -17.865 117.4901 3.870661 -12.60205 107.9705 0.8706611 -12.60205 107.9705 0.8706611 -17.865 117.4901 3.870661 -17.865 117.4901 0.8706611 -17.865 117.4901 3.870661 -26.74618 133.739 3.870661 -17.865 117.4901 0.8706611 -17.865 117.4901 0.8706611 -26.74618 133.739 3.870661 -26.74618 133.739 0.8706611 -26.74618 133.739 3.870661 -31.8446 143.0945 3.870661 -26.74618 133.739 0.8706611 -26.74618 133.739 0.8706611 -31.8446 143.0945 3.870661 -31.8446 143.0945 0.8706611 -31.8446 143.0945 3.870661 -33.16032 145.3923 3.870661 -31.8446 143.0945 0.8706611 -31.8446 143.0945 0.8706611 -33.16032 145.3923 3.870661 -33.16032 145.3923 0.8706611 -33.16032 145.3923 3.870661 -22.30546 151.4651 3.870661 -33.16032 145.3923 0.8706611 -33.16032 145.3923 0.8706611 -22.30546 151.4651 3.870661 -22.30546 151.4651 0.8706611 -19.67399 152.7781 3.870661 -11.77962 137.6781 3.870661 -19.67399 152.7781 0.8706611 -19.67399 152.7781 0.8706611 -11.77962 137.6781 3.870661 -11.77962 137.6781 0.8706611 -22.30546 151.4651 3.870661 -19.67399 152.7781 3.870661 -22.30546 151.4651 0.8706611 -22.30546 151.4651 0.8706611 -19.67399 152.7781 3.870661 -19.67399 152.7781 0.8706611 -2.898419 89.91617 3.135719 -0.5958497 92.87051 3.135719 7.627618 86.30531 3.135719 -15.06918 78.75534 3.135719 -4.872048 91.39334 3.135719 -2.898419 89.91617 3.135719 -22.47037 69.56408 3.135719 -21.48354 70.87712 3.135719 -15.06918 78.75534 3.135719 -6.84574 53.47926 3.135719 -24.27955 67.26627 3.135719 -22.47037 69.56408 3.135719 -8.490428 62.83469 3.135719 -2.898441 58.40317 3.135719 -6.84574 53.47926 3.135719 5.32505 83.35096 3.135719 6.969747 82.03792 3.135719 -8.490428 62.83469 3.135719 -2.898419 89.91617 3.135719 7.627618 86.30531 3.135719 5.32505 83.35096 3.135719 -22.47037 69.56408 3.135719 -15.06918 78.75534 3.135719 -2.898419 89.91617 3.135719 -8.490428 62.83469 3.135719 -6.84574 53.47926 3.135719 -22.47037 69.56408 3.135719 -2.898419 89.91617 3.135719 5.32505 83.35096 3.135719 -8.490428 62.83469 3.135719 -8.490428 62.83469 3.135719 -22.47037 69.56408 3.135719 -2.898419 89.91617 3.135719 7.627618 86.30531 6.135719 -0.5958497 92.87051 6.135719 -2.898419 89.91617 6.135719 -2.898419 89.91617 6.135719 -4.872048 91.39334 6.135719 -15.06918 78.75534 6.135719 -15.06918 78.75534 6.135719 -21.48354 70.87712 6.135719 -22.47037 69.56408 6.135719 -22.47037 69.56408 6.135719 -24.27955 67.26627 6.135719 -6.84574 53.47926 6.135719 -6.84574 53.47926 6.135719 -2.898441 58.40317 6.135719 -8.490428 62.83469 6.135719 -8.490428 62.83469 6.135719 6.969747 82.03792 6.135719 5.32505 83.35096 6.135719 5.32505 83.35096 6.135719 7.627618 86.30531 6.135719 -2.898419 89.91617 6.135719 -2.898419 89.91617 6.135719 -15.06918 78.75534 6.135719 -22.47037 69.56408 6.135719 -22.47037 69.56408 6.135719 -6.84574 53.47926 6.135719 -8.490428 62.83469 6.135719 -8.490428 62.83469 6.135719 5.32505 83.35096 6.135719 -2.898419 89.91617 6.135719 -2.898419 89.91617 6.135719 -22.47037 69.56408 6.135719 -8.490428 62.83469 6.135719 7.627618 86.30531 6.135719 5.32505 83.35096 6.135719 7.627618 86.30531 3.135719 7.627618 86.30531 3.135719 5.32505 83.35096 6.135719 5.32505 83.35096 3.135719 5.32505 83.35096 6.135719 6.969747 82.03792 6.135719 5.32505 83.35096 3.135719 5.32505 83.35096 3.135719 6.969747 82.03792 6.135719 6.969747 82.03792 3.135719 6.969747 82.03792 6.135719 -8.490428 62.83469 6.135719 6.969747 82.03792 3.135719 6.969747 82.03792 3.135719 -8.490428 62.83469 6.135719 -8.490428 62.83469 3.135719 -8.490428 62.83469 6.135719 -2.898441 58.40317 6.135719 -8.490428 62.83469 3.135719 -8.490428 62.83469 3.135719 -2.898441 58.40317 6.135719 -2.898441 58.40317 3.135719 -2.898441 58.40317 6.135719 -6.84574 53.47926 6.135719 -2.898441 58.40317 3.135719 -2.898441 58.40317 3.135719 -6.84574 53.47926 6.135719 -6.84574 53.47926 3.135719 -6.84574 53.47926 6.135719 -24.27955 67.26627 6.135719 -6.84574 53.47926 3.135719 -6.84574 53.47926 3.135719 -24.27955 67.26627 6.135719 -24.27955 67.26627 3.135719 -24.27955 67.26627 6.135719 -22.47037 69.56408 6.135719 -24.27955 67.26627 3.135719 -24.27955 67.26627 3.135719 -22.47037 69.56408 6.135719 -22.47037 69.56408 3.135719 -22.47037 69.56408 6.135719 -21.48354 70.87712 6.135719 -22.47037 69.56408 3.135719 -22.47037 69.56408 3.135719 -21.48354 70.87712 6.135719 -21.48354 70.87712 3.135719 -21.48354 70.87712 6.135719 -15.06918 78.75534 6.135719 -21.48354 70.87712 3.135719 -21.48354 70.87712 3.135719 -15.06918 78.75534 6.135719 -15.06918 78.75534 3.135719 -15.06918 78.75534 6.135719 -4.872048 91.39334 6.135719 -15.06918 78.75534 3.135719 -15.06918 78.75534 3.135719 -4.872048 91.39334 6.135719 -4.872048 91.39334 3.135719 -4.872048 91.39334 6.135719 -2.898419 89.91617 6.135719 -4.872048 91.39334 3.135719 -4.872048 91.39334 3.135719 -2.898419 89.91617 6.135719 -2.898419 89.91617 3.135719 -0.5958497 92.87051 6.135719 7.627618 86.30531 6.135719 -0.5958497 92.87051 3.135719 -0.5958497 92.87051 3.135719 7.627618 86.30531 6.135719 7.627618 86.30531 3.135719 -2.898419 89.91617 6.135719 -0.5958497 92.87051 6.135719 -2.898419 89.91617 3.135719 -2.898419 89.91617 3.135719 -0.5958497 92.87051 6.135719 -0.5958497 92.87051 3.135719 -7.339074 98.28682 3.331673 4.667145 108.2988 3.331673 19.46936 96.48142 3.331673 7.627618 86.30531 3.331673 -0.5958497 92.87051 3.331673 -4.872043 96.31725 3.331673 35.25866 64.312 3.331673 30.32452 68.25109 3.331673 21.93651 74.98037 3.331673 44.7978 76.2936 3.331673 43.31759 74.32402 3.331673 35.25866 64.312 3.331673 19.46936 96.48142 3.331673 36.40978 83.02286 3.331673 44.7978 76.2936 3.331673 -4.872043 96.31725 3.331673 -7.339074 98.28682 3.331673 19.46936 96.48142 3.331673 21.93651 74.98037 3.331673 7.627618 86.30531 3.331673 -4.872043 96.31725 3.331673 44.7978 76.2936 3.331673 35.25866 64.312 3.331673 21.93651 74.98037 3.331673 -4.872043 96.31725 3.331673 19.46936 96.48142 3.331673 44.7978 76.2936 3.331673 44.7978 76.2936 3.331673 21.93651 74.98037 3.331673 -4.872043 96.31725 3.331673 19.46936 96.48142 6.331673 4.667145 108.2988 6.331673 -7.339074 98.28682 6.331673 -4.872043 96.31725 6.331673 -0.5958497 92.87051 6.331673 7.627618 86.30531 6.331673 21.93651 74.98037 6.331673 30.32452 68.25109 6.331673 35.25866 64.312 6.331673 35.25866 64.312 6.331673 43.31759 74.32402 6.331673 44.7978 76.2936 6.331673 44.7978 76.2936 6.331673 36.40978 83.02286 6.331673 19.46936 96.48142 6.331673 19.46936 96.48142 6.331673 -7.339074 98.28682 6.331673 -4.872043 96.31725 6.331673 -4.872043 96.31725 6.331673 7.627618 86.30531 6.331673 21.93651 74.98037 6.331673 21.93651 74.98037 6.331673 35.25866 64.312 6.331673 44.7978 76.2936 6.331673 44.7978 76.2936 6.331673 19.46936 96.48142 6.331673 -4.872043 96.31725 6.331673 -4.872043 96.31725 6.331673 21.93651 74.98037 6.331673 44.7978 76.2936 6.331673 19.46936 96.48142 6.331673 36.40978 83.02286 6.331673 19.46936 96.48142 3.331673 19.46936 96.48142 3.331673 36.40978 83.02286 6.331673 36.40978 83.02286 3.331673 36.40978 83.02286 6.331673 44.7978 76.2936 6.331673 36.40978 83.02286 3.331673 36.40978 83.02286 3.331673 44.7978 76.2936 6.331673 44.7978 76.2936 3.331673 44.7978 76.2936 6.331673 43.31759 74.32402 6.331673 44.7978 76.2936 3.331673 44.7978 76.2936 3.331673 43.31759 74.32402 6.331673 43.31759 74.32402 3.331673 43.31759 74.32402 6.331673 35.25866 64.312 6.331673 43.31759 74.32402 3.331673 43.31759 74.32402 3.331673 35.25866 64.312 6.331673 35.25866 64.312 3.331673 35.25866 64.312 6.331673 30.32452 68.25109 6.331673 35.25866 64.312 3.331673 35.25866 64.312 3.331673 30.32452 68.25109 6.331673 30.32452 68.25109 3.331673 30.32452 68.25109 6.331673 21.93651 74.98037 6.331673 30.32452 68.25109 3.331673 30.32452 68.25109 3.331673 21.93651 74.98037 6.331673 21.93651 74.98037 3.331673 21.93651 74.98037 6.331673 7.627618 86.30531 6.331673 21.93651 74.98037 3.331673 21.93651 74.98037 3.331673 7.627618 86.30531 6.331673 7.627618 86.30531 3.331673 7.627618 86.30531 6.331673 -0.5958497 92.87051 6.331673 7.627618 86.30531 3.331673 7.627618 86.30531 3.331673 -0.5958497 92.87051 6.331673 -0.5958497 92.87051 3.331673 -0.5958497 92.87051 6.331673 -4.872043 96.31725 6.331673 -0.5958497 92.87051 3.331673 -0.5958497 92.87051 3.331673 -4.872043 96.31725 6.331673 -4.872043 96.31725 3.331673 -4.872043 96.31725 6.331673 -7.339074 98.28682 6.331673 -4.872043 96.31725 3.331673 -4.872043 96.31725 3.331673 -7.339074 98.28682 6.331673 -7.339074 98.28682 3.331673 4.667145 108.2988 6.331673 19.46936 96.48142 6.331673 4.667145 108.2988 3.331673 4.667145 108.2988 3.331673 19.46936 96.48142 6.331673 19.46936 96.48142 3.331673 -7.339074 98.28682 6.331673 4.667145 108.2988 6.331673 -7.339074 98.28682 3.331673 -7.339074 98.28682 3.331673 4.667145 108.2988 6.331673 4.667145 108.2988 3.331673 27.36372 120.6086 1.461634 29.66627 120.7728 1.461634 32.62671 118.3108 1.461634 19.30479 118.9673 1.461634 24.23883 119.2955 1.461634 25.55458 118.1466 1.461634 15.19313 106.8216 1.461634 14.37077 112.7303 1.461634 19.30479 118.9673 1.461634 36.40978 83.02286 1.461634 19.46936 96.48142 1.461634 22.75872 100.7488 1.461634 47.59359 93.5273 1.461634 41.17938 85.48485 1.461634 39.53467 86.79788 1.461634 44.79743 110.7609 1.461634 52.36306 104.6882 1.461634 45.291 95.49684 1.461634 33.94248 115.5206 1.461634 35.75161 117.9826 1.461634 44.79743 110.7609 1.461634 27.36372 120.6086 1.461634 32.62671 118.3108 1.461634 32.46226 116.8336 1.461634 15.19313 106.8216 1.461634 19.30479 118.9673 1.461634 25.55458 118.1466 1.461634 39.53467 86.79788 1.461634 36.40978 83.02286 1.461634 22.75872 100.7488 1.461634 45.291 95.49684 1.461634 47.59359 93.5273 1.461634 39.53467 86.79788 1.461634 33.94248 115.5206 1.461634 44.79743 110.7609 1.461634 45.291 95.49684 1.461634 27.36372 120.6086 1.461634 32.46226 116.8336 1.461634 33.94248 115.5206 1.461634 22.75872 100.7488 1.461634 15.19313 106.8216 1.461634 25.55458 118.1466 1.461634 45.291 95.49684 1.461634 39.53467 86.79788 1.461634 22.75872 100.7488 1.461634 27.36372 120.6086 1.461634 33.94248 115.5206 1.461634 45.291 95.49684 1.461634 22.75872 100.7488 1.461634 25.55458 118.1466 1.461634 27.36372 120.6086 1.461634 27.36372 120.6086 1.461634 45.291 95.49684 1.461634 22.75872 100.7488 1.461634 32.62671 118.3108 4.461634 29.66627 120.7728 4.461634 27.36372 120.6086 4.461634 25.55458 118.1466 4.461634 24.23883 119.2955 4.461634 19.30479 118.9673 4.461634 19.30479 118.9673 4.461634 14.37077 112.7303 4.461634 15.19313 106.8216 4.461634 22.75872 100.7488 4.461634 19.46936 96.48142 4.461634 36.40978 83.02286 4.461634 39.53467 86.79788 4.461634 41.17938 85.48485 4.461634 47.59359 93.5273 4.461634 45.291 95.49684 4.461634 52.36306 104.6882 4.461634 44.79743 110.7609 4.461634 44.79743 110.7609 4.461634 35.75161 117.9826 4.461634 33.94248 115.5206 4.461634 32.46226 116.8336 4.461634 32.62671 118.3108 4.461634 27.36372 120.6086 4.461634 25.55458 118.1466 4.461634 19.30479 118.9673 4.461634 15.19313 106.8216 4.461634 22.75872 100.7488 4.461634 36.40978 83.02286 4.461634 39.53467 86.79788 4.461634 39.53467 86.79788 4.461634 47.59359 93.5273 4.461634 45.291 95.49684 4.461634 45.291 95.49684 4.461634 44.79743 110.7609 4.461634 33.94248 115.5206 4.461634 33.94248 115.5206 4.461634 32.46226 116.8336 4.461634 27.36372 120.6086 4.461634 25.55458 118.1466 4.461634 15.19313 106.8216 4.461634 22.75872 100.7488 4.461634 22.75872 100.7488 4.461634 39.53467 86.79788 4.461634 45.291 95.49684 4.461634 45.291 95.49684 4.461634 33.94248 115.5206 4.461634 27.36372 120.6086 4.461634 27.36372 120.6086 4.461634 25.55458 118.1466 4.461634 22.75872 100.7488 4.461634 22.75872 100.7488 4.461634 45.291 95.49684 4.461634 27.36372 120.6086 4.461634 32.62671 118.3108 4.461634 32.46226 116.8336 4.461634 32.62671 118.3108 1.461634 32.62671 118.3108 1.461634 32.46226 116.8336 4.461634 32.46226 116.8336 1.461634 32.46226 116.8336 4.461634 33.94248 115.5206 4.461634 32.46226 116.8336 1.461634 32.46226 116.8336 1.461634 33.94248 115.5206 4.461634 33.94248 115.5206 1.461634 33.94248 115.5206 4.461634 35.75161 117.9826 4.461634 33.94248 115.5206 1.461634 33.94248 115.5206 1.461634 35.75161 117.9826 4.461634 35.75161 117.9826 1.461634 35.75161 117.9826 4.461634 44.79743 110.7609 4.461634 35.75161 117.9826 1.461634 35.75161 117.9826 1.461634 44.79743 110.7609 4.461634 44.79743 110.7609 1.461634 44.79743 110.7609 4.461634 52.36306 104.6882 4.461634 44.79743 110.7609 1.461634 44.79743 110.7609 1.461634 52.36306 104.6882 4.461634 52.36306 104.6882 1.461634 52.36306 104.6882 4.461634 45.291 95.49684 4.461634 52.36306 104.6882 1.461634 52.36306 104.6882 1.461634 45.291 95.49684 4.461634 45.291 95.49684 1.461634 45.291 95.49684 4.461634 47.59359 93.5273 4.461634 45.291 95.49684 1.461634 45.291 95.49684 1.461634 47.59359 93.5273 4.461634 47.59359 93.5273 1.461634 47.59359 93.5273 4.461634 41.17938 85.48485 4.461634 47.59359 93.5273 1.461634 47.59359 93.5273 1.461634 41.17938 85.48485 4.461634 41.17938 85.48485 1.461634 41.17938 85.48485 4.461634 39.53467 86.79788 4.461634 41.17938 85.48485 1.461634 41.17938 85.48485 1.461634 39.53467 86.79788 4.461634 39.53467 86.79788 1.461634 39.53467 86.79788 4.461634 36.40978 83.02286 4.461634 39.53467 86.79788 1.461634 39.53467 86.79788 1.461634 36.40978 83.02286 4.461634 36.40978 83.02286 1.461634 36.40978 83.02286 4.461634 19.46936 96.48142 4.461634 36.40978 83.02286 1.461634 36.40978 83.02286 1.461634 19.46936 96.48142 4.461634 19.46936 96.48142 1.461634 19.46936 96.48142 4.461634 22.75872 100.7488 4.461634 19.46936 96.48142 1.461634 19.46936 96.48142 1.461634 22.75872 100.7488 4.461634 22.75872 100.7488 1.461634 22.75872 100.7488 4.461634 15.19313 106.8216 4.461634 22.75872 100.7488 1.461634 22.75872 100.7488 1.461634 15.19313 106.8216 4.461634 15.19313 106.8216 1.461634 15.19313 106.8216 4.461634 14.37077 112.7303 4.461634 15.19313 106.8216 1.461634 15.19313 106.8216 1.461634 14.37077 112.7303 4.461634 14.37077 112.7303 1.461634 14.37077 112.7303 4.461634 19.30479 118.9673 4.461634 14.37077 112.7303 1.461634 14.37077 112.7303 1.461634 19.30479 118.9673 4.461634 19.30479 118.9673 1.461634 19.30479 118.9673 4.461634 24.23883 119.2955 4.461634 19.30479 118.9673 1.461634 19.30479 118.9673 1.461634 24.23883 119.2955 4.461634 24.23883 119.2955 1.461634 24.23883 119.2955 4.461634 25.55458 118.1466 4.461634 24.23883 119.2955 1.461634 24.23883 119.2955 1.461634 25.55458 118.1466 4.461634 25.55458 118.1466 1.461634 25.55458 118.1466 4.461634 27.36372 120.6086 4.461634 25.55458 118.1466 1.461634 25.55458 118.1466 1.461634 27.36372 120.6086 4.461634 27.36372 120.6086 1.461634 29.66627 120.7728 4.461634 32.62671 118.3108 4.461634 29.66627 120.7728 1.461634 29.66627 120.7728 1.461634 32.62671 118.3108 4.461634 32.62671 118.3108 1.461634 27.36372 120.6086 4.461634 29.66627 120.7728 4.461634 27.36372 120.6086 1.461634 27.36372 120.6086 1.461634 29.66627 120.7728 4.461634 29.66627 120.7728 1.461634 71.9372 -34.32979 0.3998446 73.41747 -34.16563 0.3998446 74.73327 -34.49387 0.3998446 69.47011 -35.47874 0.3998446 70.62142 -34.65807 0.3998446 71.9372 -34.32979 0.3998446 64.53587 -34.65817 0.3998446 66.01615 -34.9864 0.3998446 68.64776 -36.46353 0.3998446 60.75297 -34.32996 0.3998446 62.39771 -34.32994 0.3998446 64.53587 -34.65817 0.3998446 58.28587 -35.80717 0.3998446 59.43718 -34.82237 0.3998446 60.75297 -34.32996 0.3998446 36.08208 -60.59108 0.3998446 54.17406 -38.76157 0.3998446 57.628 -37.61261 0.3998446 16.0161 -57.3086 0.3998446 22.43058 -49.43032 0.3998446 36.08208 -60.59108 0.3998446 13.87792 -55.6673 0.3998446 15.02925 -56.48795 0.3998446 16.0161 -57.3086 0.3998446 9.437098 -55.17493 0.3998446 11.73975 -55.01079 0.3998446 13.87792 -55.6673 0.3998446 5.818654 -57.63688 0.3998446 7.298926 -56.15971 0.3998446 9.437098 -55.17493 0.3998446 4.502859 -62.0684 0.3998446 4.667331 -59.77058 0.3998446 5.818654 -57.63688 0.3998446 6.312091 -66.00752 0.3998446 4.996287 -64.20209 0.3998446 4.502859 -62.0684 0.3998446 10.2595 -67.97708 0.3998446 8.121323 -67.48469 0.3998446 6.312091 -66.00752 0.3998446 14.70034 -66.99228 0.3998446 12.56216 -67.81294 0.3998446 10.2595 -67.97708 0.3998446 23.2531 -74.3781 0.3998446 23.41757 -73.55745 0.3998446 23.74651 -72.57267 0.3998446 24.07549 -77.33244 0.3998446 23.41758 -76.0194 0.3998446 23.2531 -74.3781 0.3998446 26.87159 -78.97373 0.3998446 25.3913 -78.31722 0.3998446 24.07549 -77.33244 0.3998446 29.83215 -78.15306 0.3998446 28.35187 -78.80959 0.3998446 26.87159 -78.97373 0.3998446 31.64136 -75.69109 0.3998446 30.98347 -77.16827 0.3998446 29.83215 -78.15306 0.3998446 31.31239 -72.57262 0.3998446 31.80583 -74.04979 0.3998446 31.64136 -75.69109 0.3998446 35.25981 -73.55737 0.3998446 33.61505 -72.90086 0.3998446 32.29924 -71.91609 0.3998446 38.7138 -73.39321 0.3998446 37.06904 -73.72148 0.3998446 35.25981 -73.55737 0.3998446 41.50989 -74.37796 0.3998446 40.02961 -74.04972 0.3998446 38.7138 -73.39321 0.3998446 44.47045 -74.04967 0.3998446 42.99017 -74.37795 0.3998446 41.50989 -74.37796 0.3998446 47.10206 -73.72138 0.3998446 46.27968 -73.55726 0.3998446 45.78625 -73.39314 0.3998446 48.25341 -76.01919 0.3998446 46.60865 -75.52682 0.3998446 47.10206 -73.72138 0.3998446 51.37845 -76.18329 0.3998446 49.89817 -76.1833 0.3998446 48.25341 -76.01919 0.3998446 54.66796 -75.69085 0.3998446 53.02321 -76.01914 0.3998446 51.37845 -76.18329 0.3998446 57.62851 -74.5419 0.3998446 56.14824 -75.19844 0.3998446 54.66796 -75.69085 0.3998446 56.97055 -70.43866 0.3998446 59.10878 -73.72123 0.3998446 57.62851 -74.5419 0.3998446 58.4508 -68.14081 0.3998446 57.79291 -69.45387 0.3998446 56.97055 -70.43866 0.3998446 60.42451 -68.46905 0.3998446 59.1087 -68.30494 0.3998446 58.4508 -68.14081 0.3998446 63.87848 -67.48421 0.3998446 61.57584 -68.46903 0.3998446 60.42451 -68.46905 0.3998446 65.68768 -65.67875 0.3998446 64.86532 -66.66355 0.3998446 63.87848 -67.48421 0.3998446 66.67449 -63.05266 0.3998446 66.34556 -64.3657 0.3998446 65.68768 -65.67875 0.3998446 69.4705 -58.78523 0.3998446 67.82578 -60.75482 0.3998446 66.67447 -61.73961 0.3998446 79.83241 -58.12852 0.3998446 77.20081 -58.12857 0.3998446 74.73367 -57.47209 0.3998446 84.76662 -56.32299 0.3998446 82.464 -57.63608 0.3998446 79.83241 -58.12852 0.3998446 88.22052 -52.54793 0.3998446 86.74029 -54.68165 0.3998446 84.76662 -56.32299 0.3998446 89.53621 -47.62399 0.3998446 89.04284 -50.25009 0.3998446 88.22052 -52.54793 0.3998446 88.38478 -42.53598 0.3998446 89.20721 -44.99792 0.3998446 89.53621 -47.62399 0.3998446 84.93074 -38.59693 0.3998446 86.90447 -40.40232 0.3998446 88.38478 -42.53598 0.3998446 80.81888 -38.10462 0.3998446 82.13469 -39.08937 0.3998446 83.28603 -40.23826 0.3998446 77.69385 -37.28403 0.3998446 79.50307 -37.44812 0.3998446 80.81888 -38.10462 0.3998446 76.04907 -35.15036 0.3998446 77.03593 -36.13513 0.3998446 77.69385 -37.28403 0.3998446 71.9372 -34.32979 0.3998446 74.73327 -34.49387 0.3998446 76.04907 -35.15036 0.3998446 68.64776 -36.46353 0.3998446 69.47011 -35.47874 0.3998446 71.9372 -34.32979 0.3998446 60.75297 -34.32996 0.3998446 64.53587 -34.65817 0.3998446 68.64776 -36.46353 0.3998446 57.628 -37.61261 0.3998446 58.28587 -35.80717 0.3998446 60.75297 -34.32996 0.3998446 9.437098 -55.17493 0.3998446 13.87792 -55.6673 0.3998446 16.0161 -57.3086 0.3998446 4.502859 -62.0684 0.3998446 5.818654 -57.63688 0.3998446 9.437098 -55.17493 0.3998446 10.2595 -67.97708 0.3998446 6.312091 -66.00752 0.3998446 4.502859 -62.0684 0.3998446 15.68718 -66.0075 0.3998446 14.70034 -66.99228 0.3998446 10.2595 -67.97708 0.3998446 24.07549 -77.33244 0.3998446 23.2531 -74.3781 0.3998446 23.74651 -72.57267 0.3998446 29.83215 -78.15306 0.3998446 26.87159 -78.97373 0.3998446 24.07549 -77.33244 0.3998446 31.31239 -72.57262 0.3998446 31.64136 -75.69109 0.3998446 29.83215 -78.15306 0.3998446 38.7138 -73.39321 0.3998446 35.25981 -73.55737 0.3998446 32.29924 -71.91609 0.3998446 44.47045 -74.04967 0.3998446 41.50989 -74.37796 0.3998446 38.7138 -73.39321 0.3998446 51.37845 -76.18329 0.3998446 48.25341 -76.01919 0.3998446 47.10206 -73.72138 0.3998446 57.62851 -74.5419 0.3998446 54.66796 -75.69085 0.3998446 51.37845 -76.18329 0.3998446 63.87848 -67.48421 0.3998446 60.42451 -68.46905 0.3998446 58.4508 -68.14081 0.3998446 66.67449 -63.05266 0.3998446 65.68768 -65.67875 0.3998446 63.87848 -67.48421 0.3998446 70.62179 -56.65151 0.3998446 69.4705 -58.78523 0.3998446 66.67447 -61.73961 0.3998446 79.83241 -58.12852 0.3998446 74.73367 -57.47209 0.3998446 70.62179 -56.65151 0.3998446 88.22052 -52.54793 0.3998446 84.76662 -56.32299 0.3998446 79.83241 -58.12852 0.3998446 88.38478 -42.53598 0.3998446 89.53621 -47.62399 0.3998446 88.22052 -52.54793 0.3998446 83.28603 -40.23826 0.3998446 84.93074 -38.59693 0.3998446 88.38478 -42.53598 0.3998446 77.69385 -37.28403 0.3998446 80.81888 -38.10462 0.3998446 83.28603 -40.23826 0.3998446 71.9372 -34.32979 0.3998446 76.04907 -35.15036 0.3998446 77.69385 -37.28403 0.3998446 57.628 -37.61261 0.3998446 60.75297 -34.32996 0.3998446 68.64776 -36.46353 0.3998446 4.502859 -62.0684 0.3998446 9.437098 -55.17493 0.3998446 16.0161 -57.3086 0.3998446 15.68718 -66.0075 0.3998446 10.2595 -67.97708 0.3998446 4.502859 -62.0684 0.3998446 29.83215 -78.15306 0.3998446 24.07549 -77.33244 0.3998446 23.74651 -72.57267 0.3998446 44.47045 -74.04967 0.3998446 38.7138 -73.39321 0.3998446 32.29924 -71.91609 0.3998446 57.62851 -74.5419 0.3998446 51.37845 -76.18329 0.3998446 47.10206 -73.72138 0.3998446 66.67449 -63.05266 0.3998446 63.87848 -67.48421 0.3998446 58.4508 -68.14081 0.3998446 88.22052 -52.54793 0.3998446 79.83241 -58.12852 0.3998446 70.62179 -56.65151 0.3998446 83.28603 -40.23826 0.3998446 88.38478 -42.53598 0.3998446 88.22052 -52.54793 0.3998446 71.9372 -34.32979 0.3998446 77.69385 -37.28403 0.3998446 83.28603 -40.23826 0.3998446 36.08208 -60.59108 0.3998446 57.628 -37.61261 0.3998446 68.64776 -36.46353 0.3998446 4.502859 -62.0684 0.3998446 16.0161 -57.3086 0.3998446 36.08208 -60.59108 0.3998446 31.31239 -72.57262 0.3998446 29.83215 -78.15306 0.3998446 23.74651 -72.57267 0.3998446 45.78625 -73.39314 0.3998446 44.47045 -74.04967 0.3998446 32.29924 -71.91609 0.3998446 57.62851 -74.5419 0.3998446 47.10206 -73.72138 0.3998446 45.78625 -73.39314 0.3998446 66.67447 -61.73961 0.3998446 66.67449 -63.05266 0.3998446 58.4508 -68.14081 0.3998446 83.28603 -40.23826 0.3998446 88.22052 -52.54793 0.3998446 70.62179 -56.65151 0.3998446 68.64776 -36.46353 0.3998446 71.9372 -34.32979 0.3998446 83.28603 -40.23826 0.3998446 15.68718 -66.0075 0.3998446 4.502859 -62.0684 0.3998446 36.08208 -60.59108 0.3998446 31.31239 -72.57262 0.3998446 23.74651 -72.57267 0.3998446 15.68718 -66.0075 0.3998446 57.62851 -74.5419 0.3998446 45.78625 -73.39314 0.3998446 32.29924 -71.91609 0.3998446 70.62179 -56.65151 0.3998446 66.67447 -61.73961 0.3998446 58.4508 -68.14081 0.3998446 68.64776 -36.46353 0.3998446 83.28603 -40.23826 0.3998446 70.62179 -56.65151 0.3998446 31.31239 -72.57262 0.3998446 15.68718 -66.0075 0.3998446 36.08208 -60.59108 0.3998446 56.97055 -70.43866 0.3998446 57.62851 -74.5419 0.3998446 32.29924 -71.91609 0.3998446 68.64776 -36.46353 0.3998446 70.62179 -56.65151 0.3998446 58.4508 -68.14081 0.3998446 31.31239 -72.57262 0.3998446 36.08208 -60.59108 0.3998446 68.64776 -36.46353 0.3998446 58.4508 -68.14081 0.3998446 56.97055 -70.43866 0.3998446 32.29924 -71.91609 0.3998446 32.29924 -71.91609 0.3998446 31.31239 -72.57262 0.3998446 68.64776 -36.46353 0.3998446 68.64776 -36.46353 0.3998446 58.4508 -68.14081 0.3998446 32.29924 -71.91609 0.3998446 74.73327 -34.49387 3.399845 73.41747 -34.16563 3.399845 71.9372 -34.32979 3.399845 71.9372 -34.32979 3.399845 70.62142 -34.65807 3.399845 69.47011 -35.47874 3.399845 68.64776 -36.46353 3.399845 66.01615 -34.9864 3.399845 64.53587 -34.65817 3.399845 64.53587 -34.65817 3.399845 62.39771 -34.32994 3.399845 60.75297 -34.32996 3.399845 60.75297 -34.32996 3.399845 59.43718 -34.82237 3.399845 58.28587 -35.80717 3.399845 57.628 -37.61261 3.399845 54.17406 -38.76157 3.399845 36.08208 -60.59108 3.399845 36.08208 -60.59108 3.399845 22.43058 -49.43032 3.399845 16.0161 -57.3086 3.399845 16.0161 -57.3086 3.399845 15.02925 -56.48795 3.399845 13.87792 -55.6673 3.399845 13.87792 -55.6673 3.399845 11.73975 -55.01079 3.399845 9.437098 -55.17493 3.399845 9.437098 -55.17493 3.399845 7.298926 -56.15971 3.399845 5.818654 -57.63688 3.399845 5.818654 -57.63688 3.399845 4.667331 -59.77058 3.399845 4.502859 -62.0684 3.399845 4.502859 -62.0684 3.399845 4.996287 -64.20209 3.399845 6.312091 -66.00752 3.399845 6.312091 -66.00752 3.399845 8.121323 -67.48469 3.399845 10.2595 -67.97708 3.399845 10.2595 -67.97708 3.399845 12.56216 -67.81294 3.399845 14.70034 -66.99228 3.399845 23.74651 -72.57267 3.399845 23.41757 -73.55745 3.399845 23.2531 -74.3781 3.399845 23.2531 -74.3781 3.399845 23.41758 -76.0194 3.399845 24.07549 -77.33244 3.399845 24.07549 -77.33244 3.399845 25.3913 -78.31722 3.399845 26.87159 -78.97373 3.399845 26.87159 -78.97373 3.399845 28.35187 -78.80959 3.399845 29.83215 -78.15306 3.399845 29.83215 -78.15306 3.399845 30.98347 -77.16827 3.399845 31.64136 -75.69109 3.399845 31.64136 -75.69109 3.399845 31.80583 -74.04979 3.399845 31.31239 -72.57262 3.399845 32.29924 -71.91609 3.399845 33.61505 -72.90086 3.399845 35.25981 -73.55737 3.399845 35.25981 -73.55737 3.399845 37.06904 -73.72148 3.399845 38.7138 -73.39321 3.399845 38.7138 -73.39321 3.399845 40.02961 -74.04972 3.399845 41.50989 -74.37796 3.399845 41.50989 -74.37796 3.399845 42.99017 -74.37795 3.399845 44.47045 -74.04967 3.399845 45.78625 -73.39314 3.399845 46.27968 -73.55726 3.399845 47.10206 -73.72138 3.399845 47.10206 -73.72138 3.399845 46.60865 -75.52682 3.399845 48.25341 -76.01919 3.399845 48.25341 -76.01919 3.399845 49.89817 -76.1833 3.399845 51.37845 -76.18329 3.399845 51.37845 -76.18329 3.399845 53.02321 -76.01914 3.399845 54.66796 -75.69085 3.399845 54.66796 -75.69085 3.399845 56.14824 -75.19844 3.399845 57.62851 -74.5419 3.399845 57.62851 -74.5419 3.399845 59.10878 -73.72123 3.399845 56.97055 -70.43866 3.399845 56.97055 -70.43866 3.399845 57.79291 -69.45387 3.399845 58.4508 -68.14081 3.399845 58.4508 -68.14081 3.399845 59.1087 -68.30494 3.399845 60.42451 -68.46905 3.399845 60.42451 -68.46905 3.399845 61.57584 -68.46903 3.399845 63.87848 -67.48421 3.399845 63.87848 -67.48421 3.399845 64.86532 -66.66355 3.399845 65.68768 -65.67875 3.399845 65.68768 -65.67875 3.399845 66.34556 -64.3657 3.399845 66.67449 -63.05266 3.399845 66.67447 -61.73961 3.399845 67.82578 -60.75482 3.399845 69.4705 -58.78523 3.399845 74.73367 -57.47209 3.399845 77.20081 -58.12857 3.399845 79.83241 -58.12852 3.399845 79.83241 -58.12852 3.399845 82.464 -57.63608 3.399845 84.76662 -56.32299 3.399845 84.76662 -56.32299 3.399845 86.74029 -54.68165 3.399845 88.22052 -52.54793 3.399845 88.22052 -52.54793 3.399845 89.04284 -50.25009 3.399845 89.53621 -47.62399 3.399845 89.53621 -47.62399 3.399845 89.20721 -44.99792 3.399845 88.38478 -42.53598 3.399845 88.38478 -42.53598 3.399845 86.90447 -40.40232 3.399845 84.93074 -38.59693 3.399845 83.28603 -40.23826 3.399845 82.13469 -39.08937 3.399845 80.81888 -38.10462 3.399845 80.81888 -38.10462 3.399845 79.50307 -37.44812 3.399845 77.69385 -37.28403 3.399845 77.69385 -37.28403 3.399845 77.03593 -36.13513 3.399845 76.04907 -35.15036 3.399845 76.04907 -35.15036 3.399845 74.73327 -34.49387 3.399845 71.9372 -34.32979 3.399845 71.9372 -34.32979 3.399845 69.47011 -35.47874 3.399845 68.64776 -36.46353 3.399845 68.64776 -36.46353 3.399845 64.53587 -34.65817 3.399845 60.75297 -34.32996 3.399845 60.75297 -34.32996 3.399845 58.28587 -35.80717 3.399845 57.628 -37.61261 3.399845 16.0161 -57.3086 3.399845 13.87792 -55.6673 3.399845 9.437098 -55.17493 3.399845 9.437098 -55.17493 3.399845 5.818654 -57.63688 3.399845 4.502859 -62.0684 3.399845 4.502859 -62.0684 3.399845 6.312091 -66.00752 3.399845 10.2595 -67.97708 3.399845 10.2595 -67.97708 3.399845 14.70034 -66.99228 3.399845 15.68718 -66.0075 3.399845 23.74651 -72.57267 3.399845 23.2531 -74.3781 3.399845 24.07549 -77.33244 3.399845 24.07549 -77.33244 3.399845 26.87159 -78.97373 3.399845 29.83215 -78.15306 3.399845 29.83215 -78.15306 3.399845 31.64136 -75.69109 3.399845 31.31239 -72.57262 3.399845 32.29924 -71.91609 3.399845 35.25981 -73.55737 3.399845 38.7138 -73.39321 3.399845 38.7138 -73.39321 3.399845 41.50989 -74.37796 3.399845 44.47045 -74.04967 3.399845 47.10206 -73.72138 3.399845 48.25341 -76.01919 3.399845 51.37845 -76.18329 3.399845 51.37845 -76.18329 3.399845 54.66796 -75.69085 3.399845 57.62851 -74.5419 3.399845 58.4508 -68.14081 3.399845 60.42451 -68.46905 3.399845 63.87848 -67.48421 3.399845 63.87848 -67.48421 3.399845 65.68768 -65.67875 3.399845 66.67449 -63.05266 3.399845 66.67447 -61.73961 3.399845 69.4705 -58.78523 3.399845 70.62179 -56.65151 3.399845 70.62179 -56.65151 3.399845 74.73367 -57.47209 3.399845 79.83241 -58.12852 3.399845 79.83241 -58.12852 3.399845 84.76662 -56.32299 3.399845 88.22052 -52.54793 3.399845 88.22052 -52.54793 3.399845 89.53621 -47.62399 3.399845 88.38478 -42.53598 3.399845 88.38478 -42.53598 3.399845 84.93074 -38.59693 3.399845 83.28603 -40.23826 3.399845 83.28603 -40.23826 3.399845 80.81888 -38.10462 3.399845 77.69385 -37.28403 3.399845 77.69385 -37.28403 3.399845 76.04907 -35.15036 3.399845 71.9372 -34.32979 3.399845 68.64776 -36.46353 3.399845 60.75297 -34.32996 3.399845 57.628 -37.61261 3.399845 16.0161 -57.3086 3.399845 9.437098 -55.17493 3.399845 4.502859 -62.0684 3.399845 4.502859 -62.0684 3.399845 10.2595 -67.97708 3.399845 15.68718 -66.0075 3.399845 23.74651 -72.57267 3.399845 24.07549 -77.33244 3.399845 29.83215 -78.15306 3.399845 32.29924 -71.91609 3.399845 38.7138 -73.39321 3.399845 44.47045 -74.04967 3.399845 47.10206 -73.72138 3.399845 51.37845 -76.18329 3.399845 57.62851 -74.5419 3.399845 58.4508 -68.14081 3.399845 63.87848 -67.48421 3.399845 66.67449 -63.05266 3.399845 70.62179 -56.65151 3.399845 79.83241 -58.12852 3.399845 88.22052 -52.54793 3.399845 88.22052 -52.54793 3.399845 88.38478 -42.53598 3.399845 83.28603 -40.23826 3.399845 83.28603 -40.23826 3.399845 77.69385 -37.28403 3.399845 71.9372 -34.32979 3.399845 68.64776 -36.46353 3.399845 57.628 -37.61261 3.399845 36.08208 -60.59108 3.399845 36.08208 -60.59108 3.399845 16.0161 -57.3086 3.399845 4.502859 -62.0684 3.399845 23.74651 -72.57267 3.399845 29.83215 -78.15306 3.399845 31.31239 -72.57262 3.399845 32.29924 -71.91609 3.399845 44.47045 -74.04967 3.399845 45.78625 -73.39314 3.399845 45.78625 -73.39314 3.399845 47.10206 -73.72138 3.399845 57.62851 -74.5419 3.399845 58.4508 -68.14081 3.399845 66.67449 -63.05266 3.399845 66.67447 -61.73961 3.399845 70.62179 -56.65151 3.399845 88.22052 -52.54793 3.399845 83.28603 -40.23826 3.399845 83.28603 -40.23826 3.399845 71.9372 -34.32979 3.399845 68.64776 -36.46353 3.399845 36.08208 -60.59108 3.399845 4.502859 -62.0684 3.399845 15.68718 -66.0075 3.399845 15.68718 -66.0075 3.399845 23.74651 -72.57267 3.399845 31.31239 -72.57262 3.399845 32.29924 -71.91609 3.399845 45.78625 -73.39314 3.399845 57.62851 -74.5419 3.399845 58.4508 -68.14081 3.399845 66.67447 -61.73961 3.399845 70.62179 -56.65151 3.399845 70.62179 -56.65151 3.399845 83.28603 -40.23826 3.399845 68.64776 -36.46353 3.399845 36.08208 -60.59108 3.399845 15.68718 -66.0075 3.399845 31.31239 -72.57262 3.399845 32.29924 -71.91609 3.399845 57.62851 -74.5419 3.399845 56.97055 -70.43866 3.399845 58.4508 -68.14081 3.399845 70.62179 -56.65151 3.399845 68.64776 -36.46353 3.399845 68.64776 -36.46353 3.399845 36.08208 -60.59108 3.399845 31.31239 -72.57262 3.399845 32.29924 -71.91609 3.399845 56.97055 -70.43866 3.399845 58.4508 -68.14081 3.399845 68.64776 -36.46353 3.399845 31.31239 -72.57262 3.399845 32.29924 -71.91609 3.399845 32.29924 -71.91609 3.399845 58.4508 -68.14081 3.399845 68.64776 -36.46353 3.399845 74.73327 -34.49387 3.399845 76.04907 -35.15036 3.399845 74.73327 -34.49387 0.3998446 74.73327 -34.49387 0.3998446 76.04907 -35.15036 3.399845 76.04907 -35.15036 0.3998446 76.04907 -35.15036 3.399845 77.03593 -36.13513 3.399845 76.04907 -35.15036 0.3998446 76.04907 -35.15036 0.3998446 77.03593 -36.13513 3.399845 77.03593 -36.13513 0.3998446 77.03593 -36.13513 3.399845 77.69385 -37.28403 3.399845 77.03593 -36.13513 0.3998446 77.03593 -36.13513 0.3998446 77.69385 -37.28403 3.399845 77.69385 -37.28403 0.3998446 77.69385 -37.28403 3.399845 79.50307 -37.44812 3.399845 77.69385 -37.28403 0.3998446 77.69385 -37.28403 0.3998446 79.50307 -37.44812 3.399845 79.50307 -37.44812 0.3998446 79.50307 -37.44812 3.399845 80.81888 -38.10462 3.399845 79.50307 -37.44812 0.3998446 79.50307 -37.44812 0.3998446 80.81888 -38.10462 3.399845 80.81888 -38.10462 0.3998446 80.81888 -38.10462 3.399845 82.13469 -39.08937 3.399845 80.81888 -38.10462 0.3998446 80.81888 -38.10462 0.3998446 82.13469 -39.08937 3.399845 82.13469 -39.08937 0.3998446 82.13469 -39.08937 3.399845 83.28603 -40.23826 3.399845 82.13469 -39.08937 0.3998446 82.13469 -39.08937 0.3998446 83.28603 -40.23826 3.399845 83.28603 -40.23826 0.3998446 83.28603 -40.23826 3.399845 84.93074 -38.59693 3.399845 83.28603 -40.23826 0.3998446 83.28603 -40.23826 0.3998446 84.93074 -38.59693 3.399845 84.93074 -38.59693 0.3998446 84.93074 -38.59693 3.399845 86.90447 -40.40232 3.399845 84.93074 -38.59693 0.3998446 84.93074 -38.59693 0.3998446 86.90447 -40.40232 3.399845 86.90447 -40.40232 0.3998446 86.90447 -40.40232 3.399845 88.38478 -42.53598 3.399845 86.90447 -40.40232 0.3998446 86.90447 -40.40232 0.3998446 88.38478 -42.53598 3.399845 88.38478 -42.53598 0.3998446 88.38478 -42.53598 3.399845 89.20721 -44.99792 3.399845 88.38478 -42.53598 0.3998446 88.38478 -42.53598 0.3998446 89.20721 -44.99792 3.399845 89.20721 -44.99792 0.3998446 89.20721 -44.99792 3.399845 89.53621 -47.62399 3.399845 89.20721 -44.99792 0.3998446 89.20721 -44.99792 0.3998446 89.53621 -47.62399 3.399845 89.53621 -47.62399 0.3998446 89.53621 -47.62399 3.399845 89.04284 -50.25009 3.399845 89.53621 -47.62399 0.3998446 89.53621 -47.62399 0.3998446 89.04284 -50.25009 3.399845 89.04284 -50.25009 0.3998446 89.04284 -50.25009 3.399845 88.22052 -52.54793 3.399845 89.04284 -50.25009 0.3998446 89.04284 -50.25009 0.3998446 88.22052 -52.54793 3.399845 88.22052 -52.54793 0.3998446 88.22052 -52.54793 3.399845 86.74029 -54.68165 3.399845 88.22052 -52.54793 0.3998446 88.22052 -52.54793 0.3998446 86.74029 -54.68165 3.399845 86.74029 -54.68165 0.3998446 86.74029 -54.68165 3.399845 84.76662 -56.32299 3.399845 86.74029 -54.68165 0.3998446 86.74029 -54.68165 0.3998446 84.76662 -56.32299 3.399845 84.76662 -56.32299 0.3998446 84.76662 -56.32299 3.399845 82.464 -57.63608 3.399845 84.76662 -56.32299 0.3998446 84.76662 -56.32299 0.3998446 82.464 -57.63608 3.399845 82.464 -57.63608 0.3998446 82.464 -57.63608 3.399845 79.83241 -58.12852 3.399845 82.464 -57.63608 0.3998446 82.464 -57.63608 0.3998446 79.83241 -58.12852 3.399845 79.83241 -58.12852 0.3998446 79.83241 -58.12852 3.399845 77.20081 -58.12857 3.399845 79.83241 -58.12852 0.3998446 79.83241 -58.12852 0.3998446 77.20081 -58.12857 3.399845 77.20081 -58.12857 0.3998446 77.20081 -58.12857 3.399845 74.73367 -57.47209 3.399845 77.20081 -58.12857 0.3998446 77.20081 -58.12857 0.3998446 74.73367 -57.47209 3.399845 74.73367 -57.47209 0.3998446 74.73367 -57.47209 3.399845 70.62179 -56.65151 3.399845 74.73367 -57.47209 0.3998446 74.73367 -57.47209 0.3998446 70.62179 -56.65151 3.399845 70.62179 -56.65151 0.3998446 70.62179 -56.65151 3.399845 69.4705 -58.78523 3.399845 70.62179 -56.65151 0.3998446 70.62179 -56.65151 0.3998446 69.4705 -58.78523 3.399845 69.4705 -58.78523 0.3998446 69.4705 -58.78523 3.399845 67.82578 -60.75482 3.399845 69.4705 -58.78523 0.3998446 69.4705 -58.78523 0.3998446 67.82578 -60.75482 3.399845 67.82578 -60.75482 0.3998446 67.82578 -60.75482 3.399845 66.67447 -61.73961 3.399845 67.82578 -60.75482 0.3998446 67.82578 -60.75482 0.3998446 66.67447 -61.73961 3.399845 66.67447 -61.73961 0.3998446 66.67447 -61.73961 3.399845 66.67449 -63.05266 3.399845 66.67447 -61.73961 0.3998446 66.67447 -61.73961 0.3998446 66.67449 -63.05266 3.399845 66.67449 -63.05266 0.3998446 66.67449 -63.05266 3.399845 66.34556 -64.3657 3.399845 66.67449 -63.05266 0.3998446 66.67449 -63.05266 0.3998446 66.34556 -64.3657 3.399845 66.34556 -64.3657 0.3998446 66.34556 -64.3657 3.399845 65.68768 -65.67875 3.399845 66.34556 -64.3657 0.3998446 66.34556 -64.3657 0.3998446 65.68768 -65.67875 3.399845 65.68768 -65.67875 0.3998446 65.68768 -65.67875 3.399845 64.86532 -66.66355 3.399845 65.68768 -65.67875 0.3998446 65.68768 -65.67875 0.3998446 64.86532 -66.66355 3.399845 64.86532 -66.66355 0.3998446 64.86532 -66.66355 3.399845 63.87848 -67.48421 3.399845 64.86532 -66.66355 0.3998446 64.86532 -66.66355 0.3998446 63.87848 -67.48421 3.399845 63.87848 -67.48421 0.3998446 63.87848 -67.48421 3.399845 61.57584 -68.46903 3.399845 63.87848 -67.48421 0.3998446 63.87848 -67.48421 0.3998446 61.57584 -68.46903 3.399845 61.57584 -68.46903 0.3998446 61.57584 -68.46903 3.399845 60.42451 -68.46905 3.399845 61.57584 -68.46903 0.3998446 61.57584 -68.46903 0.3998446 60.42451 -68.46905 3.399845 60.42451 -68.46905 0.3998446 60.42451 -68.46905 3.399845 59.1087 -68.30494 3.399845 60.42451 -68.46905 0.3998446 60.42451 -68.46905 0.3998446 59.1087 -68.30494 3.399845 59.1087 -68.30494 0.3998446 59.1087 -68.30494 3.399845 58.4508 -68.14081 3.399845 59.1087 -68.30494 0.3998446 59.1087 -68.30494 0.3998446 58.4508 -68.14081 3.399845 58.4508 -68.14081 0.3998446 58.4508 -68.14081 3.399845 57.79291 -69.45387 3.399845 58.4508 -68.14081 0.3998446 58.4508 -68.14081 0.3998446 57.79291 -69.45387 3.399845 57.79291 -69.45387 0.3998446 57.79291 -69.45387 3.399845 56.97055 -70.43866 3.399845 57.79291 -69.45387 0.3998446 57.79291 -69.45387 0.3998446 56.97055 -70.43866 3.399845 56.97055 -70.43866 0.3998446 56.97055 -70.43866 3.399845 59.10878 -73.72123 3.399845 56.97055 -70.43866 0.3998446 56.97055 -70.43866 0.3998446 59.10878 -73.72123 3.399845 59.10878 -73.72123 0.3998446 59.10878 -73.72123 3.399845 57.62851 -74.5419 3.399845 59.10878 -73.72123 0.3998446 59.10878 -73.72123 0.3998446 57.62851 -74.5419 3.399845 57.62851 -74.5419 0.3998446 57.62851 -74.5419 3.399845 56.14824 -75.19844 3.399845 57.62851 -74.5419 0.3998446 57.62851 -74.5419 0.3998446 56.14824 -75.19844 3.399845 56.14824 -75.19844 0.3998446 56.14824 -75.19844 3.399845 54.66796 -75.69085 3.399845 56.14824 -75.19844 0.3998446 56.14824 -75.19844 0.3998446 54.66796 -75.69085 3.399845 54.66796 -75.69085 0.3998446 54.66796 -75.69085 3.399845 53.02321 -76.01914 3.399845 54.66796 -75.69085 0.3998446 54.66796 -75.69085 0.3998446 53.02321 -76.01914 3.399845 53.02321 -76.01914 0.3998446 53.02321 -76.01914 3.399845 51.37845 -76.18329 3.399845 53.02321 -76.01914 0.3998446 53.02321 -76.01914 0.3998446 51.37845 -76.18329 3.399845 51.37845 -76.18329 0.3998446 51.37845 -76.18329 3.399845 49.89817 -76.1833 3.399845 51.37845 -76.18329 0.3998446 51.37845 -76.18329 0.3998446 49.89817 -76.1833 3.399845 49.89817 -76.1833 0.3998446 49.89817 -76.1833 3.399845 48.25341 -76.01919 3.399845 49.89817 -76.1833 0.3998446 49.89817 -76.1833 0.3998446 48.25341 -76.01919 3.399845 48.25341 -76.01919 0.3998446 48.25341 -76.01919 3.399845 46.60865 -75.52682 3.399845 48.25341 -76.01919 0.3998446 48.25341 -76.01919 0.3998446 46.60865 -75.52682 3.399845 46.60865 -75.52682 0.3998446 46.60865 -75.52682 3.399845 47.10206 -73.72138 3.399845 46.60865 -75.52682 0.3998446 46.60865 -75.52682 0.3998446 47.10206 -73.72138 3.399845 47.10206 -73.72138 0.3998446 47.10206 -73.72138 3.399845 46.27968 -73.55726 3.399845 47.10206 -73.72138 0.3998446 47.10206 -73.72138 0.3998446 46.27968 -73.55726 3.399845 46.27968 -73.55726 0.3998446 46.27968 -73.55726 3.399845 45.78625 -73.39314 3.399845 46.27968 -73.55726 0.3998446 46.27968 -73.55726 0.3998446 45.78625 -73.39314 3.399845 45.78625 -73.39314 0.3998446 45.78625 -73.39314 3.399845 44.47045 -74.04967 3.399845 45.78625 -73.39314 0.3998446 45.78625 -73.39314 0.3998446 44.47045 -74.04967 3.399845 44.47045 -74.04967 0.3998446 44.47045 -74.04967 3.399845 42.99017 -74.37795 3.399845 44.47045 -74.04967 0.3998446 44.47045 -74.04967 0.3998446 42.99017 -74.37795 3.399845 42.99017 -74.37795 0.3998446 42.99017 -74.37795 3.399845 41.50989 -74.37796 3.399845 42.99017 -74.37795 0.3998446 42.99017 -74.37795 0.3998446 41.50989 -74.37796 3.399845 41.50989 -74.37796 0.3998446 41.50989 -74.37796 3.399845 40.02961 -74.04972 3.399845 41.50989 -74.37796 0.3998446 41.50989 -74.37796 0.3998446 40.02961 -74.04972 3.399845 40.02961 -74.04972 0.3998446 40.02961 -74.04972 3.399845 38.7138 -73.39321 3.399845 40.02961 -74.04972 0.3998446 40.02961 -74.04972 0.3998446 38.7138 -73.39321 3.399845 38.7138 -73.39321 0.3998446 38.7138 -73.39321 3.399845 37.06904 -73.72148 3.399845 38.7138 -73.39321 0.3998446 38.7138 -73.39321 0.3998446 37.06904 -73.72148 3.399845 37.06904 -73.72148 0.3998446 37.06904 -73.72148 3.399845 35.25981 -73.55737 3.399845 37.06904 -73.72148 0.3998446 37.06904 -73.72148 0.3998446 35.25981 -73.55737 3.399845 35.25981 -73.55737 0.3998446 35.25981 -73.55737 3.399845 33.61505 -72.90086 3.399845 35.25981 -73.55737 0.3998446 35.25981 -73.55737 0.3998446 33.61505 -72.90086 3.399845 33.61505 -72.90086 0.3998446 33.61505 -72.90086 3.399845 32.29924 -71.91609 3.399845 33.61505 -72.90086 0.3998446 33.61505 -72.90086 0.3998446 32.29924 -71.91609 3.399845 32.29924 -71.91609 0.3998446 32.29924 -71.91609 3.399845 31.31239 -72.57262 3.399845 32.29924 -71.91609 0.3998446 32.29924 -71.91609 0.3998446 31.31239 -72.57262 3.399845 31.31239 -72.57262 0.3998446 31.31239 -72.57262 3.399845 31.80583 -74.04979 3.399845 31.31239 -72.57262 0.3998446 31.31239 -72.57262 0.3998446 31.80583 -74.04979 3.399845 31.80583 -74.04979 0.3998446 31.80583 -74.04979 3.399845 31.64136 -75.69109 3.399845 31.80583 -74.04979 0.3998446 31.80583 -74.04979 0.3998446 31.64136 -75.69109 3.399845 31.64136 -75.69109 0.3998446 31.64136 -75.69109 3.399845 30.98347 -77.16827 3.399845 31.64136 -75.69109 0.3998446 31.64136 -75.69109 0.3998446 30.98347 -77.16827 3.399845 30.98347 -77.16827 0.3998446 30.98347 -77.16827 3.399845 29.83215 -78.15306 3.399845 30.98347 -77.16827 0.3998446 30.98347 -77.16827 0.3998446 29.83215 -78.15306 3.399845 29.83215 -78.15306 0.3998446 29.83215 -78.15306 3.399845 28.35187 -78.80959 3.399845 29.83215 -78.15306 0.3998446 29.83215 -78.15306 0.3998446 28.35187 -78.80959 3.399845 28.35187 -78.80959 0.3998446 28.35187 -78.80959 3.399845 26.87159 -78.97373 3.399845 28.35187 -78.80959 0.3998446 28.35187 -78.80959 0.3998446 26.87159 -78.97373 3.399845 26.87159 -78.97373 0.3998446 26.87159 -78.97373 3.399845 25.3913 -78.31722 3.399845 26.87159 -78.97373 0.3998446 26.87159 -78.97373 0.3998446 25.3913 -78.31722 3.399845 25.3913 -78.31722 0.3998446 25.3913 -78.31722 3.399845 24.07549 -77.33244 3.399845 25.3913 -78.31722 0.3998446 25.3913 -78.31722 0.3998446 24.07549 -77.33244 3.399845 24.07549 -77.33244 0.3998446 24.07549 -77.33244 3.399845 23.41758 -76.0194 3.399845 24.07549 -77.33244 0.3998446 24.07549 -77.33244 0.3998446 23.41758 -76.0194 3.399845 23.41758 -76.0194 0.3998446 23.41758 -76.0194 3.399845 23.2531 -74.3781 3.399845 23.41758 -76.0194 0.3998446 23.41758 -76.0194 0.3998446 23.2531 -74.3781 3.399845 23.2531 -74.3781 0.3998446 23.2531 -74.3781 3.399845 23.41757 -73.55745 3.399845 23.2531 -74.3781 0.3998446 23.2531 -74.3781 0.3998446 23.41757 -73.55745 3.399845 23.41757 -73.55745 0.3998446 23.41757 -73.55745 3.399845 23.74651 -72.57267 3.399845 23.41757 -73.55745 0.3998446 23.41757 -73.55745 0.3998446 23.74651 -72.57267 3.399845 23.74651 -72.57267 0.3998446 23.74651 -72.57267 3.399845 15.68718 -66.0075 3.399845 23.74651 -72.57267 0.3998446 23.74651 -72.57267 0.3998446 15.68718 -66.0075 3.399845 15.68718 -66.0075 0.3998446 15.68718 -66.0075 3.399845 14.70034 -66.99228 3.399845 15.68718 -66.0075 0.3998446 15.68718 -66.0075 0.3998446 14.70034 -66.99228 3.399845 14.70034 -66.99228 0.3998446 14.70034 -66.99228 3.399845 12.56216 -67.81294 3.399845 14.70034 -66.99228 0.3998446 14.70034 -66.99228 0.3998446 12.56216 -67.81294 3.399845 12.56216 -67.81294 0.3998446 12.56216 -67.81294 3.399845 10.2595 -67.97708 3.399845 12.56216 -67.81294 0.3998446 12.56216 -67.81294 0.3998446 10.2595 -67.97708 3.399845 10.2595 -67.97708 0.3998446 10.2595 -67.97708 3.399845 8.121323 -67.48469 3.399845 10.2595 -67.97708 0.3998446 10.2595 -67.97708 0.3998446 8.121323 -67.48469 3.399845 8.121323 -67.48469 0.3998446 8.121323 -67.48469 3.399845 6.312091 -66.00752 3.399845 8.121323 -67.48469 0.3998446 8.121323 -67.48469 0.3998446 6.312091 -66.00752 3.399845 6.312091 -66.00752 0.3998446 6.312091 -66.00752 3.399845 4.996287 -64.20209 3.399845 6.312091 -66.00752 0.3998446 6.312091 -66.00752 0.3998446 4.996287 -64.20209 3.399845 4.996287 -64.20209 0.3998446 4.996287 -64.20209 3.399845 4.502859 -62.0684 3.399845 4.996287 -64.20209 0.3998446 4.996287 -64.20209 0.3998446 4.502859 -62.0684 3.399845 4.502859 -62.0684 0.3998446 4.502859 -62.0684 3.399845 4.667331 -59.77058 3.399845 4.502859 -62.0684 0.3998446 4.502859 -62.0684 0.3998446 4.667331 -59.77058 3.399845 4.667331 -59.77058 0.3998446 4.667331 -59.77058 3.399845 5.818654 -57.63688 3.399845 4.667331 -59.77058 0.3998446 4.667331 -59.77058 0.3998446 5.818654 -57.63688 3.399845 5.818654 -57.63688 0.3998446 5.818654 -57.63688 3.399845 7.298926 -56.15971 3.399845 5.818654 -57.63688 0.3998446 5.818654 -57.63688 0.3998446 7.298926 -56.15971 3.399845 7.298926 -56.15971 0.3998446 7.298926 -56.15971 3.399845 9.437098 -55.17493 3.399845 7.298926 -56.15971 0.3998446 7.298926 -56.15971 0.3998446 9.437098 -55.17493 3.399845 9.437098 -55.17493 0.3998446 9.437098 -55.17493 3.399845 11.73975 -55.01079 3.399845 9.437098 -55.17493 0.3998446 9.437098 -55.17493 0.3998446 11.73975 -55.01079 3.399845 11.73975 -55.01079 0.3998446 11.73975 -55.01079 3.399845 13.87792 -55.6673 3.399845 11.73975 -55.01079 0.3998446 11.73975 -55.01079 0.3998446 13.87792 -55.6673 3.399845 13.87792 -55.6673 0.3998446 13.87792 -55.6673 3.399845 15.02925 -56.48795 3.399845 13.87792 -55.6673 0.3998446 13.87792 -55.6673 0.3998446 15.02925 -56.48795 3.399845 15.02925 -56.48795 0.3998446 15.02925 -56.48795 3.399845 16.0161 -57.3086 3.399845 15.02925 -56.48795 0.3998446 15.02925 -56.48795 0.3998446 16.0161 -57.3086 3.399845 16.0161 -57.3086 0.3998446 16.0161 -57.3086 3.399845 22.43058 -49.43032 3.399845 16.0161 -57.3086 0.3998446 16.0161 -57.3086 0.3998446 22.43058 -49.43032 3.399845 22.43058 -49.43032 0.3998446 22.43058 -49.43032 3.399845 36.08208 -60.59108 3.399845 22.43058 -49.43032 0.3998446 22.43058 -49.43032 0.3998446 36.08208 -60.59108 3.399845 36.08208 -60.59108 0.3998446 36.08208 -60.59108 3.399845 54.17406 -38.76157 3.399845 36.08208 -60.59108 0.3998446 36.08208 -60.59108 0.3998446 54.17406 -38.76157 3.399845 54.17406 -38.76157 0.3998446 54.17406 -38.76157 3.399845 57.628 -37.61261 3.399845 54.17406 -38.76157 0.3998446 54.17406 -38.76157 0.3998446 57.628 -37.61261 3.399845 57.628 -37.61261 0.3998446 57.628 -37.61261 3.399845 58.28587 -35.80717 3.399845 57.628 -37.61261 0.3998446 57.628 -37.61261 0.3998446 58.28587 -35.80717 3.399845 58.28587 -35.80717 0.3998446 58.28587 -35.80717 3.399845 59.43718 -34.82237 3.399845 58.28587 -35.80717 0.3998446 58.28587 -35.80717 0.3998446 59.43718 -34.82237 3.399845 59.43718 -34.82237 0.3998446 59.43718 -34.82237 3.399845 60.75297 -34.32996 3.399845 59.43718 -34.82237 0.3998446 59.43718 -34.82237 0.3998446 60.75297 -34.32996 3.399845 60.75297 -34.32996 0.3998446 60.75297 -34.32996 3.399845 62.39771 -34.32994 3.399845 60.75297 -34.32996 0.3998446 60.75297 -34.32996 0.3998446 62.39771 -34.32994 3.399845 62.39771 -34.32994 0.3998446 62.39771 -34.32994 3.399845 64.53587 -34.65817 3.399845 62.39771 -34.32994 0.3998446 62.39771 -34.32994 0.3998446 64.53587 -34.65817 3.399845 64.53587 -34.65817 0.3998446 64.53587 -34.65817 3.399845 66.01615 -34.9864 3.399845 64.53587 -34.65817 0.3998446 64.53587 -34.65817 0.3998446 66.01615 -34.9864 3.399845 66.01615 -34.9864 0.3998446 66.01615 -34.9864 3.399845 68.64776 -36.46353 3.399845 66.01615 -34.9864 0.3998446 66.01615 -34.9864 0.3998446 68.64776 -36.46353 3.399845 68.64776 -36.46353 0.3998446 68.64776 -36.46353 3.399845 69.47011 -35.47874 3.399845 68.64776 -36.46353 0.3998446 68.64776 -36.46353 0.3998446 69.47011 -35.47874 3.399845 69.47011 -35.47874 0.3998446 69.47011 -35.47874 3.399845 70.62142 -34.65807 3.399845 69.47011 -35.47874 0.3998446 69.47011 -35.47874 0.3998446 70.62142 -34.65807 3.399845 70.62142 -34.65807 0.3998446 70.62142 -34.65807 3.399845 71.9372 -34.32979 3.399845 70.62142 -34.65807 0.3998446 70.62142 -34.65807 0.3998446 71.9372 -34.32979 3.399845 71.9372 -34.32979 0.3998446 73.41747 -34.16563 3.399845 74.73327 -34.49387 3.399845 73.41747 -34.16563 0.3998446 73.41747 -34.16563 0.3998446 74.73327 -34.49387 3.399845 74.73327 -34.49387 0.3998446 71.9372 -34.32979 3.399845 73.41747 -34.16563 3.399845 71.9372 -34.32979 0.3998446 71.9372 -34.32979 0.3998446 73.41747 -34.16563 3.399845 73.41747 -34.16563 0.3998446 -63.4265 -136.0932 -4.600623 -59.80792 -131.661 -4.600623 -15.72798 -166.6267 -4.600623 -28.88639 -177.2968 -4.600623 -70.17025 -144.6292 -4.600623 -63.4265 -136.0932 -4.600623 -8.490953 -197.324 -4.600623 -30.69569 -179.595 -4.600623 -28.88639 -177.2968 -4.600623 12.06907 -184.684 -4.600623 -0.2669301 -200.1147 -4.600623 -6.681664 -195.0258 -4.600623 -15.72798 -166.6267 -4.600623 -13.75422 -164.1644 -4.600623 12.06907 -184.684 -4.600623 -28.88639 -177.2968 -4.600623 -63.4265 -136.0932 -4.600623 -15.72798 -166.6267 -4.600623 -6.681664 -195.0258 -4.600623 -8.490953 -197.324 -4.600623 -28.88639 -177.2968 -4.600623 -15.72798 -166.6267 -4.600623 12.06907 -184.684 -4.600623 -6.681664 -195.0258 -4.600623 -6.681664 -195.0258 -4.600623 -28.88639 -177.2968 -4.600623 -15.72798 -166.6267 -4.600623 -15.72798 -166.6267 1.399377 -59.80792 -131.661 1.399377 -63.4265 -136.0932 1.399377 -63.4265 -136.0932 1.399377 -70.17025 -144.6292 1.399377 -28.88639 -177.2968 1.399377 -28.88639 -177.2968 1.399377 -30.69569 -179.595 1.399377 -8.490953 -197.324 1.399377 -6.681664 -195.0258 1.399377 -0.2669301 -200.1147 1.399377 12.06907 -184.684 1.399377 12.06907 -184.684 1.399377 -13.75422 -164.1644 1.399377 -15.72798 -166.6267 1.399377 -15.72798 -166.6267 1.399377 -63.4265 -136.0932 1.399377 -28.88639 -177.2968 1.399377 -28.88639 -177.2968 1.399377 -8.490953 -197.324 1.399377 -6.681664 -195.0258 1.399377 -6.681664 -195.0258 1.399377 12.06907 -184.684 1.399377 -15.72798 -166.6267 1.399377 -15.72798 -166.6267 1.399377 -28.88639 -177.2968 1.399377 -6.681664 -195.0258 1.399377 -15.72798 -166.6267 1.399377 -13.75422 -164.1644 1.399377 -15.72798 -166.6267 -4.600623 -15.72798 -166.6267 -4.600623 -13.75422 -164.1644 1.399377 -13.75422 -164.1644 -4.600623 -13.75422 -164.1644 1.399377 12.06907 -184.684 1.399377 -13.75422 -164.1644 -4.600623 -13.75422 -164.1644 -4.600623 12.06907 -184.684 1.399377 12.06907 -184.684 -4.600623 12.06907 -184.684 1.399377 -0.2669301 -200.1147 1.399377 12.06907 -184.684 -4.600623 12.06907 -184.684 -4.600623 -0.2669301 -200.1147 1.399377 -0.2669301 -200.1147 -4.600623 -0.2669301 -200.1147 1.399377 -6.681664 -195.0258 1.399377 -0.2669301 -200.1147 -4.600623 -0.2669301 -200.1147 -4.600623 -6.681664 -195.0258 1.399377 -6.681664 -195.0258 -4.600623 -6.681664 -195.0258 1.399377 -8.490953 -197.324 1.399377 -6.681664 -195.0258 -4.600623 -6.681664 -195.0258 -4.600623 -8.490953 -197.324 1.399377 -8.490953 -197.324 -4.600623 -8.490953 -197.324 1.399377 -30.69569 -179.595 1.399377 -8.490953 -197.324 -4.600623 -8.490953 -197.324 -4.600623 -30.69569 -179.595 1.399377 -30.69569 -179.595 -4.600623 -30.69569 -179.595 1.399377 -28.88639 -177.2968 1.399377 -30.69569 -179.595 -4.600623 -30.69569 -179.595 -4.600623 -28.88639 -177.2968 1.399377 -28.88639 -177.2968 -4.600623 -28.88639 -177.2968 1.399377 -70.17025 -144.6292 1.399377 -28.88639 -177.2968 -4.600623 -28.88639 -177.2968 -4.600623 -70.17025 -144.6292 1.399377 -70.17025 -144.6292 -4.600623 -70.17025 -144.6292 1.399377 -63.4265 -136.0932 1.399377 -70.17025 -144.6292 -4.600623 -70.17025 -144.6292 -4.600623 -63.4265 -136.0932 1.399377 -63.4265 -136.0932 -4.600623 -59.80792 -131.661 1.399377 -15.72798 -166.6267 1.399377 -59.80792 -131.661 -4.600623 -59.80792 -131.661 -4.600623 -15.72798 -166.6267 1.399377 -15.72798 -166.6267 -4.600623 -63.4265 -136.0932 1.399377 -59.80792 -131.661 1.399377 -63.4265 -136.0932 -4.600623 -63.4265 -136.0932 -4.600623 -59.80792 -131.661 1.399377 -59.80792 -131.661 -4.600623</float_array>
          <technique_common>
            <accessor count="4308" source="#verts-array-array" stride="3">
              <param type="float" name="X" />
              <param type="float" name="Y" />
              <param type="float" name="Z" />
            </accessor>
          </technique_common>
        </source>
        <source id="normals-array">
          <float_array count="12924" id="normals-array-array">0 0 -1 0 0 -1 0 0 -1 0 0 -1 0 0 -1 0 0 -1 0 0 1 0 0 1 0 0 1 0 0 1 0 0 1 0 0 1 0.348433 -0.9373337 0 0.348433 -0.9373337 0 0.348433 -0.9373337 0 0.348433 -0.9373337 0 0.348433 -0.9373337 0 0.348433 -0.9373337 0 -0.9375262 -0.3479148 0 -0.9375262 -0.3479148 0 -0.9375262 -0.3479148 0 -0.9375262 -0.3479148 0 -0.9375262 -0.3479148 0 -0.9375262 -0.3479148 0 0.9258312 0.3779373 0 0.9258312 0.3779373 0 0.9258312 0.3779373 0 0.9258312 0.3779373 0 0.9258312 0.3779373 0 0.9258312 0.3779373 0 -0.3545338 0.9350432 0 -0.3545338 0.9350432 0 -0.3545338 0.9350432 0 -0.3545338 0.9350432 0 -0.3545338 0.9350432 0 -0.3545338 0.9350432 0 0 0 -1 0 0 -1 0 0 -1 0 0 -1 0 0 -1 0 0 -1 0 0 1 0 0 1 0 0 1 0 0 1 0 0 1 0 0 1 0.4811061 -0.8766624 0 0.4811061 -0.8766624 0 0.4811061 -0.8766624 0 0.4811061 -0.8766624 0 0.4811061 -0.8766624 0 0.4811061 -0.8766624 0 -0.8793133 -0.4762438 0 -0.8793133 -0.4762438 0 -0.8793133 -0.4762438 0 -0.8793133 -0.4762438 0 -0.8793133 -0.4762438 0 -0.8793133 -0.4762438 0 0.8765741 0.4812669 0 0.8765741 0.4812669 0 0.8765741 0.4812669 0 0.8765741 0.4812669 0 0.8765741 0.4812669 0 0.8765741 0.4812669 0 -0.4726356 0.881258 0 -0.4726356 0.881258 0 -0.4726356 0.881258 0 -0.4726356 0.881258 0 -0.4726356 0.881258 0 -0.4726356 0.881258 0 0 0 -1 0 0 -1 0 0 -1 0 0 -1 0 0 -1 0 0 -1 0 0 -1 0 0 -1 0 0 -1 0 0 -1 0 0 -1 0 0 -1 0 0 -1 0 0 -1 0 0 -1 0 0 -1 0 0 -1 0 0 -1 0 0 -1 0 0 -1 0 0 -1 0 0 -1 0 0 -1 0 0 -1 0 0 -1 0 0 -1 0 0 -1 0 0 -1 0 0 -1 0 0 -1 0 0 -1 0 0 -1 0 0 -1 0 0 -1 0 0 -1 0 0 -1 0 0 -1 0 0 -1 0 0 -1 0 0 -1 0 0 -1 0 0 -1 0 0 -1 0 0 -1 0 0 -1 0 0 -1 0 0 -1 0 0 -1 0 0 1 0 0 1 0 0 1 0 0 1 0 0 1 0 0 1 0 0 1 0 0 1 0 0 1 0 0 1 0 0 1 0 0 1 0 0 1 0 0 1 0 0 1 0 0 1 0 0 1 0 0 1 0 0 1 0 0 1 0 0 1 0 0 1 0 0 1 0 0 1 0 0 1 0 0 1 0 0 1 0 0 1 0 0 1 0 0 1 0 0 1 0 0 1 0 0 1 0 0 1 0 0 1 0 0 1 0 0 1 0 0 1 0 0 1 0 0 1 0 0 1 0 0 1 0 0 1 0 0 1 0 0 1 0 0 1 0 0 1 0 0 1 -1 3.624089e-05 0 -1 3.624089e-05 0 -1 3.624089e-05 0 -1 3.624089e-05 0 -1 3.624089e-05 0 -1 3.624089e-05 0 -0.8750132 -0.4840991 0 -0.8750132 -0.4840991 0 -0.8750132 -0.4840991 0 -0.8750132 -0.4840991 0 -0.8750132 -0.4840991 0 -0.8750132 -0.4840991 0 0.4786803 -0.8779893 0 0.4786803 -0.8779893 0 0.4786803 -0.8779893 0 0.4786803 -0.8779893 0 0.4786803 -0.8779893 0 0.4786803 -0.8779893 0 -0.8758162 -0.4826447 0 -0.8758162 -0.4826447 0 -0.8758162 -0.4826447 0 -0.8758162 -0.4826447 0 -0.8758162 -0.4826447 0 -0.8758162 -0.4826447 0 -0.4792435 0.877682 0 -0.4792435 0.877682 0 -0.4792435 0.877682 0 -0.4792435 0.877682 0 -0.4792435 0.877682 0 -0.4792435 0.877682 0 -0.4807529 0.8768561 0 -0.4807529 0.8768561 0 -0.4807529 0.8768561 0 -0.4807529 0.8768561 0 -0.4807529 0.8768561 0 -0.4807529 0.8768561 0 -1 3.626717e-05 0 -1 3.626717e-05 0 -1 3.626717e-05 0 -1 3.626717e-05 0 -1 3.626717e-05 0 -1 3.626717e-05 0 -0.479526 0.8775276 0 -0.479526 0.8775276 0 -0.479526 0.8775276 0 -0.479526 0.8775276 0 -0.479526 0.8775276 0 -0.479526 0.8775276 0 -0.4822939 0.8760095 0 -0.4822939 0.8760095 0 -0.4822939 0.8760095 0 -0.4822939 0.8760095 0 -0.4822939 0.8760095 0 -0.4822939 0.8760095 0 -0.4832799 0.8754659 0 -0.4832799 0.8754659 0 -0.4832799 0.8754659 0 -0.4832799 0.8754659 0 -0.4832799 0.8754659 0 -0.4832799 0.8754659 0 0.8723391 0.4889014 0 0.8723391 0.4889014 0 0.8723391 0.4889014 0 0.8723391 0.4889014 0 0.8723391 0.4889014 0 0.8723391 0.4889014 0 0.876042 0.4822348 0 0.876042 0.4822348 0 0.876042 0.4822348 0 0.876042 0.4822348 0 0.876042 0.4822348 0 0.876042 0.4822348 0 0.4868624 -0.8734787 0 0.4868624 -0.8734787 0 0.4868624 -0.8734787 0 0.4868624 -0.8734787 0 0.4868624 -0.8734787 0 0.4868624 -0.8734787 0 0.8731471 0.4874569 0 0.8731471 0.4874569 0 0.8731471 0.4874569 0 0.8731471 0.4874569 0 0.8731471 0.4874569 0 0.8731471 0.4874569 0 0.4953483 -0.8686945 0 0.4953483 -0.8686945 0 0.4953483 -0.8686945 0 0.4953483 -0.8686945 0 0.4953483 -0.8686945 0 0.4953483 -0.8686945 0 0.4790219 -0.8778029 0 0.4790219 -0.8778029 0 0.4790219 -0.8778029 0 0.4790219 -0.8778029 0 0.4790219 -0.8778029 0 0.4790219 -0.8778029 0 -0.8711562 -0.491006 0 -0.8711562 -0.491006 0 -0.8711562 -0.491006 0 -0.8711562 -0.491006 0 -0.8711562 -0.491006 0 -0.8711562 -0.491006 0 0.4769735 -0.8789177 0 0.4769735 -0.8789177 0 0.4769735 -0.8789177 0 0.4769735 -0.8789177 0 0.4769735 -0.8789177 0 0.4769735 -0.8789177 0 0 0 -1 0 0 -1 0 0 -1 0 0 -1 0 0 -1 0 0 -1 0 0 1 0 0 1 0 0 1 0 0 1 0 0 1 0 0 1 0.4953485 -0.8686943 0 0.4953485 -0.8686943 0 0.4953485 -0.8686943 0 0.4953485 -0.8686943 0 0.4953485 -0.8686943 0 0.4953485 -0.8686943 0 -0.8645878 -0.5024818 0 -0.8645878 -0.5024818 0 -0.8645878 -0.5024818 0 -0.8645878 -0.5024818 0 -0.8645878 -0.5024818 0 -0.8645878 -0.5024818 0 0.8645869 0.5024833 0 0.8645869 0.5024833 0 0.8645869 0.5024833 0 0.8645869 0.5024833 0 0.8645869 0.5024833 0 0.8645869 0.5024833 0 -0.4953483 0.8686945 0 -0.4953483 0.8686945 0 -0.4953483 0.8686945 0 -0.4953483 0.8686945 0 -0.4953483 0.8686945 0 -0.4953483 0.8686945 0 0 0 -1 0 0 -1 0 0 -1 0 0 -1 0 0 -1 0 0 -1 0 0 1 0 0 1 0 0 1 0 0 1 0 0 1 0 0 1 0.4663708 -0.8845893 0 0.4663708 -0.8845893 0 0.4663708 -0.8845893 0 0.4663708 -0.8845893 0 0.4663708 -0.8845893 0 0.4663708 -0.8845893 0 -0.8757988 -0.4826764 0 -0.8757988 -0.4826764 0 -0.8757988 -0.4826764 0 -0.8757988 -0.4826764 0 -0.8757988 -0.4826764 0 -0.8757988 -0.4826764 0 0.885005 0.4655815 0 0.885005 0.4655815 0 0.885005 0.4655815 0 0.885005 0.4655815 0 0.885005 0.4655815 0 0.885005 0.4655815 0 -0.4595717 0.8881407 0 -0.4595717 0.8881407 0 -0.4595717 0.8881407 0 -0.4595717 0.8881407 0 -0.4595717 0.8881407 0 -0.4595717 0.8881407 0 0 0 -1 0 0 -1 0 0 -1 0 0 -1 0 0 -1 0 0 -1 0 0 1 0 0 1 0 0 1 0 0 1 0 0 1 0 0 1 0.4150916 -0.9097796 0 0.4150916 -0.9097796 0 0.4150916 -0.9097796 0 0.4150916 -0.9097796 0 0.4150916 -0.9097796 0 0.4150916 -0.9097796 0 -0.9033692 -0.4288637 0 -0.9033692 -0.4288637 0 -0.9033692 -0.4288637 0 -0.9033692 -0.4288637 0 -0.9033692 -0.4288637 0 -0.9033692 -0.4288637 0 0.9033682 0.4288658 0 0.9033682 0.4288658 0 0.9033682 0.4288658 0 0.9033682 0.4288658 0 0.9033682 0.4288658 0 0.9033682 0.4288658 0 -0.4150915 0.9097797 0 -0.4150915 0.9097797 0 -0.4150915 0.9097797 0 -0.4150915 0.9097797 0 -0.4150915 0.9097797 0 -0.4150915 0.9097797 0 0 0 -1 0 0 -1 0 0 -1 0 0 -1 0 0 -1 0 0 -1 0 0 -1 0 0 -1 0 0 -1 0 0 -1 0 0 -1 0 0 -1 0 0 -1 0 0 -1 0 0 -1 0 0 1 0 0 1 0 0 1 0 0 1 0 0 1 0 0 1 0 0 1 0 0 1 0 0 1 0 0 1 0 0 1 0 0 1 0 0 1 0 0 1 0 0 1 -0.6377624 -0.7702331 0 -0.6377624 -0.7702331 0 -0.6377624 -0.7702331 0 -0.6377624 -0.7702331 0 -0.6377624 -0.7702331 0 -0.6377624 -0.7702331 0 -0.77422 0.6329165 0 -0.77422 0.6329165 0 -0.77422 0.6329165 0 -0.77422 0.6329165 0 -0.77422 0.6329165 0 -0.77422 0.6329165 0 0.6377617 0.7702338 0 0.6377617 0.7702338 0 0.6377617 0.7702338 0 0.6377617 0.7702338 0 0.6377617 0.7702338 0 0.6377617 0.7702338 0 0.7742213 -0.632915 0 0.7742213 -0.632915 0 0.7742213 -0.632915 0 0.7742213 -0.632915 0 0.7742213 -0.632915 0 0.7742213 -0.632915 0 -1.608144e-05 1 0 -1.608144e-05 1 0 -1.608144e-05 1 0 -1.608144e-05 1 0 -1.608144e-05 1 0 -1.608144e-05 1 0 -0.6394347 -0.7688454 0 -0.6394347 -0.7688454 0 -0.6394347 -0.7688454 0 -0.6394347 -0.7688454 0 -0.6394347 -0.7688454 0 -0.6394347 -0.7688454 0 0.7694189 -0.6387445 0 0.7694189 -0.6387445 0 0.7694189 -0.6387445 0 0.7694189 -0.6387445 0 0.7694189 -0.6387445 0 0.7694189 -0.6387445 0 0 0 -1 0 0 -1 0 0 -1 0 0 -1 0 0 -1 0 0 -1 0 0 1 0 0 1 0 0 1 0 0 1 0 0 1 0 0 1 0.774199 -0.6329423 0 0.774199 -0.6329423 0 0.774199 -0.6329423 0 0.774199 -0.6329423 0 0.774199 -0.6329423 0 0.774199 -0.6329423 0 -0.6258658 -0.7799308 0 -0.6258658 -0.7799308 0 -0.6258658 -0.7799308 0 -0.6258658 -0.7799308 0 -0.6258658 -0.7799308 0 -0.6258658 -0.7799308 0 0.6170315 0.7869384 0 0.6170315 0.7869384 0 0.6170315 0.7869384 0 0.6170315 0.7869384 0 0.6170315 0.7869384 0 0.6170315 0.7869384 0 -0.7760915 0.6306203 0 -0.7760915 0.6306203 0 -0.7760915 0.6306203 0 -0.7760915 0.6306203 0 -0.7760915 0.6306203 0 -0.7760915 0.6306203 0 0 0 -1 0 0 -1 0 0 -1 0 0 -1 0 0 -1 0 0 -1 0 0 -1 0 0 -1 0 0 -1 0 0 -1 0 0 -1 0 0 -1 0 0 -1 0 0 -1 0 0 -1 0 0 -1 0 0 -1 0 0 -1 0 0 -1 0 0 -1 0 0 -1 0 0 -1 0 0 -1 0 0 -1 0 0 -1 0 0 -1 0 0 -1 0 0 -1 0 0 -1 0 0 -1 0 0 -1 0 0 -1 0 0 -1 0 0 -1 0 0 -1 0 0 -1 0 0 1 0 0 1 0 0 1 0 0 1 0 0 1 0 0 1 0 0 1 0 0 1 0 0 1 0 0 1 0 0 1 0 0 1 0 0 1 0 0 1 0 0 1 0 0 1 0 0 1 0 0 1 0 0 1 0 0 1 0 0 1 0 0 1 0 0 1 0 0 1 0 0 1 0 0 1 0 0 1 0 0 1 0 0 1 0 0 1 0 0 1 0 0 1 0 0 1 0 0 1 0 0 1 0 0 1 0.6500483 0.7598929 0 0.6500483 0.7598929 0 0.6500483 0.7598929 0 0.6500483 0.7598929 0 0.6500483 0.7598929 0 0.6500483 0.7598929 0 0.7778145 -0.6284939 0 0.7778145 -0.6284939 0 0.7778145 -0.6284939 0 0.7778145 -0.6284939 0 0.7778145 -0.6284939 0 0.7778145 -0.6284939 0 -0.625052 -0.7805831 0 -0.625052 -0.7805831 0 -0.625052 -0.7805831 0 -0.625052 -0.7805831 0 -0.625052 -0.7805831 0 -0.625052 -0.7805831 0 -0.7519338 0.6592386 0 -0.7519338 0.6592386 0 -0.7519338 0.6592386 0 -0.7519338 0.6592386 0 -0.7519338 0.6592386 0 -0.7519338 0.6592386 0 -0.6275947 -0.7785402 0 -0.6275947 -0.7785402 0 -0.6275947 -0.7785402 0 -0.6275947 -0.7785402 0 -0.6275947 -0.7785402 0 -0.6275947 -0.7785402 0 -0.7842882 0.6203966 0 -0.7842882 0.6203966 0 -0.7842882 0.6203966 0 -0.7842882 0.6203966 0 -0.7842882 0.6203966 0 -0.7842882 0.6203966 0 -0.7785665 0.6275621 0 -0.7785665 0.6275621 0 -0.7785665 0.6275621 0 -0.7785665 0.6275621 0 -0.7785665 0.6275621 0 -0.7785665 0.6275621 0 -2.584445e-07 1 0 -2.584445e-07 1 0 -2.584445e-07 1 0 -2.584445e-07 1 0 -2.584445e-07 1 0 -2.584445e-07 1 0 -0.7772922 0.6291397 0 -0.7772922 0.6291397 0 -0.7772922 0.6291397 0 -0.7772922 0.6291397 0 -0.7772922 0.6291397 0 -0.7772922 0.6291397 0 -0.7821836 0.623048 0 -0.7821836 0.623048 0 -0.7821836 0.623048 0 -0.7821836 0.623048 0 -0.7821836 0.623048 0 -0.7821836 0.623048 0 0.627155 0.7788945 0 0.627155 0.7788945 0 0.627155 0.7788945 0 0.627155 0.7788945 0 0.627155 0.7788945 0 0.627155 0.7788945 0 7.502156e-06 -1 0 7.502156e-06 -1 0 7.502156e-06 -1 0 7.502156e-06 -1 0 7.502156e-06 -1 0 7.502156e-06 -1 0 0.7724705 -0.6350506 0 0.7724705 -0.6350506 0 0.7724705 -0.6350506 0 0.7724705 -0.6350506 0 0.7724705 -0.6350506 0 0.7724705 -0.6350506 0 0.6265778 0.7793589 0 0.6265778 0.7793589 0 0.6265778 0.7793589 0 0.6265778 0.7793589 0 0.6265778 0.7793589 0 0.6265778 0.7793589 0 0 0 -1 0 0 -1 0 0 -1 0 0 -1 0 0 -1 0 0 -1 0 0 -1 0 0 -1 0 0 -1 0 0 -1 0 0 -1 0 0 -1 0 0 1 0 0 1 0 0 1 0 0 1 0 0 1 0 0 1 0 0 1 0 0 1 0 0 1 0 0 1 0 0 1 0 0 1 0.7287995 -0.6847271 0 0.7287995 -0.6847271 0 0.7287995 -0.6847271 0 0.7287995 -0.6847271 0 0.7287995 -0.6847271 0 0.7287995 -0.6847271 0 -0.7063785 -0.7078343 0 -0.7063785 -0.7078343 0 -0.7063785 -0.7078343 0 -0.7063785 -0.7078343 0 -0.7063785 -0.7078343 0 -0.7063785 -0.7078343 0 0.7425741 -0.6697639 0 0.7425741 -0.6697639 0 0.7425741 -0.6697639 0 0.7425741 -0.6697639 0 0.7425741 -0.6697639 0 0.7425741 -0.6697639 0 -0.6782894 -0.7347948 0 -0.6782894 -0.7347948 0 -0.6782894 -0.7347948 0 -0.6782894 -0.7347948 0 -0.6782894 -0.7347948 0 -0.6782894 -0.7347948 0 0.6821337 0.7312274 0 0.6821337 0.7312274 0 0.6821337 0.7312274 0 0.6821337 0.7312274 0 0.6821337 0.7312274 0 0.6821337 0.7312274 0 -0.7320592 0.681241 0 -0.7320592 0.681241 0 -0.7320592 0.681241 0 -0.7320592 0.681241 0 -0.7320592 0.681241 0 -0.7320592 0.681241 0 0 0 -1 0 0 -1 0 0 -1 0 0 -1 0 0 -1 0 0 -1 0 0 1 0 0 1 0 0 1 0 0 1 0 0 1 0 0 1 0.7729291 -0.6344924 0 0.7729291 -0.6344924 0 0.7729291 -0.6344924 0 0.7729291 -0.6344924 0 0.7729291 -0.6344924 0 0.7729291 -0.6344924 0 -0.67377 -0.7389411 0 -0.67377 -0.7389411 0 -0.67377 -0.7389411 0 -0.67377 -0.7389411 0 -0.67377 -0.7389411 0 -0.67377 -0.7389411 0 0.2285434 0.9735337 0 0.2285434 0.9735337 0 0.2285434 0.9735337 0 0.2285434 0.9735337 0 0.2285434 0.9735337 0 0.2285434 0.9735337 0 -0.7728699 0.6345645 0 -0.7728699 0.6345645 0 -0.7728699 0.6345645 0 -0.7728699 0.6345645 0 -0.7728699 0.6345645 0 -0.7728699 0.6345645 0 0 0 -1 0 0 -1 0 0 -1 0 0 -1 0 0 -1 0 0 -1 0 0 1 0 0 1 0 0 1 0 0 1 0 0 1 0 0 1 0.7713116 -0.6364577 0 0.7713116 -0.6364577 0 0.7713116 -0.6364577 0 0.7713116 -0.6364577 0 0.7713116 -0.6364577 0 0.7713116 -0.6364577 0 -0.6342168 -0.7731552 0 -0.6342168 -0.7731552 0 -0.6342168 -0.7731552 0 -0.6342168 -0.7731552 0 -0.6342168 -0.7731552 0 -0.6342168 -0.7731552 0 0.634216 0.7731559 0 0.634216 0.7731559 0 0.634216 0.7731559 0 0.634216 0.7731559 0 0.634216 0.7731559 0 0.634216 0.7731559 0 -0.7713092 0.6364606 0 -0.7713092 0.6364606 0 -0.7713092 0.6364606 0 -0.7713092 0.6364606 0 -0.7713092 0.6364606 0 -0.7713092 0.6364606 0 0 0 -1 0 0 -1 0 0 -1 0 0 -1 0 0 -1 0 0 -1 0 0 -1 0 0 -1 0 0 -1 0 0 1 0 0 1 0 0 1 0 0 1 0 0 1 0 0 1 0 0 1 0 0 1 0 0 1 0.772988 -0.6344207 0 0.772988 -0.6344207 0 0.772988 -0.6344207 0 0.772988 -0.6344207 0 0.772988 -0.6344207 0 0.772988 -0.6344207 0 -0.2285434 -0.9735337 0 -0.2285434 -0.9735337 0 -0.2285434 -0.9735337 0 -0.2285434 -0.9735337 0 -0.2285434 -0.9735337 0 -0.2285434 -0.9735337 0 -0.6131685 0.7899522 0 -0.6131685 0.7899522 0 -0.6131685 0.7899522 0 -0.6131685 0.7899522 0 -0.6131685 0.7899522 0 -0.6131685 0.7899522 0 0.6317028 0.7752106 0 0.6317028 0.7752106 0 0.6317028 0.7752106 0 0.6317028 0.7752106 0 0.6317028 0.7752106 0 0.6317028 0.7752106 0 -0.7764627 0.6301632 0 -0.7764627 0.6301632 0 -0.7764627 0.6301632 0 -0.7764627 0.6301632 0 -0.7764627 0.6301632 0 -0.7764627 0.6301632 0 0 0 -1 0 0 -1 0 0 -1 0 0 -1 0 0 -1 0 0 -1 0 0 -1 0 0 -1 0 0 -1 0 0 1 0 0 1 0 0 1 0 0 1 0 0 1 0 0 1 0 0 1 0 0 1 0 0 1 0.4684161 -0.883508 0 0.4684161 -0.883508 0 0.4684161 -0.883508 0 0.4684161 -0.883508 0 0.4684161 -0.883508 0 0.4684161 -0.883508 0 0.4763445 -0.8792587 0 0.4763445 -0.8792587 0 0.4763445 -0.8792587 0 0.4763445 -0.8792587 0 0.4763445 -0.8792587 0 0.4763445 -0.8792587 0 -0.8794422 -0.4760057 0 -0.8794422 -0.4760057 0 -0.8794422 -0.4760057 0 -0.8794422 -0.4760057 0 -0.8794422 -0.4760057 0 -0.8794422 -0.4760057 0 0.8808825 0.4733349 0 0.8808825 0.4733349 0 0.8808825 0.4733349 0 0.8808825 0.4733349 0 0.8808825 0.4733349 0 0.8808825 0.4733349 0 -0.4776455 0.8785527 0 -0.4776455 0.8785527 0 -0.4776455 0.8785527 0 -0.4776455 0.8785527 0 -0.4776455 0.8785527 0 -0.4776455 0.8785527 0 0 0 -1 0 0 -1 0 0 -1 0 0 -1 0 0 -1 0 0 -1 0 0 -1 0 0 -1 0 0 -1 0 0 -1 0 0 -1 0 0 -1 0 0 -1 0 0 -1 0 0 -1 0 0 -1 0 0 -1 0 0 -1 0 0 1 0 0 1 0 0 1 0 0 1 0 0 1 0 0 1 0 0 1 0 0 1 0 0 1 0 0 1 0 0 1 0 0 1 0 0 1 0 0 1 0 0 1 0 0 1 0 0 1 0 0 1 -0.6394159 0.7688611 0 -0.6394159 0.7688611 0 -0.6394159 0.7688611 0 -0.6394159 0.7688611 0 -0.6394159 0.7688611 0 -0.6394159 0.7688611 0 0.7274628 0.6861471 0 0.7274628 0.6861471 0 0.7274628 0.6861471 0 0.7274628 0.6861471 0 0.7274628 0.6861471 0 0.7274628 0.6861471 0 0.6858848 -0.7277101 0 0.6858848 -0.7277101 0 0.6858848 -0.7277101 0 0.6858848 -0.7277101 0 0.6858848 -0.7277101 0 0.6858848 -0.7277101 0 0.831497 0.5555293 0 0.831497 0.5555293 0 0.831497 0.5555293 0 0.831497 0.5555293 0 0.831497 0.5555293 0 0.831497 0.5555293 0 0.6775332 -0.7354921 0 0.6775332 -0.7354921 0 0.6775332 -0.7354921 0 0.6775332 -0.7354921 0 0.6775332 -0.7354921 0 0.6775332 -0.7354921 0 -0.7348188 -0.6782635 0 -0.7348188 -0.6782635 0 -0.7348188 -0.6782635 0 -0.7348188 -0.6782635 0 -0.7348188 -0.6782635 0 -0.7348188 -0.6782635 0 0.7262753 0.687404 0 0.7262753 0.687404 0 0.7262753 0.687404 0 0.7262753 0.687404 0 0.7262753 0.687404 0 0.7262753 0.687404 0 -0.6831986 0.7302327 0 -0.6831986 0.7302327 0 -0.6831986 0.7302327 0 -0.6831986 0.7302327 0 -0.6831986 0.7302327 0 -0.6831986 0.7302327 0 0 0 -1 0 0 -1 0 0 -1 0 0 -1 0 0 -1 0 0 -1 0 0 -1 0 0 -1 0 0 -1 0 0 -1 0 0 -1 0 0 -1 0 0 -1 0 0 -1 0 0 -1 0 0 -1 0 0 -1 0 0 -1 0 0 -1 0 0 -1 0 0 -1 0 0 -1 0 0 -1 0 0 -1 0 0 -1 0 0 -1 0 0 -1 0 0 -1 0 0 -1 0 0 -1 0 0 -1 0 0 -1 0 0 -1 0 0 -1 0 0 -1 0 0 -1 0 0 -1 0 0 -1 0 0 -1 0 0 -1 0 0 -1 0 0 -1 0 0 -1 0 0 -1 0 0 -1 0 0 -1 0 0 -1 0 0 -1 0 0 -1 0 0 -1 0 0 -1 0 0 -1 0 0 -1 0 0 -1 0 0 -1 0 0 -1 0 0 -1 0 0 -1 0 0 -1 0 0 -1 0 0 -1 0 0 -1 0 0 -1 0 0 -1 0 0 -1 0 0 -1 0 0 -1 0 0 -1 0 0 -1 0 0 1 0 0 1 0 0 1 0 0 1 0 0 1 0 0 1 0 0 1 0 0 1 0 0 1 0 0 1 0 0 1 0 0 1 0 0 1 0 0 1 0 0 1 0 0 1 0 0 1 0 0 1 0 0 1 0 0 1 0 0 1 0 0 1 0 0 1 0 0 1 0 0 1 0 0 1 0 0 1 0 0 1 0 0 1 0 0 1 0 0 1 0 0 1 0 0 1 0 0 1 0 0 1 0 0 1 0 0 1 0 0 1 0 0 1 0 0 1 0 0 1 0 0 1 0 0 1 0 0 1 0 0 1 0 0 1 0 0 1 0 0 1 0 0 1 0 0 1 0 0 1 0 0 1 0 0 1 0 0 1 0 0 1 0 0 1 0 0 1 0 0 1 0 0 1 0 0 1 0 0 1 0 0 1 0 0 1 0 0 1 0 0 1 0 0 1 0 0 1 0 0 1 0 0 1 0.7887421 -0.6147242 0 0.7887421 -0.6147242 0 0.7887421 -0.6147242 0 0.7887421 -0.6147242 0 0.7887421 -0.6147242 0 0.7887421 -0.6147242 0 0.6306595 0.7760596 0 0.6306595 0.7760596 0 0.6306595 0.7760596 0 0.6306595 0.7760596 0 0.6306595 0.7760596 0 0.6306595 0.7760596 0 0.777833 -0.628471 0 0.777833 -0.628471 0 0.777833 -0.628471 0 0.777833 -0.628471 0 0.777833 -0.628471 0 0.777833 -0.628471 0 0.7887419 -0.6147245 0 0.7887419 -0.6147245 0 0.7887419 -0.6147245 0 0.7887419 -0.6147245 0 0.7887419 -0.6147245 0 0.7887419 -0.6147245 0 3.141297e-05 -1 0 3.141297e-05 -1 0 3.141297e-05 -1 0 3.141297e-05 -1 0 3.141297e-05 -1 0 3.141297e-05 -1 0 0.7778309 -0.6284737 0 0.7778309 -0.6284737 0 0.7778309 -0.6284737 0 0.7778309 -0.6284737 0 0.7778309 -0.6284737 0 0.7778309 -0.6284737 0 -0.624974 -0.7806455 0 -0.624974 -0.7806455 0 -0.624974 -0.7806455 0 -0.624974 -0.7806455 0 -0.624974 -0.7806455 0 -0.624974 -0.7806455 0 0.7797029 -0.6261497 0 0.7797029 -0.6261497 0 0.7797029 -0.6261497 0 0.7797029 -0.6261497 0 0.7797029 -0.6261497 0 0.7797029 -0.6261497 0 0.6281836 0.7780652 0 0.6281836 0.7780652 0 0.6281836 0.7780652 0 0.6281836 0.7780652 0 0.6281836 0.7780652 0 0.6281836 0.7780652 0 0.7783438 -0.6278383 0 0.7783438 -0.6278383 0 0.7783438 -0.6278383 0 0.7783438 -0.6278383 0 0.7783438 -0.6278383 0 0.7783438 -0.6278383 0 -0.6277599 -0.778407 0 -0.6277599 -0.778407 0 -0.6277599 -0.778407 0 -0.6277599 -0.778407 0 -0.6277599 -0.778407 0 -0.6277599 -0.778407 0 -0.7789176 0.6271263 0 -0.7789176 0.6271263 0 -0.7789176 0.6271263 0 -0.7789176 0.6271263 0 -0.7789176 0.6271263 0 -0.7789176 0.6271263 0 -0.6066873 -0.7949405 0 -0.6066873 -0.7949405 0 -0.6066873 -0.7949405 0 -0.6066873 -0.7949405 0 -0.6066873 -0.7949405 0 -0.6066873 -0.7949405 0 -0.7781646 0.6280604 0 -0.7781646 0.6280604 0 -0.7781646 0.6280604 0 -0.7781646 0.6280604 0 -0.7781646 0.6280604 0 -0.7781646 0.6280604 0 -0.7802363 0.6254849 0 -0.7802363 0.6254849 0 -0.7802363 0.6254849 0 -0.7802363 0.6254849 0 -0.7802363 0.6254849 0 -0.7802363 0.6254849 0 0.6577017 0.7532785 0 0.6577017 0.7532785 0 0.6577017 0.7532785 0 0.6577017 0.7532785 0 0.6577017 0.7532785 0 0.6577017 0.7532785 0 -1.983614e-05 1 0 -1.983614e-05 1 0 -1.983614e-05 1 0 -1.983614e-05 1 0 -1.983614e-05 1 0 -1.983614e-05 1 0 0.6719387 0.7406068 0 0.6719387 0.7406068 0 0.6719387 0.7406068 0 0.6719387 0.7406068 0 0.6719387 0.7406068 0 0.6719387 0.7406068 0 -0.7802862 0.6254226 0 -0.7802862 0.6254226 0 -0.7802862 0.6254226 0 -0.7802862 0.6254226 0 -0.7802862 0.6254226 0 -0.7802862 0.6254226 0 -2.058441e-05 1 0 -2.058441e-05 1 0 -2.058441e-05 1 0 -2.058441e-05 1 0 -2.058441e-05 1 0 -2.058441e-05 1 0 -0.7742252 0.6329102 0 -0.7742252 0.6329102 0 -0.7742252 0.6329102 0 -0.7742252 0.6329102 0 -0.7742252 0.6329102 0 -0.7742252 0.6329102 0 0.6281505 0.7780918 0 0.6281505 0.7780918 0 0.6281505 0.7780918 0 0.6281505 0.7780918 0 0.6281505 0.7780918 0 0.6281505 0.7780918 0 -2.894288e-05 1 0 -2.894288e-05 1 0 -2.894288e-05 1 0 -2.894288e-05 1 0 -2.894288e-05 1 0 -2.894288e-05 1 0 0.6281448 0.7780965 0 0.6281448 0.7780965 0 0.6281448 0.7780965 0 0.6281448 0.7780965 0 0.6281448 0.7780965 0 0.6281448 0.7780965 0 0.6306611 0.7760584 0 0.6306611 0.7760584 0 0.6306611 0.7760584 0 0.6306611 0.7760584 0 0.6306611 0.7760584 0 0.6306611 0.7760584 0 0 0 -1 0 0 -1 0 0 -1 0 0 -1 0 0 -1 0 0 -1 0 0 -1 0 0 -1 0 0 -1 0 0 -1 0 0 -1 0 0 -1 0 0 1 0 0 1 0 0 1 0 0 1 0 0 1 0 0 1 0 0 1 0 0 1 0 0 1 0 0 1 0 0 1 0 0 1 0.7676047 -0.6409236 0 0.7676047 -0.6409236 0 0.7676047 -0.6409236 0 0.7676047 -0.6409236 0 0.7676047 -0.6409236 0 0.7676047 -0.6409236 0 0.7715493 -0.6361695 0 0.7715493 -0.6361695 0 0.7715493 -0.6361695 0 0.7715493 -0.6361695 0 0.7715493 -0.6361695 0 0.7715493 -0.6361695 0 0.7749521 -0.63202 0 0.7749521 -0.63202 0 0.7749521 -0.63202 0 0.7749521 -0.63202 0 0.7749521 -0.63202 0 0.7749521 -0.63202 0 -0.6364374 -0.7713284 0 -0.6364374 -0.7713284 0 -0.6364374 -0.7713284 0 -0.6364374 -0.7713284 0 -0.6364374 -0.7713284 0 -0.6364374 -0.7713284 0 0.6357796 0.7718706 0 0.6357796 0.7718706 0 0.6357796 0.7718706 0 0.6357796 0.7718706 0 0.6357796 0.7718706 0 0.6357796 0.7718706 0 -0.7695045 0.6386414 0 -0.7695045 0.6386414 0 -0.7695045 0.6386414 0 -0.7695045 0.6386414 0 -0.7695045 0.6386414 0 -0.7695045 0.6386414 0 0 0 -1 0 0 -1 0 0 -1 0 0 -1 0 0 -1 0 0 -1 0 0 -1 0 0 -1 0 0 -1 0 0 -1 0 0 -1 0 0 -1 0 0 1 0 0 1 0 0 1 0 0 1 0 0 1 0 0 1 0 0 1 0 0 1 0 0 1 0 0 1 0 0 1 0 0 1 0.6324318 0.7746161 0 0.6324318 0.7746161 0 0.6324318 0.7746161 0 0.6324318 0.7746161 0 0.6324318 0.7746161 0 0.6324318 0.7746161 0 0.7707832 -0.6370975 0 0.7707832 -0.6370975 0 0.7707832 -0.6370975 0 0.7707832 -0.6370975 0 0.7707832 -0.6370975 0 0.7707832 -0.6370975 0 0.7699406 -0.6381156 0 0.7699406 -0.6381156 0 0.7699406 -0.6381156 0 0.7699406 -0.6381156 0 0.7699406 -0.6381156 0 0.7699406 -0.6381156 0 -0.632944 -0.7741976 0 -0.632944 -0.7741976 0 -0.632944 -0.7741976 0 -0.632944 -0.7741976 0 -0.632944 -0.7741976 0 -0.632944 -0.7741976 0 0.6330186 0.7741366 0 0.6330186 0.7741366 0 0.6330186 0.7741366 0 0.6330186 0.7741366 0 0.6330186 0.7741366 0 0.6330186 0.7741366 0 -0.7704204 0.6375362 0 -0.7704204 0.6375362 0 -0.7704204 0.6375362 0 -0.7704204 0.6375362 0 -0.7704204 0.6375362 0 -0.7704204 0.6375362 0 0 0 -1 0 0 -1 0 0 -1 0 0 -1 0 0 -1 0 0 -1 0 0 -1 0 0 -1 0 0 -1 0 0 -1 0 0 -1 0 0 -1 0 0 1 0 0 1 0 0 1 0 0 1 0 0 1 0 0 1 0 0 1 0 0 1 0 0 1 0 0 1 0 0 1 0 0 1 0.7786817 -0.6274192 0 0.7786817 -0.6274192 0 0.7786817 -0.6274192 0 0.7786817 -0.6274192 0 0.7786817 -0.6274192 0 0.7786817 -0.6274192 0 -0.6155092 -0.7881297 0 -0.6155092 -0.7881297 0 -0.6155092 -0.7881297 0 -0.6155092 -0.7881297 0 -0.6155092 -0.7881297 0 -0.6155092 -0.7881297 0 0.7812828 -0.6241772 0 0.7812828 -0.6241772 0 0.7812828 -0.6241772 0 0.7812828 -0.6241772 0 0.7812828 -0.6241772 0 0.7812828 -0.6241772 0 -0.6301227 -0.7764956 0 -0.6301227 -0.7764956 0 -0.6301227 -0.7764956 0 -0.6301227 -0.7764956 0 -0.6301227 -0.7764956 0 -0.6301227 -0.7764956 0 0.6366342 0.7711659 0 0.6366342 0.7711659 0 0.6366342 0.7711659 0 0.6366342 0.7711659 0 0.6366342 0.7711659 0 0.6366342 0.7711659 0 -0.7690682 0.6391667 0 -0.7690682 0.6391667 0 -0.7690682 0.6391667 0 -0.7690682 0.6391667 0 -0.7690682 0.6391667 0 -0.7690682 0.6391667 0 0 0 -1 0 0 -1 0 0 -1 0 0 -1 0 0 -1 0 0 -1 0 0 -1 0 0 -1 0 0 -1 0 0 -1 0 0 -1 0 0 -1 0 0 -1 0 0 -1 0 0 -1 0 0 -1 0 0 -1 0 0 -1 0 0 -1 0 0 -1 0 0 -1 0 0 1 0 0 1 0 0 1 0 0 1 0 0 1 0 0 1 0 0 1 0 0 1 0 0 1 0 0 1 0 0 1 0 0 1 0 0 1 0 0 1 0 0 1 0 0 1 0 0 1 0 0 1 0 0 1 0 0 1 0 0 1 0.7878825 -0.6158256 0 0.7878825 -0.6158256 0 0.7878825 -0.6158256 0 0.7878825 -0.6158256 0 0.7878825 -0.6158256 0 0.7878825 -0.6158256 0 0.639407 0.7688684 0 0.639407 0.7688684 0 0.639407 0.7688684 0 0.639407 0.7688684 0 0.639407 0.7688684 0 0.639407 0.7688684 0 0.7994007 -0.6007982 0 0.7994007 -0.6007982 0 0.7994007 -0.6007982 0 0.7994007 -0.6007982 0 0.7994007 -0.6007982 0 0.7994007 -0.6007982 0 -0.6500195 -0.7599176 0 -0.6500195 -0.7599176 0 -0.6500195 -0.7599176 0 -0.6500195 -0.7599176 0 -0.6500195 -0.7599176 0 -0.6500195 -0.7599176 0 0.7585872 -0.6515715 0 0.7585872 -0.6515715 0 0.7585872 -0.6515715 0 0.7585872 -0.6515715 0 0.7585872 -0.6515715 0 0.7585872 -0.6515715 0 -0.642417 -0.7663552 0 -0.642417 -0.7663552 0 -0.642417 -0.7663552 0 -0.642417 -0.7663552 0 -0.642417 -0.7663552 0 -0.642417 -0.7663552 0 -0.80937 -0.5872991 0 -0.80937 -0.5872991 0 -0.80937 -0.5872991 0 -0.80937 -0.5872991 0 -0.80937 -0.5872991 0 -0.80937 -0.5872991 0 0.888236 0.4593874 0 0.888236 0.4593874 0 0.888236 0.4593874 0 0.888236 0.4593874 0 0.888236 0.4593874 0 0.888236 0.4593874 0 -0.5079453 0.8613893 0 -0.5079453 0.8613893 0 -0.5079453 0.8613893 0 -0.5079453 0.8613893 0 -0.5079453 0.8613893 0 -0.5079453 0.8613893 0 0 0 -1 0 0 -1 0 0 -1 0 0 -1 0 0 -1 0 0 -1 0 0 -1 0 0 -1 0 0 -1 0 0 -1 0 0 -1 0 0 -1 0 0 1 0 0 1 0 0 1 0 0 1 0 0 1 0 0 1 0 0 1 0 0 1 0 0 1 0 0 1 0 0 1 0 0 1 0.7818153 -0.6235101 0 0.7818153 -0.6235101 0 0.7818153 -0.6235101 0 0.7818153 -0.6235101 0 0.7818153 -0.6235101 0 0.7818153 -0.6235101 0 0.7765101 -0.6301048 0 0.7765101 -0.6301048 0 0.7765101 -0.6301048 0 0.7765101 -0.6301048 0 0.7765101 -0.6301048 0 0.7765101 -0.6301048 0 -0.6026238 -0.7980254 0 -0.6026238 -0.7980254 0 -0.6026238 -0.7980254 0 -0.6026238 -0.7980254 0 -0.6026238 -0.7980254 0 -0.6026238 -0.7980254 0 -0.6324318 -0.7746161 0 -0.6324318 -0.7746161 0 -0.6324318 -0.7746161 0 -0.6324318 -0.7746161 0 -0.6324318 -0.7746161 0 -0.6324318 -0.7746161 0 0.6872301 0.7264398 0 0.6872301 0.7264398 0 0.6872301 0.7264398 0 0.6872301 0.7264398 0 0.6872301 0.7264398 0 0.6872301 0.7264398 0 -0.7917305 0.6108706 0 -0.7917305 0.6108706 0 -0.7917305 0.6108706 0 -0.7917305 0.6108706 0 -0.7917305 0.6108706 0 -0.7917305 0.6108706 0 0 0 -1 0 0 -1 0 0 -1 0 0 -1 0 0 -1 0 0 -1 0 0 -1 0 0 -1 0 0 -1 0 0 -1 0 0 -1 0 0 -1 0 0 -1 0 0 -1 0 0 -1 0 0 -1 0 0 -1 0 0 -1 0 0 1 0 0 1 0 0 1 0 0 1 0 0 1 0 0 1 0 0 1 0 0 1 0 0 1 0 0 1 0 0 1 0 0 1 0 0 1 0 0 1 0 0 1 0 0 1 0 0 1 0 0 1 0.4912865 -0.870998 0 0.4912865 -0.870998 0 0.4912865 -0.870998 0 0.4912865 -0.870998 0 0.4912865 -0.870998 0 0.4912865 -0.870998 0 0.8774822 0.4796092 0 0.8774822 0.4796092 0 0.8774822 0.4796092 0 0.8774822 0.4796092 0 0.8774822 0.4796092 0 0.8774822 0.4796092 0 0.4821678 -0.8760789 0 0.4821678 -0.8760789 0 0.4821678 -0.8760789 0 0.4821678 -0.8760789 0 0.4821678 -0.8760789 0 0.4821678 -0.8760789 0 -0.875801 -0.4826723 0 -0.875801 -0.4826723 0 -0.875801 -0.4826723 0 -0.875801 -0.4826723 0 -0.875801 -0.4826723 0 -0.875801 -0.4826723 0 -0.4780851 0.8783135 0 -0.4780851 0.8783135 0 -0.4780851 0.8783135 0 -0.4780851 0.8783135 0 -0.4780851 0.8783135 0 -0.4780851 0.8783135 0 0.8570282 0.5152696 0 0.8570282 0.5152696 0 0.8570282 0.5152696 0 0.8570282 0.5152696 0 0.8570282 0.5152696 0 0.8570282 0.5152696 0 0.8751584 0.4838365 0 0.8751584 0.4838365 0 0.8751584 0.4838365 0 0.8751584 0.4838365 0 0.8751584 0.4838365 0 0.8751584 0.4838365 0 -0.4912863 0.8709981 0 -0.4912863 0.8709981 0 -0.4912863 0.8709981 0 -0.4912863 0.8709981 0 -0.4912863 0.8709981 0 -0.4912863 0.8709981 0 0 0 -1 0 0 -1 0 0 -1 0 0 -1 0 0 -1 0 0 -1 0 0 -1 0 0 -1 0 0 -1 0 0 -1 0 0 -1 0 0 -1 0 0 -1 0 0 -1 0 0 -1 0 0 -1 0 0 -1 0 0 -1 0 0 -1 0 0 -1 0 0 -1 0 0 -1 0 0 -1 0 0 -1 0 0 -1 0 0 -1 0 0 -1 0 0 -1 0 0 -1 0 0 -1 0 0 -1 0 0 -1 0 0 -1 0 0 1 0 0 1 0 0 1 0 0 1 0 0 1 0 0 1 0 0 1 0 0 1 0 0 1 0 0 1 0 0 1 0 0 1 0 0 1 0 0 1 0 0 1 0 0 1 0 0 1 0 0 1 0 0 1 0 0 1 0 0 1 0 0 1 0 0 1 0 0 1 0 0 1 0 0 1 0 0 1 0 0 1 0 0 1 0 0 1 0 0 1 0 0 1 0 0 1 0.7802658 -0.6254481 0 0.7802658 -0.6254481 0 0.7802658 -0.6254481 0 0.7802658 -0.6254481 0 0.7802658 -0.6254481 0 0.7802658 -0.6254481 0 -0.6293074 -0.7771565 0 -0.6293074 -0.7771565 0 -0.6293074 -0.7771565 0 -0.6293074 -0.7771565 0 -0.6293074 -0.7771565 0 -0.6293074 -0.7771565 0 -0.7754999 0.6313477 0 -0.7754999 0.6313477 0 -0.7754999 0.6313477 0 -0.7754999 0.6313477 0 -0.7754999 0.6313477 0 -0.7754999 0.6313477 0 -0.627548 -0.7785779 0 -0.627548 -0.7785779 0 -0.627548 -0.7785779 0 -0.627548 -0.7785779 0 -0.627548 -0.7785779 0 -0.627548 -0.7785779 0 -0.7754529 0.6314054 0 -0.7754529 0.6314054 0 -0.7754529 0.6314054 0 -0.7754529 0.6314054 0 -0.7754529 0.6314054 0 -0.7754529 0.6314054 0 -0.775503 0.6313439 0 -0.775503 0.6313439 0 -0.775503 0.6313439 0 -0.775503 0.6313439 0 -0.775503 0.6313439 0 -0.775503 0.6313439 0 -0.6275435 -0.7785815 0 -0.6275435 -0.7785815 0 -0.6275435 -0.7785815 0 -0.6275435 -0.7785815 0 -0.6275435 -0.7785815 0 -0.6275435 -0.7785815 0 -0.7784657 0.6276871 0 -0.7784657 0.6276871 0 -0.7784657 0.6276871 0 -0.7784657 0.6276871 0 -0.7784657 0.6276871 0 -0.7784657 0.6276871 0 0.6265921 0.7793474 0 0.6265921 0.7793474 0 0.6265921 0.7793474 0 0.6265921 0.7793474 0 0.6265921 0.7793474 0 0.6265921 0.7793474 0 0.7772912 -0.629141 0 0.7772912 -0.629141 0 0.7772912 -0.629141 0 0.7772912 -0.629141 0 0.7772912 -0.629141 0 0.7772912 -0.629141 0 -1.872147e-06 -1 0 -1.872147e-06 -1 0 -1.872147e-06 -1 0 -1.872147e-06 -1 0 -1.872147e-06 -1 0 -1.872147e-06 -1 0 -0.6253958 -0.7803077 0 -0.6253958 -0.7803077 0 -0.6253958 -0.7803077 0 -0.6253958 -0.7803077 0 -0.6253958 -0.7803077 0 -0.6253958 -0.7803077 0 0.7785654 -0.6275634 0 0.7785654 -0.6275634 0 0.7785654 -0.6275634 0 0.7785654 -0.6275634 0 0.7785654 -0.6275634 0 0.7785654 -0.6275634 0 0 0 -1 0 0 -1 0 0 -1 0 0 -1 0 0 -1 0 0 -1 0 0 -1 0 0 -1 0 0 -1 0 0 -1 0 0 -1 0 0 -1 0 0 -1 0 0 -1 0 0 -1 0 0 -1 0 0 -1 0 0 -1 0 0 1 0 0 1 0 0 1 0 0 1 0 0 1 0 0 1 0 0 1 0 0 1 0 0 1 0 0 1 0 0 1 0 0 1 0 0 1 0 0 1 0 0 1 0 0 1 0 0 1 0 0 1 0.4755214 -0.8797042 0 0.4755214 -0.8797042 0 0.4755214 -0.8797042 0 0.4755214 -0.8797042 0 0.4755214 -0.8797042 0 0.4755214 -0.8797042 0 0.8431654 0.5376543 0 0.8431654 0.5376543 0 0.8431654 0.5376543 0 0.8431654 0.5376543 0 0.8431654 0.5376543 0 0.8431654 0.5376543 0 0.4821671 -0.8760793 0 0.4821671 -0.8760793 0 0.4821671 -0.8760793 0 0.4821671 -0.8760793 0 0.4821671 -0.8760793 0 0.4821671 -0.8760793 0 -0.8779137 -0.4788188 0 -0.8779137 -0.4788188 0 -0.8779137 -0.4788188 0 -0.8779137 -0.4788188 0 -0.8779137 -0.4788188 0 -0.8779137 -0.4788188 0 -0.4780844 0.8783139 0 -0.4780844 0.8783139 0 -0.4780844 0.8783139 0 -0.4780844 0.8783139 0 -0.4780844 0.8783139 0 -0.4780844 0.8783139 0 0.8940636 0.4479399 0 0.8940636 0.4479399 0 0.8940636 0.4479399 0 0.8940636 0.4479399 0 0.8940636 0.4479399 0 0.8940636 0.4479399 0 0.8780753 0.4785226 0 0.8780753 0.4785226 0 0.8780753 0.4785226 0 0.8780753 0.4785226 0 0.8780753 0.4785226 0 0.8780753 0.4785226 0 -0.4755211 0.8797043 0 -0.4755211 0.8797043 0 -0.4755211 0.8797043 0 -0.4755211 0.8797043 0 -0.4755211 0.8797043 0 -0.4755211 0.8797043 0 0 0 -1 0 0 -1 0 0 -1 0 0 -1 0 0 -1 0 0 -1 0 0 -1 0 0 -1 0 0 -1 0 0 -1 0 0 -1 0 0 -1 0 0 -1 0 0 -1 0 0 -1 0 0 -1 0 0 -1 0 0 -1 0 0 -1 0 0 -1 0 0 -1 0 0 -1 0 0 -1 0 0 -1 0 0 1 0 0 1 0 0 1 0 0 1 0 0 1 0 0 1 0 0 1 0 0 1 0 0 1 0 0 1 0 0 1 0 0 1 0 0 1 0 0 1 0 0 1 0 0 1 0 0 1 0 0 1 0 0 1 0 0 1 0 0 1 0 0 1 0 0 1 0 0 1 0.872658 0.488332 0 0.872658 0.488332 0 0.872658 0.488332 0 0.872658 0.488332 0 0.872658 0.488332 0 0.872658 0.488332 0 0.9567157 -0.2910243 0 0.9567157 -0.2910243 0 0.9567157 -0.2910243 0 0.9567157 -0.2910243 0 0.9567157 -0.2910243 0 0.9567157 -0.2910243 0 0.4811618 -0.8766318 0 0.4811618 -0.8766318 0 0.4811618 -0.8766318 0 0.4811618 -0.8766318 0 0.4811618 -0.8766318 0 0.4811618 -0.8766318 0 -0.2787997 -0.9603493 0 -0.2787997 -0.9603493 0 -0.2787997 -0.9603493 0 -0.2787997 -0.9603493 0 -0.2787997 -0.9603493 0 -0.2787997 -0.9603493 0 -0.9135015 -0.4068353 0 -0.9135015 -0.4068353 0 -0.9135015 -0.4068353 0 -0.9135015 -0.4068353 0 -0.9135015 -0.4068353 0 -0.9135015 -0.4068353 0 -0.885005 -0.4655815 0 -0.885005 -0.4655815 0 -0.885005 -0.4655815 0 -0.885005 -0.4655815 0 -0.885005 -0.4655815 0 -0.885005 -0.4655815 0 -0.9252748 -0.3792975 0 -0.9252748 -0.3792975 0 -0.9252748 -0.3792975 0 -0.9252748 -0.3792975 0 -0.9252748 -0.3792975 0 -0.9252748 -0.3792975 0 -0.9613748 0.2752427 0 -0.9613748 0.2752427 0 -0.9613748 0.2752427 0 -0.9613748 0.2752427 0 -0.9613748 0.2752427 0 -0.9613748 0.2752427 0 0.2203946 0.9754108 0 0.2203946 0.9754108 0 0.2203946 0.9754108 0 0.2203946 0.9754108 0 0.2203946 0.9754108 0 0.2203946 0.9754108 0 -0.4811612 0.8766321 0 -0.4811612 0.8766321 0 -0.4811612 0.8766321 0 -0.4811612 0.8766321 0 -0.4811612 0.8766321 0 -0.4811612 0.8766321 0 0 0 -1 0 0 -1 0 0 -1 0 0 -1 0 0 -1 0 0 -1 0 0 -1 0 0 -1 0 0 -1 0 0 -1 0 0 -1 0 0 -1 0 0 1 0 0 1 0 0 1 0 0 1 0 0 1 0 0 1 0 0 1 0 0 1 0 0 1 0 0 1 0 0 1 0 0 1 0.7917305 -0.6108706 0 0.7917305 -0.6108706 0 0.7917305 -0.6108706 0 0.7917305 -0.6108706 0 0.7917305 -0.6108706 0 0.7917305 -0.6108706 0 -0.6330186 -0.7741366 0 -0.6330186 -0.7741366 0 -0.6330186 -0.7741366 0 -0.6330186 -0.7741366 0 -0.6330186 -0.7741366 0 -0.6330186 -0.7741366 0 -0.6327211 -0.7743798 0 -0.6327211 -0.7743798 0 -0.6327211 -0.7743798 0 -0.6327211 -0.7743798 0 -0.6327211 -0.7743798 0 -0.6327211 -0.7743798 0 -0.7717077 0.6359773 0 -0.7717077 0.6359773 0 -0.7717077 0.6359773 0 -0.7717077 0.6359773 0 -0.7717077 0.6359773 0 -0.7717077 0.6359773 0 0.6369118 0.7709367 0 0.6369118 0.7709367 0 0.6369118 0.7709367 0 0.6369118 0.7709367 0 0.6369118 0.7709367 0 0.6369118 0.7709367 0 -0.7978391 0.6028705 0 -0.7978391 0.6028705 0 -0.7978391 0.6028705 0 -0.7978391 0.6028705 0 -0.7978391 0.6028705 0 -0.7978391 0.6028705 0 0 0 -1 0 0 -1 0 0 -1 0 0 -1 0 0 -1 0 0 -1 0 0 -1 0 0 -1 0 0 -1 0 0 -1 0 0 -1 0 0 -1 0 0 -1 0 0 -1 0 0 -1 0 0 -1 0 0 -1 0 0 -1 0 0 1 0 0 1 0 0 1 0 0 1 0 0 1 0 0 1 0 0 1 0 0 1 0 0 1 0 0 1 0 0 1 0 0 1 0 0 1 0 0 1 0 0 1 0 0 1 0 0 1 0 0 1 0.7685608 -0.6397768 0 0.7685608 -0.6397768 0 0.7685608 -0.6397768 0 0.7685608 -0.6397768 0 0.7685608 -0.6397768 0 0.7685608 -0.6397768 0 -0.6334332 -0.7737974 0 -0.6334332 -0.7737974 0 -0.6334332 -0.7737974 0 -0.6334332 -0.7737974 0 -0.6334332 -0.7737974 0 -0.6334332 -0.7737974 0 0.7693897 -0.6387796 0 0.7693897 -0.6387796 0 0.7693897 -0.6387796 0 0.7693897 -0.6387796 0 0.7693897 -0.6387796 0 0.7693897 -0.6387796 0 -0.632451 -0.7746003 0 -0.632451 -0.7746003 0 -0.632451 -0.7746003 0 -0.632451 -0.7746003 0 -0.632451 -0.7746003 0 -0.632451 -0.7746003 0 -0.7627433 0.6467014 0 -0.7627433 0.6467014 0 -0.7627433 0.6467014 0 -0.7627433 0.6467014 0 -0.7627433 0.6467014 0 -0.7627433 0.6467014 0 -0.6324536 -0.7745982 0 -0.6324536 -0.7745982 0 -0.6324536 -0.7745982 0 -0.6324536 -0.7745982 0 -0.6324536 -0.7745982 0 -0.6324536 -0.7745982 0 0.6360203 0.7716723 0 0.6360203 0.7716723 0 0.6360203 0.7716723 0 0.6360203 0.7716723 0 0.6360203 0.7716723 0 0.6360203 0.7716723 0 -0.7716611 0.636034 0 -0.7716611 0.636034 0 -0.7716611 0.636034 0 -0.7716611 0.636034 0 -0.7716611 0.636034 0 -0.7716611 0.636034 0 0 0 -1 0 0 -1 0 0 -1 0 0 -1 0 0 -1 0 0 -1 0 0 -1 0 0 -1 0 0 -1 0 0 -1 0 0 -1 0 0 -1 0 0 -1 0 0 -1 0 0 -1 0 0 -1 0 0 -1 0 0 -1 0 0 -1 0 0 -1 0 0 -1 0 0 -1 0 0 -1 0 0 -1 0 0 1 0 0 1 0 0 1 0 0 1 0 0 1 0 0 1 0 0 1 0 0 1 0 0 1 0 0 1 0 0 1 0 0 1 0 0 1 0 0 1 0 0 1 0 0 1 0 0 1 0 0 1 0 0 1 0 0 1 0 0 1 0 0 1 0 0 1 0 0 1 0.7887404 -0.6147264 0 0.7887404 -0.6147264 0 0.7887404 -0.6147264 0 0.7887404 -0.6147264 0 0.7887404 -0.6147264 0 0.7887404 -0.6147264 0 0.6131435 0.7899715 0 0.6131435 0.7899715 0 0.6131435 0.7899715 0 0.6131435 0.7899715 0 0.6131435 0.7899715 0 0.6131435 0.7899715 0 0.7838527 -0.6209468 0 0.7838527 -0.6209468 0 0.7838527 -0.6209468 0 0.7838527 -0.6209468 0 0.7838527 -0.6209468 0 0.7838527 -0.6209468 0 -0.6229875 -0.7822318 0 -0.6229875 -0.7822318 0 -0.6229875 -0.7822318 0 -0.6229875 -0.7822318 0 -0.6229875 -0.7822318 0 -0.6229875 -0.7822318 0 -0.7802363 0.6254848 0 -0.7802363 0.6254848 0 -0.7802363 0.6254848 0 -0.7802363 0.6254848 0 -0.7802363 0.6254848 0 -0.7802363 0.6254848 0 0.6298057 0.7767527 0 0.6298057 0.7767527 0 0.6298057 0.7767527 0 0.6298057 0.7767527 0 0.6298057 0.7767527 0 0.6298057 0.7767527 0 -0.7789351 0.6271045 0 -0.7789351 0.6271045 0 -0.7789351 0.6271045 0 -0.7789351 0.6271045 0 -0.7789351 0.6271045 0 -0.7789351 0.6271045 0 0.5873727 0.8093165 0 0.5873727 0.8093165 0 0.5873727 0.8093165 0 0.5873727 0.8093165 0 0.5873727 0.8093165 0 0.5873727 0.8093165 0 0.625765 0.7800117 0 0.625765 0.7800117 0 0.625765 0.7800117 0 0.625765 0.7800117 0 0.625765 0.7800117 0 0.625765 0.7800117 0 -0.7887397 0.6147274 0 -0.7887397 0.6147274 0 -0.7887397 0.6147274 0 -0.7887397 0.6147274 0 -0.7887397 0.6147274 0 -0.7887397 0.6147274 0 0 0 -1 0 0 -1 0 0 -1 0 0 -1 0 0 -1 0 0 -1 0 0 -1 0 0 -1 0 0 -1 0 0 -1 0 0 -1 0 0 -1 0 0 -1 0 0 -1 0 0 -1 0 0 -1 0 0 -1 0 0 -1 0 0 -1 0 0 -1 0 0 -1 0 0 -1 0 0 -1 0 0 -1 0 0 1 0 0 1 0 0 1 0 0 1 0 0 1 0 0 1 0 0 1 0 0 1 0 0 1 0 0 1 0 0 1 0 0 1 0 0 1 0 0 1 0 0 1 0 0 1 0 0 1 0 0 1 0 0 1 0 0 1 0 0 1 0 0 1 0 0 1 0 0 1 -0.7586138 0.6515405 0 -0.7586138 0.6515405 0 -0.7586138 0.6515405 0 -0.7586138 0.6515405 0 -0.7586138 0.6515405 0 -0.7586138 0.6515405 0 0.6214409 0.783461 0 0.6214409 0.783461 0 0.6214409 0.783461 0 0.6214409 0.783461 0 0.6214409 0.783461 0 0.6214409 0.783461 0 0.7725264 -0.6349827 0 0.7725264 -0.6349827 0 0.7725264 -0.6349827 0 0.7725264 -0.6349827 0 0.7725264 -0.6349827 0 0.7725264 -0.6349827 0 0.6500016 0.7599328 0 0.6500016 0.7599328 0 0.6500016 0.7599328 0 0.6500016 0.7599328 0 0.6500016 0.7599328 0 0.6500016 0.7599328 0 0.7754926 -0.6313567 0 0.7754926 -0.6313567 0 0.7754926 -0.6313567 0 0.7754926 -0.6313567 0 0.7754926 -0.6313567 0 0.7754926 -0.6313567 0 -0.6238943 -0.7815087 0 -0.6238943 -0.7815087 0 -0.6238943 -0.7815087 0 -0.6238943 -0.7815087 0 -0.6238943 -0.7815087 0 -0.6238943 -0.7815087 0 0.7754906 -0.6313591 0 0.7754906 -0.6313591 0 0.7754906 -0.6313591 0 0.7754906 -0.6313591 0 0.7754906 -0.6313591 0 0.7754906 -0.6313591 0 -0.6349125 -0.7725841 0 -0.6349125 -0.7725841 0 -0.6349125 -0.7725841 0 -0.6349125 -0.7725841 0 -0.6349125 -0.7725841 0 -0.6349125 -0.7725841 0 0.6188415 0.7855159 0 0.6188415 0.7855159 0 0.6188415 0.7855159 0 0.6188415 0.7855159 0 0.6188415 0.7855159 0 0.6188415 0.7855159 0 -0.7760413 0.6306821 0 -0.7760413 0.6306821 0 -0.7760413 0.6306821 0 -0.7760413 0.6306821 0 -0.7760413 0.6306821 0 -0.7760413 0.6306821 0 0 0 -1 0 0 -1 0 0 -1 0 0 -1 0 0 -1 0 0 -1 0 0 -1 0 0 -1 0 0 -1 0 0 -1 0 0 -1 0 0 -1 0 0 -1 0 0 -1 0 0 -1 0 0 -1 0 0 -1 0 0 -1 0 0 -1 0 0 -1 0 0 -1 0 0 -1 0 0 -1 0 0 -1 0 0 -1 0 0 -1 0 0 -1 0 0 1 0 0 1 0 0 1 0 0 1 0 0 1 0 0 1 0 0 1 0 0 1 0 0 1 0 0 1 0 0 1 0 0 1 0 0 1 0 0 1 0 0 1 0 0 1 0 0 1 0 0 1 0 0 1 0 0 1 0 0 1 0 0 1 0 0 1 0 0 1 0 0 1 0 0 1 0 0 1 0.8757988 0.4826764 0 0.8757988 0.4826764 0 0.8757988 0.4826764 0 0.8757988 0.4826764 0 0.8757988 0.4826764 0 0.8757988 0.4826764 0 0.871648 0.4901325 0 0.871648 0.4901325 0 0.871648 0.4901325 0 0.871648 0.4901325 0 0.871648 0.4901325 0 0.871648 0.4901325 0 0.6404395 -0.7680086 0 0.6404395 -0.7680086 0 0.6404395 -0.7680086 0 0.6404395 -0.7680086 0 0.6404395 -0.7680086 0 0.6404395 -0.7680086 0 -0.8786208 -0.4775201 0 -0.8786208 -0.4775201 0 -0.8786208 -0.4775201 0 -0.8786208 -0.4775201 0 -0.8786208 -0.4775201 0 -0.8786208 -0.4775201 0 -0.8751584 -0.4838365 0 -0.8751584 -0.4838365 0 -0.8751584 -0.4838365 0 -0.8751584 -0.4838365 0 -0.8751584 -0.4838365 0 -0.8751584 -0.4838365 0 -0.8774839 -0.479606 0 -0.8774839 -0.479606 0 -0.8774839 -0.479606 0 -0.8774839 -0.479606 0 -0.8774839 -0.479606 0 -0.8774839 -0.479606 0 -0.8780753 -0.4785226 0 -0.8780753 -0.4785226 0 -0.8780753 -0.4785226 0 -0.8780753 -0.4785226 0 -0.8780753 -0.4785226 0 -0.8780753 -0.4785226 0 -0.8678082 -0.4968993 0 -0.8678082 -0.4968993 0 -0.8678082 -0.4968993 0 -0.8678082 -0.4968993 0 -0.8678082 -0.4968993 0 -0.8678082 -0.4968993 0 -0.4882377 0.8727107 0 -0.4882377 0.8727107 0 -0.4882377 0.8727107 0 -0.4882377 0.8727107 0 -0.4882377 0.8727107 0 -0.4882377 0.8727107 0 0.8861971 0.4633084 0 0.8861971 0.4633084 0 0.8861971 0.4633084 0 0.8861971 0.4633084 0 0.8861971 0.4633084 0 0.8861971 0.4633084 0 -0.4464766 0.8947953 0 -0.4464766 0.8947953 0 -0.4464766 0.8947953 0 -0.4464766 0.8947953 0 -0.4464766 0.8947953 0 -0.4464766 0.8947953 0 0 0 -1 0 0 -1 0 0 -1 0 0 -1 0 0 -1 0 0 -1 0 0 -1 0 0 -1 0 0 -1 0 0 -1 0 0 -1 0 0 -1 0 0 -1 0 0 -1 0 0 -1 0 0 -1 0 0 -1 0 0 -1 0 0 -1 0 0 -1 0 0 -1 0 0 -1 0 0 -1 0 0 -1 0 0 -1 0 0 -1 0 0 -1 0 0 -1 0 0 -1 0 0 -1 0 0 -1 0 0 -1 0 0 -1 0 0 1 0 0 1 0 0 1 0 0 1 0 0 1 0 0 1 0 0 1 0 0 1 0 0 1 0 0 1 0 0 1 0 0 1 0 0 1 0 0 1 0 0 1 0 0 1 0 0 1 0 0 1 0 0 1 0 0 1 0 0 1 0 0 1 0 0 1 0 0 1 0 0 1 0 0 1 0 0 1 0 0 1 0 0 1 0 0 1 0 0 1 0 0 1 0 0 1 0.7887384 -0.614729 0 0.7887384 -0.614729 0 0.7887384 -0.614729 0 0.7887384 -0.614729 0 0.7887384 -0.614729 0 0.7887384 -0.614729 0 0.6239072 0.7814985 0 0.6239072 0.7814985 0 0.6239072 0.7814985 0 0.6239072 0.7814985 0 0.6239072 0.7814985 0 0.6239072 0.7814985 0 0.7789341 -0.6271057 0 0.7789341 -0.6271057 0 0.7789341 -0.6271057 0 0.7789341 -0.6271057 0 0.7789341 -0.6271057 0 0.7789341 -0.6271057 0 0.6210935 0.7837365 0 0.6210935 0.7837365 0 0.6210935 0.7837365 0 0.6210935 0.7837365 0 0.6210935 0.7837365 0 0.6210935 0.7837365 0 0.7802363 -0.6254848 0 0.7802363 -0.6254848 0 0.7802363 -0.6254848 0 0.7802363 -0.6254848 0 0.7802363 -0.6254848 0 0.7802363 -0.6254848 0 -0.6202946 -0.784369 0 -0.6202946 -0.784369 0 -0.6202946 -0.784369 0 -0.6202946 -0.784369 0 -0.6202946 -0.784369 0 -0.6202946 -0.784369 0 -0.7856935 0.6186159 0 -0.7856935 0.6186159 0 -0.7856935 0.6186159 0 -0.7856935 0.6186159 0 -0.7856935 0.6186159 0 -0.7856935 0.6186159 0 -0.7994007 0.6007982 0 -0.7994007 0.6007982 0 -0.7994007 0.6007982 0 -0.7994007 0.6007982 0 -0.7994007 0.6007982 0 -0.7994007 0.6007982 0 -0.7754728 0.6313809 0 -0.7754728 0.6313809 0 -0.7754728 0.6313809 0 -0.7754728 0.6313809 0 -0.7754728 0.6313809 0 -0.7754728 0.6313809 0 -0.7782567 0.6279463 0 -0.7782567 0.6279463 0 -0.7782567 0.6279463 0 -0.7782567 0.6279463 0 -0.7782567 0.6279463 0 -0.7782567 0.6279463 0 0.5992084 0.8005931 0 0.5992084 0.8005931 0 0.5992084 0.8005931 0 0.5992084 0.8005931 0 0.5992084 0.8005931 0 0.5992084 0.8005931 0 0.6239083 0.7814976 0 0.6239083 0.7814976 0 0.6239083 0.7814976 0 0.6239083 0.7814976 0 0.6239083 0.7814976 0 0.6239083 0.7814976 0 -0.7887376 0.61473 0 -0.7887376 0.61473 0 -0.7887376 0.61473 0 -0.7887376 0.61473 0 -0.7887376 0.61473 0 -0.7887376 0.61473 0 0 0 -1 0 0 -1 0 0 -1 0 0 -1 0 0 -1 0 0 -1 0 0 -1 0 0 -1 0 0 -1 0 0 -1 0 0 -1 0 0 -1 0 0 -1 0 0 -1 0 0 -1 0 0 -1 0 0 -1 0 0 -1 0 0 -1 0 0 -1 0 0 -1 0 0 -1 0 0 -1 0 0 -1 0 0 -1 0 0 -1 0 0 -1 0 0 -1 0 0 -1 0 0 -1 0 0 1 0 0 1 0 0 1 0 0 1 0 0 1 0 0 1 0 0 1 0 0 1 0 0 1 0 0 1 0 0 1 0 0 1 0 0 1 0 0 1 0 0 1 0 0 1 0 0 1 0 0 1 0 0 1 0 0 1 0 0 1 0 0 1 0 0 1 0 0 1 0 0 1 0 0 1 0 0 1 0 0 1 0 0 1 0 0 1 0.6220488 0.7829785 0 0.6220488 0.7829785 0 0.6220488 0.7829785 0 0.6220488 0.7829785 0 0.6220488 0.7829785 0 0.6220488 0.7829785 0 0.625763 0.7800132 0 0.625763 0.7800132 0 0.625763 0.7800132 0 0.625763 0.7800132 0 0.625763 0.7800132 0 0.625763 0.7800132 0 0.7994105 -0.6007852 0 0.7994105 -0.6007852 0 0.7994105 -0.6007852 0 0.7994105 -0.6007852 0 0.7994105 -0.6007852 0 0.7994105 -0.6007852 0 0.7789933 -0.6270323 0 0.7789933 -0.6270323 0 0.7789933 -0.6270323 0 0.7789933 -0.6270323 0 0.7789933 -0.6270323 0 0.7789933 -0.6270323 0 -0.6239007 -0.7815036 0 -0.6239007 -0.7815036 0 -0.6239007 -0.7815036 0 -0.6239007 -0.7815036 0 -0.6239007 -0.7815036 0 -0.6239007 -0.7815036 0 -0.625765 -0.7800117 0 -0.625765 -0.7800117 0 -0.625765 -0.7800117 0 -0.625765 -0.7800117 0 -0.625765 -0.7800117 0 -0.625765 -0.7800117 0 -0.6206039 -0.7841242 0 -0.6206039 -0.7841242 0 -0.6206039 -0.7841242 0 -0.6206039 -0.7841242 0 -0.6206039 -0.7841242 0 -0.6206039 -0.7841242 0 -0.6239083 -0.7814976 0 -0.6239083 -0.7814976 0 -0.6239083 -0.7814976 0 -0.6239083 -0.7814976 0 -0.6239083 -0.7814976 0 -0.6239083 -0.7814976 0 -0.6275533 -0.7785736 0 -0.6275533 -0.7785736 0 -0.6275533 -0.7785736 0 -0.6275533 -0.7785736 0 -0.6275533 -0.7785736 0 -0.6275533 -0.7785736 0 -0.6239108 -0.7814956 0 -0.6239108 -0.7814956 0 -0.6239108 -0.7814956 0 -0.6239108 -0.7814956 0 -0.6239108 -0.7814956 0 -0.6239108 -0.7814956 0 0.6239079 0.7814979 0 0.6239079 0.7814979 0 0.6239079 0.7814979 0 0.6239079 0.7814979 0 0.6239079 0.7814979 0 0.6239079 0.7814979 0 -0.6404395 0.7680086 0 -0.6404395 0.7680086 0 -0.6404395 0.7680086 0 -0.6404395 0.7680086 0 -0.6404395 0.7680086 0 -0.6404395 0.7680086 0 0 0 -1 0 0 -1 0 0 -1 0 0 -1 0 0 -1 0 0 -1 0 0 -1 0 0 -1 0 0 -1 0 0 -1 0 0 -1 0 0 -1 0 0 -1 0 0 -1 0 0 -1 0 0 -1 0 0 -1 0 0 -1 0 0 -1 0 0 -1 0 0 -1 0 0 -1 0 0 -1 0 0 -1 0 0 -1 0 0 -1 0 0 -1 0 0 -1 0 0 -1 0 0 -1 0 0 -1 0 0 -1 0 0 -1 0 0 -1 0 0 -1 0 0 -1 0 0 -1 0 0 -1 0 0 -1 0 0 -1 0 0 -1 0 0 -1 0 0 -1 0 0 -1 0 0 -1 0 0 -1 0 0 -1 0 0 -1 0 0 -1 0 0 -1 0 0 -1 0 0 -1 0 0 -1 0 0 -1 0 0 1 0 0 1 0 0 1 0 0 1 0 0 1 0 0 1 0 0 1 0 0 1 0 0 1 0 0 1 0 0 1 0 0 1 0 0 1 0 0 1 0 0 1 0 0 1 0 0 1 0 0 1 0 0 1 0 0 1 0 0 1 0 0 1 0 0 1 0 0 1 0 0 1 0 0 1 0 0 1 0 0 1 0 0 1 0 0 1 0 0 1 0 0 1 0 0 1 0 0 1 0 0 1 0 0 1 0 0 1 0 0 1 0 0 1 0 0 1 0 0 1 0 0 1 0 0 1 0 0 1 0 0 1 0 0 1 0 0 1 0 0 1 0 0 1 0 0 1 0 0 1 0 0 1 0 0 1 0 0 1 0.9938596 -0.1106484 0 0.9938596 -0.1106484 0 0.9938596 -0.1106484 0 0.9938596 -0.1106484 0 0.9938596 -0.1106484 0 0.9938596 -0.1106484 0 0.6635943 0.7480927 0 0.6635943 0.7480927 0 0.6635943 0.7480927 0 0.6635943 0.7480927 0 0.6635943 0.7480927 0 0.6635943 0.7480927 0 -0.8058293 0.5921479 0 -0.8058293 0.5921479 0 -0.8058293 0.5921479 0 -0.8058293 0.5921479 0 -0.8058293 0.5921479 0 -0.8058293 0.5921479 0 0.6239037 0.7815012 0 0.6239037 0.7815012 0 0.6239037 0.7815012 0 0.6239037 0.7815012 0 0.6239037 0.7815012 0 0.6239037 0.7815012 0 0.6259659 0.7798504 0 0.6259659 0.7798504 0 0.6259659 0.7798504 0 0.6259659 0.7798504 0 0.6259659 0.7798504 0 0.6259659 0.7798504 0 0.7925505 -0.6098063 0 0.7925505 -0.6098063 0 0.7925505 -0.6098063 0 0.7925505 -0.6098063 0 0.7925505 -0.6098063 0 0.7925505 -0.6098063 0 0.6500091 0.7599264 0 0.6500091 0.7599264 0 0.6500091 0.7599264 0 0.6500091 0.7599264 0 0.6500091 0.7599264 0 0.6500091 0.7599264 0 0.7818042 -0.6235241 0 0.7818042 -0.6235241 0 0.7818042 -0.6235241 0 0.7818042 -0.6235241 0 0.7818042 -0.6235241 0 0.7818042 -0.6235241 0 -0.6239011 -0.7815033 0 -0.6239011 -0.7815033 0 -0.6239011 -0.7815033 0 -0.6239011 -0.7815033 0 -0.6239011 -0.7815033 0 -0.6239011 -0.7815033 0 0.7703214 -0.6376558 0 0.7703214 -0.6376558 0 0.7703214 -0.6376558 0 0.7703214 -0.6376558 0 0.7703214 -0.6376558 0 0.7703214 -0.6376558 0 -0.6220488 -0.7829785 0 -0.6220488 -0.7829785 0 -0.6220488 -0.7829785 0 -0.6220488 -0.7829785 0 -0.6220488 -0.7829785 0 -0.6220488 -0.7829785 0 -0.7920192 0.6104962 0 -0.7920192 0.6104962 0 -0.7920192 0.6104962 0 -0.7920192 0.6104962 0 -0.7920192 0.6104962 0 -0.7920192 0.6104962 0 -0.6259711 -0.7798463 0 -0.6259711 -0.7798463 0 -0.6259711 -0.7798463 0 -0.6259711 -0.7798463 0 -0.6259711 -0.7798463 0 -0.6259711 -0.7798463 0 -0.9904531 -0.13785 0 -0.9904531 -0.13785 0 -0.9904531 -0.13785 0 -0.9904531 -0.13785 0 -0.9904531 -0.13785 0 -0.9904531 -0.13785 0 -0.7842648 0.6204263 0 -0.7842648 0.6204263 0 -0.7842648 0.6204263 0 -0.7842648 0.6204263 0 -0.7842648 0.6204263 0 -0.7842648 0.6204263 0 -0.06638814 0.9977939 0 -0.06638814 0.9977939 0 -0.06638814 0.9977939 0 -0.06638814 0.9977939 0 -0.06638814 0.9977939 0 -0.06638814 0.9977939 0 0.657733 0.7532512 0 0.657733 0.7532512 0 0.657733 0.7532512 0 0.657733 0.7532512 0 0.657733 0.7532512 0 0.657733 0.7532512 0 -0.8058283 0.5921493 0 -0.8058283 0.5921493 0 -0.8058283 0.5921493 0 -0.8058283 0.5921493 0 -0.8058283 0.5921493 0 -0.8058283 0.5921493 0 0.6394017 0.7688729 0 0.6394017 0.7688729 0 0.6394017 0.7688729 0 0.6394017 0.7688729 0 0.6394017 0.7688729 0 0.6394017 0.7688729 0 -0.07110823 0.9974686 0 -0.07110823 0.9974686 0 -0.07110823 0.9974686 0 -0.07110823 0.9974686 0 -0.07110823 0.9974686 0 -0.07110823 0.9974686 0 0 0 -1 0 0 -1 0 0 -1 0 0 -1 0 0 -1 0 0 -1 0 0 -1 0 0 -1 0 0 -1 0 0 -1 0 0 -1 0 0 -1 0 0 -1 0 0 -1 0 0 -1 0 0 -1 0 0 -1 0 0 -1 0 0 -1 0 0 -1 0 0 -1 0 0 -1 0 0 -1 0 0 -1 0 0 -1 0 0 -1 0 0 -1 0 0 -1 0 0 -1 0 0 -1 0 0 -1 0 0 -1 0 0 -1 0 0 -1 0 0 -1 0 0 -1 0 0 -1 0 0 -1 0 0 -1 0 0 -1 0 0 -1 0 0 -1 0 0 -1 0 0 -1 0 0 -1 0 0 -1 0 0 -1 0 0 -1 0 0 -1 0 0 -1 0 0 -1 0 0 -1 0 0 -1 0 0 -1 0 0 -1 0 0 -1 0 0 -1 0 0 -1 0 0 -1 0 0 -1 0 0 -1 0 0 -1 0 0 -1 0 0 -1 0 0 -1 0 0 -1 0 0 -1 0 0 -1 0 0 -1 0 0 -1 0 0 -1 0 0 -1 0 0 -1 0 0 -1 0 0 -1 0 0 -1 0 0 -1 0 0 -1 0 0 -1 0 0 -1 0 0 -1 0 0 -1 0 0 -1 0 0 -1 0 0 -1 0 0 -1 0 0 -1 0 0 -1 0 0 -1 0 0 -1 0 0 -1 0 0 -1 0 0 -1 0 0 -1 0 0 -1 0 0 -1 0 0 -1 0 0 -1 0 0 -1 0 0 -1 0 0 -1 0 0 -1 0 0 -1 0 0 -1 0 0 -1 0 0 -1 0 0 -1 0 0 -1 0 0 -1 0 0 -1 0 0 -1 0 0 -1 0 0 -1 0 0 -1 0 0 -1 0 0 -1 0 0 -1 0 0 -1 0 0 -1 0 0 -1 0 0 -1 0 0 -1 0 0 -1 0 0 -1 0 0 -1 0 0 -1 0 0 -1 0 0 -1 0 0 -1 0 0 -1 0 0 -1 0 0 -1 0 0 -1 0 0 -1 0 0 -1 0 0 -1 0 0 -1 0 0 -1 0 0 -1 0 0 -1 0 0 -1 0 0 -1 0 0 -1 0 0 -1 0 0 -1 0 0 -1 0 0 -1 0 0 -1 0 0 -1 0 0 -1 0 0 -1 0 0 -1 0 0 -1 0 0 -1 0 0 -1 0 0 -1 0 0 -1 0 0 -1 0 0 -1 0 0 -1 0 0 -1 0 0 -1 0 0 -1 0 0 -1 0 0 -1 0 0 -1 0 0 -1 0 0 -1 0 0 -1 0 0 -1 0 0 -1 0 0 -1 0 0 -1 0 0 -1 0 0 -1 0 0 -1 0 0 -1 0 0 -1 0 0 -1 0 0 -1 0 0 -1 0 0 -1 0 0 -1 0 0 -1 0 0 -1 0 0 -1 0 0 -1 0 0 -1 0 0 -1 0 0 -1 0 0 -1 0 0 -1 0 0 -1 0 0 -1 0 0 -1 0 0 -1 0 0 -1 0 0 -1 0 0 -1 0 0 -1 0 0 -1 0 0 -1 0 0 -1 0 0 -1 0 0 -1 0 0 -1 0 0 -1 0 0 -1 0 0 -1 0 0 -1 0 0 -1 0 0 -1 0 0 -1 0 0 -1 0 0 -1 0 0 -1 0 0 -1 0 0 -1 0 0 -1 0 0 -1 0 0 -1 0 0 -1 0 0 -1 0 0 -1 0 0 -1 0 0 -1 0 0 -1 0 0 -1 0 0 -1 0 0 -1 0 0 -1 0 0 -1 0 0 -1 0 0 -1 0 0 -1 0 0 -1 0 0 -1 0 0 -1 0 0 -1 0 0 -1 0 0 -1 0 0 -1 0 0 -1 0 0 -1 0 0 -1 0 0 -1 0 0 -1 0 0 -1 0 0 -1 0 0 -1 0 0 -1 0 0 -1 0 0 -1 0 0 -1 0 0 -1 0 0 -1 0 0 -1 0 0 -1 0 0 -1 0 0 -1 0 0 -1 0 0 -1 0 0 -1 0 0 -1 0 0 -1 0 0 -1 0 0 -1 0 0 -1 0 0 -1 0 0 -1 0 0 -1 0 0 -1 0 0 -1 0 0 -1 0 0 -1 0 0 -1 0 0 -1 0 0 -1 0 0 -1 0 0 -1 0 0 -1 0 0 -1 0 0 -1 0 0 -1 0 0 -1 0 0 -1 0 0 -1 0 0 -1 0 0 -1 0 0 -1 0 0 -1 0 0 -1 0 0 -1 0 0 -1 0 0 -1 0 0 -1 0 0 -1 0 0 1 0 0 1 0 0 1 0 0 1 0 0 1 0 0 1 0 0 1 0 0 1 0 0 1 0 0 1 0 0 1 0 0 1 0 0 1 0 0 1 0 0 1 0 0 1 0 0 1 0 0 1 0 0 1 0 0 1 0 0 1 0 0 1 0 0 1 0 0 1 0 0 1 0 0 1 0 0 1 0 0 1 0 0 1 0 0 1 0 0 1 0 0 1 0 0 1 0 0 1 0 0 1 0 0 1 0 0 1 0 0 1 0 0 1 0 0 1 0 0 1 0 0 1 0 0 1 0 0 1 0 0 1 0 0 1 0 0 1 0 0 1 0 0 1 0 0 1 0 0 1 0 0 1 0 0 1 0 0 1 0 0 1 0 0 1 0 0 1 0 0 1 0 0 1 0 0 1 0 0 1 0 0 1 0 0 1 0 0 1 0 0 1 0 0 1 0 0 1 0 0 1 0 0 1 0 0 1 0 0 1 0 0 1 0 0 1 0 0 1 0 0 1 0 0 1 0 0 1 0 0 1 0 0 1 0 0 1 0 0 1 0 0 1 0 0 1 0 0 1 0 0 1 0 0 1 0 0 1 0 0 1 0 0 1 0 0 1 0 0 1 0 0 1 0 0 1 0 0 1 0 0 1 0 0 1 0 0 1 0 0 1 0 0 1 0 0 1 0 0 1 0 0 1 0 0 1 0 0 1 0 0 1 0 0 1 0 0 1 0 0 1 0 0 1 0 0 1 0 0 1 0 0 1 0 0 1 0 0 1 0 0 1 0 0 1 0 0 1 0 0 1 0 0 1 0 0 1 0 0 1 0 0 1 0 0 1 0 0 1 0 0 1 0 0 1 0 0 1 0 0 1 0 0 1 0 0 1 0 0 1 0 0 1 0 0 1 0 0 1 0 0 1 0 0 1 0 0 1 0 0 1 0 0 1 0 0 1 0 0 1 0 0 1 0 0 1 0 0 1 0 0 1 0 0 1 0 0 1 0 0 1 0 0 1 0 0 1 0 0 1 0 0 1 0 0 1 0 0 1 0 0 1 0 0 1 0 0 1 0 0 1 0 0 1 0 0 1 0 0 1 0 0 1 0 0 1 0 0 1 0 0 1 0 0 1 0 0 1 0 0 1 0 0 1 0 0 1 0 0 1 0 0 1 0 0 1 0 0 1 0 0 1 0 0 1 0 0 1 0 0 1 0 0 1 0 0 1 0 0 1 0 0 1 0 0 1 0 0 1 0 0 1 0 0 1 0 0 1 0 0 1 0 0 1 0 0 1 0 0 1 0 0 1 0 0 1 0 0 1 0 0 1 0 0 1 0 0 1 0 0 1 0 0 1 0 0 1 0 0 1 0 0 1 0 0 1 0 0 1 0 0 1 0 0 1 0 0 1 0 0 1 0 0 1 0 0 1 0 0 1 0 0 1 0 0 1 0 0 1 0 0 1 0 0 1 0 0 1 0 0 1 0 0 1 0 0 1 0 0 1 0 0 1 0 0 1 0 0 1 0 0 1 0 0 1 0 0 1 0 0 1 0 0 1 0 0 1 0 0 1 0 0 1 0 0 1 0 0 1 0 0 1 0 0 1 0 0 1 0 0 1 0 0 1 0 0 1 0 0 1 0 0 1 0 0 1 0 0 1 0 0 1 0 0 1 0 0 1 0 0 1 0 0 1 0 0 1 0 0 1 0 0 1 0 0 1 0 0 1 0 0 1 0 0 1 0 0 1 0 0 1 0 0 1 0 0 1 0 0 1 0 0 1 0 0 1 0 0 1 0 0 1 0 0 1 0 0 1 0 0 1 0 0 1 0 0 1 0 0 1 0 0 1 0 0 1 0 0 1 0 0 1 0 0 1 0 0 1 0 0 1 0 0 1 0 0 1 0 0 1 0 0 1 0 0 1 0 0 1 0 0 1 0 0 1 0 0 1 0 0 1 0 0 1 0 0 1 0 0 1 0 0 1 0 0 1 0 0 1 0 0 1 0 0 1 0 0 1 0.446449 0.8948091 0 0.446449 0.8948091 0 0.446449 0.8948091 0 0.446449 0.8948091 0 0.446449 0.8948091 0 0.446449 0.8948091 0 0.7063534 0.7078594 0 0.7063534 0.7078594 0 0.7063534 0.7078594 0 0.7063534 0.7078594 0 0.7063534 0.7078594 0 0.7063534 0.7078594 0 0.867786 0.4969381 0 0.867786 0.4969381 0 0.867786 0.4969381 0 0.867786 0.4969381 0 0.867786 0.4969381 0 0.867786 0.4969381 0 0.09032932 0.995912 0 0.09032932 0.995912 0 0.09032932 0.995912 0 0.09032932 0.995912 0 0.09032932 0.995912 0 0.09032932 0.995912 0 0.4464477 0.8948097 0 0.4464477 0.8948097 0 0.4464477 0.8948097 0 0.4464477 0.8948097 0 0.4464477 0.8948097 0 0.4464477 0.8948097 0 0.5991803 0.8006141 0 0.5991803 0.8006141 0 0.5991803 0.8006141 0 0.5991803 0.8006141 0 0.5991803 0.8006141 0 0.5991803 0.8006141 0 0.706352 0.7078607 0 0.706352 0.7078607 0 0.706352 0.7078607 0 0.706352 0.7078607 0 0.706352 0.7078607 0 0.706352 0.7078607 0 -0.7063801 0.7078327 0 -0.7063801 0.7078327 0 -0.7063801 0.7078327 0 -0.7063801 0.7078327 0 -0.7063801 0.7078327 0 -0.7063801 0.7078327 0 0.6749403 0.7378724 0 0.6749403 0.7378724 0 0.6749403 0.7378724 0 0.6749403 0.7378724 0 0.6749403 0.7378724 0 0.6749403 0.7378724 0 0.8216217 0.5700332 0 0.8216217 0.5700332 0 0.8216217 0.5700332 0 0.8216217 0.5700332 0 0.8216217 0.5700332 0 0.8216217 0.5700332 0 0.9484775 0.3168446 0 0.9484775 0.3168446 0 0.9484775 0.3168446 0 0.9484775 0.3168446 0 0.9484775 0.3168446 0 0.9484775 0.3168446 0 0.9922432 0.124312 0 0.9922432 0.124312 0 0.9922432 0.124312 0 0.9922432 0.124312 0 0.9922432 0.124312 0 0.9922432 0.124312 0 0.982806 -0.1846413 0 0.982806 -0.1846413 0 0.982806 -0.1846413 0 0.982806 -0.1846413 0 0.982806 -0.1846413 0 0.982806 -0.1846413 0 0.9415252 -0.3369425 0 0.9415252 -0.3369425 0 0.9415252 -0.3369425 0 0.9415252 -0.3369425 0 0.9415252 -0.3369425 0 0.9415252 -0.3369425 0 0.8216447 -0.5700001 0 0.8216447 -0.5700001 0 0.8216447 -0.5700001 0 0.8216447 -0.5700001 0 0.8216447 -0.5700001 0 0.8216447 -0.5700001 0 0.6394072 -0.7688683 0 0.6394072 -0.7688683 0 0.6394072 -0.7688683 0 0.6394072 -0.7688683 0 0.6394072 -0.7688683 0 0.6394072 -0.7688683 0 0.4953716 -0.8686812 0 0.4953716 -0.8686812 0 0.4953716 -0.8686812 0 0.4953716 -0.8686812 0 0.4953716 -0.8686812 0 0.4953716 -0.8686812 0 0.1839342 -0.9829386 0 0.1839342 -0.9829386 0 0.1839342 -0.9829386 0 0.1839342 -0.9829386 0 0.1839342 -0.9829386 0 0.1839342 -0.9829386 0 1.867026e-05 -1 0 1.867026e-05 -1 0 1.867026e-05 -1 0 1.867026e-05 -1 0 1.867026e-05 -1 0 1.867026e-05 -1 0 -0.2571408 -0.966374 0 -0.2571408 -0.966374 0 -0.2571408 -0.966374 0 -0.2571408 -0.966374 0 -0.2571408 -0.966374 0 -0.2571408 -0.966374 0 -0.1957038 -0.980663 0 -0.1957038 -0.980663 0 -0.1957038 -0.980663 0 -0.1957038 -0.980663 0 -0.1957038 -0.980663 0 -0.1957038 -0.980663 0 0.8800631 -0.4748567 0 0.8800631 -0.4748567 0 0.8800631 -0.4748567 0 0.8800631 -0.4748567 0 0.8800631 -0.4748567 0 0.8800631 -0.4748567 0 0.7675703 -0.6409648 0 0.7675703 -0.6409648 0 0.7675703 -0.6409648 0 0.7675703 -0.6409648 0 0.7675703 -0.6409648 0 0.7675703 -0.6409648 0 0.6500157 -0.7599208 0 0.6500157 -0.7599208 0 0.6500157 -0.7599208 0 0.6500157 -0.7599208 0 0.6500157 -0.7599208 0 0.6500157 -0.7599208 0 1 1.585447e-05 0 1 1.585447e-05 0 1 1.585447e-05 0 1 1.585447e-05 0 1 1.585447e-05 0 1 1.585447e-05 0 0.9700263 -0.2430001 0 0.9700263 -0.2430001 0 0.9700263 -0.2430001 0 0.9700263 -0.2430001 0 0.9700263 -0.2430001 0 0.9700263 -0.2430001 0 0.8940579 -0.4479513 0 0.8940579 -0.4479513 0 0.8940579 -0.4479513 0 0.8940579 -0.4479513 0 0.8940579 -0.4479513 0 0.8940579 -0.4479513 0 0.7675693 -0.6409659 0 0.7675693 -0.6409659 0 0.7675693 -0.6409659 0 0.7675693 -0.6409659 0 0.7675693 -0.6409659 0 0.7675693 -0.6409659 0 0.6394022 -0.7688724 0 0.6394022 -0.7688724 0 0.6394022 -0.7688724 0 0.6394022 -0.7688724 0 0.6394022 -0.7688724 0 0.6394022 -0.7688724 0 0.3932342 -0.9194383 0 0.3932342 -0.9194383 0 0.3932342 -0.9194383 0 0.3932342 -0.9194383 0 0.3932342 -0.9194383 0 0.3932342 -0.9194383 0 1.450472e-05 -1 0 1.450472e-05 -1 0 1.450472e-05 -1 0 1.450472e-05 -1 0 1.450472e-05 -1 0 1.450472e-05 -1 0 -0.1237643 -0.9923116 0 -0.1237643 -0.9923116 0 -0.1237643 -0.9923116 0 -0.1237643 -0.9923116 0 -0.1237643 -0.9923116 0 -0.1237643 -0.9923116 0 -0.2420429 -0.9702656 0 -0.2420429 -0.9702656 0 -0.2420429 -0.9702656 0 -0.2420429 -0.9702656 0 -0.2420429 -0.9702656 0 -0.2420429 -0.9702656 0 0.8940569 -0.4479533 0 0.8940569 -0.4479533 0 0.8940569 -0.4479533 0 0.8940569 -0.4479533 0 0.8940569 -0.4479533 0 0.8940569 -0.4479533 0 0.7675678 -0.6409677 0 0.7675678 -0.6409677 0 0.7675678 -0.6409677 0 0.7675678 -0.6409677 0 0.7675678 -0.6409677 0 0.7675678 -0.6409677 0 0.837912 0.5458053 0 0.837912 0.5458053 0 0.837912 0.5458053 0 0.837912 0.5458053 0 0.837912 0.5458053 0 0.837912 0.5458053 0 0.484875 -0.8745834 0 0.484875 -0.8745834 0 0.484875 -0.8745834 0 0.484875 -0.8745834 0 0.484875 -0.8745834 0 0.484875 -0.8745834 0 0.4054381 -0.9141225 0 0.4054381 -0.9141225 0 0.4054381 -0.9141225 0 0.4054381 -0.9141225 0 0.4054381 -0.9141225 0 0.4054381 -0.9141225 0 0.3156422 -0.9488783 0 0.3156422 -0.9488783 0 0.3156422 -0.9488783 0 0.3156422 -0.9488783 0 0.3156422 -0.9488783 0 0.3156422 -0.9488783 0 0.1957325 -0.9806573 0 0.1957325 -0.9806573 0 0.1957325 -0.9806573 0 0.1957325 -0.9806573 0 0.1957325 -0.9806573 0 0.1957325 -0.9806573 0 0.0993091 -0.9950566 0 0.0993091 -0.9950566 0 0.0993091 -0.9950566 0 0.0993091 -0.9950566 0 0.0993091 -0.9950566 0 0.0993091 -0.9950566 0 1.20412e-05 -1 0 1.20412e-05 -1 0 1.20412e-05 -1 0 1.20412e-05 -1 0 1.20412e-05 -1 0 1.20412e-05 -1 0 -0.09928513 -0.995059 0 -0.09928513 -0.995059 0 -0.09928513 -0.995059 0 -0.09928513 -0.995059 0 -0.09928513 -0.995059 0 -0.09928513 -0.995059 0 -0.2867831 -0.9579955 0 -0.2867831 -0.9579955 0 -0.2867831 -0.9579955 0 -0.2867831 -0.9579955 0 -0.2867831 -0.9579955 0 -0.2867831 -0.9579955 0 -0.9646261 0.263622 0 -0.9646261 0.263622 0 -0.9646261 0.263622 0 -0.9646261 0.263622 0 -0.9646261 0.263622 0 -0.9646261 0.263622 0 -0.1957092 -0.980662 0 -0.1957092 -0.980662 0 -0.1957092 -0.980662 0 -0.1957092 -0.980662 0 -0.1957092 -0.980662 0 -0.1957092 -0.980662 0 -0.3156195 -0.9488858 0 -0.3156195 -0.9488858 0 -0.3156195 -0.9488858 0 -0.3156195 -0.9488858 0 -0.3156195 -0.9488858 0 -0.3156195 -0.9488858 0 0.4464713 -0.8947979 0 0.4464713 -0.8947979 0 0.4464713 -0.8947979 0 0.4464713 -0.8947979 0 0.4464713 -0.8947979 0 0.4464713 -0.8947979 0 0.2165064 -0.9762812 0 0.2165064 -0.9762812 0 0.2165064 -0.9762812 0 0.2165064 -0.9762812 0 0.2165064 -0.9762812 0 0.2165064 -0.9762812 0 1.004641e-05 -1 0 1.004641e-05 -1 0 1.004641e-05 -1 0 1.004641e-05 -1 0 1.004641e-05 -1 0 1.004641e-05 -1 0 -0.2164867 -0.9762856 0 -0.2164867 -0.9762856 0 -0.2164867 -0.9762856 0 -0.2164867 -0.9762856 0 -0.2164867 -0.9762856 0 -0.2164867 -0.9762856 0 -0.4464533 -0.8948069 0 -0.4464533 -0.8948069 0 -0.4464533 -0.8948069 0 -0.4464533 -0.8948069 0 -0.4464533 -0.8948069 0 -0.4464533 -0.8948069 0 0.1957289 -0.980658 0 0.1957289 -0.980658 0 0.1957289 -0.980658 0 0.1957289 -0.980658 0 0.1957289 -0.980658 0 0.1957289 -0.980658 0 -0.09033859 -0.9959111 0 -0.09033859 -0.9959111 0 -0.09033859 -0.9959111 0 -0.09033859 -0.9959111 0 -0.09033859 -0.9959111 0 -0.09033859 -0.9959111 0 -0.3707104 -0.9287485 0 -0.3707104 -0.9287485 0 -0.3707104 -0.9287485 0 -0.3707104 -0.9287485 0 -0.3707104 -0.9287485 0 -0.3707104 -0.9287485 0 -0.5991864 -0.8006095 0 -0.5991864 -0.8006095 0 -0.5991864 -0.8006095 0 -0.5991864 -0.8006095 0 -0.5991864 -0.8006095 0 -0.5991864 -0.8006095 0 0.5538993 -0.8325837 0 0.5538993 -0.8325837 0 0.5538993 -0.8325837 0 0.5538993 -0.8325837 0 0.5538993 -0.8325837 0 0.5538993 -0.8325837 0 0.9484811 0.3168337 0 0.9484811 0.3168337 0 0.9484811 0.3168337 0 0.9484811 0.3168337 0 0.9484811 0.3168337 0 0.9484811 0.3168337 0 0.9950172 -0.09970358 0 0.9950172 -0.09970358 0 0.9950172 -0.09970358 0 0.9950172 -0.09970358 0 0.9950172 -0.09970358 0 0.9950172 -0.09970358 0 0.9134971 -0.4068453 0 0.9134971 -0.4068453 0 0.9134971 -0.4068453 0 0.9134971 -0.4068453 0 0.9134971 -0.4068453 0 0.9134971 -0.4068453 0 0.6500075 -0.7599278 0 0.6500075 -0.7599278 0 0.6500075 -0.7599278 0 0.6500075 -0.7599278 0 0.6500075 -0.7599278 0 0.6500075 -0.7599278 0 0.4054317 -0.9141253 0 0.4054317 -0.9141253 0 0.4054317 -0.9141253 0 0.4054317 -0.9141253 0 0.4054317 -0.9141253 0 0.4054317 -0.9141253 0 0.1102088 -0.9939085 0 0.1102088 -0.9939085 0 0.1102088 -0.9939085 0 0.1102088 -0.9939085 0 0.1102088 -0.9939085 0 0.1102088 -0.9939085 0 -0.4054197 -0.9141307 0 -0.4054197 -0.9141307 0 -0.4054197 -0.9141307 0 -0.4054197 -0.9141307 0 -0.4054197 -0.9141307 0 -0.4054197 -0.9141307 0 -0.5991875 -0.8006087 0 -0.5991875 -0.8006087 0 -0.5991875 -0.8006087 0 -0.5991875 -0.8006087 0 -0.5991875 -0.8006087 0 -0.5991875 -0.8006087 0 -0.8940479 -0.4479714 0 -0.8940479 -0.4479714 0 -0.8940479 -0.4479714 0 -0.8940479 -0.4479714 0 -0.8940479 -0.4479714 0 -0.8940479 -0.4479714 0 -0.9950159 -0.09971662 0 -0.9950159 -0.09971662 0 -0.9950159 -0.09971662 0 -0.9950159 -0.09971662 0 -0.9950159 -0.09971662 0 -0.9950159 -0.09971662 0 -0.9805023 0.1965075 0 -0.9805023 0.1965075 0 -0.9805023 0.1965075 0 -0.9805023 0.1965075 0 -0.9805023 0.1965075 0 -0.9805023 0.1965075 0 -0.9484853 0.3168212 0 -0.9484853 0.3168212 0 -0.9484853 0.3168212 0 -0.9484853 0.3168212 0 -0.9484853 0.3168212 0 -0.9484853 0.3168212 0 -0.6315752 -0.7753146 0 -0.6315752 -0.7753146 0 -0.6315752 -0.7753146 0 -0.6315752 -0.7753146 0 -0.6315752 -0.7753146 0 -0.6315752 -0.7753146 0 0.7063662 -0.7078466 0 0.7063662 -0.7078466 0 0.7063662 -0.7078466 0 0.7063662 -0.7078466 0 0.7063662 -0.7078466 0 0.7063662 -0.7078466 0 0.3583255 -0.9335967 0 0.3583255 -0.9335967 0 0.3583255 -0.9335967 0 0.3583255 -0.9335967 0 0.3583255 -0.9335967 0 0.3583255 -0.9335967 0 0.07110098 -0.9974691 0 0.07110098 -0.9974691 0 0.07110098 -0.9974691 0 0.07110098 -0.9974691 0 0.07110098 -0.9974691 0 0.07110098 -0.9974691 0 -0.2244092 -0.974495 0 -0.2244092 -0.974495 0 -0.2244092 -0.974495 0 -0.2244092 -0.974495 0 -0.2244092 -0.974495 0 -0.2244092 -0.974495 0 -0.6324394 -0.7746098 0 -0.6324394 -0.7746098 0 -0.6324394 -0.7746098 0 -0.6324394 -0.7746098 0 -0.6324394 -0.7746098 0 -0.6324394 -0.7746098 0 -0.8081471 -0.5889808 0 -0.8081471 -0.5889808 0 -0.8081471 -0.5889808 0 -0.8081471 -0.5889808 0 -0.8081471 -0.5889808 0 -0.8081471 -0.5889808 0 -0.9742873 -0.2253093 0 -0.9742873 -0.2253093 0 -0.9742873 -0.2253093 0 -0.9742873 -0.2253093 0 -0.9742873 -0.2253093 0 -0.9742873 -0.2253093 0 -0.9974481 0.07139493 0 -0.9974481 0.07139493 0 -0.9974481 0.07139493 0 -0.9974481 0.07139493 0 -0.9974481 0.07139493 0 -0.9974481 0.07139493 0 -0.8800557 0.4748704 0 -0.8800557 0.4748704 0 -0.8800557 0.4748704 0 -0.8800557 0.4748704 0 -0.8800557 0.4748704 0 -0.8800557 0.4748704 0 -0.7063656 0.7078472 0 -0.7063656 0.7078472 0 -0.7063656 0.7078472 0 -0.7063656 0.7078472 0 -0.7063656 0.7078472 0 -0.7063656 0.7078472 0 -0.4183355 0.9082926 0 -0.4183355 0.9082926 0 -0.4183355 0.9082926 0 -0.4183355 0.9082926 0 -0.4183355 0.9082926 0 -0.4183355 0.9082926 0 -0.071101 0.9974691 0 -0.071101 0.9974691 0 -0.071101 0.9974691 0 -0.071101 0.9974691 0 -0.071101 0.9974691 0 -0.071101 0.9974691 0 0.2935197 0.955953 0 0.2935197 0.955953 0 0.2935197 0.955953 0 0.2935197 0.955953 0 0.2935197 0.955953 0 0.2935197 0.955953 0 0.5804278 0.8143117 0 0.5804278 0.8143117 0 0.5804278 0.8143117 0 0.5804278 0.8143117 0 0.5804278 0.8143117 0 0.5804278 0.8143117 0 0.6393886 0.7688838 0 0.6393886 0.7688838 0 0.6393886 0.7688838 0 0.6393886 0.7688838 0 0.6393886 0.7688838 0 0.6393886 0.7688838 0 -0.775469 0.6313857 0 -0.775469 0.6313857 0 -0.775469 0.6313857 0 -0.775469 0.6313857 0 -0.775469 0.6313857 0 -0.775469 0.6313857 0 0.632944 0.7741976 0 0.632944 0.7741976 0 0.632944 0.7741976 0 0.632944 0.7741976 0 0.632944 0.7741976 0 0.632944 0.7741976 0 -0.7699406 0.6381156 0 -0.7699406 0.6381156 0 -0.7699406 0.6381156 0 -0.7699406 0.6381156 0 -0.7699406 0.6381156 0 -0.7699406 0.6381156 0 -0.3156449 0.9488774 0 -0.3156449 0.9488774 0 -0.3156449 0.9488774 0 -0.3156449 0.9488774 0 -0.3156449 0.9488774 0 -0.3156449 0.9488774 0 -0.939568 0.3423625 0 -0.939568 0.3423625 0 -0.939568 0.3423625 0 -0.939568 0.3423625 0 -0.939568 0.3423625 0 -0.939568 0.3423625 0 -0.6500165 0.7599201 0 -0.6500165 0.7599201 0 -0.6500165 0.7599201 0 -0.6500165 0.7599201 0 -0.6500165 0.7599201 0 -0.6500165 0.7599201 0 -0.3504929 0.9365654 0 -0.3504929 0.9365654 0 -0.3504929 0.9365654 0 -0.3504929 0.9365654 0 -0.3504929 0.9365654 0 -0.3504929 0.9365654 0 -1.464204e-05 1 0 -1.464204e-05 1 0 -1.464204e-05 1 0 -1.464204e-05 1 0 -1.464204e-05 1 0 -1.464204e-05 1 0 0.1517317 0.9884217 0 0.1517317 0.9884217 0 0.1517317 0.9884217 0 0.1517317 0.9884217 0 0.1517317 0.9884217 0 0.1517317 0.9884217 0 0.216483 0.9762864 0 0.216483 0.9762864 0 0.216483 0.9762864 0 0.216483 0.9762864 0 0.216483 0.9762864 0 0.216483 0.9762864 0 0.4894679 0.8720213 0 0.4894679 0.8720213 0 0.4894679 0.8720213 0 0.4894679 0.8720213 0 0.4894679 0.8720213 0 0.4894679 0.8720213 0 -0.7675722 0.6409625 0 -0.7675722 0.6409625 0 -0.7675722 0.6409625 0 -0.7675722 0.6409625 0 -0.7675722 0.6409625 0 -0.7675722 0.6409625 0 -0.5804461 0.8142987 0 -0.5804461 0.8142987 0 -0.5804461 0.8142987 0 -0.5804461 0.8142987 0 -0.5804461 0.8142987 0 -0.5804461 0.8142987 0 -0.2420747 0.9702576 0 -0.2420747 0.9702576 0 -0.2420747 0.9702576 0 -0.2420747 0.9702576 0 -0.2420747 0.9702576 0 -0.2420747 0.9702576 0 0.2420412 0.970266 0 0.2420412 0.970266 0 0.2420412 0.970266 0 0.2420412 0.970266 0 0.2420412 0.970266 0 0.2420412 0.970266 0 -0.1102206 0.9939071 0 -0.1102206 0.9939071 0 -0.1102206 0.9939071 0 -0.1102206 0.9939071 0 -0.1102206 0.9939071 0 -0.1102206 0.9939071 0 0 0 -1 0 0 -1 0 0 -1 0 0 -1 0 0 -1 0 0 -1 0 0 -1 0 0 -1 0 0 -1 0 0 -1 0 0 -1 0 0 -1 0 0 -1 0 0 -1 0 0 -1 0 0 -1 0 0 -1 0 0 -1 0 0 -1 0 0 -1 0 0 -1 0 0 -1 0 0 -1 0 0 -1 0 0 -1 0 0 -1 0 0 -1 0 0 1 0 0 1 0 0 1 0 0 1 0 0 1 0 0 1 0 0 1 0 0 1 0 0 1 0 0 1 0 0 1 0 0 1 0 0 1 0 0 1 0 0 1 0 0 1 0 0 1 0 0 1 0 0 1 0 0 1 0 0 1 0 0 1 0 0 1 0 0 1 0 0 1 0 0 1 0 0 1 -0.7802676 0.6254458 0 -0.7802676 0.6254458 0 -0.7802676 0.6254458 0 -0.7802676 0.6254458 0 -0.7802676 0.6254458 0 -0.7802676 0.6254458 0 0.6221207 0.7829213 0 0.6221207 0.7829213 0 0.6221207 0.7829213 0 0.6221207 0.7829213 0 0.6221207 0.7829213 0 0.6221207 0.7829213 0 0.7810806 -0.6244302 0 0.7810806 -0.6244302 0 0.7810806 -0.6244302 0 0.7810806 -0.6244302 0 0.7810806 -0.6244302 0 0.7810806 -0.6244302 0 -0.6214927 -0.7834199 0 -0.6214927 -0.7834199 0 -0.6214927 -0.7834199 0 -0.6214927 -0.7834199 0 -0.6214927 -0.7834199 0 -0.6214927 -0.7834199 0 0.785725 -0.618576 0 0.785725 -0.618576 0 0.785725 -0.618576 0 0.785725 -0.618576 0 0.785725 -0.618576 0 0.785725 -0.618576 0 -0.6239483 -0.7814656 0 -0.6239483 -0.7814656 0 -0.6239483 -0.7814656 0 -0.6239483 -0.7814656 0 -0.6239483 -0.7814656 0 -0.6239483 -0.7814656 0 -0.785723 0.6185785 0 -0.785723 0.6185785 0 -0.785723 0.6185785 0 -0.785723 0.6185785 0 -0.785723 0.6185785 0 -0.785723 0.6185785 0 -0.6205228 -0.7841884 0 -0.6205228 -0.7841884 0 -0.6205228 -0.7841884 0 -0.6205228 -0.7841884 0 -0.6205228 -0.7841884 0 -0.6205228 -0.7841884 0 -0.7846693 0.6199145 0 -0.7846693 0.6199145 0 -0.7846693 0.6199145 0 -0.7846693 0.6199145 0 -0.7846693 0.6199145 0 -0.7846693 0.6199145 0 0.6214576 0.7834478 0 0.6214576 0.7834478 0 0.6214576 0.7834478 0 0.6214576 0.7834478 0 0.6214576 0.7834478 0 0.6214576 0.7834478 0 -0.77462 0.632427 0 -0.77462 0.632427 0 -0.77462 0.632427 0 -0.77462 0.632427 0 -0.77462 0.632427 0 -0.77462 0.632427 0</float_array>
          <technique_common>
            <accessor count="4308" source="#normals-array-array" stride="3">
              <param type="float" name="X" />
              <param type="float" name="Y" />
              <param type="float" name="Z" />
            </accessor>
          </technique_common>
        </source>
        <vertices id="verts-array-vertices">
          <input semantic="POSITION" source="#verts-array" />
        </vertices>
        <triangles count="1436" material="material0">
          <input offset="0" semantic="VERTEX" source="#verts-array-vertices" />
          <input offset="1" semantic="NORMAL" source="#normals-array" />
          <p>0 0 1 1 2 2 3 3 4 4 5 5 6 6 7 7 8 8 9 9 10 10 11 11 12 12 13 13 14 14 15 15 16 16 17 17 18 18 19 19 20 20 21 21 22 22 23 23 24 24 25 25 26 26 27 27 28 28 29 29 30 30 31 31 32 32 33 33 34 34 35 35 36 36 37 37 38 38 39 39 40 40 41 41 42 42 43 43 44 44 45 45 46 46 47 47 48 48 49 49 50 50 51 51 52 52 53 53 54 54 55 55 56 56 57 57 58 58 59 59 60 60 61 61 62 62 63 63 64 64 65 65 66 66 67 67 68 68 69 69 70 70 71 71 72 72 73 73 74 74 75 75 76 76 77 77 78 78 79 79 80 80 81 81 82 82 83 83 84 84 85 85 86 86 87 87 88 88 89 89 90 90 91 91 92 92 93 93 94 94 95 95 96 96 97 97 98 98 99 99 100 100 101 101 102 102 103 103 104 104 105 105 106 106 107 107 108 108 109 109 110 110 111 111 112 112 113 113 114 114 115 115 116 116 117 117 118 118 119 119 120 120 121 121 122 122 123 123 124 124 125 125 126 126 127 127 128 128 129 129 130 130 131 131 132 132 133 133 134 134 135 135 136 136 137 137 138 138 139 139 140 140 141 141 142 142 143 143 144 144 145 145 146 146 147 147 148 148 149 149 150 150 151 151 152 152 153 153 154 154 155 155 156 156 157 157 158 158 159 159 160 160 161 161 162 162 163 163 164 164 165 165 166 166 167 167 168 168 169 169 170 170 171 171 172 172 173 173 174 174 175 175 176 176 177 177 178 178 179 179 180 180 181 181 182 182 183 183 184 184 185 185 186 186 187 187 188 188 189 189 190 190 191 191 192 192 193 193 194 194 195 195 196 196 197 197 198 198 199 199 200 200 201 201 202 202 203 203 204 204 205 205 206 206 207 207 208 208 209 209 210 210 211 211 212 212 213 213 214 214 215 215 216 216 217 217 218 218 219 219 220 220 221 221 222 222 223 223 224 224 225 225 226 226 227 227 228 228 229 229 230 230 231 231 232 232 233 233 234 234 235 235 236 236 237 237 238 238 239 239 240 240 241 241 242 242 243 243 244 244 245 245 246 246 247 247 248 248 249 249 250 250 251 251 252 252 253 253 254 254 255 255 256 256 257 257 258 258 259 259 260 260 261 261 262 262 263 263 264 264 265 265 266 266 267 267 268 268 269 269 270 270 271 271 272 272 273 273 274 274 275 275 276 276 277 277 278 278 279 279 280 280 281 281 282 282 283 283 284 284 285 285 286 286 287 287 288 288 289 289 290 290 291 291 292 292 293 293 294 294 295 295 296 296 297 297 298 298 299 299 300 300 301 301 302 302 303 303 304 304 305 305 306 306 307 307 308 308 309 309 310 310 311 311 312 312 313 313 314 314 315 315 316 316 317 317 318 318 319 319 320 320 321 321 322 322 323 323 324 324 325 325 326 326 327 327 328 328 329 329 330 330 331 331 332 332 333 333 334 334 335 335 336 336 337 337 338 338 339 339 340 340 341 341 342 342 343 343 344 344 345 345 346 346 347 347 348 348 349 349 350 350 351 351 352 352 353 353 354 354 355 355 356 356 357 357 358 358 359 359 360 360 361 361 362 362 363 363 364 364 365 365 366 366 367 367 368 368 369 369 370 370 371 371 372 372 373 373 374 374 375 375 376 376 377 377 378 378 379 379 380 380 381 381 382 382 383 383 384 384 385 385 386 386 387 387 388 388 389 389 390 390 391 391 392 392 393 393 394 394 395 395 396 396 397 397 398 398 399 399 400 400 401 401 402 402 403 403 404 404 405 405 406 406 407 407 408 408 409 409 410 410 411 411 412 412 413 413 414 414 415 415 416 416 417 417 418 418 419 419 420 420 421 421 422 422 423 423 424 424 425 425 426 426 427 427 428 428 429 429 430 430 431 431 432 432 433 433 434 434 435 435 436 436 437 437 438 438 439 439 440 440 441 441 442 442 443 443 444 444 445 445 446 446 447 447 448 448 449 449 450 450 451 451 452 452 453 453 454 454 455 455 456 456 457 457 458 458 459 459 460 460 461 461 462 462 463 463 464 464 465 465 466 466 467 467 468 468 469 469 470 470 471 471 472 472 473 473 474 474 475 475 476 476 477 477 478 478 479 479 480 480 481 481 482 482 483 483 484 484 485 485 486 486 487 487 488 488 489 489 490 490 491 491 492 492 493 493 494 494 495 495 496 496 497 497 498 498 499 499 500 500 501 501 502 502 503 503 504 504 505 505 506 506 507 507 508 508 509 509 510 510 511 511 512 512 513 513 514 514 515 515 516 516 517 517 518 518 519 519 520 520 521 521 522 522 523 523 524 524 525 525 526 526 527 527 528 528 529 529 530 530 531 531 532 532 533 533 534 534 535 535 536 536 537 537 538 538 539 539 540 540 541 541 542 542 543 543 544 544 545 545 546 546 547 547 548 548 549 549 550 550 551 551 552 552 553 553 554 554 555 555 556 556 557 557 558 558 559 559 560 560 561 561 562 562 563 563 564 564 565 565 566 566 567 567 568 568 569 569 570 570 571 571 572 572 573 573 574 574 575 575 576 576 577 577 578 578 579 579 580 580 581 581 582 582 583 583 584 584 585 585 586 586 587 587 588 588 589 589 590 590 591 591 592 592 593 593 594 594 595 595 596 596 597 597 598 598 599 599 600 600 601 601 602 602 603 603 604 604 605 605 606 606 607 607 608 608 609 609 610 610 611 611 612 612 613 613 614 614 615 615 616 616 617 617 618 618 619 619 620 620 621 621 622 622 623 623 624 624 625 625 626 626 627 627 628 628 629 629 630 630 631 631 632 632 633 633 634 634 635 635 636 636 637 637 638 638 639 639 640 640 641 641 642 642 643 643 644 644 645 645 646 646 647 647 648 648 649 649 650 650 651 651 652 652 653 653 654 654 655 655 656 656 657 657 658 658 659 659 660 660 661 661 662 662 663 663 664 664 665 665 666 666 667 667 668 668 669 669 670 670 671 671 672 672 673 673 674 674 675 675 676 676 677 677 678 678 679 679 680 680 681 681 682 682 683 683 684 684 685 685 686 686 687 687 688 688 689 689 690 690 691 691 692 692 693 693 694 694 695 695 696 696 697 697 698 698 699 699 700 700 701 701 702 702 703 703 704 704 705 705 706 706 707 707 708 708 709 709 710 710 711 711 712 712 713 713 714 714 715 715 716 716 717 717 718 718 719 719 720 720 721 721 722 722 723 723 724 724 725 725 726 726 727 727 728 728 729 729 730 730 731 731 732 732 733 733 734 734 735 735 736 736 737 737 738 738 739 739 740 740 741 741 742 742 743 743 744 744 745 745 746 746 747 747 748 748 749 749 750 750 751 751 752 752 753 753 754 754 755 755 756 756 757 757 758 758 759 759 760 760 761 761 762 762 763 763 764 764 765 765 766 766 767 767 768 768 769 769 770 770 771 771 772 772 773 773 774 774 775 775 776 776 777 777 778 778 779 779 780 780 781 781 782 782 783 783 784 784 785 785 786 786 787 787 788 788 789 789 790 790 791 791 792 792 793 793 794 794 795 795 796 796 797 797 798 798 799 799 800 800 801 801 802 802 803 803 804 804 805 805 806 806 807 807 808 808 809 809 810 810 811 811 812 812 813 813 814 814 815 815 816 816 817 817 818 818 819 819 820 820 821 821 822 822 823 823 824 824 825 825 826 826 827 827 828 828 829 829 830 830 831 831 832 832 833 833 834 834 835 835 836 836 837 837 838 838 839 839 840 840 841 841 842 842 843 843 844 844 845 845 846 846 847 847 848 848 849 849 850 850 851 851 852 852 853 853 854 854 855 855 856 856 857 857 858 858 859 859 860 860 861 861 862 862 863 863 864 864 865 865 866 866 867 867 868 868 869 869 870 870 871 871 872 872 873 873 874 874 875 875 876 876 877 877 878 878 879 879 880 880 881 881 882 882 883 883 884 884 885 885 886 886 887 887 888 888 889 889 890 890 891 891 892 892 893 893 894 894 895 895 896 896 897 897 898 898 899 899 900 900 901 901 902 902 903 903 904 904 905 905 906 906 907 907 908 908 909 909 910 910 911 911 912 912 913 913 914 914 915 915 916 916 917 917 918 918 919 919 920 920 921 921 922 922 923 923 924 924 925 925 926 926 927 927 928 928 929 929 930 930 931 931 932 932 933 933 934 934 935 935 936 936 937 937 938 938 939 939 940 940 941 941 942 942 943 943 944 944 945 945 946 946 947 947 948 948 949 949 950 950 951 951 952 952 953 953 954 954 955 955 956 956 957 957 958 958 959 959 960 960 961 961 962 962 963 963 964 964 965 965 966 966 967 967 968 968 969 969 970 970 971 971 972 972 973 973 974 974 975 975 976 976 977 977 978 978 979 979 980 980 981 981 982 982 983 983 984 984 985 985 986 986 987 987 988 988 989 989 990 990 991 991 992 992 993 993 994 994 995 995 996 996 997 997 998 998 999 999 1000 1000 1001 1001 1002 1002 1003 1003 1004 1004 1005 1005 1006 1006 1007 1007 1008 1008 1009 1009 1010 1010 1011 1011 1012 1012 1013 1013 1014 1014 1015 1015 1016 1016 1017 1017 1018 1018 1019 1019 1020 1020 1021 1021 1022 1022 1023 1023 1024 1024 1025 1025 1026 1026 1027 1027 1028 1028 1029 1029 1030 1030 1031 1031 1032 1032 1033 1033 1034 1034 1035 1035 1036 1036 1037 1037 1038 1038 1039 1039 1040 1040 1041 1041 1042 1042 1043 1043 1044 1044 1045 1045 1046 1046 1047 1047 1048 1048 1049 1049 1050 1050 1051 1051 1052 1052 1053 1053 1054 1054 1055 1055 1056 1056 1057 1057 1058 1058 1059 1059 1060 1060 1061 1061 1062 1062 1063 1063 1064 1064 1065 1065 1066 1066 1067 1067 1068 1068 1069 1069 1070 1070 1071 1071 1072 1072 1073 1073 1074 1074 1075 1075 1076 1076 1077 1077 1078 1078 1079 1079 1080 1080 1081 1081 1082 1082 1083 1083 1084 1084 1085 1085 1086 1086 1087 1087 1088 1088 1089 1089 1090 1090 1091 1091 1092 1092 1093 1093 1094 1094 1095 1095 1096 1096 1097 1097 1098 1098 1099 1099 1100 1100 1101 1101 1102 1102 1103 1103 1104 1104 1105 1105 1106 1106 1107 1107 1108 1108 1109 1109 1110 1110 1111 1111 1112 1112 1113 1113 1114 1114 1115 1115 1116 1116 1117 1117 1118 1118 1119 1119 1120 1120 1121 1121 1122 1122 1123 1123 1124 1124 1125 1125 1126 1126 1127 1127 1128 1128 1129 1129 1130 1130 1131 1131 1132 1132 1133 1133 1134 1134 1135 1135 1136 1136 1137 1137 1138 1138 1139 1139 1140 1140 1141 1141 1142 1142 1143 1143 1144 1144 1145 1145 1146 1146 1147 1147 1148 1148 1149 1149 1150 1150 1151 1151 1152 1152 1153 1153 1154 1154 1155 1155 1156 1156 1157 1157 1158 1158 1159 1159 1160 1160 1161 1161 1162 1162 1163 1163 1164 1164 1165 1165 1166 1166 1167 1167 1168 1168 1169 1169 1170 1170 1171 1171 1172 1172 1173 1173 1174 1174 1175 1175 1176 1176 1177 1177 1178 1178 1179 1179 1180 1180 1181 1181 1182 1182 1183 1183 1184 1184 1185 1185 1186 1186 1187 1187 1188 1188 1189 1189 1190 1190 1191 1191 1192 1192 1193 1193 1194 1194 1195 1195 1196 1196 1197 1197 1198 1198 1199 1199 1200 1200 1201 1201 1202 1202 1203 1203 1204 1204 1205 1205 1206 1206 1207 1207 1208 1208 1209 1209 1210 1210 1211 1211 1212 1212 1213 1213 1214 1214 1215 1215 1216 1216 1217 1217 1218 1218 1219 1219 1220 1220 1221 1221 1222 1222 1223 1223 1224 1224 1225 1225 1226 1226 1227 1227 1228 1228 1229 1229 1230 1230 1231 1231 1232 1232 1233 1233 1234 1234 1235 1235 1236 1236 1237 1237 1238 1238 1239 1239 1240 1240 1241 1241 1242 1242 1243 1243 1244 1244 1245 1245 1246 1246 1247 1247 1248 1248 1249 1249 1250 1250 1251 1251 1252 1252 1253 1253 1254 1254 1255 1255 1256 1256 1257 1257 1258 1258 1259 1259 1260 1260 1261 1261 1262 1262 1263 1263 1264 1264 1265 1265 1266 1266 1267 1267 1268 1268 1269 1269 1270 1270 1271 1271 1272 1272 1273 1273 1274 1274 1275 1275 1276 1276 1277 1277 1278 1278 1279 1279 1280 1280 1281 1281 1282 1282 1283 1283 1284 1284 1285 1285 1286 1286 1287 1287 1288 1288 1289 1289 1290 1290 1291 1291 1292 1292 1293 1293 1294 1294 1295 1295 1296 1296 1297 1297 1298 1298 1299 1299 1300 1300 1301 1301 1302 1302 1303 1303 1304 1304 1305 1305 1306 1306 1307 1307 1308 1308 1309 1309 1310 1310 1311 1311 1312 1312 1313 1313 1314 1314 1315 1315 1316 1316 1317 1317 1318 1318 1319 1319 1320 1320 1321 1321 1322 1322 1323 1323 1324 1324 1325 1325 1326 1326 1327 1327 1328 1328 1329 1329 1330 1330 1331 1331 1332 1332 1333 1333 1334 1334 1335 1335 1336 1336 1337 1337 1338 1338 1339 1339 1340 1340 1341 1341 1342 1342 1343 1343 1344 1344 1345 1345 1346 1346 1347 1347 1348 1348 1349 1349 1350 1350 1351 1351 1352 1352 1353 1353 1354 1354 1355 1355 1356 1356 1357 1357 1358 1358 1359 1359 1360 1360 1361 1361 1362 1362 1363 1363 1364 1364 1365 1365 1366 1366 1367 1367 1368 1368 1369 1369 1370 1370 1371 1371 1372 1372 1373 1373 1374 1374 1375 1375 1376 1376 1377 1377 1378 1378 1379 1379 1380 1380 1381 1381 1382 1382 1383 1383 1384 1384 1385 1385 1386 1386 1387 1387 1388 1388 1389 1389 1390 1390 1391 1391 1392 1392 1393 1393 1394 1394 1395 1395 1396 1396 1397 1397 1398 1398 1399 1399 1400 1400 1401 1401 1402 1402 1403 1403 1404 1404 1405 1405 1406 1406 1407 1407 1408 1408 1409 1409 1410 1410 1411 1411 1412 1412 1413 1413 1414 1414 1415 1415 1416 1416 1417 1417 1418 1418 1419 1419 1420 1420 1421 1421 1422 1422 1423 1423 1424 1424 1425 1425 1426 1426 1427 1427 1428 1428 1429 1429 1430 1430 1431 1431 1432 1432 1433 1433 1434 1434 1435 1435 1436 1436 1437 1437 1438 1438 1439 1439 1440 1440 1441 1441 1442 1442 1443 1443 1444 1444 1445 1445 1446 1446 1447 1447 1448 1448 1449 1449 1450 1450 1451 1451 1452 1452 1453 1453 1454 1454 1455 1455 1456 1456 1457 1457 1458 1458 1459 1459 1460 1460 1461 1461 1462 1462 1463 1463 1464 1464 1465 1465 1466 1466 1467 1467 1468 1468 1469 1469 1470 1470 1471 1471 1472 1472 1473 1473 1474 1474 1475 1475 1476 1476 1477 1477 1478 1478 1479 1479 1480 1480 1481 1481 1482 1482 1483 1483 1484 1484 1485 1485 1486 1486 1487 1487 1488 1488 1489 1489 1490 1490 1491 1491 1492 1492 1493 1493 1494 1494 1495 1495 1496 1496 1497 1497 1498 1498 1499 1499 1500 1500 1501 1501 1502 1502 1503 1503 1504 1504 1505 1505 1506 1506 1507 1507 1508 1508 1509 1509 1510 1510 1511 1511 1512 1512 1513 1513 1514 1514 1515 1515 1516 1516 1517 1517 1518 1518 1519 1519 1520 1520 1521 1521 1522 1522 1523 1523 1524 1524 1525 1525 1526 1526 1527 1527 1528 1528 1529 1529 1530 1530 1531 1531 1532 1532 1533 1533 1534 1534 1535 1535 1536 1536 1537 1537 1538 1538 1539 1539 1540 1540 1541 1541 1542 1542 1543 1543 1544 1544 1545 1545 1546 1546 1547 1547 1548 1548 1549 1549 1550 1550 1551 1551 1552 1552 1553 1553 1554 1554 1555 1555 1556 1556 1557 1557 1558 1558 1559 1559 1560 1560 1561 1561 1562 1562 1563 1563 1564 1564 1565 1565 1566 1566 1567 1567 1568 1568 1569 1569 1570 1570 1571 1571 1572 1572 1573 1573 1574 1574 1575 1575 1576 1576 1577 1577 1578 1578 1579 1579 1580 1580 1581 1581 1582 1582 1583 1583 1584 1584 1585 1585 1586 1586 1587 1587 1588 1588 1589 1589 1590 1590 1591 1591 1592 1592 1593 1593 1594 1594 1595 1595 1596 1596 1597 1597 1598 1598 1599 1599 1600 1600 1601 1601 1602 1602 1603 1603 1604 1604 1605 1605 1606 1606 1607 1607 1608 1608 1609 1609 1610 1610 1611 1611 1612 1612 1613 1613 1614 1614 1615 1615 1616 1616 1617 1617 1618 1618 1619 1619 1620 1620 1621 1621 1622 1622 1623 1623 1624 1624 1625 1625 1626 1626 1627 1627 1628 1628 1629 1629 1630 1630 1631 1631 1632 1632 1633 1633 1634 1634 1635 1635 1636 1636 1637 1637 1638 1638 1639 1639 1640 1640 1641 1641 1642 1642 1643 1643 1644 1644 1645 1645 1646 1646 1647 1647 1648 1648 1649 1649 1650 1650 1651 1651 1652 1652 1653 1653 1654 1654 1655 1655 1656 1656 1657 1657 1658 1658 1659 1659 1660 1660 1661 1661 1662 1662 1663 1663 1664 1664 1665 1665 1666 1666 1667 1667 1668 1668 1669 1669 1670 1670 1671 1671 1672 1672 1673 1673 1674 1674 1675 1675 1676 1676 1677 1677 1678 1678 1679 1679 1680 1680 1681 1681 1682 1682 1683 1683 1684 1684 1685 1685 1686 1686 1687 1687 1688 1688 1689 1689 1690 1690 1691 1691 1692 1692 1693 1693 1694 1694 1695 1695 1696 1696 1697 1697 1698 1698 1699 1699 1700 1700 1701 1701 1702 1702 1703 1703 1704 1704 1705 1705 1706 1706 1707 1707 1708 1708 1709 1709 1710 1710 1711 1711 1712 1712 1713 1713 1714 1714 1715 1715 1716 1716 1717 1717 1718 1718 1719 1719 1720 1720 1721 1721 1722 1722 1723 1723 1724 1724 1725 1725 1726 1726 1727 1727 1728 1728 1729 1729 1730 1730 1731 1731 1732 1732 1733 1733 1734 1734 1735 1735 1736 1736 1737 1737 1738 1738 1739 1739 1740 1740 1741 1741 1742 1742 1743 1743 1744 1744 1745 1745 1746 1746 1747 1747 1748 1748 1749 1749 1750 1750 1751 1751 1752 1752 1753 1753 1754 1754 1755 1755 1756 1756 1757 1757 1758 1758 1759 1759 1760 1760 1761 1761 1762 1762 1763 1763 1764 1764 1765 1765 1766 1766 1767 1767 1768 1768 1769 1769 1770 1770 1771 1771 1772 1772 1773 1773 1774 1774 1775 1775 1776 1776 1777 1777 1778 1778 1779 1779 1780 1780 1781 1781 1782 1782 1783 1783 1784 1784 1785 1785 1786 1786 1787 1787 1788 1788 1789 1789 1790 1790 1791 1791 1792 1792 1793 1793 1794 1794 1795 1795 1796 1796 1797 1797 1798 1798 1799 1799 1800 1800 1801 1801 1802 1802 1803 1803 1804 1804 1805 1805 1806 1806 1807 1807 1808 1808 1809 1809 1810 1810 1811 1811 1812 1812 1813 1813 1814 1814 1815 1815 1816 1816 1817 1817 1818 1818 1819 1819 1820 1820 1821 1821 1822 1822 1823 1823 1824 1824 1825 1825 1826 1826 1827 1827 1828 1828 1829 1829 1830 1830 1831 1831 1832 1832 1833 1833 1834 1834 1835 1835 1836 1836 1837 1837 1838 1838 1839 1839 1840 1840 1841 1841 1842 1842 1843 1843 1844 1844 1845 1845 1846 1846 1847 1847 1848 1848 1849 1849 1850 1850 1851 1851 1852 1852 1853 1853 1854 1854 1855 1855 1856 1856 1857 1857 1858 1858 1859 1859 1860 1860 1861 1861 1862 1862 1863 1863 1864 1864 1865 1865 1866 1866 1867 1867 1868 1868 1869 1869 1870 1870 1871 1871 1872 1872 1873 1873 1874 1874 1875 1875 1876 1876 1877 1877 1878 1878 1879 1879 1880 1880 1881 1881 1882 1882 1883 1883 1884 1884 1885 1885 1886 1886 1887 1887 1888 1888 1889 1889 1890 1890 1891 1891 1892 1892 1893 1893 1894 1894 1895 1895 1896 1896 1897 1897 1898 1898 1899 1899 1900 1900 1901 1901 1902 1902 1903 1903 1904 1904 1905 1905 1906 1906 1907 1907 1908 1908 1909 1909 1910 1910 1911 1911 1912 1912 1913 1913 1914 1914 1915 1915 1916 1916 1917 1917 1918 1918 1919 1919 1920 1920 1921 1921 1922 1922 1923 1923 1924 1924 1925 1925 1926 1926 1927 1927 1928 1928 1929 1929 1930 1930 1931 1931 1932 1932 1933 1933 1934 1934 1935 1935 1936 1936 1937 1937 1938 1938 1939 1939 1940 1940 1941 1941 1942 1942 1943 1943 1944 1944 1945 1945 1946 1946 1947 1947 1948 1948 1949 1949 1950 1950 1951 1951 1952 1952 1953 1953 1954 1954 1955 1955 1956 1956 1957 1957 1958 1958 1959 1959 1960 1960 1961 1961 1962 1962 1963 1963 1964 1964 1965 1965 1966 1966 1967 1967 1968 1968 1969 1969 1970 1970 1971 1971 1972 1972 1973 1973 1974 1974 1975 1975 1976 1976 1977 1977 1978 1978 1979 1979 1980 1980 1981 1981 1982 1982 1983 1983 1984 1984 1985 1985 1986 1986 1987 1987 1988 1988 1989 1989 1990 1990 1991 1991 1992 1992 1993 1993 1994 1994 1995 1995 1996 1996 1997 1997 1998 1998 1999 1999 2000 2000 2001 2001 2002 2002 2003 2003 2004 2004 2005 2005 2006 2006 2007 2007 2008 2008 2009 2009 2010 2010 2011 2011 2012 2012 2013 2013 2014 2014 2015 2015 2016 2016 2017 2017 2018 2018 2019 2019 2020 2020 2021 2021 2022 2022 2023 2023 2024 2024 2025 2025 2026 2026 2027 2027 2028 2028 2029 2029 2030 2030 2031 2031 2032 2032 2033 2033 2034 2034 2035 2035 2036 2036 2037 2037 2038 2038 2039 2039 2040 2040 2041 2041 2042 2042 2043 2043 2044 2044 2045 2045 2046 2046 2047 2047 2048 2048 2049 2049 2050 2050 2051 2051 2052 2052 2053 2053 2054 2054 2055 2055 2056 2056 2057 2057 2058 2058 2059 2059 2060 2060 2061 2061 2062 2062 2063 2063 2064 2064 2065 2065 2066 2066 2067 2067 2068 2068 2069 2069 2070 2070 2071 2071 2072 2072 2073 2073 2074 2074 2075 2075 2076 2076 2077 2077 2078 2078 2079 2079 2080 2080 2081 2081 2082 2082 2083 2083 2084 2084 2085 2085 2086 2086 2087 2087 2088 2088 2089 2089 2090 2090 2091 2091 2092 2092 2093 2093 2094 2094 2095 2095 2096 2096 2097 2097 2098 2098 2099 2099 2100 2100 2101 2101 2102 2102 2103 2103 2104 2104 2105 2105 2106 2106 2107 2107 2108 2108 2109 2109 2110 2110 2111 2111 2112 2112 2113 2113 2114 2114 2115 2115 2116 2116 2117 2117 2118 2118 2119 2119 2120 2120 2121 2121 2122 2122 2123 2123 2124 2124 2125 2125 2126 2126 2127 2127 2128 2128 2129 2129 2130 2130 2131 2131 2132 2132 2133 2133 2134 2134 2135 2135 2136 2136 2137 2137 2138 2138 2139 2139 2140 2140 2141 2141 2142 2142 2143 2143 2144 2144 2145 2145 2146 2146 2147 2147 2148 2148 2149 2149 2150 2150 2151 2151 2152 2152 2153 2153 2154 2154 2155 2155 2156 2156 2157 2157 2158 2158 2159 2159 2160 2160 2161 2161 2162 2162 2163 2163 2164 2164 2165 2165 2166 2166 2167 2167 2168 2168 2169 2169 2170 2170 2171 2171 2172 2172 2173 2173 2174 2174 2175 2175 2176 2176 2177 2177 2178 2178 2179 2179 2180 2180 2181 2181 2182 2182 2183 2183 2184 2184 2185 2185 2186 2186 2187 2187 2188 2188 2189 2189 2190 2190 2191 2191 2192 2192 2193 2193 2194 2194 2195 2195 2196 2196 2197 2197 2198 2198 2199 2199 2200 2200 2201 2201 2202 2202 2203 2203 2204 2204 2205 2205 2206 2206 2207 2207 2208 2208 2209 2209 2210 2210 2211 2211 2212 2212 2213 2213 2214 2214 2215 2215 2216 2216 2217 2217 2218 2218 2219 2219 2220 2220 2221 2221 2222 2222 2223 2223 2224 2224 2225 2225 2226 2226 2227 2227 2228 2228 2229 2229 2230 2230 2231 2231 2232 2232 2233 2233 2234 2234 2235 2235 2236 2236 2237 2237 2238 2238 2239 2239 2240 2240 2241 2241 2242 2242 2243 2243 2244 2244 2245 2245 2246 2246 2247 2247 2248 2248 2249 2249 2250 2250 2251 2251 2252 2252 2253 2253 2254 2254 2255 2255 2256 2256 2257 2257 2258 2258 2259 2259 2260 2260 2261 2261 2262 2262 2263 2263 2264 2264 2265 2265 2266 2266 2267 2267 2268 2268 2269 2269 2270 2270 2271 2271 2272 2272 2273 2273 2274 2274 2275 2275 2276 2276 2277 2277 2278 2278 2279 2279 2280 2280 2281 2281 2282 2282 2283 2283 2284 2284 2285 2285 2286 2286 2287 2287 2288 2288 2289 2289 2290 2290 2291 2291 2292 2292 2293 2293 2294 2294 2295 2295 2296 2296 2297 2297 2298 2298 2299 2299 2300 2300 2301 2301 2302 2302 2303 2303 2304 2304 2305 2305 2306 2306 2307 2307 2308 2308 2309 2309 2310 2310 2311 2311 2312 2312 2313 2313 2314 2314 2315 2315 2316 2316 2317 2317 2318 2318 2319 2319 2320 2320 2321 2321 2322 2322 2323 2323 2324 2324 2325 2325 2326 2326 2327 2327 2328 2328 2329 2329 2330 2330 2331 2331 2332 2332 2333 2333 2334 2334 2335 2335 2336 2336 2337 2337 2338 2338 2339 2339 2340 2340 2341 2341 2342 2342 2343 2343 2344 2344 2345 2345 2346 2346 2347 2347 2348 2348 2349 2349 2350 2350 2351 2351 2352 2352 2353 2353 2354 2354 2355 2355 2356 2356 2357 2357 2358 2358 2359 2359 2360 2360 2361 2361 2362 2362 2363 2363 2364 2364 2365 2365 2366 2366 2367 2367 2368 2368 2369 2369 2370 2370 2371 2371 2372 2372 2373 2373 2374 2374 2375 2375 2376 2376 2377 2377 2378 2378 2379 2379 2380 2380 2381 2381 2382 2382 2383 2383 2384 2384 2385 2385 2386 2386 2387 2387 2388 2388 2389 2389 2390 2390 2391 2391 2392 2392 2393 2393 2394 2394 2395 2395 2396 2396 2397 2397 2398 2398 2399 2399 2400 2400 2401 2401 2402 2402 2403 2403 2404 2404 2405 2405 2406 2406 2407 2407 2408 2408 2409 2409 2410 2410 2411 2411 2412 2412 2413 2413 2414 2414 2415 2415 2416 2416 2417 2417 2418 2418 2419 2419 2420 2420 2421 2421 2422 2422 2423 2423 2424 2424 2425 2425 2426 2426 2427 2427 2428 2428 2429 2429 2430 2430 2431 2431 2432 2432 2433 2433 2434 2434 2435 2435 2436 2436 2437 2437 2438 2438 2439 2439 2440 2440 2441 2441 2442 2442 2443 2443 2444 2444 2445 2445 2446 2446 2447 2447 2448 2448 2449 2449 2450 2450 2451 2451 2452 2452 2453 2453 2454 2454 2455 2455 2456 2456 2457 2457 2458 2458 2459 2459 2460 2460 2461 2461 2462 2462 2463 2463 2464 2464 2465 2465 2466 2466 2467 2467 2468 2468 2469 2469 2470 2470 2471 2471 2472 2472 2473 2473 2474 2474 2475 2475 2476 2476 2477 2477 2478 2478 2479 2479 2480 2480 2481 2481 2482 2482 2483 2483 2484 2484 2485 2485 2486 2486 2487 2487 2488 2488 2489 2489 2490 2490 2491 2491 2492 2492 2493 2493 2494 2494 2495 2495 2496 2496 2497 2497 2498 2498 2499 2499 2500 2500 2501 2501 2502 2502 2503 2503 2504 2504 2505 2505 2506 2506 2507 2507 2508 2508 2509 2509 2510 2510 2511 2511 2512 2512 2513 2513 2514 2514 2515 2515 2516 2516 2517 2517 2518 2518 2519 2519 2520 2520 2521 2521 2522 2522 2523 2523 2524 2524 2525 2525 2526 2526 2527 2527 2528 2528 2529 2529 2530 2530 2531 2531 2532 2532 2533 2533 2534 2534 2535 2535 2536 2536 2537 2537 2538 2538 2539 2539 2540 2540 2541 2541 2542 2542 2543 2543 2544 2544 2545 2545 2546 2546 2547 2547 2548 2548 2549 2549 2550 2550 2551 2551 2552 2552 2553 2553 2554 2554 2555 2555 2556 2556 2557 2557 2558 2558 2559 2559 2560 2560 2561 2561 2562 2562 2563 2563 2564 2564 2565 2565 2566 2566 2567 2567 2568 2568 2569 2569 2570 2570 2571 2571 2572 2572 2573 2573 2574 2574 2575 2575 2576 2576 2577 2577 2578 2578 2579 2579 2580 2580 2581 2581 2582 2582 2583 2583 2584 2584 2585 2585 2586 2586 2587 2587 2588 2588 2589 2589 2590 2590 2591 2591 2592 2592 2593 2593 2594 2594 2595 2595 2596 2596 2597 2597 2598 2598 2599 2599 2600 2600 2601 2601 2602 2602 2603 2603 2604 2604 2605 2605 2606 2606 2607 2607 2608 2608 2609 2609 2610 2610 2611 2611 2612 2612 2613 2613 2614 2614 2615 2615 2616 2616 2617 2617 2618 2618 2619 2619 2620 2620 2621 2621 2622 2622 2623 2623 2624 2624 2625 2625 2626 2626 2627 2627 2628 2628 2629 2629 2630 2630 2631 2631 2632 2632 2633 2633 2634 2634 2635 2635 2636 2636 2637 2637 2638 2638 2639 2639 2640 2640 2641 2641 2642 2642 2643 2643 2644 2644 2645 2645 2646 2646 2647 2647 2648 2648 2649 2649 2650 2650 2651 2651 2652 2652 2653 2653 2654 2654 2655 2655 2656 2656 2657 2657 2658 2658 2659 2659 2660 2660 2661 2661 2662 2662 2663 2663 2664 2664 2665 2665 2666 2666 2667 2667 2668 2668 2669 2669 2670 2670 2671 2671 2672 2672 2673 2673 2674 2674 2675 2675 2676 2676 2677 2677 2678 2678 2679 2679 2680 2680 2681 2681 2682 2682 2683 2683 2684 2684 2685 2685 2686 2686 2687 2687 2688 2688 2689 2689 2690 2690 2691 2691 2692 2692 2693 2693 2694 2694 2695 2695 2696 2696 2697 2697 2698 2698 2699 2699 2700 2700 2701 2701 2702 2702 2703 2703 2704 2704 2705 2705 2706 2706 2707 2707 2708 2708 2709 2709 2710 2710 2711 2711 2712 2712 2713 2713 2714 2714 2715 2715 2716 2716 2717 2717 2718 2718 2719 2719 2720 2720 2721 2721 2722 2722 2723 2723 2724 2724 2725 2725 2726 2726 2727 2727 2728 2728 2729 2729 2730 2730 2731 2731 2732 2732 2733 2733 2734 2734 2735 2735 2736 2736 2737 2737 2738 2738 2739 2739 2740 2740 2741 2741 2742 2742 2743 2743 2744 2744 2745 2745 2746 2746 2747 2747 2748 2748 2749 2749 2750 2750 2751 2751 2752 2752 2753 2753 2754 2754 2755 2755 2756 2756 2757 2757 2758 2758 2759 2759 2760 2760 2761 2761 2762 2762 2763 2763 2764 2764 2765 2765 2766 2766 2767 2767 2768 2768 2769 2769 2770 2770 2771 2771 2772 2772 2773 2773 2774 2774 2775 2775 2776 2776 2777 2777 2778 2778 2779 2779 2780 2780 2781 2781 2782 2782 2783 2783 2784 2784 2785 2785 2786 2786 2787 2787 2788 2788 2789 2789 2790 2790 2791 2791 2792 2792 2793 2793 2794 2794 2795 2795 2796 2796 2797 2797 2798 2798 2799 2799 2800 2800 2801 2801 2802 2802 2803 2803 2804 2804 2805 2805 2806 2806 2807 2807 2808 2808 2809 2809 2810 2810 2811 2811 2812 2812 2813 2813 2814 2814 2815 2815 2816 2816 2817 2817 2818 2818 2819 2819 2820 2820 2821 2821 2822 2822 2823 2823 2824 2824 2825 2825 2826 2826 2827 2827 2828 2828 2829 2829 2830 2830 2831 2831 2832 2832 2833 2833 2834 2834 2835 2835 2836 2836 2837 2837 2838 2838 2839 2839 2840 2840 2841 2841 2842 2842 2843 2843 2844 2844 2845 2845 2846 2846 2847 2847 2848 2848 2849 2849 2850 2850 2851 2851 2852 2852 2853 2853 2854 2854 2855 2855 2856 2856 2857 2857 2858 2858 2859 2859 2860 2860 2861 2861 2862 2862 2863 2863 2864 2864 2865 2865 2866 2866 2867 2867 2868 2868 2869 2869 2870 2870 2871 2871 2872 2872 2873 2873 2874 2874 2875 2875 2876 2876 2877 2877 2878 2878 2879 2879 2880 2880 2881 2881 2882 2882 2883 2883 2884 2884 2885 2885 2886 2886 2887 2887 2888 2888 2889 2889 2890 2890 2891 2891 2892 2892 2893 2893 2894 2894 2895 2895 2896 2896 2897 2897 2898 2898 2899 2899 2900 2900 2901 2901 2902 2902 2903 2903 2904 2904 2905 2905 2906 2906 2907 2907 2908 2908 2909 2909 2910 2910 2911 2911 2912 2912 2913 2913 2914 2914 2915 2915 2916 2916 2917 2917 2918 2918 2919 2919 2920 2920 2921 2921 2922 2922 2923 2923 2924 2924 2925 2925 2926 2926 2927 2927 2928 2928 2929 2929 2930 2930 2931 2931 2932 2932 2933 2933 2934 2934 2935 2935 2936 2936 2937 2937 2938 2938 2939 2939 2940 2940 2941 2941 2942 2942 2943 2943 2944 2944 2945 2945 2946 2946 2947 2947 2948 2948 2949 2949 2950 2950 2951 2951 2952 2952 2953 2953 2954 2954 2955 2955 2956 2956 2957 2957 2958 2958 2959 2959 2960 2960 2961 2961 2962 2962 2963 2963 2964 2964 2965 2965 2966 2966 2967 2967 2968 2968 2969 2969 2970 2970 2971 2971 2972 2972 2973 2973 2974 2974 2975 2975 2976 2976 2977 2977 2978 2978 2979 2979 2980 2980 2981 2981 2982 2982 2983 2983 2984 2984 2985 2985 2986 2986 2987 2987 2988 2988 2989 2989 2990 2990 2991 2991 2992 2992 2993 2993 2994 2994 2995 2995 2996 2996 2997 2997 2998 2998 2999 2999 3000 3000 3001 3001 3002 3002 3003 3003 3004 3004 3005 3005 3006 3006 3007 3007 3008 3008 3009 3009 3010 3010 3011 3011 3012 3012 3013 3013 3014 3014 3015 3015 3016 3016 3017 3017 3018 3018 3019 3019 3020 3020 3021 3021 3022 3022 3023 3023 3024 3024 3025 3025 3026 3026 3027 3027 3028 3028 3029 3029 3030 3030 3031 3031 3032 3032 3033 3033 3034 3034 3035 3035 3036 3036 3037 3037 3038 3038 3039 3039 3040 3040 3041 3041 3042 3042 3043 3043 3044 3044 3045 3045 3046 3046 3047 3047 3048 3048 3049 3049 3050 3050 3051 3051 3052 3052 3053 3053 3054 3054 3055 3055 3056 3056 3057 3057 3058 3058 3059 3059 3060 3060 3061 3061 3062 3062 3063 3063 3064 3064 3065 3065 3066 3066 3067 3067 3068 3068 3069 3069 3070 3070 3071 3071 3072 3072 3073 3073 3074 3074 3075 3075 3076 3076 3077 3077 3078 3078 3079 3079 3080 3080 3081 3081 3082 3082 3083 3083 3084 3084 3085 3085 3086 3086 3087 3087 3088 3088 3089 3089 3090 3090 3091 3091 3092 3092 3093 3093 3094 3094 3095 3095 3096 3096 3097 3097 3098 3098 3099 3099 3100 3100 3101 3101 3102 3102 3103 3103 3104 3104 3105 3105 3106 3106 3107 3107 3108 3108 3109 3109 3110 3110 3111 3111 3112 3112 3113 3113 3114 3114 3115 3115 3116 3116 3117 3117 3118 3118 3119 3119 3120 3120 3121 3121 3122 3122 3123 3123 3124 3124 3125 3125 3126 3126 3127 3127 3128 3128 3129 3129 3130 3130 3131 3131 3132 3132 3133 3133 3134 3134 3135 3135 3136 3136 3137 3137 3138 3138 3139 3139 3140 3140 3141 3141 3142 3142 3143 3143 3144 3144 3145 3145 3146 3146 3147 3147 3148 3148 3149 3149 3150 3150 3151 3151 3152 3152 3153 3153 3154 3154 3155 3155 3156 3156 3157 3157 3158 3158 3159 3159 3160 3160 3161 3161 3162 3162 3163 3163 3164 3164 3165 3165 3166 3166 3167 3167 3168 3168 3169 3169 3170 3170 3171 3171 3172 3172 3173 3173 3174 3174 3175 3175 3176 3176 3177 3177 3178 3178 3179 3179 3180 3180 3181 3181 3182 3182 3183 3183 3184 3184 3185 3185 3186 3186 3187 3187 3188 3188 3189 3189 3190 3190 3191 3191 3192 3192 3193 3193 3194 3194 3195 3195 3196 3196 3197 3197 3198 3198 3199 3199 3200 3200 3201 3201 3202 3202 3203 3203 3204 3204 3205 3205 3206 3206 3207 3207 3208 3208 3209 3209 3210 3210 3211 3211 3212 3212 3213 3213 3214 3214 3215 3215 3216 3216 3217 3217 3218 3218 3219 3219 3220 3220 3221 3221 3222 3222 3223 3223 3224 3224 3225 3225 3226 3226 3227 3227 3228 3228 3229 3229 3230 3230 3231 3231 3232 3232 3233 3233 3234 3234 3235 3235 3236 3236 3237 3237 3238 3238 3239 3239 3240 3240 3241 3241 3242 3242 3243 3243 3244 3244 3245 3245 3246 3246 3247 3247 3248 3248 3249 3249 3250 3250 3251 3251 3252 3252 3253 3253 3254 3254 3255 3255 3256 3256 3257 3257 3258 3258 3259 3259 3260 3260 3261 3261 3262 3262 3263 3263 3264 3264 3265 3265 3266 3266 3267 3267 3268 3268 3269 3269 3270 3270 3271 3271 3272 3272 3273 3273 3274 3274 3275 3275 3276 3276 3277 3277 3278 3278 3279 3279 3280 3280 3281 3281 3282 3282 3283 3283 3284 3284 3285 3285 3286 3286 3287 3287 3288 3288 3289 3289 3290 3290 3291 3291 3292 3292 3293 3293 3294 3294 3295 3295 3296 3296 3297 3297 3298 3298 3299 3299 3300 3300 3301 3301 3302 3302 3303 3303 3304 3304 3305 3305 3306 3306 3307 3307 3308 3308 3309 3309 3310 3310 3311 3311 3312 3312 3313 3313 3314 3314 3315 3315 3316 3316 3317 3317 3318 3318 3319 3319 3320 3320 3321 3321 3322 3322 3323 3323 3324 3324 3325 3325 3326 3326 3327 3327 3328 3328 3329 3329 3330 3330 3331 3331 3332 3332 3333 3333 3334 3334 3335 3335 3336 3336 3337 3337 3338 3338 3339 3339 3340 3340 3341 3341 3342 3342 3343 3343 3344 3344 3345 3345 3346 3346 3347 3347 3348 3348 3349 3349 3350 3350 3351 3351 3352 3352 3353 3353 3354 3354 3355 3355 3356 3356 3357 3357 3358 3358 3359 3359 3360 3360 3361 3361 3362 3362 3363 3363 3364 3364 3365 3365 3366 3366 3367 3367 3368 3368 3369 3369 3370 3370 3371 3371 3372 3372 3373 3373 3374 3374 3375 3375 3376 3376 3377 3377 3378 3378 3379 3379 3380 3380 3381 3381 3382 3382 3383 3383 3384 3384 3385 3385 3386 3386 3387 3387 3388 3388 3389 3389 3390 3390 3391 3391 3392 3392 3393 3393 3394 3394 3395 3395 3396 3396 3397 3397 3398 3398 3399 3399 3400 3400 3401 3401 3402 3402 3403 3403 3404 3404 3405 3405 3406 3406 3407 3407 3408 3408 3409 3409 3410 3410 3411 3411 3412 3412 3413 3413 3414 3414 3415 3415 3416 3416 3417 3417 3418 3418 3419 3419 3420 3420 3421 3421 3422 3422 3423 3423 3424 3424 3425 3425 3426 3426 3427 3427 3428 3428 3429 3429 3430 3430 3431 3431 3432 3432 3433 3433 3434 3434 3435 3435 3436 3436 3437 3437 3438 3438 3439 3439 3440 3440 3441 3441 3442 3442 3443 3443 3444 3444 3445 3445 3446 3446 3447 3447 3448 3448 3449 3449 3450 3450 3451 3451 3452 3452 3453 3453 3454 3454 3455 3455 3456 3456 3457 3457 3458 3458 3459 3459 3460 3460 3461 3461 3462 3462 3463 3463 3464 3464 3465 3465 3466 3466 3467 3467 3468 3468 3469 3469 3470 3470 3471 3471 3472 3472 3473 3473 3474 3474 3475 3475 3476 3476 3477 3477 3478 3478 3479 3479 3480 3480 3481 3481 3482 3482 3483 3483 3484 3484 3485 3485 3486 3486 3487 3487 3488 3488 3489 3489 3490 3490 3491 3491 3492 3492 3493 3493 3494 3494 3495 3495 3496 3496 3497 3497 3498 3498 3499 3499 3500 3500 3501 3501 3502 3502 3503 3503 3504 3504 3505 3505 3506 3506 3507 3507 3508 3508 3509 3509 3510 3510 3511 3511 3512 3512 3513 3513 3514 3514 3515 3515 3516 3516 3517 3517 3518 3518 3519 3519 3520 3520 3521 3521 3522 3522 3523 3523 3524 3524 3525 3525 3526 3526 3527 3527 3528 3528 3529 3529 3530 3530 3531 3531 3532 3532 3533 3533 3534 3534 3535 3535 3536 3536 3537 3537 3538 3538 3539 3539 3540 3540 3541 3541 3542 3542 3543 3543 3544 3544 3545 3545 3546 3546 3547 3547 3548 3548 3549 3549 3550 3550 3551 3551 3552 3552 3553 3553 3554 3554 3555 3555 3556 3556 3557 3557 3558 3558 3559 3559 3560 3560 3561 3561 3562 3562 3563 3563 3564 3564 3565 3565 3566 3566 3567 3567 3568 3568 3569 3569 3570 3570 3571 3571 3572 3572 3573 3573 3574 3574 3575 3575 3576 3576 3577 3577 3578 3578 3579 3579 3580 3580 3581 3581 3582 3582 3583 3583 3584 3584 3585 3585 3586 3586 3587 3587 3588 3588 3589 3589 3590 3590 3591 3591 3592 3592 3593 3593 3594 3594 3595 3595 3596 3596 3597 3597 3598 3598 3599 3599 3600 3600 3601 3601 3602 3602 3603 3603 3604 3604 3605 3605 3606 3606 3607 3607 3608 3608 3609 3609 3610 3610 3611 3611 3612 3612 3613 3613 3614 3614 3615 3615 3616 3616 3617 3617 3618 3618 3619 3619 3620 3620 3621 3621 3622 3622 3623 3623 3624 3624 3625 3625 3626 3626 3627 3627 3628 3628 3629 3629 3630 3630 3631 3631 3632 3632 3633 3633 3634 3634 3635 3635 3636 3636 3637 3637 3638 3638 3639 3639 3640 3640 3641 3641 3642 3642 3643 3643 3644 3644 3645 3645 3646 3646 3647 3647 3648 3648 3649 3649 3650 3650 3651 3651 3652 3652 3653 3653 3654 3654 3655 3655 3656 3656 3657 3657 3658 3658 3659 3659 3660 3660 3661 3661 3662 3662 3663 3663 3664 3664 3665 3665 3666 3666 3667 3667 3668 3668 3669 3669 3670 3670 3671 3671 3672 3672 3673 3673 3674 3674 3675 3675 3676 3676 3677 3677 3678 3678 3679 3679 3680 3680 3681 3681 3682 3682 3683 3683 3684 3684 3685 3685 3686 3686 3687 3687 3688 3688 3689 3689 3690 3690 3691 3691 3692 3692 3693 3693 3694 3694 3695 3695 3696 3696 3697 3697 3698 3698 3699 3699 3700 3700 3701 3701 3702 3702 3703 3703 3704 3704 3705 3705 3706 3706 3707 3707 3708 3708 3709 3709 3710 3710 3711 3711 3712 3712 3713 3713 3714 3714 3715 3715 3716 3716 3717 3717 3718 3718 3719 3719 3720 3720 3721 3721 3722 3722 3723 3723 3724 3724 3725 3725 3726 3726 3727 3727 3728 3728 3729 3729 3730 3730 3731 3731 3732 3732 3733 3733 3734 3734 3735 3735 3736 3736 3737 3737 3738 3738 3739 3739 3740 3740 3741 3741 3742 3742 3743 3743 3744 3744 3745 3745 3746 3746 3747 3747 3748 3748 3749 3749 3750 3750 3751 3751 3752 3752 3753 3753 3754 3754 3755 3755 3756 3756 3757 3757 3758 3758 3759 3759 3760 3760 3761 3761 3762 3762 3763 3763 3764 3764 3765 3765 3766 3766 3767 3767 3768 3768 3769 3769 3770 3770 3771 3771 3772 3772 3773 3773 3774 3774 3775 3775 3776 3776 3777 3777 3778 3778 3779 3779 3780 3780 3781 3781 3782 3782 3783 3783 3784 3784 3785 3785 3786 3786 3787 3787 3788 3788 3789 3789 3790 3790 3791 3791 3792 3792 3793 3793 3794 3794 3795 3795 3796 3796 3797 3797 3798 3798 3799 3799 3800 3800 3801 3801 3802 3802 3803 3803 3804 3804 3805 3805 3806 3806 3807 3807 3808 3808 3809 3809 3810 3810 3811 3811 3812 3812 3813 3813 3814 3814 3815 3815 3816 3816 3817 3817 3818 3818 3819 3819 3820 3820 3821 3821 3822 3822 3823 3823 3824 3824 3825 3825 3826 3826 3827 3827 3828 3828 3829 3829 3830 3830 3831 3831 3832 3832 3833 3833 3834 3834 3835 3835 3836 3836 3837 3837 3838 3838 3839 3839 3840 3840 3841 3841 3842 3842 3843 3843 3844 3844 3845 3845 3846 3846 3847 3847 3848 3848 3849 3849 3850 3850 3851 3851 3852 3852 3853 3853 3854 3854 3855 3855 3856 3856 3857 3857 3858 3858 3859 3859 3860 3860 3861 3861 3862 3862 3863 3863 3864 3864 3865 3865 3866 3866 3867 3867 3868 3868 3869 3869 3870 3870 3871 3871 3872 3872 3873 3873 3874 3874 3875 3875 3876 3876 3877 3877 3878 3878 3879 3879 3880 3880 3881 3881 3882 3882 3883 3883 3884 3884 3885 3885 3886 3886 3887 3887 3888 3888 3889 3889 3890 3890 3891 3891 3892 3892 3893 3893 3894 3894 3895 3895 3896 3896 3897 3897 3898 3898 3899 3899 3900 3900 3901 3901 3902 3902 3903 3903 3904 3904 3905 3905 3906 3906 3907 3907 3908 3908 3909 3909 3910 3910 3911 3911 3912 3912 3913 3913 3914 3914 3915 3915 3916 3916 3917 3917 3918 3918 3919 3919 3920 3920 3921 3921 3922 3922 3923 3923 3924 3924 3925 3925 3926 3926 3927 3927 3928 3928 3929 3929 3930 3930 3931 3931 3932 3932 3933 3933 3934 3934 3935 3935 3936 3936 3937 3937 3938 3938 3939 3939 3940 3940 3941 3941 3942 3942 3943 3943 3944 3944 3945 3945 3946 3946 3947 3947 3948 3948 3949 3949 3950 3950 3951 3951 3952 3952 3953 3953 3954 3954 3955 3955 3956 3956 3957 3957 3958 3958 3959 3959 3960 3960 3961 3961 3962 3962 3963 3963 3964 3964 3965 3965 3966 3966 3967 3967 3968 3968 3969 3969 3970 3970 3971 3971 3972 3972 3973 3973 3974 3974 3975 3975 3976 3976 3977 3977 3978 3978 3979 3979 3980 3980 3981 3981 3982 3982 3983 3983 3984 3984 3985 3985 3986 3986 3987 3987 3988 3988 3989 3989 3990 3990 3991 3991 3992 3992 3993 3993 3994 3994 3995 3995 3996 3996 3997 3997 3998 3998 3999 3999 4000 4000 4001 4001 4002 4002 4003 4003 4004 4004 4005 4005 4006 4006 4007 4007 4008 4008 4009 4009 4010 4010 4011 4011 4012 4012 4013 4013 4014 4014 4015 4015 4016 4016 4017 4017 4018 4018 4019 4019 4020 4020 4021 4021 4022 4022 4023 4023 4024 4024 4025 4025 4026 4026 4027 4027 4028 4028 4029 4029 4030 4030 4031 4031 4032 4032 4033 4033 4034 4034 4035 4035 4036 4036 4037 4037 4038 4038 4039 4039 4040 4040 4041 4041 4042 4042 4043 4043 4044 4044 4045 4045 4046 4046 4047 4047 4048 4048 4049 4049 4050 4050 4051 4051 4052 4052 4053 4053 4054 4054 4055 4055 4056 4056 4057 4057 4058 4058 4059 4059 4060 4060 4061 4061 4062 4062 4063 4063 4064 4064 4065 4065 4066 4066 4067 4067 4068 4068 4069 4069 4070 4070 4071 4071 4072 4072 4073 4073 4074 4074 4075 4075 4076 4076 4077 4077 4078 4078 4079 4079 4080 4080 4081 4081 4082 4082 4083 4083 4084 4084 4085 4085 4086 4086 4087 4087 4088 4088 4089 4089 4090 4090 4091 4091 4092 4092 4093 4093 4094 4094 4095 4095 4096 4096 4097 4097 4098 4098 4099 4099 4100 4100 4101 4101 4102 4102 4103 4103 4104 4104 4105 4105 4106 4106 4107 4107 4108 4108 4109 4109 4110 4110 4111 4111 4112 4112 4113 4113 4114 4114 4115 4115 4116 4116 4117 4117 4118 4118 4119 4119 4120 4120 4121 4121 4122 4122 4123 4123 4124 4124 4125 4125 4126 4126 4127 4127 4128 4128 4129 4129 4130 4130 4131 4131 4132 4132 4133 4133 4134 4134 4135 4135 4136 4136 4137 4137 4138 4138 4139 4139 4140 4140 4141 4141 4142 4142 4143 4143 4144 4144 4145 4145 4146 4146 4147 4147 4148 4148 4149 4149 4150 4150 4151 4151 4152 4152 4153 4153 4154 4154 4155 4155 4156 4156 4157 4157 4158 4158 4159 4159 4160 4160 4161 4161 4162 4162 4163 4163 4164 4164 4165 4165 4166 4166 4167 4167 4168 4168 4169 4169 4170 4170 4171 4171 4172 4172 4173 4173 4174 4174 4175 4175 4176 4176 4177 4177 4178 4178 4179 4179 4180 4180 4181 4181 4182 4182 4183 4183 4184 4184 4185 4185 4186 4186 4187 4187 4188 4188 4189 4189 4190 4190 4191 4191 4192 4192 4193 4193 4194 4194 4195 4195 4196 4196 4197 4197 4198 4198 4199 4199 4200 4200 4201 4201 4202 4202 4203 4203 4204 4204 4205 4205 4206 4206 4207 4207 4208 4208 4209 4209 4210 4210 4211 4211 4212 4212 4213 4213 4214 4214 4215 4215 4216 4216 4217 4217 4218 4218 4219 4219 4220 4220 4221 4221 4222 4222 4223 4223 4224 4224 4225 4225 4226 4226 4227 4227 4228 4228 4229 4229 4230 4230 4231 4231 4232 4232 4233 4233 4234 4234 4235 4235 4236 4236 4237 4237 4238 4238 4239 4239 4240 4240 4241 4241 4242 4242 4243 4243 4244 4244 4245 4245 4246 4246 4247 4247 4248 4248 4249 4249 4250 4250 4251 4251 4252 4252 4253 4253 4254 4254 4255 4255 4256 4256 4257 4257 4258 4258 4259 4259 4260 4260 4261 4261 4262 4262 4263 4263 4264 4264 4265 4265 4266 4266 4267 4267 4268 4268 4269 4269 4270 4270 4271 4271 4272 4272 4273 4273 4274 4274 4275 4275 4276 4276 4277 4277 4278 4278 4279 4279 4280 4280 4281 4281 4282 4282 4283 4283 4284 4284 4285 4285 4286 4286 4287 4287 4288 4288 4289 4289 4290 4290 4291 4291 4292 4292 4293 4293 4294 4294 4295 4295 4296 4296 4297 4297 4298 4298 4299 4299 4300 4300 4301 4301 4302 4302 4303 4303 4304 4304 4305 4305 4306 4306 4307 4307</p>
        </triangles>
      </mesh>
    </geometry>
  </library_geometries>
  <library_materials>
    <material id="b89f0f0b5fb24f4c85edb4238da67169" name="defaultmaterial">
      <instance_effect url="#3bb8f917da90435fa1b994bfc24e6567" />
    </material>
  </library_materials>
  <library_visual_scenes>
    <visual_scene id="scene">
      <node id="node0" name="node0">
        <instance_geometry url="#01f9827e6af9474a9b9bfbd2677974ff">
          <bind_material>
            <technique_common>
              <instance_material symbol="material0" target="#b89f0f0b5fb24f4c85edb4238da67169" />
            </technique_common>
          </bind_material>
        </instance_geometry>
      </node>
    </visual_scene>
  </library_visual_scenes>
  <scene>
    <instance_visual_scene url="#scene" />
  </scene>
</COLLADA>
