stem,status,gt_count,pred_count,matches,best_iou,mean_iou,max_conf,image,pred_dir
parkinglot_east_v1_frame_000015_113500000000,matched,1,1,1,1.0,1.0,0.887018,/home/ruben/halmstad_ws/datasets/final/baylands_super_75_15_10/images/test/parkinglot_east_v1_frame_000015_113500000000.jpg,/home/ruben/halmstad_ws/models/obb/experiments/sam3_hybrid_full/runs/predictions/baylands-leader-v9b-patient-saveper/baylands_super_75_15_10_test_all
parkinglot_east_v1_frame_000016_117500000000,correct_empty,0,0,0,0.0,0.0,,/home/ruben/halmstad_ws/datasets/final/baylands_super_75_15_10/images/test/parkinglot_east_v1_frame_000016_117500000000.jpg,/home/ruben/halmstad_ws/models/obb/experiments/sam3_hybrid_full/runs/predictions/baylands-leader-v9b-patient-saveper/baylands_super_75_15_10_test_all
parkinglot_east_v2_frame_000000_168400000000,matched,1,1,1,0.78479,0.78479,0.937843,/home/ruben/halmstad_ws/datasets/final/baylands_super_75_15_10/images/test/parkinglot_east_v2_frame_000000_168400000000.jpg,/home/ruben/halmstad_ws/models/obb/experiments/sam3_hybrid_full/runs/predictions/baylands-leader-v9b-patient-saveper/baylands_super_75_15_10_test_all
parkinglot_east_v2_frame_000001_169400000000,matched,1,1,1,0.81778,0.81778,0.942677,/home/ruben/halmstad_ws/datasets/final/baylands_super_75_15_10/images/test/parkinglot_east_v2_frame_000001_169400000000.jpg,/home/ruben/halmstad_ws/models/obb/experiments/sam3_hybrid_full/runs/predictions/baylands-leader-v9b-patient-saveper/baylands_super_75_15_10_test_all
parkinglot_east_v2_frame_000002_170500000000,matched,1,1,1,0.82901,0.82901,0.933401,/home/ruben/halmstad_ws/datasets/final/baylands_super_75_15_10/images/test/parkinglot_east_v2_frame_000002_170500000000.jpg,/home/ruben/halmstad_ws/models/obb/experiments/sam3_hybrid_full/runs/predictions/baylands-leader-v9b-patient-saveper/baylands_super_75_15_10_test_all
parkinglot_east_v2_frame_000005_173500000000,matched,1,1,1,0.850247,0.850247,0.935283,/home/ruben/halmstad_ws/datasets/final/baylands_super_75_15_10/images/test/parkinglot_east_v2_frame_000005_173500000000.jpg,/home/ruben/halmstad_ws/models/obb/experiments/sam3_hybrid_full/runs/predictions/baylands-leader-v9b-patient-saveper/baylands_super_75_15_10_test_all
parkinglot_east_v2_frame_000007_175500000000,multi_prediction,1,2,1,0.819038,0.819038,0.557166,/home/ruben/halmstad_ws/datasets/final/baylands_super_75_15_10/images/test/parkinglot_east_v2_frame_000007_175500000000.jpg,/home/ruben/halmstad_ws/models/obb/experiments/sam3_hybrid_full/runs/predictions/baylands-leader-v9b-patient-saveper/baylands_super_75_15_10_test_all
parkinglot_east_v2_frame_000009_177500000000,matched,1,1,1,0.752136,0.752136,0.901522,/home/ruben/halmstad_ws/datasets/final/baylands_super_75_15_10/images/test/parkinglot_east_v2_frame_000009_177500000000.jpg,/home/ruben/halmstad_ws/models/obb/experiments/sam3_hybrid_full/runs/predictions/baylands-leader-v9b-patient-saveper/baylands_super_75_15_10_test_all
parkinglot_east_v2_frame_000010_178500000000,matched,1,1,1,0.56486,0.56486,0.907617,/home/ruben/halmstad_ws/datasets/final/baylands_super_75_15_10/images/test/parkinglot_east_v2_frame_000010_178500000000.jpg,/home/ruben/halmstad_ws/models/obb/experiments/sam3_hybrid_full/runs/predictions/baylands-leader-v9b-patient-saveper/baylands_super_75_15_10_test_all
parkinglot_east_v3_frame_000269_512600000000,matched,1,1,1,0.777389,0.777389,0.931747,/home/ruben/halmstad_ws/datasets/final/baylands_super_75_15_10/images/test/parkinglot_east_v3_frame_000269_512600000000.jpg,/home/ruben/halmstad_ws/models/obb/experiments/sam3_hybrid_full/runs/predictions/baylands-leader-v9b-patient-saveper/baylands_super_75_15_10_test_all
parkinglot_east_v3_frame_000270_513600000000,matched,1,1,1,0.812452,0.812452,0.946083,/home/ruben/halmstad_ws/datasets/final/baylands_super_75_15_10/images/test/parkinglot_east_v3_frame_000270_513600000000.jpg,/home/ruben/halmstad_ws/models/obb/experiments/sam3_hybrid_full/runs/predictions/baylands-leader-v9b-patient-saveper/baylands_super_75_15_10_test_all
parkinglot_east_v3_frame_000272_515700000000,matched,1,1,1,0.723072,0.723072,0.942016,/home/ruben/halmstad_ws/datasets/final/baylands_super_75_15_10/images/test/parkinglot_east_v3_frame_000272_515700000000.jpg,/home/ruben/halmstad_ws/models/obb/experiments/sam3_hybrid_full/runs/predictions/baylands-leader-v9b-patient-saveper/baylands_super_75_15_10_test_all
parkinglot_east_v3_frame_000273_516700000000,matched,1,1,1,0.66379,0.66379,0.940444,/home/ruben/halmstad_ws/datasets/final/baylands_super_75_15_10/images/test/parkinglot_east_v3_frame_000273_516700000000.jpg,/home/ruben/halmstad_ws/models/obb/experiments/sam3_hybrid_full/runs/predictions/baylands-leader-v9b-patient-saveper/baylands_super_75_15_10_test_all
parkinglot_east_v3_frame_000274_517700000000,matched,1,1,1,0.748282,0.748282,0.953253,/home/ruben/halmstad_ws/datasets/final/baylands_super_75_15_10/images/test/parkinglot_east_v3_frame_000274_517700000000.jpg,/home/ruben/halmstad_ws/models/obb/experiments/sam3_hybrid_full/runs/predictions/baylands-leader-v9b-patient-saveper/baylands_super_75_15_10_test_all
parkinglot_east_v3_frame_000275_518700000000,matched,1,1,1,0.803003,0.803003,0.943201,/home/ruben/halmstad_ws/datasets/final/baylands_super_75_15_10/images/test/parkinglot_east_v3_frame_000275_518700000000.jpg,/home/ruben/halmstad_ws/models/obb/experiments/sam3_hybrid_full/runs/predictions/baylands-leader-v9b-patient-saveper/baylands_super_75_15_10_test_all
parkinglot_east_v3_frame_000276_519700000000,multi_prediction,1,2,1,0.8674,0.8674,0.617458,/home/ruben/halmstad_ws/datasets/final/baylands_super_75_15_10/images/test/parkinglot_east_v3_frame_000276_519700000000.jpg,/home/ruben/halmstad_ws/models/obb/experiments/sam3_hybrid_full/runs/predictions/baylands-leader-v9b-patient-saveper/baylands_super_75_15_10_test_all
parkinglot_east_v3_frame_000277_520700000000,matched,1,1,1,0.677937,0.677937,0.931639,/home/ruben/halmstad_ws/datasets/final/baylands_super_75_15_10/images/test/parkinglot_east_v3_frame_000277_520700000000.jpg,/home/ruben/halmstad_ws/models/obb/experiments/sam3_hybrid_full/runs/predictions/baylands-leader-v9b-patient-saveper/baylands_super_75_15_10_test_all
parkinglot_east_v3_frame_000278_521700000000,matched,1,1,1,0.844842,0.844842,0.947083,/home/ruben/halmstad_ws/datasets/final/baylands_super_75_15_10/images/test/parkinglot_east_v3_frame_000278_521700000000.jpg,/home/ruben/halmstad_ws/models/obb/experiments/sam3_hybrid_full/runs/predictions/baylands-leader-v9b-patient-saveper/baylands_super_75_15_10_test_all
parkinglot_east_v3_frame_000279_522700000000,matched,1,1,1,0.890308,0.890308,0.939815,/home/ruben/halmstad_ws/datasets/final/baylands_super_75_15_10/images/test/parkinglot_east_v3_frame_000279_522700000000.jpg,/home/ruben/halmstad_ws/models/obb/experiments/sam3_hybrid_full/runs/predictions/baylands-leader-v9b-patient-saveper/baylands_super_75_15_10_test_all
parkinglot_east_v3_frame_000280_523800000000,matched,1,1,1,0.919392,0.919392,0.958601,/home/ruben/halmstad_ws/datasets/final/baylands_super_75_15_10/images/test/parkinglot_east_v3_frame_000280_523800000000.jpg,/home/ruben/halmstad_ws/models/obb/experiments/sam3_hybrid_full/runs/predictions/baylands-leader-v9b-patient-saveper/baylands_super_75_15_10_test_all
parkinglot_east_v3_frame_000281_524800000000,matched,1,1,1,0.909102,0.909102,0.960905,/home/ruben/halmstad_ws/datasets/final/baylands_super_75_15_10/images/test/parkinglot_east_v3_frame_000281_524800000000.jpg,/home/ruben/halmstad_ws/models/obb/experiments/sam3_hybrid_full/runs/predictions/baylands-leader-v9b-patient-saveper/baylands_super_75_15_10_test_all
parkinglot_east_v3_frame_000282_525800000000,matched,1,1,1,0.838684,0.838684,0.930446,/home/ruben/halmstad_ws/datasets/final/baylands_super_75_15_10/images/test/parkinglot_east_v3_frame_000282_525800000000.jpg,/home/ruben/halmstad_ws/models/obb/experiments/sam3_hybrid_full/runs/predictions/baylands-leader-v9b-patient-saveper/baylands_super_75_15_10_test_all
parkinglot_east_v3_frame_000283_526800000000,matched,1,1,1,0.23482,0.23482,0.933823,/home/ruben/halmstad_ws/datasets/final/baylands_super_75_15_10/images/test/parkinglot_east_v3_frame_000283_526800000000.jpg,/home/ruben/halmstad_ws/models/obb/experiments/sam3_hybrid_full/runs/predictions/baylands-leader-v9b-patient-saveper/baylands_super_75_15_10_test_all
parkinglot_east_v3_frame_000284_527800000000,matched,1,1,1,0.941586,0.941586,0.942103,/home/ruben/halmstad_ws/datasets/final/baylands_super_75_15_10/images/test/parkinglot_east_v3_frame_000284_527800000000.jpg,/home/ruben/halmstad_ws/models/obb/experiments/sam3_hybrid_full/runs/predictions/baylands-leader-v9b-patient-saveper/baylands_super_75_15_10_test_all
parkinglot_east_v3_frame_000285_528800000000,matched,1,1,1,0.952225,0.952225,0.929644,/home/ruben/halmstad_ws/datasets/final/baylands_super_75_15_10/images/test/parkinglot_east_v3_frame_000285_528800000000.jpg,/home/ruben/halmstad_ws/models/obb/experiments/sam3_hybrid_full/runs/predictions/baylands-leader-v9b-patient-saveper/baylands_super_75_15_10_test_all
parkinglot_east_v3_frame_000286_529800000000,matched,1,1,1,0.906982,0.906982,0.889787,/home/ruben/halmstad_ws/datasets/final/baylands_super_75_15_10/images/test/parkinglot_east_v3_frame_000286_529800000000.jpg,/home/ruben/halmstad_ws/models/obb/experiments/sam3_hybrid_full/runs/predictions/baylands-leader-v9b-patient-saveper/baylands_super_75_15_10_test_all
parkinglot_east_v3_frame_000287_530800000000,matched,1,1,1,0.803414,0.803414,0.904804,/home/ruben/halmstad_ws/datasets/final/baylands_super_75_15_10/images/test/parkinglot_east_v3_frame_000287_530800000000.jpg,/home/ruben/halmstad_ws/models/obb/experiments/sam3_hybrid_full/runs/predictions/baylands-leader-v9b-patient-saveper/baylands_super_75_15_10_test_all
parkinglot_east_v3_frame_000288_531800000000,matched,1,1,1,0.787965,0.787965,0.866531,/home/ruben/halmstad_ws/datasets/final/baylands_super_75_15_10/images/test/parkinglot_east_v3_frame_000288_531800000000.jpg,/home/ruben/halmstad_ws/models/obb/experiments/sam3_hybrid_full/runs/predictions/baylands-leader-v9b-patient-saveper/baylands_super_75_15_10_test_all
parkinglot_east_v3_frame_000289_532800000000,matched,1,1,1,0.811263,0.811263,0.80028,/home/ruben/halmstad_ws/datasets/final/baylands_super_75_15_10/images/test/parkinglot_east_v3_frame_000289_532800000000.jpg,/home/ruben/halmstad_ws/models/obb/experiments/sam3_hybrid_full/runs/predictions/baylands-leader-v9b-patient-saveper/baylands_super_75_15_10_test_all
parkinglot_east_v3_frame_000290_533900000000,matched,1,1,1,0.852792,0.852792,0.895933,/home/ruben/halmstad_ws/datasets/final/baylands_super_75_15_10/images/test/parkinglot_east_v3_frame_000290_533900000000.jpg,/home/ruben/halmstad_ws/models/obb/experiments/sam3_hybrid_full/runs/predictions/baylands-leader-v9b-patient-saveper/baylands_super_75_15_10_test_all
parkinglot_east_v3_frame_000291_534900000000,matched,1,1,1,0.738407,0.738407,0.852485,/home/ruben/halmstad_ws/datasets/final/baylands_super_75_15_10/images/test/parkinglot_east_v3_frame_000291_534900000000.jpg,/home/ruben/halmstad_ws/models/obb/experiments/sam3_hybrid_full/runs/predictions/baylands-leader-v9b-patient-saveper/baylands_super_75_15_10_test_all
parkinglot_east_v3_frame_000293_536900000000,matched,1,1,1,0.873942,0.873942,0.944606,/home/ruben/halmstad_ws/datasets/final/baylands_super_75_15_10/images/test/parkinglot_east_v3_frame_000293_536900000000.jpg,/home/ruben/halmstad_ws/models/obb/experiments/sam3_hybrid_full/runs/predictions/baylands-leader-v9b-patient-saveper/baylands_super_75_15_10_test_all
parkinglot_east_v3_frame_000294_537900000000,matched,1,1,1,1.0,1.0,0.941864,/home/ruben/halmstad_ws/datasets/final/baylands_super_75_15_10/images/test/parkinglot_east_v3_frame_000294_537900000000.jpg,/home/ruben/halmstad_ws/models/obb/experiments/sam3_hybrid_full/runs/predictions/baylands-leader-v9b-patient-saveper/baylands_super_75_15_10_test_all
parkinglot_east_v3_frame_000295_538900000000,matched,1,1,1,0.940293,0.940293,0.950374,/home/ruben/halmstad_ws/datasets/final/baylands_super_75_15_10/images/test/parkinglot_east_v3_frame_000295_538900000000.jpg,/home/ruben/halmstad_ws/models/obb/experiments/sam3_hybrid_full/runs/predictions/baylands-leader-v9b-patient-saveper/baylands_super_75_15_10_test_all
parkinglot_east_v4_frame_000010_113700000000,correct_empty,0,0,0,0.0,0.0,,/home/ruben/halmstad_ws/datasets/final/baylands_super_75_15_10/images/test/parkinglot_east_v4_frame_000010_113700000000.jpg,/home/ruben/halmstad_ws/models/obb/experiments/sam3_hybrid_full/runs/predictions/baylands-leader-v9b-patient-saveper/baylands_super_75_15_10_test_all
parkinglot_east_v4_frame_000012_121700000000,matched,1,1,1,0.696892,0.696892,0.961063,/home/ruben/halmstad_ws/datasets/final/baylands_super_75_15_10/images/test/parkinglot_east_v4_frame_000012_121700000000.jpg,/home/ruben/halmstad_ws/models/obb/experiments/sam3_hybrid_full/runs/predictions/baylands-leader-v9b-patient-saveper/baylands_super_75_15_10_test_all
parkinglot_east_v4_frame_000013_125700000000,multi_prediction,1,2,1,0.82048,0.82048,0.749614,/home/ruben/halmstad_ws/datasets/final/baylands_super_75_15_10/images/test/parkinglot_east_v4_frame_000013_125700000000.jpg,/home/ruben/halmstad_ws/models/obb/experiments/sam3_hybrid_full/runs/predictions/baylands-leader-v9b-patient-saveper/baylands_super_75_15_10_test_all
parkinglot_east_v4_frame_000014_129700000000,correct_empty,0,0,0,0.0,0.0,,/home/ruben/halmstad_ws/datasets/final/baylands_super_75_15_10/images/test/parkinglot_east_v4_frame_000014_129700000000.jpg,/home/ruben/halmstad_ws/models/obb/experiments/sam3_hybrid_full/runs/predictions/baylands-leader-v9b-patient-saveper/baylands_super_75_15_10_test_all
parkinglot_east_v4_frame_000015_133700000000,matched,1,1,1,0.93536,0.93536,0.9176,/home/ruben/halmstad_ws/datasets/final/baylands_super_75_15_10/images/test/parkinglot_east_v4_frame_000015_133700000000.jpg,/home/ruben/halmstad_ws/models/obb/experiments/sam3_hybrid_full/runs/predictions/baylands-leader-v9b-patient-saveper/baylands_super_75_15_10_test_all
parkinglot_east_v4_frame_000016_137700000000,matched,1,1,1,0.89436,0.89436,0.953772,/home/ruben/halmstad_ws/datasets/final/baylands_super_75_15_10/images/test/parkinglot_east_v4_frame_000016_137700000000.jpg,/home/ruben/halmstad_ws/models/obb/experiments/sam3_hybrid_full/runs/predictions/baylands-leader-v9b-patient-saveper/baylands_super_75_15_10_test_all
parkinglot_east_v4_frame_000017_141800000000,matched,1,1,1,0.866346,0.866346,0.951072,/home/ruben/halmstad_ws/datasets/final/baylands_super_75_15_10/images/test/parkinglot_east_v4_frame_000017_141800000000.jpg,/home/ruben/halmstad_ws/models/obb/experiments/sam3_hybrid_full/runs/predictions/baylands-leader-v9b-patient-saveper/baylands_super_75_15_10_test_all
parkinglot_east_v4_frame_000018_145800000000,matched,1,1,1,0.924403,0.924403,0.943366,/home/ruben/halmstad_ws/datasets/final/baylands_super_75_15_10/images/test/parkinglot_east_v4_frame_000018_145800000000.jpg,/home/ruben/halmstad_ws/models/obb/experiments/sam3_hybrid_full/runs/predictions/baylands-leader-v9b-patient-saveper/baylands_super_75_15_10_test_all
parkinglot_east_v4_frame_000019_149800000000,correct_empty,0,0,0,0.0,0.0,,/home/ruben/halmstad_ws/datasets/final/baylands_super_75_15_10/images/test/parkinglot_east_v4_frame_000019_149800000000.jpg,/home/ruben/halmstad_ws/models/obb/experiments/sam3_hybrid_full/runs/predictions/baylands-leader-v9b-patient-saveper/baylands_super_75_15_10_test_all
parkinglot_east_v4_frame_000020_153800000000,correct_empty,0,0,0,0.0,0.0,,/home/ruben/halmstad_ws/datasets/final/baylands_super_75_15_10/images/test/parkinglot_east_v4_frame_000020_153800000000.jpg,/home/ruben/halmstad_ws/models/obb/experiments/sam3_hybrid_full/runs/predictions/baylands-leader-v9b-patient-saveper/baylands_super_75_15_10_test_all
parkinglot_east_v4_frame_000021_157800000000,matched,1,1,1,0.882404,0.882404,0.946996,/home/ruben/halmstad_ws/datasets/final/baylands_super_75_15_10/images/test/parkinglot_east_v4_frame_000021_157800000000.jpg,/home/ruben/halmstad_ws/models/obb/experiments/sam3_hybrid_full/runs/predictions/baylands-leader-v9b-patient-saveper/baylands_super_75_15_10_test_all
parkinglot_east_v4_frame_000022_161800000000,matched,1,1,1,0.0,0.0,0.948393,/home/ruben/halmstad_ws/datasets/final/baylands_super_75_15_10/images/test/parkinglot_east_v4_frame_000022_161800000000.jpg,/home/ruben/halmstad_ws/models/obb/experiments/sam3_hybrid_full/runs/predictions/baylands-leader-v9b-patient-saveper/baylands_super_75_15_10_test_all
parkinglot_east_v4_frame_000023_165800000000,matched,1,1,1,0.911157,0.911157,0.945466,/home/ruben/halmstad_ws/datasets/final/baylands_super_75_15_10/images/test/parkinglot_east_v4_frame_000023_165800000000.jpg,/home/ruben/halmstad_ws/models/obb/experiments/sam3_hybrid_full/runs/predictions/baylands-leader-v9b-patient-saveper/baylands_super_75_15_10_test_all
parkinglot_east_v4_frame_000024_169800000000,matched,1,1,1,0.892933,0.892933,0.955453,/home/ruben/halmstad_ws/datasets/final/baylands_super_75_15_10/images/test/parkinglot_east_v4_frame_000024_169800000000.jpg,/home/ruben/halmstad_ws/models/obb/experiments/sam3_hybrid_full/runs/predictions/baylands-leader-v9b-patient-saveper/baylands_super_75_15_10_test_all
parkinglot_east_v4_frame_000025_173800000000,matched,1,1,1,0.906418,0.906418,0.944672,/home/ruben/halmstad_ws/datasets/final/baylands_super_75_15_10/images/test/parkinglot_east_v4_frame_000025_173800000000.jpg,/home/ruben/halmstad_ws/models/obb/experiments/sam3_hybrid_full/runs/predictions/baylands-leader-v9b-patient-saveper/baylands_super_75_15_10_test_all
parkinglot_east_v4_frame_000026_177900000000,matched,1,1,1,0.613735,0.613735,0.965455,/home/ruben/halmstad_ws/datasets/final/baylands_super_75_15_10/images/test/parkinglot_east_v4_frame_000026_177900000000.jpg,/home/ruben/halmstad_ws/models/obb/experiments/sam3_hybrid_full/runs/predictions/baylands-leader-v9b-patient-saveper/baylands_super_75_15_10_test_all
parkinglot_west_v1_frame_000144_224400000000,matched,1,1,1,0.872061,0.872061,0.883815,/home/ruben/halmstad_ws/datasets/final/baylands_super_75_15_10/images/test/parkinglot_west_v1_frame_000144_224400000000.jpg,/home/ruben/halmstad_ws/models/obb/experiments/sam3_hybrid_full/runs/predictions/baylands-leader-v9b-patient-saveper/baylands_super_75_15_10_test_all
parkinglot_west_v1_frame_000145_225400000000,matched,1,1,1,0.851882,0.851882,0.866799,/home/ruben/halmstad_ws/datasets/final/baylands_super_75_15_10/images/test/parkinglot_west_v1_frame_000145_225400000000.jpg,/home/ruben/halmstad_ws/models/obb/experiments/sam3_hybrid_full/runs/predictions/baylands-leader-v9b-patient-saveper/baylands_super_75_15_10_test_all
parkinglot_west_v1_frame_000149_229452000000,matched,1,1,1,0.880373,0.880373,0.899735,/home/ruben/halmstad_ws/datasets/final/baylands_super_75_15_10/images/test/parkinglot_west_v1_frame_000149_229452000000.jpg,/home/ruben/halmstad_ws/models/obb/experiments/sam3_hybrid_full/runs/predictions/baylands-leader-v9b-patient-saveper/baylands_super_75_15_10_test_all
parkinglot_west_v1_frame_000150_230500000000,matched,1,1,1,0.565363,0.565363,0.89996,/home/ruben/halmstad_ws/datasets/final/baylands_super_75_15_10/images/test/parkinglot_west_v1_frame_000150_230500000000.jpg,/home/ruben/halmstad_ws/models/obb/experiments/sam3_hybrid_full/runs/predictions/baylands-leader-v9b-patient-saveper/baylands_super_75_15_10_test_all
parkinglot_west_v1_frame_000159_239552000000,matched,1,1,1,0.833841,0.833841,0.94624,/home/ruben/halmstad_ws/datasets/final/baylands_super_75_15_10/images/test/parkinglot_west_v1_frame_000159_239552000000.jpg,/home/ruben/halmstad_ws/models/obb/experiments/sam3_hybrid_full/runs/predictions/baylands-leader-v9b-patient-saveper/baylands_super_75_15_10_test_all
parkinglot_west_v1_frame_000160_240552000000,matched,1,1,1,0.934057,0.934057,0.948173,/home/ruben/halmstad_ws/datasets/final/baylands_super_75_15_10/images/test/parkinglot_west_v1_frame_000160_240552000000.jpg,/home/ruben/halmstad_ws/models/obb/experiments/sam3_hybrid_full/runs/predictions/baylands-leader-v9b-patient-saveper/baylands_super_75_15_10_test_all
parkinglot_west_v1_frame_000161_241552000000,matched,1,1,1,0.938526,0.938526,0.946052,/home/ruben/halmstad_ws/datasets/final/baylands_super_75_15_10/images/test/parkinglot_west_v1_frame_000161_241552000000.jpg,/home/ruben/halmstad_ws/models/obb/experiments/sam3_hybrid_full/runs/predictions/baylands-leader-v9b-patient-saveper/baylands_super_75_15_10_test_all
parkinglot_west_v1_frame_000209_292500000000,matched,1,1,1,0.932383,0.932383,0.929021,/home/ruben/halmstad_ws/datasets/final/baylands_super_75_15_10/images/test/parkinglot_west_v1_frame_000209_292500000000.jpg,/home/ruben/halmstad_ws/models/obb/experiments/sam3_hybrid_full/runs/predictions/baylands-leader-v9b-patient-saveper/baylands_super_75_15_10_test_all
parkinglot_west_v1_frame_000210_293500000000,matched,1,1,1,0.882334,0.882334,0.894804,/home/ruben/halmstad_ws/datasets/final/baylands_super_75_15_10/images/test/parkinglot_west_v1_frame_000210_293500000000.jpg,/home/ruben/halmstad_ws/models/obb/experiments/sam3_hybrid_full/runs/predictions/baylands-leader-v9b-patient-saveper/baylands_super_75_15_10_test_all
parkinglot_west_v1_frame_000212_295552000000,matched,1,1,1,0.948948,0.948948,0.949026,/home/ruben/halmstad_ws/datasets/final/baylands_super_75_15_10/images/test/parkinglot_west_v1_frame_000212_295552000000.jpg,/home/ruben/halmstad_ws/models/obb/experiments/sam3_hybrid_full/runs/predictions/baylands-leader-v9b-patient-saveper/baylands_super_75_15_10_test_all
parkinglot_west_v1_frame_000214_297600000000,matched,1,1,1,0.596545,0.596545,0.948954,/home/ruben/halmstad_ws/datasets/final/baylands_super_75_15_10/images/test/parkinglot_west_v1_frame_000214_297600000000.jpg,/home/ruben/halmstad_ws/models/obb/experiments/sam3_hybrid_full/runs/predictions/baylands-leader-v9b-patient-saveper/baylands_super_75_15_10_test_all
parkinglot_west_v1_frame_000215_298600000000,matched,1,1,1,0.863856,0.863856,0.948442,/home/ruben/halmstad_ws/datasets/final/baylands_super_75_15_10/images/test/parkinglot_west_v1_frame_000215_298600000000.jpg,/home/ruben/halmstad_ws/models/obb/experiments/sam3_hybrid_full/runs/predictions/baylands-leader-v9b-patient-saveper/baylands_super_75_15_10_test_all
parkinglot_west_v1_frame_000217_300600000000,matched,1,1,1,0.77044,0.77044,0.942623,/home/ruben/halmstad_ws/datasets/final/baylands_super_75_15_10/images/test/parkinglot_west_v1_frame_000217_300600000000.jpg,/home/ruben/halmstad_ws/models/obb/experiments/sam3_hybrid_full/runs/predictions/baylands-leader-v9b-patient-saveper/baylands_super_75_15_10_test_all
parkinglot_west_v1_frame_000219_302652000000,matched,1,1,1,0.765225,0.765225,0.93889,/home/ruben/halmstad_ws/datasets/final/baylands_super_75_15_10/images/test/parkinglot_west_v1_frame_000219_302652000000.jpg,/home/ruben/halmstad_ws/models/obb/experiments/sam3_hybrid_full/runs/predictions/baylands-leader-v9b-patient-saveper/baylands_super_75_15_10_test_all
parkinglot_west_v1_frame_000220_303652000000,matched,1,1,1,0.896018,0.896018,0.924097,/home/ruben/halmstad_ws/datasets/final/baylands_super_75_15_10/images/test/parkinglot_west_v1_frame_000220_303652000000.jpg,/home/ruben/halmstad_ws/models/obb/experiments/sam3_hybrid_full/runs/predictions/baylands-leader-v9b-patient-saveper/baylands_super_75_15_10_test_all
parkinglot_west_v1_frame_000221_304652000000,matched,1,1,1,1.0,1.0,0.943825,/home/ruben/halmstad_ws/datasets/final/baylands_super_75_15_10/images/test/parkinglot_west_v1_frame_000221_304652000000.jpg,/home/ruben/halmstad_ws/models/obb/experiments/sam3_hybrid_full/runs/predictions/baylands-leader-v9b-patient-saveper/baylands_super_75_15_10_test_all
parkinglot_west_v1_frame_000225_308700000000,matched,1,1,1,0.898733,0.898733,0.858348,/home/ruben/halmstad_ws/datasets/final/baylands_super_75_15_10/images/test/parkinglot_west_v1_frame_000225_308700000000.jpg,/home/ruben/halmstad_ws/models/obb/experiments/sam3_hybrid_full/runs/predictions/baylands-leader-v9b-patient-saveper/baylands_super_75_15_10_test_all
parkinglot_west_v1_frame_000226_309752000000,matched,1,1,1,0.933104,0.933104,0.939721,/home/ruben/halmstad_ws/datasets/final/baylands_super_75_15_10/images/test/parkinglot_west_v1_frame_000226_309752000000.jpg,/home/ruben/halmstad_ws/models/obb/experiments/sam3_hybrid_full/runs/predictions/baylands-leader-v9b-patient-saveper/baylands_super_75_15_10_test_all
parkinglot_west_v2_frame_000139_228252000000,matched,1,1,1,0.866231,0.866231,0.923675,/home/ruben/halmstad_ws/datasets/final/baylands_super_75_15_10/images/test/parkinglot_west_v2_frame_000139_228252000000.jpg,/home/ruben/halmstad_ws/models/obb/experiments/sam3_hybrid_full/runs/predictions/baylands-leader-v9b-patient-saveper/baylands_super_75_15_10_test_all
parkinglot_west_v2_frame_000153_242352000000,matched,1,1,1,0.836037,0.836037,0.915651,/home/ruben/halmstad_ws/datasets/final/baylands_super_75_15_10/images/test/parkinglot_west_v2_frame_000153_242352000000.jpg,/home/ruben/halmstad_ws/models/obb/experiments/sam3_hybrid_full/runs/predictions/baylands-leader-v9b-patient-saveper/baylands_super_75_15_10_test_all
parkinglot_west_v2_frame_000154_243352000000,matched,1,1,1,0.830252,0.830252,0.912083,/home/ruben/halmstad_ws/datasets/final/baylands_super_75_15_10/images/test/parkinglot_west_v2_frame_000154_243352000000.jpg,/home/ruben/halmstad_ws/models/obb/experiments/sam3_hybrid_full/runs/predictions/baylands-leader-v9b-patient-saveper/baylands_super_75_15_10_test_all
parkinglot_west_v2_frame_000155_244352000000,matched,1,1,1,0.718194,0.718194,0.938651,/home/ruben/halmstad_ws/datasets/final/baylands_super_75_15_10/images/test/parkinglot_west_v2_frame_000155_244352000000.jpg,/home/ruben/halmstad_ws/models/obb/experiments/sam3_hybrid_full/runs/predictions/baylands-leader-v9b-patient-saveper/baylands_super_75_15_10_test_all
parkinglot_west_v3_frame_000138_229700000000,matched,1,1,1,0.707649,0.707649,0.912242,/home/ruben/halmstad_ws/datasets/final/baylands_super_75_15_10/images/test/parkinglot_west_v3_frame_000138_229700000000.jpg,/home/ruben/halmstad_ws/models/obb/experiments/sam3_hybrid_full/runs/predictions/baylands-leader-v9b-patient-saveper/baylands_super_75_15_10_test_all
parkinglot_west_v3_frame_000139_230700000000,matched,1,1,1,0.844184,0.844184,0.933051,/home/ruben/halmstad_ws/datasets/final/baylands_super_75_15_10/images/test/parkinglot_west_v3_frame_000139_230700000000.jpg,/home/ruben/halmstad_ws/models/obb/experiments/sam3_hybrid_full/runs/predictions/baylands-leader-v9b-patient-saveper/baylands_super_75_15_10_test_all
parkinglot_west_v3_frame_000140_231752000000,matched,1,1,1,0.540455,0.540455,0.925654,/home/ruben/halmstad_ws/datasets/final/baylands_super_75_15_10/images/test/parkinglot_west_v3_frame_000140_231752000000.jpg,/home/ruben/halmstad_ws/models/obb/experiments/sam3_hybrid_full/runs/predictions/baylands-leader-v9b-patient-saveper/baylands_super_75_15_10_test_all
parkinglot_west_v3_frame_000143_234800000000,matched,1,1,1,0.82436,0.82436,0.937787,/home/ruben/halmstad_ws/datasets/final/baylands_super_75_15_10/images/test/parkinglot_west_v3_frame_000143_234800000000.jpg,/home/ruben/halmstad_ws/models/obb/experiments/sam3_hybrid_full/runs/predictions/baylands-leader-v9b-patient-saveper/baylands_super_75_15_10_test_all
parkinglot_west_v3_frame_000145_236800000000,matched,1,1,1,0.890252,0.890252,0.937235,/home/ruben/halmstad_ws/datasets/final/baylands_super_75_15_10/images/test/parkinglot_west_v3_frame_000145_236800000000.jpg,/home/ruben/halmstad_ws/models/obb/experiments/sam3_hybrid_full/runs/predictions/baylands-leader-v9b-patient-saveper/baylands_super_75_15_10_test_all
parkinglot_west_v3_frame_000146_237800000000,matched,1,1,1,0.275257,0.275257,0.943746,/home/ruben/halmstad_ws/datasets/final/baylands_super_75_15_10/images/test/parkinglot_west_v3_frame_000146_237800000000.jpg,/home/ruben/halmstad_ws/models/obb/experiments/sam3_hybrid_full/runs/predictions/baylands-leader-v9b-patient-saveper/baylands_super_75_15_10_test_all
parkinglot_west_v3_frame_000147_238800000000,matched,1,1,1,0.951842,0.951842,0.940124,/home/ruben/halmstad_ws/datasets/final/baylands_super_75_15_10/images/test/parkinglot_west_v3_frame_000147_238800000000.jpg,/home/ruben/halmstad_ws/models/obb/experiments/sam3_hybrid_full/runs/predictions/baylands-leader-v9b-patient-saveper/baylands_super_75_15_10_test_all
parkinglot_west_v3_frame_000149_240800000000,matched,1,1,1,0.820468,0.820468,0.932295,/home/ruben/halmstad_ws/datasets/final/baylands_super_75_15_10/images/test/parkinglot_west_v3_frame_000149_240800000000.jpg,/home/ruben/halmstad_ws/models/obb/experiments/sam3_hybrid_full/runs/predictions/baylands-leader-v9b-patient-saveper/baylands_super_75_15_10_test_all
parkinglot_west_v3_frame_000150_241852000000,matched,1,1,1,0.880911,0.880911,0.940202,/home/ruben/halmstad_ws/datasets/final/baylands_super_75_15_10/images/test/parkinglot_west_v3_frame_000150_241852000000.jpg,/home/ruben/halmstad_ws/models/obb/experiments/sam3_hybrid_full/runs/predictions/baylands-leader-v9b-patient-saveper/baylands_super_75_15_10_test_all
parkinglot_west_v3_frame_000152_243852000000,matched,1,1,1,1.0,1.0,0.937251,/home/ruben/halmstad_ws/datasets/final/baylands_super_75_15_10/images/test/parkinglot_west_v3_frame_000152_243852000000.jpg,/home/ruben/halmstad_ws/models/obb/experiments/sam3_hybrid_full/runs/predictions/baylands-leader-v9b-patient-saveper/baylands_super_75_15_10_test_all
parkinglot_west_v3_frame_000198_290200000000,matched,1,1,1,0.863142,0.863142,0.931907,/home/ruben/halmstad_ws/datasets/final/baylands_super_75_15_10/images/test/parkinglot_west_v3_frame_000198_290200000000.jpg,/home/ruben/halmstad_ws/models/obb/experiments/sam3_hybrid_full/runs/predictions/baylands-leader-v9b-patient-saveper/baylands_super_75_15_10_test_all
parkinglot_west_v3_frame_000199_291252000000,matched,1,1,1,0.92343,0.92343,0.955055,/home/ruben/halmstad_ws/datasets/final/baylands_super_75_15_10/images/test/parkinglot_west_v3_frame_000199_291252000000.jpg,/home/ruben/halmstad_ws/models/obb/experiments/sam3_hybrid_full/runs/predictions/baylands-leader-v9b-patient-saveper/baylands_super_75_15_10_test_all
parkinglot_west_v3_frame_000200_292200000000,matched,1,1,1,0.936972,0.936972,0.950807,/home/ruben/halmstad_ws/datasets/final/baylands_super_75_15_10/images/test/parkinglot_west_v3_frame_000200_292200000000.jpg,/home/ruben/halmstad_ws/models/obb/experiments/sam3_hybrid_full/runs/predictions/baylands-leader-v9b-patient-saveper/baylands_super_75_15_10_test_all
parkinglot_west_v3_frame_000202_294252000000,matched,1,1,1,0.854109,0.854109,0.942506,/home/ruben/halmstad_ws/datasets/final/baylands_super_75_15_10/images/test/parkinglot_west_v3_frame_000202_294252000000.jpg,/home/ruben/halmstad_ws/models/obb/experiments/sam3_hybrid_full/runs/predictions/baylands-leader-v9b-patient-saveper/baylands_super_75_15_10_test_all
parkinglot_west_v3_frame_000203_295252000000,matched,1,1,1,0.50823,0.50823,0.944619,/home/ruben/halmstad_ws/datasets/final/baylands_super_75_15_10/images/test/parkinglot_west_v3_frame_000203_295252000000.jpg,/home/ruben/halmstad_ws/models/obb/experiments/sam3_hybrid_full/runs/predictions/baylands-leader-v9b-patient-saveper/baylands_super_75_15_10_test_all
parkinglot_west_v3_frame_000205_297252000000,matched,1,1,1,0.949881,0.949881,0.947756,/home/ruben/halmstad_ws/datasets/final/baylands_super_75_15_10/images/test/parkinglot_west_v3_frame_000205_297252000000.jpg,/home/ruben/halmstad_ws/models/obb/experiments/sam3_hybrid_full/runs/predictions/baylands-leader-v9b-patient-saveper/baylands_super_75_15_10_test_all
parkinglot_west_v3_frame_000206_298252000000,matched,1,1,1,0.92275,0.92275,0.94313,/home/ruben/halmstad_ws/datasets/final/baylands_super_75_15_10/images/test/parkinglot_west_v3_frame_000206_298252000000.jpg,/home/ruben/halmstad_ws/models/obb/experiments/sam3_hybrid_full/runs/predictions/baylands-leader-v9b-patient-saveper/baylands_super_75_15_10_test_all
parkinglot_west_v3_frame_000208_300252000000,matched,1,1,1,0.724968,0.724968,0.936645,/home/ruben/halmstad_ws/datasets/final/baylands_super_75_15_10/images/test/parkinglot_west_v3_frame_000208_300252000000.jpg,/home/ruben/halmstad_ws/models/obb/experiments/sam3_hybrid_full/runs/predictions/baylands-leader-v9b-patient-saveper/baylands_super_75_15_10_test_all
parkinglot_west_v3_frame_000209_301300000000,matched,1,1,1,0.837182,0.837182,0.930583,/home/ruben/halmstad_ws/datasets/final/baylands_super_75_15_10/images/test/parkinglot_west_v3_frame_000209_301300000000.jpg,/home/ruben/halmstad_ws/models/obb/experiments/sam3_hybrid_full/runs/predictions/baylands-leader-v9b-patient-saveper/baylands_super_75_15_10_test_all
parkinglot_west_v3_frame_000210_302300000000,matched,1,1,1,0.683811,0.683811,0.882521,/home/ruben/halmstad_ws/datasets/final/baylands_super_75_15_10/images/test/parkinglot_west_v3_frame_000210_302300000000.jpg,/home/ruben/halmstad_ws/models/obb/experiments/sam3_hybrid_full/runs/predictions/baylands-leader-v9b-patient-saveper/baylands_super_75_15_10_test_all
parkinglot_west_v3_frame_000212_304352000000,matched,1,1,1,0.762293,0.762293,0.900924,/home/ruben/halmstad_ws/datasets/final/baylands_super_75_15_10/images/test/parkinglot_west_v3_frame_000212_304352000000.jpg,/home/ruben/halmstad_ws/models/obb/experiments/sam3_hybrid_full/runs/predictions/baylands-leader-v9b-patient-saveper/baylands_super_75_15_10_test_all
parkinglot_west_v3_frame_000214_306352000000,matched,1,1,1,0.930542,0.930542,0.955297,/home/ruben/halmstad_ws/datasets/final/baylands_super_75_15_10/images/test/parkinglot_west_v3_frame_000214_306352000000.jpg,/home/ruben/halmstad_ws/models/obb/experiments/sam3_hybrid_full/runs/predictions/baylands-leader-v9b-patient-saveper/baylands_super_75_15_10_test_all
parkinglot_west_v5_frame_000027_225900000000,correct_empty,0,0,0,0.0,0.0,,/home/ruben/halmstad_ws/datasets/final/baylands_super_75_15_10/images/test/parkinglot_west_v5_frame_000027_225900000000.jpg,/home/ruben/halmstad_ws/models/obb/experiments/sam3_hybrid_full/runs/predictions/baylands-leader-v9b-patient-saveper/baylands_super_75_15_10_test_all
parkinglot_west_v5_frame_000029_233900000000,matched,1,1,1,0.892451,0.892451,0.962731,/home/ruben/halmstad_ws/datasets/final/baylands_super_75_15_10/images/test/parkinglot_west_v5_frame_000029_233900000000.jpg,/home/ruben/halmstad_ws/models/obb/experiments/sam3_hybrid_full/runs/predictions/baylands-leader-v9b-patient-saveper/baylands_super_75_15_10_test_all
parkinglot_west_v5_frame_000030_237900000000,correct_empty,0,0,0,0.0,0.0,,/home/ruben/halmstad_ws/datasets/final/baylands_super_75_15_10/images/test/parkinglot_west_v5_frame_000030_237900000000.jpg,/home/ruben/halmstad_ws/models/obb/experiments/sam3_hybrid_full/runs/predictions/baylands-leader-v9b-patient-saveper/baylands_super_75_15_10_test_all
parkinglot_west_v5_frame_000031_241900000000,correct_empty,0,0,0,0.0,0.0,,/home/ruben/halmstad_ws/datasets/final/baylands_super_75_15_10/images/test/parkinglot_west_v5_frame_000031_241900000000.jpg,/home/ruben/halmstad_ws/models/obb/experiments/sam3_hybrid_full/runs/predictions/baylands-leader-v9b-patient-saveper/baylands_super_75_15_10_test_all
parkinglot_west_v5_frame_000044_294100000000,correct_empty,0,0,0,0.0,0.0,,/home/ruben/halmstad_ws/datasets/final/baylands_super_75_15_10/images/test/parkinglot_west_v5_frame_000044_294100000000.jpg,/home/ruben/halmstad_ws/models/obb/experiments/sam3_hybrid_full/runs/predictions/baylands-leader-v9b-patient-saveper/baylands_super_75_15_10_test_all
parkinglot_west_v5_frame_000046_302100000000,false_positive_empty,0,1,0,0.0,0.0,0.419958,/home/ruben/halmstad_ws/datasets/final/baylands_super_75_15_10/images/test/parkinglot_west_v5_frame_000046_302100000000.jpg,/home/ruben/halmstad_ws/models/obb/experiments/sam3_hybrid_full/runs/predictions/baylands-leader-v9b-patient-saveper/baylands_super_75_15_10_test_all
road_to_east_v1_frame_000159_234300000000,matched,1,1,1,0.917335,0.917335,0.932991,/home/ruben/halmstad_ws/datasets/final/baylands_super_75_15_10/images/test/road_to_east_v1_frame_000159_234300000000.jpg,/home/ruben/halmstad_ws/models/obb/experiments/sam3_hybrid_full/runs/predictions/baylands-leader-v9b-patient-saveper/baylands_super_75_15_10_test_all
road_to_east_v1_frame_000160_235300000000,matched,1,1,1,0.881683,0.881683,0.924443,/home/ruben/halmstad_ws/datasets/final/baylands_super_75_15_10/images/test/road_to_east_v1_frame_000160_235300000000.jpg,/home/ruben/halmstad_ws/models/obb/experiments/sam3_hybrid_full/runs/predictions/baylands-leader-v9b-patient-saveper/baylands_super_75_15_10_test_all
road_to_east_v1_frame_000161_236300000000,matched,1,1,1,0.880803,0.880803,0.920715,/home/ruben/halmstad_ws/datasets/final/baylands_super_75_15_10/images/test/road_to_east_v1_frame_000161_236300000000.jpg,/home/ruben/halmstad_ws/models/obb/experiments/sam3_hybrid_full/runs/predictions/baylands-leader-v9b-patient-saveper/baylands_super_75_15_10_test_all
road_to_east_v1_frame_000169_244352000000,matched,1,1,1,0.801518,0.801518,0.912176,/home/ruben/halmstad_ws/datasets/final/baylands_super_75_15_10/images/test/road_to_east_v1_frame_000169_244352000000.jpg,/home/ruben/halmstad_ws/models/obb/experiments/sam3_hybrid_full/runs/predictions/baylands-leader-v9b-patient-saveper/baylands_super_75_15_10_test_all
road_to_east_v1_frame_000170_245352000000,matched,1,1,1,0.868365,0.868365,0.941683,/home/ruben/halmstad_ws/datasets/final/baylands_super_75_15_10/images/test/road_to_east_v1_frame_000170_245352000000.jpg,/home/ruben/halmstad_ws/models/obb/experiments/sam3_hybrid_full/runs/predictions/baylands-leader-v9b-patient-saveper/baylands_super_75_15_10_test_all
road_to_east_v1_frame_000172_247400000000,matched,1,1,1,0.854288,0.854288,0.885463,/home/ruben/halmstad_ws/datasets/final/baylands_super_75_15_10/images/test/road_to_east_v1_frame_000172_247400000000.jpg,/home/ruben/halmstad_ws/models/obb/experiments/sam3_hybrid_full/runs/predictions/baylands-leader-v9b-patient-saveper/baylands_super_75_15_10_test_all
road_to_east_v1_frame_000209_284752000000,matched,1,1,1,0.894214,0.894214,0.88065,/home/ruben/halmstad_ws/datasets/final/baylands_super_75_15_10/images/test/road_to_east_v1_frame_000209_284752000000.jpg,/home/ruben/halmstad_ws/models/obb/experiments/sam3_hybrid_full/runs/predictions/baylands-leader-v9b-patient-saveper/baylands_super_75_15_10_test_all
road_to_east_v1_frame_000215_291100000000,matched,1,1,1,0.890332,0.890332,0.953264,/home/ruben/halmstad_ws/datasets/final/baylands_super_75_15_10/images/test/road_to_east_v1_frame_000215_291100000000.jpg,/home/ruben/halmstad_ws/models/obb/experiments/sam3_hybrid_full/runs/predictions/baylands-leader-v9b-patient-saveper/baylands_super_75_15_10_test_all
road_to_east_v1_frame_000216_292100000000,matched,1,1,1,0.791615,0.791615,0.944964,/home/ruben/halmstad_ws/datasets/final/baylands_super_75_15_10/images/test/road_to_east_v1_frame_000216_292100000000.jpg,/home/ruben/halmstad_ws/models/obb/experiments/sam3_hybrid_full/runs/predictions/baylands-leader-v9b-patient-saveper/baylands_super_75_15_10_test_all
road_to_east_v1_frame_000217_293100000000,matched,1,1,1,0.817437,0.817437,0.90356,/home/ruben/halmstad_ws/datasets/final/baylands_super_75_15_10/images/test/road_to_east_v1_frame_000217_293100000000.jpg,/home/ruben/halmstad_ws/models/obb/experiments/sam3_hybrid_full/runs/predictions/baylands-leader-v9b-patient-saveper/baylands_super_75_15_10_test_all
road_to_east_v1_frame_000219_295100000000,matched,1,1,1,0.800223,0.800223,0.914756,/home/ruben/halmstad_ws/datasets/final/baylands_super_75_15_10/images/test/road_to_east_v1_frame_000219_295100000000.jpg,/home/ruben/halmstad_ws/models/obb/experiments/sam3_hybrid_full/runs/predictions/baylands-leader-v9b-patient-saveper/baylands_super_75_15_10_test_all
road_to_east_v1_frame_000224_300152000000,matched,1,1,1,0.719696,0.719696,0.863351,/home/ruben/halmstad_ws/datasets/final/baylands_super_75_15_10/images/test/road_to_east_v1_frame_000224_300152000000.jpg,/home/ruben/halmstad_ws/models/obb/experiments/sam3_hybrid_full/runs/predictions/baylands-leader-v9b-patient-saveper/baylands_super_75_15_10_test_all
road_to_east_v1_frame_000225_301152000000,matched,1,1,1,0.808874,0.808874,0.895867,/home/ruben/halmstad_ws/datasets/final/baylands_super_75_15_10/images/test/road_to_east_v1_frame_000225_301152000000.jpg,/home/ruben/halmstad_ws/models/obb/experiments/sam3_hybrid_full/runs/predictions/baylands-leader-v9b-patient-saveper/baylands_super_75_15_10_test_all
road_to_east_v1_frame_000232_308200000000,matched,1,1,1,0.901162,0.901162,0.923018,/home/ruben/halmstad_ws/datasets/final/baylands_super_75_15_10/images/test/road_to_east_v1_frame_000232_308200000000.jpg,/home/ruben/halmstad_ws/models/obb/experiments/sam3_hybrid_full/runs/predictions/baylands-leader-v9b-patient-saveper/baylands_super_75_15_10_test_all
road_to_east_v1_frame_000233_309200000000,matched,1,1,1,0.946239,0.946239,0.91237,/home/ruben/halmstad_ws/datasets/final/baylands_super_75_15_10/images/test/road_to_east_v1_frame_000233_309200000000.jpg,/home/ruben/halmstad_ws/models/obb/experiments/sam3_hybrid_full/runs/predictions/baylands-leader-v9b-patient-saveper/baylands_super_75_15_10_test_all
road_to_east_v1_frame_000239_315252000000,matched,1,1,1,0.761752,0.761752,0.951721,/home/ruben/halmstad_ws/datasets/final/baylands_super_75_15_10/images/test/road_to_east_v1_frame_000239_315252000000.jpg,/home/ruben/halmstad_ws/models/obb/experiments/sam3_hybrid_full/runs/predictions/baylands-leader-v9b-patient-saveper/baylands_super_75_15_10_test_all
road_to_east_v2_frame_000118_236352000000,matched,1,1,1,0.804754,0.804754,0.952762,/home/ruben/halmstad_ws/datasets/final/baylands_super_75_15_10/images/test/road_to_east_v2_frame_000118_236352000000.jpg,/home/ruben/halmstad_ws/models/obb/experiments/sam3_hybrid_full/runs/predictions/baylands-leader-v9b-patient-saveper/baylands_super_75_15_10_test_all
road_to_east_v2_frame_000119_237400000000,matched,1,1,1,0.891196,0.891196,0.94914,/home/ruben/halmstad_ws/datasets/final/baylands_super_75_15_10/images/test/road_to_east_v2_frame_000119_237400000000.jpg,/home/ruben/halmstad_ws/models/obb/experiments/sam3_hybrid_full/runs/predictions/baylands-leader-v9b-patient-saveper/baylands_super_75_15_10_test_all
road_to_east_v2_frame_000120_238400000000,matched,1,1,1,0.686754,0.686754,0.951418,/home/ruben/halmstad_ws/datasets/final/baylands_super_75_15_10/images/test/road_to_east_v2_frame_000120_238400000000.jpg,/home/ruben/halmstad_ws/models/obb/experiments/sam3_hybrid_full/runs/predictions/baylands-leader-v9b-patient-saveper/baylands_super_75_15_10_test_all
road_to_east_v2_frame_000122_240400000000,matched,1,1,1,0.884691,0.884691,0.943174,/home/ruben/halmstad_ws/datasets/final/baylands_super_75_15_10/images/test/road_to_east_v2_frame_000122_240400000000.jpg,/home/ruben/halmstad_ws/models/obb/experiments/sam3_hybrid_full/runs/predictions/baylands-leader-v9b-patient-saveper/baylands_super_75_15_10_test_all
road_to_east_v2_frame_000123_241400000000,matched,1,1,1,0.644456,0.644456,0.946122,/home/ruben/halmstad_ws/datasets/final/baylands_super_75_15_10/images/test/road_to_east_v2_frame_000123_241400000000.jpg,/home/ruben/halmstad_ws/models/obb/experiments/sam3_hybrid_full/runs/predictions/baylands-leader-v9b-patient-saveper/baylands_super_75_15_10_test_all
road_to_east_v2_frame_000124_242400000000,matched,1,1,1,0.909874,0.909874,0.95887,/home/ruben/halmstad_ws/datasets/final/baylands_super_75_15_10/images/test/road_to_east_v2_frame_000124_242400000000.jpg,/home/ruben/halmstad_ws/models/obb/experiments/sam3_hybrid_full/runs/predictions/baylands-leader-v9b-patient-saveper/baylands_super_75_15_10_test_all
road_to_east_v2_frame_000125_243400000000,matched,1,1,1,0.931524,0.931524,0.946736,/home/ruben/halmstad_ws/datasets/final/baylands_super_75_15_10/images/test/road_to_east_v2_frame_000125_243400000000.jpg,/home/ruben/halmstad_ws/models/obb/experiments/sam3_hybrid_full/runs/predictions/baylands-leader-v9b-patient-saveper/baylands_super_75_15_10_test_all
road_to_east_v2_frame_000129_248000000000,matched,1,1,1,0.843978,0.843978,0.938286,/home/ruben/halmstad_ws/datasets/final/baylands_super_75_15_10/images/test/road_to_east_v2_frame_000129_248000000000.jpg,/home/ruben/halmstad_ws/models/obb/experiments/sam3_hybrid_full/runs/predictions/baylands-leader-v9b-patient-saveper/baylands_super_75_15_10_test_all
road_to_east_v2_frame_000165_289052000000,matched,1,1,1,0.873542,0.873542,0.917477,/home/ruben/halmstad_ws/datasets/final/baylands_super_75_15_10/images/test/road_to_east_v2_frame_000165_289052000000.jpg,/home/ruben/halmstad_ws/models/obb/experiments/sam3_hybrid_full/runs/predictions/baylands-leader-v9b-patient-saveper/baylands_super_75_15_10_test_all
road_to_east_v2_frame_000171_295100000000,correct_empty,0,0,0,0.0,0.0,,/home/ruben/halmstad_ws/datasets/final/baylands_super_75_15_10/images/test/road_to_east_v2_frame_000171_295100000000.jpg,/home/ruben/halmstad_ws/models/obb/experiments/sam3_hybrid_full/runs/predictions/baylands-leader-v9b-patient-saveper/baylands_super_75_15_10_test_all
road_to_east_v2_frame_000175_301652000000,correct_empty,0,0,0,0.0,0.0,,/home/ruben/halmstad_ws/datasets/final/baylands_super_75_15_10/images/test/road_to_east_v2_frame_000175_301652000000.jpg,/home/ruben/halmstad_ws/models/obb/experiments/sam3_hybrid_full/runs/predictions/baylands-leader-v9b-patient-saveper/baylands_super_75_15_10_test_all
road_to_east_v2_frame_000179_305752000000,matched,1,1,1,0.778409,0.778409,0.927198,/home/ruben/halmstad_ws/datasets/final/baylands_super_75_15_10/images/test/road_to_east_v2_frame_000179_305752000000.jpg,/home/ruben/halmstad_ws/models/obb/experiments/sam3_hybrid_full/runs/predictions/baylands-leader-v9b-patient-saveper/baylands_super_75_15_10_test_all
road_to_east_v2_frame_000183_310200000000,correct_empty,0,0,0,0.0,0.0,,/home/ruben/halmstad_ws/datasets/final/baylands_super_75_15_10/images/test/road_to_east_v2_frame_000183_310200000000.jpg,/home/ruben/halmstad_ws/models/obb/experiments/sam3_hybrid_full/runs/predictions/baylands-leader-v9b-patient-saveper/baylands_super_75_15_10_test_all
road_to_east_v2_frame_000185_312252000000,matched,1,1,1,0.80042,0.80042,0.871288,/home/ruben/halmstad_ws/datasets/final/baylands_super_75_15_10/images/test/road_to_east_v2_frame_000185_312252000000.jpg,/home/ruben/halmstad_ws/models/obb/experiments/sam3_hybrid_full/runs/predictions/baylands-leader-v9b-patient-saveper/baylands_super_75_15_10_test_all
road_to_east_v2_frame_000187_314252000000,matched,1,1,1,0.673493,0.673493,0.894037,/home/ruben/halmstad_ws/datasets/final/baylands_super_75_15_10/images/test/road_to_east_v2_frame_000187_314252000000.jpg,/home/ruben/halmstad_ws/models/obb/experiments/sam3_hybrid_full/runs/predictions/baylands-leader-v9b-patient-saveper/baylands_super_75_15_10_test_all
road_to_east_v4_frame_000025_234400000000,matched,1,1,1,0.588706,0.588706,0.846124,/home/ruben/halmstad_ws/datasets/final/baylands_super_75_15_10/images/test/road_to_east_v4_frame_000025_234400000000.jpg,/home/ruben/halmstad_ws/models/obb/experiments/sam3_hybrid_full/runs/predictions/baylands-leader-v9b-patient-saveper/baylands_super_75_15_10_test_all
road_to_east_v4_frame_000026_238500000000,matched,1,1,1,0.914329,0.914329,0.944631,/home/ruben/halmstad_ws/datasets/final/baylands_super_75_15_10/images/test/road_to_east_v4_frame_000026_238500000000.jpg,/home/ruben/halmstad_ws/models/obb/experiments/sam3_hybrid_full/runs/predictions/baylands-leader-v9b-patient-saveper/baylands_super_75_15_10_test_all
road_to_east_v4_frame_000027_242500000000,correct_empty,0,0,0,0.0,0.0,,/home/ruben/halmstad_ws/datasets/final/baylands_super_75_15_10/images/test/road_to_east_v4_frame_000027_242500000000.jpg,/home/ruben/halmstad_ws/models/obb/experiments/sam3_hybrid_full/runs/predictions/baylands-leader-v9b-patient-saveper/baylands_super_75_15_10_test_all
road_to_east_v4_frame_000028_246500000000,matched,1,1,1,0.455741,0.455741,0.846494,/home/ruben/halmstad_ws/datasets/final/baylands_super_75_15_10/images/test/road_to_east_v4_frame_000028_246500000000.jpg,/home/ruben/halmstad_ws/models/obb/experiments/sam3_hybrid_full/runs/predictions/baylands-leader-v9b-patient-saveper/baylands_super_75_15_10_test_all
road_to_east_v4_frame_000029_250500000000,matched,1,1,1,0.87942,0.87942,0.94762,/home/ruben/halmstad_ws/datasets/final/baylands_super_75_15_10/images/test/road_to_east_v4_frame_000029_250500000000.jpg,/home/ruben/halmstad_ws/models/obb/experiments/sam3_hybrid_full/runs/predictions/baylands-leader-v9b-patient-saveper/baylands_super_75_15_10_test_all
road_to_east_v4_frame_000038_286600000000,matched,1,1,1,0.927136,0.927136,0.948295,/home/ruben/halmstad_ws/datasets/final/baylands_super_75_15_10/images/test/road_to_east_v4_frame_000038_286600000000.jpg,/home/ruben/halmstad_ws/models/obb/experiments/sam3_hybrid_full/runs/predictions/baylands-leader-v9b-patient-saveper/baylands_super_75_15_10_test_all
road_to_east_v4_frame_000039_290600000000,matched,1,1,1,0.919571,0.919571,0.95602,/home/ruben/halmstad_ws/datasets/final/baylands_super_75_15_10/images/test/road_to_east_v4_frame_000039_290600000000.jpg,/home/ruben/halmstad_ws/models/obb/experiments/sam3_hybrid_full/runs/predictions/baylands-leader-v9b-patient-saveper/baylands_super_75_15_10_test_all
road_to_east_v5_frame_000135_237752000000,matched,1,1,1,0.935639,0.935639,0.869512,/home/ruben/halmstad_ws/datasets/final/baylands_super_75_15_10/images/test/road_to_east_v5_frame_000135_237752000000.jpg,/home/ruben/halmstad_ws/models/obb/experiments/sam3_hybrid_full/runs/predictions/baylands-leader-v9b-patient-saveper/baylands_super_75_15_10_test_all
road_to_east_v5_frame_000136_238752000000,matched,1,1,1,0.944533,0.944533,0.966328,/home/ruben/halmstad_ws/datasets/final/baylands_super_75_15_10/images/test/road_to_east_v5_frame_000136_238752000000.jpg,/home/ruben/halmstad_ws/models/obb/experiments/sam3_hybrid_full/runs/predictions/baylands-leader-v9b-patient-saveper/baylands_super_75_15_10_test_all
road_to_east_v5_frame_000137_239752000000,matched,1,1,1,0.862302,0.862302,0.963146,/home/ruben/halmstad_ws/datasets/final/baylands_super_75_15_10/images/test/road_to_east_v5_frame_000137_239752000000.jpg,/home/ruben/halmstad_ws/models/obb/experiments/sam3_hybrid_full/runs/predictions/baylands-leader-v9b-patient-saveper/baylands_super_75_15_10_test_all
road_to_east_v5_frame_000138_240752000000,matched,1,1,1,0.705424,0.705424,0.945347,/home/ruben/halmstad_ws/datasets/final/baylands_super_75_15_10/images/test/road_to_east_v5_frame_000138_240752000000.jpg,/home/ruben/halmstad_ws/models/obb/experiments/sam3_hybrid_full/runs/predictions/baylands-leader-v9b-patient-saveper/baylands_super_75_15_10_test_all
road_to_east_v5_frame_000144_246800000000,matched,1,1,1,0.525602,0.525602,0.926957,/home/ruben/halmstad_ws/datasets/final/baylands_super_75_15_10/images/test/road_to_east_v5_frame_000144_246800000000.jpg,/home/ruben/halmstad_ws/models/obb/experiments/sam3_hybrid_full/runs/predictions/baylands-leader-v9b-patient-saveper/baylands_super_75_15_10_test_all
road_to_east_v5_frame_000146_248800000000,matched,1,1,1,0.865683,0.865683,0.947138,/home/ruben/halmstad_ws/datasets/final/baylands_super_75_15_10/images/test/road_to_east_v5_frame_000146_248800000000.jpg,/home/ruben/halmstad_ws/models/obb/experiments/sam3_hybrid_full/runs/predictions/baylands-leader-v9b-patient-saveper/baylands_super_75_15_10_test_all
road_to_east_v5_frame_000179_286800000000,matched,1,1,1,0.572162,0.572162,0.839707,/home/ruben/halmstad_ws/datasets/final/baylands_super_75_15_10/images/test/road_to_east_v5_frame_000179_286800000000.jpg,/home/ruben/halmstad_ws/models/obb/experiments/sam3_hybrid_full/runs/predictions/baylands-leader-v9b-patient-saveper/baylands_super_75_15_10_test_all
road_to_east_v5_frame_000180_287800000000,matched,1,1,1,0.897126,0.897126,0.945037,/home/ruben/halmstad_ws/datasets/final/baylands_super_75_15_10/images/test/road_to_east_v5_frame_000180_287800000000.jpg,/home/ruben/halmstad_ws/models/obb/experiments/sam3_hybrid_full/runs/predictions/baylands-leader-v9b-patient-saveper/baylands_super_75_15_10_test_all
road_to_east_v5_frame_000190_297952000000,matched,1,1,1,0.681048,0.681048,0.928463,/home/ruben/halmstad_ws/datasets/final/baylands_super_75_15_10/images/test/road_to_east_v5_frame_000190_297952000000.jpg,/home/ruben/halmstad_ws/models/obb/experiments/sam3_hybrid_full/runs/predictions/baylands-leader-v9b-patient-saveper/baylands_super_75_15_10_test_all
road_to_east_v5_frame_000191_298952000000,matched,1,1,1,0.94879,0.94879,0.949967,/home/ruben/halmstad_ws/datasets/final/baylands_super_75_15_10/images/test/road_to_east_v5_frame_000191_298952000000.jpg,/home/ruben/halmstad_ws/models/obb/experiments/sam3_hybrid_full/runs/predictions/baylands-leader-v9b-patient-saveper/baylands_super_75_15_10_test_all
road_to_east_v5_frame_000199_311400000000,matched,1,1,1,0.658401,0.658401,0.89408,/home/ruben/halmstad_ws/datasets/final/baylands_super_75_15_10/images/test/road_to_east_v5_frame_000199_311400000000.jpg,/home/ruben/halmstad_ws/models/obb/experiments/sam3_hybrid_full/runs/predictions/baylands-leader-v9b-patient-saveper/baylands_super_75_15_10_test_all
road_to_east_v5_frame_000201_314552000000,matched,1,1,1,0.911412,0.911412,0.927007,/home/ruben/halmstad_ws/datasets/final/baylands_super_75_15_10/images/test/road_to_east_v5_frame_000201_314552000000.jpg,/home/ruben/halmstad_ws/models/obb/experiments/sam3_hybrid_full/runs/predictions/baylands-leader-v9b-patient-saveper/baylands_super_75_15_10_test_all
road_to_spawn_v1_frame_000114_195300000000,matched,1,1,1,0.0,0.0,0.949746,/home/ruben/halmstad_ws/datasets/final/baylands_super_75_15_10/images/test/road_to_spawn_v1_frame_000114_195300000000.jpg,/home/ruben/halmstad_ws/models/obb/experiments/sam3_hybrid_full/runs/predictions/baylands-leader-v9b-patient-saveper/baylands_super_75_15_10_test_all
road_to_spawn_v1_frame_000118_199300000000,matched,1,1,1,0.536231,0.536231,0.914965,/home/ruben/halmstad_ws/datasets/final/baylands_super_75_15_10/images/test/road_to_spawn_v1_frame_000118_199300000000.jpg,/home/ruben/halmstad_ws/models/obb/experiments/sam3_hybrid_full/runs/predictions/baylands-leader-v9b-patient-saveper/baylands_super_75_15_10_test_all
road_to_spawn_v1_frame_000119_200300000000,matched,1,1,1,0.37563,0.37563,0.921919,/home/ruben/halmstad_ws/datasets/final/baylands_super_75_15_10/images/test/road_to_spawn_v1_frame_000119_200300000000.jpg,/home/ruben/halmstad_ws/models/obb/experiments/sam3_hybrid_full/runs/predictions/baylands-leader-v9b-patient-saveper/baylands_super_75_15_10_test_all
road_to_spawn_v1_frame_000120_201300000000,matched,1,1,1,0.651874,0.651874,0.915707,/home/ruben/halmstad_ws/datasets/final/baylands_super_75_15_10/images/test/road_to_spawn_v1_frame_000120_201300000000.jpg,/home/ruben/halmstad_ws/models/obb/experiments/sam3_hybrid_full/runs/predictions/baylands-leader-v9b-patient-saveper/baylands_super_75_15_10_test_all
road_to_spawn_v1_frame_000122_203352000000,matched,1,1,1,0.85751,0.85751,0.931421,/home/ruben/halmstad_ws/datasets/final/baylands_super_75_15_10/images/test/road_to_spawn_v1_frame_000122_203352000000.jpg,/home/ruben/halmstad_ws/models/obb/experiments/sam3_hybrid_full/runs/predictions/baylands-leader-v9b-patient-saveper/baylands_super_75_15_10_test_all
road_to_spawn_v2_frame_000020_198100000000,matched,1,1,1,0.921996,0.921996,0.939995,/home/ruben/halmstad_ws/datasets/final/baylands_super_75_15_10/images/test/road_to_spawn_v2_frame_000020_198100000000.jpg,/home/ruben/halmstad_ws/models/obb/experiments/sam3_hybrid_full/runs/predictions/baylands-leader-v9b-patient-saveper/baylands_super_75_15_10_test_all
road_to_spawn_v2_frame_000021_202100000000,matched,1,1,1,0.927847,0.927847,0.943277,/home/ruben/halmstad_ws/datasets/final/baylands_super_75_15_10/images/test/road_to_spawn_v2_frame_000021_202100000000.jpg,/home/ruben/halmstad_ws/models/obb/experiments/sam3_hybrid_full/runs/predictions/baylands-leader-v9b-patient-saveper/baylands_super_75_15_10_test_all
road_to_spawn_v3_frame_000115_196200000000,matched,1,1,1,0.558796,0.558796,0.467534,/home/ruben/halmstad_ws/datasets/final/baylands_super_75_15_10/images/test/road_to_spawn_v3_frame_000115_196200000000.jpg,/home/ruben/halmstad_ws/models/obb/experiments/sam3_hybrid_full/runs/predictions/baylands-leader-v9b-patient-saveper/baylands_super_75_15_10_test_all
road_to_spawn_v3_frame_000116_197152000000,matched,1,1,1,0.916085,0.916085,0.955373,/home/ruben/halmstad_ws/datasets/final/baylands_super_75_15_10/images/test/road_to_spawn_v3_frame_000116_197152000000.jpg,/home/ruben/halmstad_ws/models/obb/experiments/sam3_hybrid_full/runs/predictions/baylands-leader-v9b-patient-saveper/baylands_super_75_15_10_test_all
road_to_spawn_v3_frame_000117_198200000000,matched,1,1,1,0.870545,0.870545,0.954876,/home/ruben/halmstad_ws/datasets/final/baylands_super_75_15_10/images/test/road_to_spawn_v3_frame_000117_198200000000.jpg,/home/ruben/halmstad_ws/models/obb/experiments/sam3_hybrid_full/runs/predictions/baylands-leader-v9b-patient-saveper/baylands_super_75_15_10_test_all
road_to_spawn_v3_frame_000118_199200000000,matched,1,1,1,0.975531,0.975531,0.955373,/home/ruben/halmstad_ws/datasets/final/baylands_super_75_15_10/images/test/road_to_spawn_v3_frame_000118_199200000000.jpg,/home/ruben/halmstad_ws/models/obb/experiments/sam3_hybrid_full/runs/predictions/baylands-leader-v9b-patient-saveper/baylands_super_75_15_10_test_all
road_to_spawn_v3_frame_000119_200200000000,matched,1,1,1,0.848822,0.848822,0.950959,/home/ruben/halmstad_ws/datasets/final/baylands_super_75_15_10/images/test/road_to_spawn_v3_frame_000119_200200000000.jpg,/home/ruben/halmstad_ws/models/obb/experiments/sam3_hybrid_full/runs/predictions/baylands-leader-v9b-patient-saveper/baylands_super_75_15_10_test_all
road_to_spawn_v3_frame_000120_201200000000,matched,1,1,1,0.881923,0.881923,0.944028,/home/ruben/halmstad_ws/datasets/final/baylands_super_75_15_10/images/test/road_to_spawn_v3_frame_000120_201200000000.jpg,/home/ruben/halmstad_ws/models/obb/experiments/sam3_hybrid_full/runs/predictions/baylands-leader-v9b-patient-saveper/baylands_super_75_15_10_test_all
road_to_spawn_v3_frame_000122_203252000000,matched,1,1,1,0.896327,0.896327,0.899761,/home/ruben/halmstad_ws/datasets/final/baylands_super_75_15_10/images/test/road_to_spawn_v3_frame_000122_203252000000.jpg,/home/ruben/halmstad_ws/models/obb/experiments/sam3_hybrid_full/runs/predictions/baylands-leader-v9b-patient-saveper/baylands_super_75_15_10_test_all
road_to_spawn_v3_frame_000125_206252000000,matched,1,1,1,0.809756,0.809756,0.922345,/home/ruben/halmstad_ws/datasets/final/baylands_super_75_15_10/images/test/road_to_spawn_v3_frame_000125_206252000000.jpg,/home/ruben/halmstad_ws/models/obb/experiments/sam3_hybrid_full/runs/predictions/baylands-leader-v9b-patient-saveper/baylands_super_75_15_10_test_all
road_to_spawn_v3_frame_000126_207300000000,matched,1,1,1,0.852795,0.852795,0.941471,/home/ruben/halmstad_ws/datasets/final/baylands_super_75_15_10/images/test/road_to_spawn_v3_frame_000126_207300000000.jpg,/home/ruben/halmstad_ws/models/obb/experiments/sam3_hybrid_full/runs/predictions/baylands-leader-v9b-patient-saveper/baylands_super_75_15_10_test_all
road_to_spawn_v5_frame_000128_195500000000,matched,1,1,1,0.937098,0.937098,0.966437,/home/ruben/halmstad_ws/datasets/final/baylands_super_75_15_10/images/test/road_to_spawn_v5_frame_000128_195500000000.jpg,/home/ruben/halmstad_ws/models/obb/experiments/sam3_hybrid_full/runs/predictions/baylands-leader-v9b-patient-saveper/baylands_super_75_15_10_test_all
road_to_spawn_v5_frame_000129_196500000000,matched,1,1,1,0.902527,0.902527,0.963833,/home/ruben/halmstad_ws/datasets/final/baylands_super_75_15_10/images/test/road_to_spawn_v5_frame_000129_196500000000.jpg,/home/ruben/halmstad_ws/models/obb/experiments/sam3_hybrid_full/runs/predictions/baylands-leader-v9b-patient-saveper/baylands_super_75_15_10_test_all
road_to_spawn_v5_frame_000130_197500000000,matched,1,1,1,0.875688,0.875688,0.960134,/home/ruben/halmstad_ws/datasets/final/baylands_super_75_15_10/images/test/road_to_spawn_v5_frame_000130_197500000000.jpg,/home/ruben/halmstad_ws/models/obb/experiments/sam3_hybrid_full/runs/predictions/baylands-leader-v9b-patient-saveper/baylands_super_75_15_10_test_all
road_to_spawn_v5_frame_000133_200552000000,matched,1,1,1,0.927255,0.927255,0.966793,/home/ruben/halmstad_ws/datasets/final/baylands_super_75_15_10/images/test/road_to_spawn_v5_frame_000133_200552000000.jpg,/home/ruben/halmstad_ws/models/obb/experiments/sam3_hybrid_full/runs/predictions/baylands-leader-v9b-patient-saveper/baylands_super_75_15_10_test_all
road_to_spawn_v5_frame_000134_201552000000,matched,1,1,1,0.90149,0.90149,0.967292,/home/ruben/halmstad_ws/datasets/final/baylands_super_75_15_10/images/test/road_to_spawn_v5_frame_000134_201552000000.jpg,/home/ruben/halmstad_ws/models/obb/experiments/sam3_hybrid_full/runs/predictions/baylands-leader-v9b-patient-saveper/baylands_super_75_15_10_test_all
road_to_spawn_v5_frame_000135_202552000000,matched,1,1,1,0.949723,0.949723,0.964421,/home/ruben/halmstad_ws/datasets/final/baylands_super_75_15_10/images/test/road_to_spawn_v5_frame_000135_202552000000.jpg,/home/ruben/halmstad_ws/models/obb/experiments/sam3_hybrid_full/runs/predictions/baylands-leader-v9b-patient-saveper/baylands_super_75_15_10_test_all
road_to_spawn_v5_frame_000136_203600000000,matched,1,1,1,0.969247,0.969247,0.957654,/home/ruben/halmstad_ws/datasets/final/baylands_super_75_15_10/images/test/road_to_spawn_v5_frame_000136_203600000000.jpg,/home/ruben/halmstad_ws/models/obb/experiments/sam3_hybrid_full/runs/predictions/baylands-leader-v9b-patient-saveper/baylands_super_75_15_10_test_all
road_to_spawn_v5_frame_000138_205600000000,matched,1,1,1,0.934671,0.934671,0.963182,/home/ruben/halmstad_ws/datasets/final/baylands_super_75_15_10/images/test/road_to_spawn_v5_frame_000138_205600000000.jpg,/home/ruben/halmstad_ws/models/obb/experiments/sam3_hybrid_full/runs/predictions/baylands-leader-v9b-patient-saveper/baylands_super_75_15_10_test_all
road_to_spawn_v5_frame_000139_206600000000,matched,1,1,1,0.908335,0.908335,0.962641,/home/ruben/halmstad_ws/datasets/final/baylands_super_75_15_10/images/test/road_to_spawn_v5_frame_000139_206600000000.jpg,/home/ruben/halmstad_ws/models/obb/experiments/sam3_hybrid_full/runs/predictions/baylands-leader-v9b-patient-saveper/baylands_super_75_15_10_test_all
road_to_strip_v1_frame_000101_273800000000,matched,1,1,1,0.6829,0.6829,0.935065,/home/ruben/halmstad_ws/datasets/final/baylands_super_75_15_10/images/test/road_to_strip_v1_frame_000101_273800000000.jpg,/home/ruben/halmstad_ws/models/obb/experiments/sam3_hybrid_full/runs/predictions/baylands-leader-v9b-patient-saveper/baylands_super_75_15_10_test_all
road_to_strip_v1_frame_000119_291952000000,matched,1,1,1,0.916495,0.916495,0.949809,/home/ruben/halmstad_ws/datasets/final/baylands_super_75_15_10/images/test/road_to_strip_v1_frame_000119_291952000000.jpg,/home/ruben/halmstad_ws/models/obb/experiments/sam3_hybrid_full/runs/predictions/baylands-leader-v9b-patient-saveper/baylands_super_75_15_10_test_all
road_to_strip_v1_frame_000120_293000000000,matched,1,1,1,0.720909,0.720909,0.944508,/home/ruben/halmstad_ws/datasets/final/baylands_super_75_15_10/images/test/road_to_strip_v1_frame_000120_293000000000.jpg,/home/ruben/halmstad_ws/models/obb/experiments/sam3_hybrid_full/runs/predictions/baylands-leader-v9b-patient-saveper/baylands_super_75_15_10_test_all
road_to_strip_v1_frame_000122_295000000000,matched,1,1,1,0.664438,0.664438,0.936195,/home/ruben/halmstad_ws/datasets/final/baylands_super_75_15_10/images/test/road_to_strip_v1_frame_000122_295000000000.jpg,/home/ruben/halmstad_ws/models/obb/experiments/sam3_hybrid_full/runs/predictions/baylands-leader-v9b-patient-saveper/baylands_super_75_15_10_test_all
road_to_strip_v1_frame_000123_296000000000,matched,1,1,1,0.755328,0.755328,0.931776,/home/ruben/halmstad_ws/datasets/final/baylands_super_75_15_10/images/test/road_to_strip_v1_frame_000123_296000000000.jpg,/home/ruben/halmstad_ws/models/obb/experiments/sam3_hybrid_full/runs/predictions/baylands-leader-v9b-patient-saveper/baylands_super_75_15_10_test_all
road_to_strip_v1_frame_000124_297000000000,matched,1,1,1,0.919532,0.919532,0.926854,/home/ruben/halmstad_ws/datasets/final/baylands_super_75_15_10/images/test/road_to_strip_v1_frame_000124_297000000000.jpg,/home/ruben/halmstad_ws/models/obb/experiments/sam3_hybrid_full/runs/predictions/baylands-leader-v9b-patient-saveper/baylands_super_75_15_10_test_all
road_to_strip_v2_frame_000083_145452000000,matched,1,1,1,0.93731,0.93731,0.960291,/home/ruben/halmstad_ws/datasets/final/baylands_super_75_15_10/images/test/road_to_strip_v2_frame_000083_145452000000.jpg,/home/ruben/halmstad_ws/models/obb/experiments/sam3_hybrid_full/runs/predictions/baylands-leader-v9b-patient-saveper/baylands_super_75_15_10_test_all
road_to_strip_v2_frame_000084_146452000000,matched,1,1,1,0.931132,0.931132,0.616313,/home/ruben/halmstad_ws/datasets/final/baylands_super_75_15_10/images/test/road_to_strip_v2_frame_000084_146452000000.jpg,/home/ruben/halmstad_ws/models/obb/experiments/sam3_hybrid_full/runs/predictions/baylands-leader-v9b-patient-saveper/baylands_super_75_15_10_test_all
road_to_strip_v2_frame_000085_147452000000,matched,1,1,1,0.687004,0.687004,0.948419,/home/ruben/halmstad_ws/datasets/final/baylands_super_75_15_10/images/test/road_to_strip_v2_frame_000085_147452000000.jpg,/home/ruben/halmstad_ws/models/obb/experiments/sam3_hybrid_full/runs/predictions/baylands-leader-v9b-patient-saveper/baylands_super_75_15_10_test_all
road_to_strip_v2_frame_000086_148452000000,matched,1,1,1,0.950463,0.950463,0.959139,/home/ruben/halmstad_ws/datasets/final/baylands_super_75_15_10/images/test/road_to_strip_v2_frame_000086_148452000000.jpg,/home/ruben/halmstad_ws/models/obb/experiments/sam3_hybrid_full/runs/predictions/baylands-leader-v9b-patient-saveper/baylands_super_75_15_10_test_all
road_to_strip_v2_frame_000087_149452000000,matched,1,1,1,0.872467,0.872467,0.940307,/home/ruben/halmstad_ws/datasets/final/baylands_super_75_15_10/images/test/road_to_strip_v2_frame_000087_149452000000.jpg,/home/ruben/halmstad_ws/models/obb/experiments/sam3_hybrid_full/runs/predictions/baylands-leader-v9b-patient-saveper/baylands_super_75_15_10_test_all
road_to_strip_v2_frame_000088_150500000000,matched,1,1,1,0.921245,0.921245,0.956269,/home/ruben/halmstad_ws/datasets/final/baylands_super_75_15_10/images/test/road_to_strip_v2_frame_000088_150500000000.jpg,/home/ruben/halmstad_ws/models/obb/experiments/sam3_hybrid_full/runs/predictions/baylands-leader-v9b-patient-saveper/baylands_super_75_15_10_test_all
road_to_strip_v2_frame_000089_151500000000,matched,1,1,1,0.92928,0.92928,0.955449,/home/ruben/halmstad_ws/datasets/final/baylands_super_75_15_10/images/test/road_to_strip_v2_frame_000089_151500000000.jpg,/home/ruben/halmstad_ws/models/obb/experiments/sam3_hybrid_full/runs/predictions/baylands-leader-v9b-patient-saveper/baylands_super_75_15_10_test_all
road_to_strip_v2_frame_000090_152552000000,matched,1,1,1,0.88999,0.88999,0.950682,/home/ruben/halmstad_ws/datasets/final/baylands_super_75_15_10/images/test/road_to_strip_v2_frame_000090_152552000000.jpg,/home/ruben/halmstad_ws/models/obb/experiments/sam3_hybrid_full/runs/predictions/baylands-leader-v9b-patient-saveper/baylands_super_75_15_10_test_all
road_to_strip_v2_frame_000091_153552000000,matched,1,1,1,0.914999,0.914999,0.929252,/home/ruben/halmstad_ws/datasets/final/baylands_super_75_15_10/images/test/road_to_strip_v2_frame_000091_153552000000.jpg,/home/ruben/halmstad_ws/models/obb/experiments/sam3_hybrid_full/runs/predictions/baylands-leader-v9b-patient-saveper/baylands_super_75_15_10_test_all
road_to_strip_v2_frame_000092_154552000000,correct_empty,0,0,0,0.0,0.0,,/home/ruben/halmstad_ws/datasets/final/baylands_super_75_15_10/images/test/road_to_strip_v2_frame_000092_154552000000.jpg,/home/ruben/halmstad_ws/models/obb/experiments/sam3_hybrid_full/runs/predictions/baylands-leader-v9b-patient-saveper/baylands_super_75_15_10_test_all
road_to_strip_v2_frame_000093_155552000000,correct_empty,0,0,0,0.0,0.0,,/home/ruben/halmstad_ws/datasets/final/baylands_super_75_15_10/images/test/road_to_strip_v2_frame_000093_155552000000.jpg,/home/ruben/halmstad_ws/models/obb/experiments/sam3_hybrid_full/runs/predictions/baylands-leader-v9b-patient-saveper/baylands_super_75_15_10_test_all
road_to_strip_v2_frame_000094_156600000000,matched,1,1,1,0.687098,0.687098,0.868377,/home/ruben/halmstad_ws/datasets/final/baylands_super_75_15_10/images/test/road_to_strip_v2_frame_000094_156600000000.jpg,/home/ruben/halmstad_ws/models/obb/experiments/sam3_hybrid_full/runs/predictions/baylands-leader-v9b-patient-saveper/baylands_super_75_15_10_test_all
road_to_strip_v2_frame_000095_157600000000,correct_empty,0,0,0,0.0,0.0,,/home/ruben/halmstad_ws/datasets/final/baylands_super_75_15_10/images/test/road_to_strip_v2_frame_000095_157600000000.jpg,/home/ruben/halmstad_ws/models/obb/experiments/sam3_hybrid_full/runs/predictions/baylands-leader-v9b-patient-saveper/baylands_super_75_15_10_test_all
road_to_strip_v2_frame_000096_158600000000,correct_empty,0,0,0,0.0,0.0,,/home/ruben/halmstad_ws/datasets/final/baylands_super_75_15_10/images/test/road_to_strip_v2_frame_000096_158600000000.jpg,/home/ruben/halmstad_ws/models/obb/experiments/sam3_hybrid_full/runs/predictions/baylands-leader-v9b-patient-saveper/baylands_super_75_15_10_test_all
road_to_strip_v2_frame_000097_159652000000,correct_empty,0,0,0,0.0,0.0,,/home/ruben/halmstad_ws/datasets/final/baylands_super_75_15_10/images/test/road_to_strip_v2_frame_000097_159652000000.jpg,/home/ruben/halmstad_ws/models/obb/experiments/sam3_hybrid_full/runs/predictions/baylands-leader-v9b-patient-saveper/baylands_super_75_15_10_test_all
road_to_strip_v3_frame_000041_145952000000,matched,1,1,1,0.926414,0.926414,0.948144,/home/ruben/halmstad_ws/datasets/final/baylands_super_75_15_10/images/test/road_to_strip_v3_frame_000041_145952000000.jpg,/home/ruben/halmstad_ws/models/obb/experiments/sam3_hybrid_full/runs/predictions/baylands-leader-v9b-patient-saveper/baylands_super_75_15_10_test_all
road_to_strip_v3_frame_000047_152000000000,matched,1,1,1,0.915329,0.915329,0.960779,/home/ruben/halmstad_ws/datasets/final/baylands_super_75_15_10/images/test/road_to_strip_v3_frame_000047_152000000000.jpg,/home/ruben/halmstad_ws/models/obb/experiments/sam3_hybrid_full/runs/predictions/baylands-leader-v9b-patient-saveper/baylands_super_75_15_10_test_all
road_to_strip_v3_frame_000049_154052000000,matched,1,1,1,0.911546,0.911546,0.95137,/home/ruben/halmstad_ws/datasets/final/baylands_super_75_15_10/images/test/road_to_strip_v3_frame_000049_154052000000.jpg,/home/ruben/halmstad_ws/models/obb/experiments/sam3_hybrid_full/runs/predictions/baylands-leader-v9b-patient-saveper/baylands_super_75_15_10_test_all
road_to_strip_v3_frame_000050_155052000000,matched,1,1,1,0.924351,0.924351,0.962337,/home/ruben/halmstad_ws/datasets/final/baylands_super_75_15_10/images/test/road_to_strip_v3_frame_000050_155052000000.jpg,/home/ruben/halmstad_ws/models/obb/experiments/sam3_hybrid_full/runs/predictions/baylands-leader-v9b-patient-saveper/baylands_super_75_15_10_test_all
road_to_strip_v3_frame_000051_156100000000,matched,1,1,1,0.948532,0.948532,0.964923,/home/ruben/halmstad_ws/datasets/final/baylands_super_75_15_10/images/test/road_to_strip_v3_frame_000051_156100000000.jpg,/home/ruben/halmstad_ws/models/obb/experiments/sam3_hybrid_full/runs/predictions/baylands-leader-v9b-patient-saveper/baylands_super_75_15_10_test_all
road_to_strip_v3_frame_000052_157100000000,matched,1,1,1,0.90373,0.90373,0.953907,/home/ruben/halmstad_ws/datasets/final/baylands_super_75_15_10/images/test/road_to_strip_v3_frame_000052_157100000000.jpg,/home/ruben/halmstad_ws/models/obb/experiments/sam3_hybrid_full/runs/predictions/baylands-leader-v9b-patient-saveper/baylands_super_75_15_10_test_all
road_to_strip_v3_frame_000053_158100000000,matched,1,1,1,0.898557,0.898557,0.947828,/home/ruben/halmstad_ws/datasets/final/baylands_super_75_15_10/images/test/road_to_strip_v3_frame_000053_158100000000.jpg,/home/ruben/halmstad_ws/models/obb/experiments/sam3_hybrid_full/runs/predictions/baylands-leader-v9b-patient-saveper/baylands_super_75_15_10_test_all
road_to_strip_v3_frame_000056_161152000000,matched,1,1,1,0.929947,0.929947,0.949829,/home/ruben/halmstad_ws/datasets/final/baylands_super_75_15_10/images/test/road_to_strip_v3_frame_000056_161152000000.jpg,/home/ruben/halmstad_ws/models/obb/experiments/sam3_hybrid_full/runs/predictions/baylands-leader-v9b-patient-saveper/baylands_super_75_15_10_test_all
road_to_strip_v3_frame_000142_263800000000,matched,1,1,1,0.931495,0.931495,0.964311,/home/ruben/halmstad_ws/datasets/final/baylands_super_75_15_10/images/test/road_to_strip_v3_frame_000142_263800000000.jpg,/home/ruben/halmstad_ws/models/obb/experiments/sam3_hybrid_full/runs/predictions/baylands-leader-v9b-patient-saveper/baylands_super_75_15_10_test_all
road_to_strip_v3_frame_000143_264800000000,matched,1,1,1,0.931168,0.931168,0.966816,/home/ruben/halmstad_ws/datasets/final/baylands_super_75_15_10/images/test/road_to_strip_v3_frame_000143_264800000000.jpg,/home/ruben/halmstad_ws/models/obb/experiments/sam3_hybrid_full/runs/predictions/baylands-leader-v9b-patient-saveper/baylands_super_75_15_10_test_all
road_to_strip_v3_frame_000145_266852000000,matched,1,1,1,0.941365,0.941365,0.964019,/home/ruben/halmstad_ws/datasets/final/baylands_super_75_15_10/images/test/road_to_strip_v3_frame_000145_266852000000.jpg,/home/ruben/halmstad_ws/models/obb/experiments/sam3_hybrid_full/runs/predictions/baylands-leader-v9b-patient-saveper/baylands_super_75_15_10_test_all
road_to_strip_v3_frame_000147_268852000000,matched,1,1,1,0.877587,0.877587,0.961823,/home/ruben/halmstad_ws/datasets/final/baylands_super_75_15_10/images/test/road_to_strip_v3_frame_000147_268852000000.jpg,/home/ruben/halmstad_ws/models/obb/experiments/sam3_hybrid_full/runs/predictions/baylands-leader-v9b-patient-saveper/baylands_super_75_15_10_test_all
road_to_strip_v3_frame_000148_269900000000,matched,1,1,1,0.682067,0.682067,0.837194,/home/ruben/halmstad_ws/datasets/final/baylands_super_75_15_10/images/test/road_to_strip_v3_frame_000148_269900000000.jpg,/home/ruben/halmstad_ws/models/obb/experiments/sam3_hybrid_full/runs/predictions/baylands-leader-v9b-patient-saveper/baylands_super_75_15_10_test_all
road_to_strip_v3_frame_000150_278400000000,matched,1,1,1,0.863557,0.863557,0.938058,/home/ruben/halmstad_ws/datasets/final/baylands_super_75_15_10/images/test/road_to_strip_v3_frame_000150_278400000000.jpg,/home/ruben/halmstad_ws/models/obb/experiments/sam3_hybrid_full/runs/predictions/baylands-leader-v9b-patient-saveper/baylands_super_75_15_10_test_all
road_to_strip_v3_frame_000152_280400000000,matched,1,1,1,0.886735,0.886735,0.944331,/home/ruben/halmstad_ws/datasets/final/baylands_super_75_15_10/images/test/road_to_strip_v3_frame_000152_280400000000.jpg,/home/ruben/halmstad_ws/models/obb/experiments/sam3_hybrid_full/runs/predictions/baylands-leader-v9b-patient-saveper/baylands_super_75_15_10_test_all
road_to_strip_v3_frame_000153_281452000000,matched,1,1,1,0.784828,0.784828,0.926977,/home/ruben/halmstad_ws/datasets/final/baylands_super_75_15_10/images/test/road_to_strip_v3_frame_000153_281452000000.jpg,/home/ruben/halmstad_ws/models/obb/experiments/sam3_hybrid_full/runs/predictions/baylands-leader-v9b-patient-saveper/baylands_super_75_15_10_test_all
road_to_strip_v3_frame_000155_283452000000,matched,1,1,1,0.607557,0.607557,0.823748,/home/ruben/halmstad_ws/datasets/final/baylands_super_75_15_10/images/test/road_to_strip_v3_frame_000155_283452000000.jpg,/home/ruben/halmstad_ws/models/obb/experiments/sam3_hybrid_full/runs/predictions/baylands-leader-v9b-patient-saveper/baylands_super_75_15_10_test_all
road_to_strip_v3_frame_000156_284452000000,matched,1,1,1,0.533162,0.533162,0.913056,/home/ruben/halmstad_ws/datasets/final/baylands_super_75_15_10/images/test/road_to_strip_v3_frame_000156_284452000000.jpg,/home/ruben/halmstad_ws/models/obb/experiments/sam3_hybrid_full/runs/predictions/baylands-leader-v9b-patient-saveper/baylands_super_75_15_10_test_all
road_to_strip_v3_frame_000157_285452000000,matched,1,1,1,0.927046,0.927046,0.437017,/home/ruben/halmstad_ws/datasets/final/baylands_super_75_15_10/images/test/road_to_strip_v3_frame_000157_285452000000.jpg,/home/ruben/halmstad_ws/models/obb/experiments/sam3_hybrid_full/runs/predictions/baylands-leader-v9b-patient-saveper/baylands_super_75_15_10_test_all
road_to_strip_v3_frame_000158_286452000000,matched,1,1,1,0.758056,0.758056,0.948106,/home/ruben/halmstad_ws/datasets/final/baylands_super_75_15_10/images/test/road_to_strip_v3_frame_000158_286452000000.jpg,/home/ruben/halmstad_ws/models/obb/experiments/sam3_hybrid_full/runs/predictions/baylands-leader-v9b-patient-saveper/baylands_super_75_15_10_test_all
road_to_strip_v3_frame_000159_287452000000,matched,1,1,1,0.783188,0.783188,0.918007,/home/ruben/halmstad_ws/datasets/final/baylands_super_75_15_10/images/test/road_to_strip_v3_frame_000159_287452000000.jpg,/home/ruben/halmstad_ws/models/obb/experiments/sam3_hybrid_full/runs/predictions/baylands-leader-v9b-patient-saveper/baylands_super_75_15_10_test_all
road_to_strip_v3_frame_000160_288452000000,matched,1,1,1,0.794298,0.794298,0.929765,/home/ruben/halmstad_ws/datasets/final/baylands_super_75_15_10/images/test/road_to_strip_v3_frame_000160_288452000000.jpg,/home/ruben/halmstad_ws/models/obb/experiments/sam3_hybrid_full/runs/predictions/baylands-leader-v9b-patient-saveper/baylands_super_75_15_10_test_all
road_to_strip_v3_frame_000161_289500000000,matched,1,1,1,0.472661,0.472661,0.772577,/home/ruben/halmstad_ws/datasets/final/baylands_super_75_15_10/images/test/road_to_strip_v3_frame_000161_289500000000.jpg,/home/ruben/halmstad_ws/models/obb/experiments/sam3_hybrid_full/runs/predictions/baylands-leader-v9b-patient-saveper/baylands_super_75_15_10_test_all
road_to_strip_v3_frame_000163_291552000000,matched,1,1,1,0.78409,0.78409,0.87794,/home/ruben/halmstad_ws/datasets/final/baylands_super_75_15_10/images/test/road_to_strip_v3_frame_000163_291552000000.jpg,/home/ruben/halmstad_ws/models/obb/experiments/sam3_hybrid_full/runs/predictions/baylands-leader-v9b-patient-saveper/baylands_super_75_15_10_test_all
road_to_strip_v3_frame_000164_292552000000,matched,1,1,1,0.916765,0.916765,0.970078,/home/ruben/halmstad_ws/datasets/final/baylands_super_75_15_10/images/test/road_to_strip_v3_frame_000164_292552000000.jpg,/home/ruben/halmstad_ws/models/obb/experiments/sam3_hybrid_full/runs/predictions/baylands-leader-v9b-patient-saveper/baylands_super_75_15_10_test_all
road_to_strip_v3_frame_000166_294552000000,matched,1,1,1,0.889124,0.889124,0.967235,/home/ruben/halmstad_ws/datasets/final/baylands_super_75_15_10/images/test/road_to_strip_v3_frame_000166_294552000000.jpg,/home/ruben/halmstad_ws/models/obb/experiments/sam3_hybrid_full/runs/predictions/baylands-leader-v9b-patient-saveper/baylands_super_75_15_10_test_all
road_to_strip_v3_frame_000167_295552000000,matched,1,1,1,0.893037,0.893037,0.949203,/home/ruben/halmstad_ws/datasets/final/baylands_super_75_15_10/images/test/road_to_strip_v3_frame_000167_295552000000.jpg,/home/ruben/halmstad_ws/models/obb/experiments/sam3_hybrid_full/runs/predictions/baylands-leader-v9b-patient-saveper/baylands_super_75_15_10_test_all
road_to_strip_v4_frame_000022_145300000000,matched,1,1,1,0.854498,0.854498,0.935032,/home/ruben/halmstad_ws/datasets/final/baylands_super_75_15_10/images/test/road_to_strip_v4_frame_000022_145300000000.jpg,/home/ruben/halmstad_ws/models/obb/experiments/sam3_hybrid_full/runs/predictions/baylands-leader-v9b-patient-saveper/baylands_super_75_15_10_test_all
road_to_strip_v4_frame_000025_157300000000,correct_empty,0,0,0,0.0,0.0,,/home/ruben/halmstad_ws/datasets/final/baylands_super_75_15_10/images/test/road_to_strip_v4_frame_000025_157300000000.jpg,/home/ruben/halmstad_ws/models/obb/experiments/sam3_hybrid_full/runs/predictions/baylands-leader-v9b-patient-saveper/baylands_super_75_15_10_test_all
road_to_west_v1_frame_000021_119652000000,matched,1,1,1,0.918124,0.918124,0.956094,/home/ruben/halmstad_ws/datasets/final/baylands_super_75_15_10/images/test/road_to_west_v1_frame_000021_119652000000.jpg,/home/ruben/halmstad_ws/models/obb/experiments/sam3_hybrid_full/runs/predictions/baylands-leader-v9b-patient-saveper/baylands_super_75_15_10_test_all
road_to_west_v1_frame_000023_121652000000,matched,1,1,1,0.898223,0.898223,0.966482,/home/ruben/halmstad_ws/datasets/final/baylands_super_75_15_10/images/test/road_to_west_v1_frame_000023_121652000000.jpg,/home/ruben/halmstad_ws/models/obb/experiments/sam3_hybrid_full/runs/predictions/baylands-leader-v9b-patient-saveper/baylands_super_75_15_10_test_all
road_to_west_v1_frame_000024_122652000000,matched,1,1,1,0.827055,0.827055,0.939789,/home/ruben/halmstad_ws/datasets/final/baylands_super_75_15_10/images/test/road_to_west_v1_frame_000024_122652000000.jpg,/home/ruben/halmstad_ws/models/obb/experiments/sam3_hybrid_full/runs/predictions/baylands-leader-v9b-patient-saveper/baylands_super_75_15_10_test_all
road_to_west_v1_frame_000029_127700000000,matched,1,1,1,0.707858,0.707858,0.915461,/home/ruben/halmstad_ws/datasets/final/baylands_super_75_15_10/images/test/road_to_west_v1_frame_000029_127700000000.jpg,/home/ruben/halmstad_ws/models/obb/experiments/sam3_hybrid_full/runs/predictions/baylands-leader-v9b-patient-saveper/baylands_super_75_15_10_test_all
road_to_west_v1_frame_000030_128700000000,matched,1,1,1,0.957473,0.957473,0.901921,/home/ruben/halmstad_ws/datasets/final/baylands_super_75_15_10/images/test/road_to_west_v1_frame_000030_128700000000.jpg,/home/ruben/halmstad_ws/models/obb/experiments/sam3_hybrid_full/runs/predictions/baylands-leader-v9b-patient-saveper/baylands_super_75_15_10_test_all
road_to_west_v1_frame_000031_129700000000,matched,1,1,1,0.767615,0.767615,0.906266,/home/ruben/halmstad_ws/datasets/final/baylands_super_75_15_10/images/test/road_to_west_v1_frame_000031_129700000000.jpg,/home/ruben/halmstad_ws/models/obb/experiments/sam3_hybrid_full/runs/predictions/baylands-leader-v9b-patient-saveper/baylands_super_75_15_10_test_all
road_to_west_v1_frame_000033_131752000000,matched,1,1,1,0.751436,0.751436,0.895335,/home/ruben/halmstad_ws/datasets/final/baylands_super_75_15_10/images/test/road_to_west_v1_frame_000033_131752000000.jpg,/home/ruben/halmstad_ws/models/obb/experiments/sam3_hybrid_full/runs/predictions/baylands-leader-v9b-patient-saveper/baylands_super_75_15_10_test_all
road_to_west_v1_frame_000034_132752000000,matched,1,1,1,0.896135,0.896135,0.941594,/home/ruben/halmstad_ws/datasets/final/baylands_super_75_15_10/images/test/road_to_west_v1_frame_000034_132752000000.jpg,/home/ruben/halmstad_ws/models/obb/experiments/sam3_hybrid_full/runs/predictions/baylands-leader-v9b-patient-saveper/baylands_super_75_15_10_test_all
road_to_west_v1_frame_000035_133752000000,matched,1,1,1,0.845831,0.845831,0.942115,/home/ruben/halmstad_ws/datasets/final/baylands_super_75_15_10/images/test/road_to_west_v1_frame_000035_133752000000.jpg,/home/ruben/halmstad_ws/models/obb/experiments/sam3_hybrid_full/runs/predictions/baylands-leader-v9b-patient-saveper/baylands_super_75_15_10_test_all
road_to_west_v1_frame_000037_135800000000,matched,1,1,1,0.829395,0.829395,0.942609,/home/ruben/halmstad_ws/datasets/final/baylands_super_75_15_10/images/test/road_to_west_v1_frame_000037_135800000000.jpg,/home/ruben/halmstad_ws/models/obb/experiments/sam3_hybrid_full/runs/predictions/baylands-leader-v9b-patient-saveper/baylands_super_75_15_10_test_all
road_to_west_v1_frame_000039_137800000000,matched,1,1,1,0.926111,0.926111,0.942629,/home/ruben/halmstad_ws/datasets/final/baylands_super_75_15_10/images/test/road_to_west_v1_frame_000039_137800000000.jpg,/home/ruben/halmstad_ws/models/obb/experiments/sam3_hybrid_full/runs/predictions/baylands-leader-v9b-patient-saveper/baylands_super_75_15_10_test_all
road_to_west_v1_frame_000040_138800000000,matched,1,1,1,0.858728,0.858728,0.939859,/home/ruben/halmstad_ws/datasets/final/baylands_super_75_15_10/images/test/road_to_west_v1_frame_000040_138800000000.jpg,/home/ruben/halmstad_ws/models/obb/experiments/sam3_hybrid_full/runs/predictions/baylands-leader-v9b-patient-saveper/baylands_super_75_15_10_test_all
road_to_west_v1_frame_000041_139800000000,matched,1,1,1,0.922301,0.922301,0.942098,/home/ruben/halmstad_ws/datasets/final/baylands_super_75_15_10/images/test/road_to_west_v1_frame_000041_139800000000.jpg,/home/ruben/halmstad_ws/models/obb/experiments/sam3_hybrid_full/runs/predictions/baylands-leader-v9b-patient-saveper/baylands_super_75_15_10_test_all
road_to_west_v1_frame_000043_141800000000,multi_prediction,1,2,1,0.572397,0.572397,0.852111,/home/ruben/halmstad_ws/datasets/final/baylands_super_75_15_10/images/test/road_to_west_v1_frame_000043_141800000000.jpg,/home/ruben/halmstad_ws/models/obb/experiments/sam3_hybrid_full/runs/predictions/baylands-leader-v9b-patient-saveper/baylands_super_75_15_10_test_all
road_to_west_v1_frame_000046_144800000000,multi_prediction,1,2,1,0.77751,0.77751,0.512357,/home/ruben/halmstad_ws/datasets/final/baylands_super_75_15_10/images/test/road_to_west_v1_frame_000046_144800000000.jpg,/home/ruben/halmstad_ws/models/obb/experiments/sam3_hybrid_full/runs/predictions/baylands-leader-v9b-patient-saveper/baylands_super_75_15_10_test_all
road_to_west_v2_frame_000058_119700000000,matched,1,1,1,0.897581,0.897581,0.950819,/home/ruben/halmstad_ws/datasets/final/baylands_super_75_15_10/images/test/road_to_west_v2_frame_000058_119700000000.jpg,/home/ruben/halmstad_ws/models/obb/experiments/sam3_hybrid_full/runs/predictions/baylands-leader-v9b-patient-saveper/baylands_super_75_15_10_test_all
road_to_west_v2_frame_000060_121800000000,matched,1,1,1,0.906748,0.906748,0.953465,/home/ruben/halmstad_ws/datasets/final/baylands_super_75_15_10/images/test/road_to_west_v2_frame_000060_121800000000.jpg,/home/ruben/halmstad_ws/models/obb/experiments/sam3_hybrid_full/runs/predictions/baylands-leader-v9b-patient-saveper/baylands_super_75_15_10_test_all
road_to_west_v2_frame_000061_122800000000,matched,1,1,1,0.744192,0.744192,0.948948,/home/ruben/halmstad_ws/datasets/final/baylands_super_75_15_10/images/test/road_to_west_v2_frame_000061_122800000000.jpg,/home/ruben/halmstad_ws/models/obb/experiments/sam3_hybrid_full/runs/predictions/baylands-leader-v9b-patient-saveper/baylands_super_75_15_10_test_all
road_to_west_v2_frame_000067_128800000000,correct_empty,0,0,0,0.0,0.0,,/home/ruben/halmstad_ws/datasets/final/baylands_super_75_15_10/images/test/road_to_west_v2_frame_000067_128800000000.jpg,/home/ruben/halmstad_ws/models/obb/experiments/sam3_hybrid_full/runs/predictions/baylands-leader-v9b-patient-saveper/baylands_super_75_15_10_test_all
road_to_west_v2_frame_000068_129800000000,matched,1,1,1,0.744931,0.744931,0.874423,/home/ruben/halmstad_ws/datasets/final/baylands_super_75_15_10/images/test/road_to_west_v2_frame_000068_129800000000.jpg,/home/ruben/halmstad_ws/models/obb/experiments/sam3_hybrid_full/runs/predictions/baylands-leader-v9b-patient-saveper/baylands_super_75_15_10_test_all
road_to_west_v2_frame_000069_130900000000,matched,1,1,1,0.788672,0.788672,0.948135,/home/ruben/halmstad_ws/datasets/final/baylands_super_75_15_10/images/test/road_to_west_v2_frame_000069_130900000000.jpg,/home/ruben/halmstad_ws/models/obb/experiments/sam3_hybrid_full/runs/predictions/baylands-leader-v9b-patient-saveper/baylands_super_75_15_10_test_all
road_to_west_v2_frame_000070_131900000000,matched,1,1,1,0.908487,0.908487,0.937055,/home/ruben/halmstad_ws/datasets/final/baylands_super_75_15_10/images/test/road_to_west_v2_frame_000070_131900000000.jpg,/home/ruben/halmstad_ws/models/obb/experiments/sam3_hybrid_full/runs/predictions/baylands-leader-v9b-patient-saveper/baylands_super_75_15_10_test_all
road_to_west_v2_frame_000075_139500000000,matched,1,1,1,0.704502,0.704502,0.922344,/home/ruben/halmstad_ws/datasets/final/baylands_super_75_15_10/images/test/road_to_west_v2_frame_000075_139500000000.jpg,/home/ruben/halmstad_ws/models/obb/experiments/sam3_hybrid_full/runs/predictions/baylands-leader-v9b-patient-saveper/baylands_super_75_15_10_test_all
road_to_west_v2_frame_000076_140500000000,matched,1,1,1,0.932363,0.932363,0.943146,/home/ruben/halmstad_ws/datasets/final/baylands_super_75_15_10/images/test/road_to_west_v2_frame_000076_140500000000.jpg,/home/ruben/halmstad_ws/models/obb/experiments/sam3_hybrid_full/runs/predictions/baylands-leader-v9b-patient-saveper/baylands_super_75_15_10_test_all
road_to_west_v2_frame_000077_141500000000,matched,1,1,1,0.637194,0.637194,0.679568,/home/ruben/halmstad_ws/datasets/final/baylands_super_75_15_10/images/test/road_to_west_v2_frame_000077_141500000000.jpg,/home/ruben/halmstad_ws/models/obb/experiments/sam3_hybrid_full/runs/predictions/baylands-leader-v9b-patient-saveper/baylands_super_75_15_10_test_all
road_to_west_v2_frame_000079_143600000000,matched,1,1,1,0.914978,0.914978,0.953924,/home/ruben/halmstad_ws/datasets/final/baylands_super_75_15_10/images/test/road_to_west_v2_frame_000079_143600000000.jpg,/home/ruben/halmstad_ws/models/obb/experiments/sam3_hybrid_full/runs/predictions/baylands-leader-v9b-patient-saveper/baylands_super_75_15_10_test_all
road_to_west_v2_frame_000080_144600000000,matched,1,1,1,0.935643,0.935643,0.945331,/home/ruben/halmstad_ws/datasets/final/baylands_super_75_15_10/images/test/road_to_west_v2_frame_000080_144600000000.jpg,/home/ruben/halmstad_ws/models/obb/experiments/sam3_hybrid_full/runs/predictions/baylands-leader-v9b-patient-saveper/baylands_super_75_15_10_test_all
road_to_west_v2_frame_000081_145600000000,matched,1,1,1,1.0,1.0,0.952754,/home/ruben/halmstad_ws/datasets/final/baylands_super_75_15_10/images/test/road_to_west_v2_frame_000081_145600000000.jpg,/home/ruben/halmstad_ws/models/obb/experiments/sam3_hybrid_full/runs/predictions/baylands-leader-v9b-patient-saveper/baylands_super_75_15_10_test_all
road_to_west_v4_frame_000022_118700000000,matched,1,1,1,0.743868,0.743868,0.339763,/home/ruben/halmstad_ws/datasets/final/baylands_super_75_15_10/images/test/road_to_west_v4_frame_000022_118700000000.jpg,/home/ruben/halmstad_ws/models/obb/experiments/sam3_hybrid_full/runs/predictions/baylands-leader-v9b-patient-saveper/baylands_super_75_15_10_test_all
road_to_west_v4_frame_000029_130400000000,false_positive_empty,0,1,0,0.0,0.0,0.502918,/home/ruben/halmstad_ws/datasets/final/baylands_super_75_15_10/images/test/road_to_west_v4_frame_000029_130400000000.jpg,/home/ruben/halmstad_ws/models/obb/experiments/sam3_hybrid_full/runs/predictions/baylands-leader-v9b-patient-saveper/baylands_super_75_15_10_test_all
road_to_west_v4_frame_000032_137900000000,correct_empty,0,0,0,0.0,0.0,,/home/ruben/halmstad_ws/datasets/final/baylands_super_75_15_10/images/test/road_to_west_v4_frame_000032_137900000000.jpg,/home/ruben/halmstad_ws/models/obb/experiments/sam3_hybrid_full/runs/predictions/baylands-leader-v9b-patient-saveper/baylands_super_75_15_10_test_all
road_to_west_v4_frame_000033_138900000000,matched,1,1,1,0.863901,0.863901,0.951281,/home/ruben/halmstad_ws/datasets/final/baylands_super_75_15_10/images/test/road_to_west_v4_frame_000033_138900000000.jpg,/home/ruben/halmstad_ws/models/obb/experiments/sam3_hybrid_full/runs/predictions/baylands-leader-v9b-patient-saveper/baylands_super_75_15_10_test_all
road_to_west_v4_frame_000034_139900000000,matched,1,1,1,0.922017,0.922017,0.935312,/home/ruben/halmstad_ws/datasets/final/baylands_super_75_15_10/images/test/road_to_west_v4_frame_000034_139900000000.jpg,/home/ruben/halmstad_ws/models/obb/experiments/sam3_hybrid_full/runs/predictions/baylands-leader-v9b-patient-saveper/baylands_super_75_15_10_test_all
road_to_west_v4_frame_000036_141900000000,matched,1,1,1,0.701533,0.701533,0.769509,/home/ruben/halmstad_ws/datasets/final/baylands_super_75_15_10/images/test/road_to_west_v4_frame_000036_141900000000.jpg,/home/ruben/halmstad_ws/models/obb/experiments/sam3_hybrid_full/runs/predictions/baylands-leader-v9b-patient-saveper/baylands_super_75_15_10_test_all
road_to_west_v6_frame_000046_122752000000,matched,1,1,1,0.784043,0.784043,0.933872,/home/ruben/halmstad_ws/datasets/final/baylands_super_75_15_10/images/test/road_to_west_v6_frame_000046_122752000000.jpg,/home/ruben/halmstad_ws/models/obb/experiments/sam3_hybrid_full/runs/predictions/baylands-leader-v9b-patient-saveper/baylands_super_75_15_10_test_all
road_to_west_v6_frame_000049_125752000000,matched,1,1,1,0.797907,0.797907,0.934508,/home/ruben/halmstad_ws/datasets/final/baylands_super_75_15_10/images/test/road_to_west_v6_frame_000049_125752000000.jpg,/home/ruben/halmstad_ws/models/obb/experiments/sam3_hybrid_full/runs/predictions/baylands-leader-v9b-patient-saveper/baylands_super_75_15_10_test_all
road_to_west_v6_frame_000059_135852000000,matched,1,1,1,0.884081,0.884081,0.932285,/home/ruben/halmstad_ws/datasets/final/baylands_super_75_15_10/images/test/road_to_west_v6_frame_000059_135852000000.jpg,/home/ruben/halmstad_ws/models/obb/experiments/sam3_hybrid_full/runs/predictions/baylands-leader-v9b-patient-saveper/baylands_super_75_15_10_test_all
road_to_west_v6_frame_000060_136900000000,matched,1,1,1,0.946144,0.946144,0.946985,/home/ruben/halmstad_ws/datasets/final/baylands_super_75_15_10/images/test/road_to_west_v6_frame_000060_136900000000.jpg,/home/ruben/halmstad_ws/models/obb/experiments/sam3_hybrid_full/runs/predictions/baylands-leader-v9b-patient-saveper/baylands_super_75_15_10_test_all
road_to_west_v6_frame_000065_141900000000,matched,1,1,1,0.854146,0.854146,0.925217,/home/ruben/halmstad_ws/datasets/final/baylands_super_75_15_10/images/test/road_to_west_v6_frame_000065_141900000000.jpg,/home/ruben/halmstad_ws/models/obb/experiments/sam3_hybrid_full/runs/predictions/baylands-leader-v9b-patient-saveper/baylands_super_75_15_10_test_all
road_to_west_v7_frame_000014_119900000000,matched,1,1,1,0.922656,0.922656,0.920977,/home/ruben/halmstad_ws/datasets/final/baylands_super_75_15_10/images/test/road_to_west_v7_frame_000014_119900000000.jpg,/home/ruben/halmstad_ws/models/obb/experiments/sam3_hybrid_full/runs/predictions/baylands-leader-v9b-patient-saveper/baylands_super_75_15_10_test_all
road_to_west_v7_frame_000015_123900000000,matched,1,1,1,0.887542,0.887542,0.772695,/home/ruben/halmstad_ws/datasets/final/baylands_super_75_15_10/images/test/road_to_west_v7_frame_000015_123900000000.jpg,/home/ruben/halmstad_ws/models/obb/experiments/sam3_hybrid_full/runs/predictions/baylands-leader-v9b-patient-saveper/baylands_super_75_15_10_test_all
road_to_west_v7_frame_000016_128000000000,matched,1,1,1,0.847918,0.847918,0.678605,/home/ruben/halmstad_ws/datasets/final/baylands_super_75_15_10/images/test/road_to_west_v7_frame_000016_128000000000.jpg,/home/ruben/halmstad_ws/models/obb/experiments/sam3_hybrid_full/runs/predictions/baylands-leader-v9b-patient-saveper/baylands_super_75_15_10_test_all
road_to_west_v7_frame_000017_131900000000,matched,1,1,1,0.921856,0.921856,0.937994,/home/ruben/halmstad_ws/datasets/final/baylands_super_75_15_10/images/test/road_to_west_v7_frame_000017_131900000000.jpg,/home/ruben/halmstad_ws/models/obb/experiments/sam3_hybrid_full/runs/predictions/baylands-leader-v9b-patient-saveper/baylands_super_75_15_10_test_all
road_to_west_v7_frame_000019_140000000000,matched,1,1,1,0.815889,0.815889,0.912306,/home/ruben/halmstad_ws/datasets/final/baylands_super_75_15_10/images/test/road_to_west_v7_frame_000019_140000000000.jpg,/home/ruben/halmstad_ws/models/obb/experiments/sam3_hybrid_full/runs/predictions/baylands-leader-v9b-patient-saveper/baylands_super_75_15_10_test_all
road_to_west_v7_frame_000020_144000000000,matched,1,1,1,0.932822,0.932822,0.910133,/home/ruben/halmstad_ws/datasets/final/baylands_super_75_15_10/images/test/road_to_west_v7_frame_000020_144000000000.jpg,/home/ruben/halmstad_ws/models/obb/experiments/sam3_hybrid_full/runs/predictions/baylands-leader-v9b-patient-saveper/baylands_super_75_15_10_test_all
road_to_west_v9_frame_000006_120700000000,matched,1,1,1,0.799917,0.799917,0.831648,/home/ruben/halmstad_ws/datasets/final/baylands_super_75_15_10/images/test/road_to_west_v9_frame_000006_120700000000.jpg,/home/ruben/halmstad_ws/models/obb/experiments/sam3_hybrid_full/runs/predictions/baylands-leader-v9b-patient-saveper/baylands_super_75_15_10_test_all
road_to_west_v9_frame_000007_124700000000,matched,1,1,1,0.599737,0.599737,0.930938,/home/ruben/halmstad_ws/datasets/final/baylands_super_75_15_10/images/test/road_to_west_v9_frame_000007_124700000000.jpg,/home/ruben/halmstad_ws/models/obb/experiments/sam3_hybrid_full/runs/predictions/baylands-leader-v9b-patient-saveper/baylands_super_75_15_10_test_all
road_to_west_v9_frame_000008_128700000000,matched,1,1,1,0.570008,0.570008,0.893332,/home/ruben/halmstad_ws/datasets/final/baylands_super_75_15_10/images/test/road_to_west_v9_frame_000008_128700000000.jpg,/home/ruben/halmstad_ws/models/obb/experiments/sam3_hybrid_full/runs/predictions/baylands-leader-v9b-patient-saveper/baylands_super_75_15_10_test_all
road_to_west_v9_frame_000011_140700000000,matched,1,1,1,0.718778,0.718778,0.918531,/home/ruben/halmstad_ws/datasets/final/baylands_super_75_15_10/images/test/road_to_west_v9_frame_000011_140700000000.jpg,/home/ruben/halmstad_ws/models/obb/experiments/sam3_hybrid_full/runs/predictions/baylands-leader-v9b-patient-saveper/baylands_super_75_15_10_test_all
road_to_west_v9_frame_000012_144700000000,matched,1,1,1,0.759524,0.759524,0.902629,/home/ruben/halmstad_ws/datasets/final/baylands_super_75_15_10/images/test/road_to_west_v9_frame_000012_144700000000.jpg,/home/ruben/halmstad_ws/models/obb/experiments/sam3_hybrid_full/runs/predictions/baylands-leader-v9b-patient-saveper/baylands_super_75_15_10_test_all
spawn_v1_frame_000049_137400000000,matched,1,1,1,0.894038,0.894038,0.915176,/home/ruben/halmstad_ws/datasets/final/baylands_super_75_15_10/images/test/spawn_v1_frame_000049_137400000000.jpg,/home/ruben/halmstad_ws/models/obb/experiments/sam3_hybrid_full/runs/predictions/baylands-leader-v9b-patient-saveper/baylands_super_75_15_10_test_all
spawn_v1_frame_000050_138400000000,matched,1,1,1,0.9464,0.9464,0.966538,/home/ruben/halmstad_ws/datasets/final/baylands_super_75_15_10/images/test/spawn_v1_frame_000050_138400000000.jpg,/home/ruben/halmstad_ws/models/obb/experiments/sam3_hybrid_full/runs/predictions/baylands-leader-v9b-patient-saveper/baylands_super_75_15_10_test_all
spawn_v1_frame_000054_142452000000,matched,1,1,1,0.817185,0.817185,0.864177,/home/ruben/halmstad_ws/datasets/final/baylands_super_75_15_10/images/test/spawn_v1_frame_000054_142452000000.jpg,/home/ruben/halmstad_ws/models/obb/experiments/sam3_hybrid_full/runs/predictions/baylands-leader-v9b-patient-saveper/baylands_super_75_15_10_test_all
spawn_v1_frame_000055_143452000000,matched,1,1,1,0.910569,0.910569,0.933285,/home/ruben/halmstad_ws/datasets/final/baylands_super_75_15_10/images/test/spawn_v1_frame_000055_143452000000.jpg,/home/ruben/halmstad_ws/models/obb/experiments/sam3_hybrid_full/runs/predictions/baylands-leader-v9b-patient-saveper/baylands_super_75_15_10_test_all
spawn_v1_frame_000062_150452000000,matched,1,1,1,0.6968,0.6968,0.874427,/home/ruben/halmstad_ws/datasets/final/baylands_super_75_15_10/images/test/spawn_v1_frame_000062_150452000000.jpg,/home/ruben/halmstad_ws/models/obb/experiments/sam3_hybrid_full/runs/predictions/baylands-leader-v9b-patient-saveper/baylands_super_75_15_10_test_all
spawn_v1_frame_000063_151500000000,matched,1,1,1,0.803988,0.803988,0.893519,/home/ruben/halmstad_ws/datasets/final/baylands_super_75_15_10/images/test/spawn_v1_frame_000063_151500000000.jpg,/home/ruben/halmstad_ws/models/obb/experiments/sam3_hybrid_full/runs/predictions/baylands-leader-v9b-patient-saveper/baylands_super_75_15_10_test_all
spawn_v1_frame_000065_153500000000,matched,1,1,1,0.839963,0.839963,0.898327,/home/ruben/halmstad_ws/datasets/final/baylands_super_75_15_10/images/test/spawn_v1_frame_000065_153500000000.jpg,/home/ruben/halmstad_ws/models/obb/experiments/sam3_hybrid_full/runs/predictions/baylands-leader-v9b-patient-saveper/baylands_super_75_15_10_test_all
spawn_v1_frame_000148_243700000000,matched,1,1,1,0.726397,0.726397,0.938475,/home/ruben/halmstad_ws/datasets/final/baylands_super_75_15_10/images/test/spawn_v1_frame_000148_243700000000.jpg,/home/ruben/halmstad_ws/models/obb/experiments/sam3_hybrid_full/runs/predictions/baylands-leader-v9b-patient-saveper/baylands_super_75_15_10_test_all
spawn_v1_frame_000149_244700000000,matched,1,1,1,0.732232,0.732232,0.89516,/home/ruben/halmstad_ws/datasets/final/baylands_super_75_15_10/images/test/spawn_v1_frame_000149_244700000000.jpg,/home/ruben/halmstad_ws/models/obb/experiments/sam3_hybrid_full/runs/predictions/baylands-leader-v9b-patient-saveper/baylands_super_75_15_10_test_all
spawn_v1_frame_000150_245700000000,matched,1,1,1,0.959825,0.959825,0.95369,/home/ruben/halmstad_ws/datasets/final/baylands_super_75_15_10/images/test/spawn_v1_frame_000150_245700000000.jpg,/home/ruben/halmstad_ws/models/obb/experiments/sam3_hybrid_full/runs/predictions/baylands-leader-v9b-patient-saveper/baylands_super_75_15_10_test_all
spawn_v1_frame_000151_246700000000,matched,1,1,1,0.929922,0.929922,0.948851,/home/ruben/halmstad_ws/datasets/final/baylands_super_75_15_10/images/test/spawn_v1_frame_000151_246700000000.jpg,/home/ruben/halmstad_ws/models/obb/experiments/sam3_hybrid_full/runs/predictions/baylands-leader-v9b-patient-saveper/baylands_super_75_15_10_test_all
spawn_v1_frame_000152_247700000000,matched,1,1,1,0.879552,0.879552,0.941701,/home/ruben/halmstad_ws/datasets/final/baylands_super_75_15_10/images/test/spawn_v1_frame_000152_247700000000.jpg,/home/ruben/halmstad_ws/models/obb/experiments/sam3_hybrid_full/runs/predictions/baylands-leader-v9b-patient-saveper/baylands_super_75_15_10_test_all
spawn_v1_frame_000154_249700000000,matched,1,1,1,0.921949,0.921949,0.956209,/home/ruben/halmstad_ws/datasets/final/baylands_super_75_15_10/images/test/spawn_v1_frame_000154_249700000000.jpg,/home/ruben/halmstad_ws/models/obb/experiments/sam3_hybrid_full/runs/predictions/baylands-leader-v9b-patient-saveper/baylands_super_75_15_10_test_all
spawn_v1_frame_000156_251752000000,matched,1,1,1,0.732272,0.732272,0.914179,/home/ruben/halmstad_ws/datasets/final/baylands_super_75_15_10/images/test/spawn_v1_frame_000156_251752000000.jpg,/home/ruben/halmstad_ws/models/obb/experiments/sam3_hybrid_full/runs/predictions/baylands-leader-v9b-patient-saveper/baylands_super_75_15_10_test_all
spawn_v1_frame_000157_252752000000,matched,1,1,1,0.874827,0.874827,0.939963,/home/ruben/halmstad_ws/datasets/final/baylands_super_75_15_10/images/test/spawn_v1_frame_000157_252752000000.jpg,/home/ruben/halmstad_ws/models/obb/experiments/sam3_hybrid_full/runs/predictions/baylands-leader-v9b-patient-saveper/baylands_super_75_15_10_test_all
spawn_v1_frame_000159_254752000000,matched,1,1,1,0.543186,0.543186,0.939234,/home/ruben/halmstad_ws/datasets/final/baylands_super_75_15_10/images/test/spawn_v1_frame_000159_254752000000.jpg,/home/ruben/halmstad_ws/models/obb/experiments/sam3_hybrid_full/runs/predictions/baylands-leader-v9b-patient-saveper/baylands_super_75_15_10_test_all
spawn_v1_frame_000160_255752000000,matched,1,1,1,0.81179,0.81179,0.936958,/home/ruben/halmstad_ws/datasets/final/baylands_super_75_15_10/images/test/spawn_v1_frame_000160_255752000000.jpg,/home/ruben/halmstad_ws/models/obb/experiments/sam3_hybrid_full/runs/predictions/baylands-leader-v9b-patient-saveper/baylands_super_75_15_10_test_all
spawn_v1_frame_000161_256800000000,matched,1,1,1,0.688171,0.688171,0.937481,/home/ruben/halmstad_ws/datasets/final/baylands_super_75_15_10/images/test/spawn_v1_frame_000161_256800000000.jpg,/home/ruben/halmstad_ws/models/obb/experiments/sam3_hybrid_full/runs/predictions/baylands-leader-v9b-patient-saveper/baylands_super_75_15_10_test_all
spawn_v1_frame_000162_257800000000,matched,1,1,1,0.630149,0.630149,0.92197,/home/ruben/halmstad_ws/datasets/final/baylands_super_75_15_10/images/test/spawn_v1_frame_000162_257800000000.jpg,/home/ruben/halmstad_ws/models/obb/experiments/sam3_hybrid_full/runs/predictions/baylands-leader-v9b-patient-saveper/baylands_super_75_15_10_test_all
spawn_v1_frame_000163_258800000000,matched,1,1,1,0.833435,0.833435,0.92372,/home/ruben/halmstad_ws/datasets/final/baylands_super_75_15_10/images/test/spawn_v1_frame_000163_258800000000.jpg,/home/ruben/halmstad_ws/models/obb/experiments/sam3_hybrid_full/runs/predictions/baylands-leader-v9b-patient-saveper/baylands_super_75_15_10_test_all
spawn_v1_frame_000164_259800000000,matched,1,1,1,0.796361,0.796361,0.935813,/home/ruben/halmstad_ws/datasets/final/baylands_super_75_15_10/images/test/spawn_v1_frame_000164_259800000000.jpg,/home/ruben/halmstad_ws/models/obb/experiments/sam3_hybrid_full/runs/predictions/baylands-leader-v9b-patient-saveper/baylands_super_75_15_10_test_all
spawn_v1_frame_000166_261852000000,matched,1,1,1,0.502244,0.502244,0.890836,/home/ruben/halmstad_ws/datasets/final/baylands_super_75_15_10/images/test/spawn_v1_frame_000166_261852000000.jpg,/home/ruben/halmstad_ws/models/obb/experiments/sam3_hybrid_full/runs/predictions/baylands-leader-v9b-patient-saveper/baylands_super_75_15_10_test_all
spawn_v2_frame_000062_135652000000,matched,1,1,1,0.9054,0.9054,0.913784,/home/ruben/halmstad_ws/datasets/final/baylands_super_75_15_10/images/test/spawn_v2_frame_000062_135652000000.jpg,/home/ruben/halmstad_ws/models/obb/experiments/sam3_hybrid_full/runs/predictions/baylands-leader-v9b-patient-saveper/baylands_super_75_15_10_test_all
spawn_v2_frame_000063_136652000000,matched,1,1,1,0.804547,0.804547,0.935393,/home/ruben/halmstad_ws/datasets/final/baylands_super_75_15_10/images/test/spawn_v2_frame_000063_136652000000.jpg,/home/ruben/halmstad_ws/models/obb/experiments/sam3_hybrid_full/runs/predictions/baylands-leader-v9b-patient-saveper/baylands_super_75_15_10_test_all
spawn_v2_frame_000064_137652000000,matched,1,1,1,0.851784,0.851784,0.923239,/home/ruben/halmstad_ws/datasets/final/baylands_super_75_15_10/images/test/spawn_v2_frame_000064_137652000000.jpg,/home/ruben/halmstad_ws/models/obb/experiments/sam3_hybrid_full/runs/predictions/baylands-leader-v9b-patient-saveper/baylands_super_75_15_10_test_all
spawn_v2_frame_000066_139652000000,matched,1,1,1,0.926486,0.926486,0.945309,/home/ruben/halmstad_ws/datasets/final/baylands_super_75_15_10/images/test/spawn_v2_frame_000066_139652000000.jpg,/home/ruben/halmstad_ws/models/obb/experiments/sam3_hybrid_full/runs/predictions/baylands-leader-v9b-patient-saveper/baylands_super_75_15_10_test_all
spawn_v2_frame_000067_140700000000,matched,1,1,1,0.871332,0.871332,0.92473,/home/ruben/halmstad_ws/datasets/final/baylands_super_75_15_10/images/test/spawn_v2_frame_000067_140700000000.jpg,/home/ruben/halmstad_ws/models/obb/experiments/sam3_hybrid_full/runs/predictions/baylands-leader-v9b-patient-saveper/baylands_super_75_15_10_test_all
spawn_v2_frame_000069_142700000000,matched,1,1,1,0.542479,0.542479,0.68962,/home/ruben/halmstad_ws/datasets/final/baylands_super_75_15_10/images/test/spawn_v2_frame_000069_142700000000.jpg,/home/ruben/halmstad_ws/models/obb/experiments/sam3_hybrid_full/runs/predictions/baylands-leader-v9b-patient-saveper/baylands_super_75_15_10_test_all
spawn_v2_frame_000070_143652000000,matched,1,1,1,0.930252,0.930252,0.950693,/home/ruben/halmstad_ws/datasets/final/baylands_super_75_15_10/images/test/spawn_v2_frame_000070_143652000000.jpg,/home/ruben/halmstad_ws/models/obb/experiments/sam3_hybrid_full/runs/predictions/baylands-leader-v9b-patient-saveper/baylands_super_75_15_10_test_all
spawn_v2_frame_000071_144700000000,matched,1,1,1,0.922631,0.922631,0.963026,/home/ruben/halmstad_ws/datasets/final/baylands_super_75_15_10/images/test/spawn_v2_frame_000071_144700000000.jpg,/home/ruben/halmstad_ws/models/obb/experiments/sam3_hybrid_full/runs/predictions/baylands-leader-v9b-patient-saveper/baylands_super_75_15_10_test_all
spawn_v2_frame_000072_145700000000,matched,1,1,1,0.88388,0.88388,0.968656,/home/ruben/halmstad_ws/datasets/final/baylands_super_75_15_10/images/test/spawn_v2_frame_000072_145700000000.jpg,/home/ruben/halmstad_ws/models/obb/experiments/sam3_hybrid_full/runs/predictions/baylands-leader-v9b-patient-saveper/baylands_super_75_15_10_test_all
spawn_v2_frame_000073_146700000000,matched,1,1,1,0.940588,0.940588,0.960386,/home/ruben/halmstad_ws/datasets/final/baylands_super_75_15_10/images/test/spawn_v2_frame_000073_146700000000.jpg,/home/ruben/halmstad_ws/models/obb/experiments/sam3_hybrid_full/runs/predictions/baylands-leader-v9b-patient-saveper/baylands_super_75_15_10_test_all
spawn_v2_frame_000075_148700000000,matched,1,1,1,0.948848,0.948848,0.961288,/home/ruben/halmstad_ws/datasets/final/baylands_super_75_15_10/images/test/spawn_v2_frame_000075_148700000000.jpg,/home/ruben/halmstad_ws/models/obb/experiments/sam3_hybrid_full/runs/predictions/baylands-leader-v9b-patient-saveper/baylands_super_75_15_10_test_all
spawn_v2_frame_000082_155752000000,matched,1,1,1,0.729191,0.729191,0.905096,/home/ruben/halmstad_ws/datasets/final/baylands_super_75_15_10/images/test/spawn_v2_frame_000082_155752000000.jpg,/home/ruben/halmstad_ws/models/obb/experiments/sam3_hybrid_full/runs/predictions/baylands-leader-v9b-patient-saveper/baylands_super_75_15_10_test_all
spawn_v2_frame_000169_243600000000,matched,1,1,1,0.853068,0.853068,0.893937,/home/ruben/halmstad_ws/datasets/final/baylands_super_75_15_10/images/test/spawn_v2_frame_000169_243600000000.jpg,/home/ruben/halmstad_ws/models/obb/experiments/sam3_hybrid_full/runs/predictions/baylands-leader-v9b-patient-saveper/baylands_super_75_15_10_test_all
spawn_v2_frame_000175_249700000000,matched,1,1,1,0.930721,0.930721,0.955979,/home/ruben/halmstad_ws/datasets/final/baylands_super_75_15_10/images/test/spawn_v2_frame_000175_249700000000.jpg,/home/ruben/halmstad_ws/models/obb/experiments/sam3_hybrid_full/runs/predictions/baylands-leader-v9b-patient-saveper/baylands_super_75_15_10_test_all
spawn_v2_frame_000179_253700000000,matched,1,1,1,0.88536,0.88536,0.958029,/home/ruben/halmstad_ws/datasets/final/baylands_super_75_15_10/images/test/spawn_v2_frame_000179_253700000000.jpg,/home/ruben/halmstad_ws/models/obb/experiments/sam3_hybrid_full/runs/predictions/baylands-leader-v9b-patient-saveper/baylands_super_75_15_10_test_all
spawn_v2_frame_000182_256700000000,matched,1,1,1,0.90405,0.90405,0.962894,/home/ruben/halmstad_ws/datasets/final/baylands_super_75_15_10/images/test/spawn_v2_frame_000182_256700000000.jpg,/home/ruben/halmstad_ws/models/obb/experiments/sam3_hybrid_full/runs/predictions/baylands-leader-v9b-patient-saveper/baylands_super_75_15_10_test_all
spawn_v2_frame_000184_258752000000,matched,1,1,1,0.811003,0.811003,0.924401,/home/ruben/halmstad_ws/datasets/final/baylands_super_75_15_10/images/test/spawn_v2_frame_000184_258752000000.jpg,/home/ruben/halmstad_ws/models/obb/experiments/sam3_hybrid_full/runs/predictions/baylands-leader-v9b-patient-saveper/baylands_super_75_15_10_test_all
spawn_v2_frame_000186_260752000000,matched,1,1,1,0.508127,0.508127,0.924114,/home/ruben/halmstad_ws/datasets/final/baylands_super_75_15_10/images/test/spawn_v2_frame_000186_260752000000.jpg,/home/ruben/halmstad_ws/models/obb/experiments/sam3_hybrid_full/runs/predictions/baylands-leader-v9b-patient-saveper/baylands_super_75_15_10_test_all
spawn_v2_frame_000187_261752000000,matched,1,1,1,0.70636,0.70636,0.896556,/home/ruben/halmstad_ws/datasets/final/baylands_super_75_15_10/images/test/spawn_v2_frame_000187_261752000000.jpg,/home/ruben/halmstad_ws/models/obb/experiments/sam3_hybrid_full/runs/predictions/baylands-leader-v9b-patient-saveper/baylands_super_75_15_10_test_all
spawn_v2_frame_000188_262752000000,matched,1,1,1,0.791711,0.791711,0.929135,/home/ruben/halmstad_ws/datasets/final/baylands_super_75_15_10/images/test/spawn_v2_frame_000188_262752000000.jpg,/home/ruben/halmstad_ws/models/obb/experiments/sam3_hybrid_full/runs/predictions/baylands-leader-v9b-patient-saveper/baylands_super_75_15_10_test_all
spawn_v2_frame_000189_263800000000,matched,1,1,1,0.904981,0.904981,0.917382,/home/ruben/halmstad_ws/datasets/final/baylands_super_75_15_10/images/test/spawn_v2_frame_000189_263800000000.jpg,/home/ruben/halmstad_ws/models/obb/experiments/sam3_hybrid_full/runs/predictions/baylands-leader-v9b-patient-saveper/baylands_super_75_15_10_test_all
spawn_v3_frame_000011_137200000000,correct_empty,0,0,0,0.0,0.0,,/home/ruben/halmstad_ws/datasets/final/baylands_super_75_15_10/images/test/spawn_v3_frame_000011_137200000000.jpg,/home/ruben/halmstad_ws/models/obb/experiments/sam3_hybrid_full/runs/predictions/baylands-leader-v9b-patient-saveper/baylands_super_75_15_10_test_all
spawn_v3_frame_000012_141200000000,correct_empty,0,0,0,0.0,0.0,,/home/ruben/halmstad_ws/datasets/final/baylands_super_75_15_10/images/test/spawn_v3_frame_000012_141200000000.jpg,/home/ruben/halmstad_ws/models/obb/experiments/sam3_hybrid_full/runs/predictions/baylands-leader-v9b-patient-saveper/baylands_super_75_15_10_test_all
spawn_v3_frame_000013_145300000000,matched,1,1,1,0.709636,0.709636,0.939674,/home/ruben/halmstad_ws/datasets/final/baylands_super_75_15_10/images/test/spawn_v3_frame_000013_145300000000.jpg,/home/ruben/halmstad_ws/models/obb/experiments/sam3_hybrid_full/runs/predictions/baylands-leader-v9b-patient-saveper/baylands_super_75_15_10_test_all
spawn_v3_frame_000014_149300000000,matched,1,1,1,0.553736,0.553736,0.760733,/home/ruben/halmstad_ws/datasets/final/baylands_super_75_15_10/images/test/spawn_v3_frame_000014_149300000000.jpg,/home/ruben/halmstad_ws/models/obb/experiments/sam3_hybrid_full/runs/predictions/baylands-leader-v9b-patient-saveper/baylands_super_75_15_10_test_all
spawn_v3_frame_000015_153300000000,correct_empty,0,0,0,0.0,0.0,,/home/ruben/halmstad_ws/datasets/final/baylands_super_75_15_10/images/test/spawn_v3_frame_000015_153300000000.jpg,/home/ruben/halmstad_ws/models/obb/experiments/sam3_hybrid_full/runs/predictions/baylands-leader-v9b-patient-saveper/baylands_super_75_15_10_test_all
spawn_v3_frame_000016_157300000000,correct_empty,0,0,0,0.0,0.0,,/home/ruben/halmstad_ws/datasets/final/baylands_super_75_15_10/images/test/spawn_v3_frame_000016_157300000000.jpg,/home/ruben/halmstad_ws/models/obb/experiments/sam3_hybrid_full/runs/predictions/baylands-leader-v9b-patient-saveper/baylands_super_75_15_10_test_all
spawn_v3_frame_000038_245500000000,correct_empty,0,0,0,0.0,0.0,,/home/ruben/halmstad_ws/datasets/final/baylands_super_75_15_10/images/test/spawn_v3_frame_000038_245500000000.jpg,/home/ruben/halmstad_ws/models/obb/experiments/sam3_hybrid_full/runs/predictions/baylands-leader-v9b-patient-saveper/baylands_super_75_15_10_test_all
strip_v1_frame_000009_92400000000,matched,1,1,1,0.878078,0.878078,0.945571,/home/ruben/halmstad_ws/datasets/final/baylands_super_75_15_10/images/test/strip_v1_frame_000009_92400000000.jpg,/home/ruben/halmstad_ws/models/obb/experiments/sam3_hybrid_full/runs/predictions/baylands-leader-v9b-patient-saveper/baylands_super_75_15_10_test_all
strip_v1_frame_000011_100500000000,matched,1,1,1,0.914825,0.914825,0.900026,/home/ruben/halmstad_ws/datasets/final/baylands_super_75_15_10/images/test/strip_v1_frame_000011_100500000000.jpg,/home/ruben/halmstad_ws/models/obb/experiments/sam3_hybrid_full/runs/predictions/baylands-leader-v9b-patient-saveper/baylands_super_75_15_10_test_all
strip_v1_frame_000014_112500000000,correct_empty,0,0,0,0.0,0.0,,/home/ruben/halmstad_ws/datasets/final/baylands_super_75_15_10/images/test/strip_v1_frame_000014_112500000000.jpg,/home/ruben/halmstad_ws/models/obb/experiments/sam3_hybrid_full/runs/predictions/baylands-leader-v9b-patient-saveper/baylands_super_75_15_10_test_all
strip_v1_frame_000029_172700000000,matched,1,1,1,0.864328,0.864328,0.915185,/home/ruben/halmstad_ws/datasets/final/baylands_super_75_15_10/images/test/strip_v1_frame_000029_172700000000.jpg,/home/ruben/halmstad_ws/models/obb/experiments/sam3_hybrid_full/runs/predictions/baylands-leader-v9b-patient-saveper/baylands_super_75_15_10_test_all
strip_v1_frame_000030_176700000000,matched,1,1,1,0.831765,0.831765,0.928139,/home/ruben/halmstad_ws/datasets/final/baylands_super_75_15_10/images/test/strip_v1_frame_000030_176700000000.jpg,/home/ruben/halmstad_ws/models/obb/experiments/sam3_hybrid_full/runs/predictions/baylands-leader-v9b-patient-saveper/baylands_super_75_15_10_test_all
strip_v1_frame_000032_184700000000,correct_empty,0,0,0,0.0,0.0,,/home/ruben/halmstad_ws/datasets/final/baylands_super_75_15_10/images/test/strip_v1_frame_000032_184700000000.jpg,/home/ruben/halmstad_ws/models/obb/experiments/sam3_hybrid_full/runs/predictions/baylands-leader-v9b-patient-saveper/baylands_super_75_15_10_test_all
strip_v2_frame_000004_94800000000,matched,1,1,1,0.832572,0.832572,0.945637,/home/ruben/halmstad_ws/datasets/final/baylands_super_75_15_10/images/test/strip_v2_frame_000004_94800000000.jpg,/home/ruben/halmstad_ws/models/obb/experiments/sam3_hybrid_full/runs/predictions/baylands-leader-v9b-patient-saveper/baylands_super_75_15_10_test_all
strip_v2_frame_000005_98800000000,matched,1,1,1,0.550617,0.550617,0.678331,/home/ruben/halmstad_ws/datasets/final/baylands_super_75_15_10/images/test/strip_v2_frame_000005_98800000000.jpg,/home/ruben/halmstad_ws/models/obb/experiments/sam3_hybrid_full/runs/predictions/baylands-leader-v9b-patient-saveper/baylands_super_75_15_10_test_all
strip_v2_frame_000025_178900000000,correct_empty,0,0,0,0.0,0.0,,/home/ruben/halmstad_ws/datasets/final/baylands_super_75_15_10/images/test/strip_v2_frame_000025_178900000000.jpg,/home/ruben/halmstad_ws/models/obb/experiments/sam3_hybrid_full/runs/predictions/baylands-leader-v9b-patient-saveper/baylands_super_75_15_10_test_all
strip_v2_frame_000026_183000000000,correct_empty,0,0,0,0.0,0.0,,/home/ruben/halmstad_ws/datasets/final/baylands_super_75_15_10/images/test/strip_v2_frame_000026_183000000000.jpg,/home/ruben/halmstad_ws/models/obb/experiments/sam3_hybrid_full/runs/predictions/baylands-leader-v9b-patient-saveper/baylands_super_75_15_10_test_all
strip_v3_frame_000017_95952000000,matched,1,1,1,0.941256,0.941256,0.94862,/home/ruben/halmstad_ws/datasets/final/baylands_super_75_15_10/images/test/strip_v3_frame_000017_95952000000.jpg,/home/ruben/halmstad_ws/models/obb/experiments/sam3_hybrid_full/runs/predictions/baylands-leader-v9b-patient-saveper/baylands_super_75_15_10_test_all
strip_v3_frame_000019_98000000000,matched,1,1,1,0.938806,0.938806,0.958131,/home/ruben/halmstad_ws/datasets/final/baylands_super_75_15_10/images/test/strip_v3_frame_000019_98000000000.jpg,/home/ruben/halmstad_ws/models/obb/experiments/sam3_hybrid_full/runs/predictions/baylands-leader-v9b-patient-saveper/baylands_super_75_15_10_test_all
strip_v3_frame_000020_99000000000,matched,1,1,1,0.98331,0.98331,0.953358,/home/ruben/halmstad_ws/datasets/final/baylands_super_75_15_10/images/test/strip_v3_frame_000020_99000000000.jpg,/home/ruben/halmstad_ws/models/obb/experiments/sam3_hybrid_full/runs/predictions/baylands-leader-v9b-patient-saveper/baylands_super_75_15_10_test_all
strip_v3_frame_000021_100052000000,matched,1,1,1,0.938575,0.938575,0.950103,/home/ruben/halmstad_ws/datasets/final/baylands_super_75_15_10/images/test/strip_v3_frame_000021_100052000000.jpg,/home/ruben/halmstad_ws/models/obb/experiments/sam3_hybrid_full/runs/predictions/baylands-leader-v9b-patient-saveper/baylands_super_75_15_10_test_all
strip_v3_frame_000029_108100000000,matched,1,1,1,0.911881,0.911881,0.934521,/home/ruben/halmstad_ws/datasets/final/baylands_super_75_15_10/images/test/strip_v3_frame_000029_108100000000.jpg,/home/ruben/halmstad_ws/models/obb/experiments/sam3_hybrid_full/runs/predictions/baylands-leader-v9b-patient-saveper/baylands_super_75_15_10_test_all
strip_v3_frame_000083_172852000000,correct_empty,0,0,0,0.0,0.0,,/home/ruben/halmstad_ws/datasets/final/baylands_super_75_15_10/images/test/strip_v3_frame_000083_172852000000.jpg,/home/ruben/halmstad_ws/models/obb/experiments/sam3_hybrid_full/runs/predictions/baylands-leader-v9b-patient-saveper/baylands_super_75_15_10_test_all
strip_v3_frame_000084_173852000000,matched,1,1,1,0.812566,0.812566,0.928615,/home/ruben/halmstad_ws/datasets/final/baylands_super_75_15_10/images/test/strip_v3_frame_000084_173852000000.jpg,/home/ruben/halmstad_ws/models/obb/experiments/sam3_hybrid_full/runs/predictions/baylands-leader-v9b-patient-saveper/baylands_super_75_15_10_test_all
strip_v3_frame_000096_185952000000,matched,1,1,1,0.778261,0.778261,0.947905,/home/ruben/halmstad_ws/datasets/final/baylands_super_75_15_10/images/test/strip_v3_frame_000096_185952000000.jpg,/home/ruben/halmstad_ws/models/obb/experiments/sam3_hybrid_full/runs/predictions/baylands-leader-v9b-patient-saveper/baylands_super_75_15_10_test_all
strip_v3_frame_000097_186952000000,matched,1,1,1,0.953848,0.953848,0.960787,/home/ruben/halmstad_ws/datasets/final/baylands_super_75_15_10/images/test/strip_v3_frame_000097_186952000000.jpg,/home/ruben/halmstad_ws/models/obb/experiments/sam3_hybrid_full/runs/predictions/baylands-leader-v9b-patient-saveper/baylands_super_75_15_10_test_all
strip_v4_frame_000003_95200000000,matched,1,1,1,0.700061,0.700061,0.890227,/home/ruben/halmstad_ws/datasets/final/baylands_super_75_15_10/images/test/strip_v4_frame_000003_95200000000.jpg,/home/ruben/halmstad_ws/models/obb/experiments/sam3_hybrid_full/runs/predictions/baylands-leader-v9b-patient-saveper/baylands_super_75_15_10_test_all
strip_v4_frame_000004_99200000000,matched,1,1,1,0.891425,0.891425,0.92481,/home/ruben/halmstad_ws/datasets/final/baylands_super_75_15_10/images/test/strip_v4_frame_000004_99200000000.jpg,/home/ruben/halmstad_ws/models/obb/experiments/sam3_hybrid_full/runs/predictions/baylands-leader-v9b-patient-saveper/baylands_super_75_15_10_test_all
strip_v4_frame_000005_103200000000,multi_prediction,1,2,1,0.867767,0.867767,0.955303,/home/ruben/halmstad_ws/datasets/final/baylands_super_75_15_10/images/test/strip_v4_frame_000005_103200000000.jpg,/home/ruben/halmstad_ws/models/obb/experiments/sam3_hybrid_full/runs/predictions/baylands-leader-v9b-patient-saveper/baylands_super_75_15_10_test_all
strip_v4_frame_000007_111200000000,matched,1,1,1,0.946363,0.946363,0.948786,/home/ruben/halmstad_ws/datasets/final/baylands_super_75_15_10/images/test/strip_v4_frame_000007_111200000000.jpg,/home/ruben/halmstad_ws/models/obb/experiments/sam3_hybrid_full/runs/predictions/baylands-leader-v9b-patient-saveper/baylands_super_75_15_10_test_all
strip_v4_frame_000023_175400000000,matched,1,1,1,0.597693,0.597693,0.898294,/home/ruben/halmstad_ws/datasets/final/baylands_super_75_15_10/images/test/strip_v4_frame_000023_175400000000.jpg,/home/ruben/halmstad_ws/models/obb/experiments/sam3_hybrid_full/runs/predictions/baylands-leader-v9b-patient-saveper/baylands_super_75_15_10_test_all
strip_v4_frame_000024_179400000000,correct_empty,0,0,0,0.0,0.0,,/home/ruben/halmstad_ws/datasets/final/baylands_super_75_15_10/images/test/strip_v4_frame_000024_179400000000.jpg,/home/ruben/halmstad_ws/models/obb/experiments/sam3_hybrid_full/runs/predictions/baylands-leader-v9b-patient-saveper/baylands_super_75_15_10_test_all
strip_v4_frame_000025_183400000000,matched,1,1,1,0.92577,0.92577,0.945252,/home/ruben/halmstad_ws/datasets/final/baylands_super_75_15_10/images/test/strip_v4_frame_000025_183400000000.jpg,/home/ruben/halmstad_ws/models/obb/experiments/sam3_hybrid_full/runs/predictions/baylands-leader-v9b-patient-saveper/baylands_super_75_15_10_test_all
strip_v5_frame_000000_110252000000,matched,1,1,1,0.9526,0.9526,0.935628,/home/ruben/halmstad_ws/datasets/final/baylands_super_75_15_10/images/test/strip_v5_frame_000000_110252000000.jpg,/home/ruben/halmstad_ws/models/obb/experiments/sam3_hybrid_full/runs/predictions/baylands-leader-v9b-patient-saveper/baylands_super_75_15_10_test_all
strip_v5_frame_000004_114252000000,matched,1,1,1,0.954273,0.954273,0.940481,/home/ruben/halmstad_ws/datasets/final/baylands_super_75_15_10/images/test/strip_v5_frame_000004_114252000000.jpg,/home/ruben/halmstad_ws/models/obb/experiments/sam3_hybrid_full/runs/predictions/baylands-leader-v9b-patient-saveper/baylands_super_75_15_10_test_all
strip_v5_frame_000007_117252000000,matched,1,1,1,0.935029,0.935029,0.943057,/home/ruben/halmstad_ws/datasets/final/baylands_super_75_15_10/images/test/strip_v5_frame_000007_117252000000.jpg,/home/ruben/halmstad_ws/models/obb/experiments/sam3_hybrid_full/runs/predictions/baylands-leader-v9b-patient-saveper/baylands_super_75_15_10_test_all
strip_v5_frame_000051_171552000000,matched,1,1,1,0.659933,0.659933,0.903251,/home/ruben/halmstad_ws/datasets/final/baylands_super_75_15_10/images/test/strip_v5_frame_000051_171552000000.jpg,/home/ruben/halmstad_ws/models/obb/experiments/sam3_hybrid_full/runs/predictions/baylands-leader-v9b-patient-saveper/baylands_super_75_15_10_test_all
strip_v5_frame_000052_172600000000,matched,1,1,1,0.805877,0.805877,0.88525,/home/ruben/halmstad_ws/datasets/final/baylands_super_75_15_10/images/test/strip_v5_frame_000052_172600000000.jpg,/home/ruben/halmstad_ws/models/obb/experiments/sam3_hybrid_full/runs/predictions/baylands-leader-v9b-patient-saveper/baylands_super_75_15_10_test_all
strip_v5_frame_000053_173600000000,matched,1,1,1,0.769382,0.769382,0.938283,/home/ruben/halmstad_ws/datasets/final/baylands_super_75_15_10/images/test/strip_v5_frame_000053_173600000000.jpg,/home/ruben/halmstad_ws/models/obb/experiments/sam3_hybrid_full/runs/predictions/baylands-leader-v9b-patient-saveper/baylands_super_75_15_10_test_all
strip_v5_frame_000054_174600000000,matched,1,1,1,0.768149,0.768149,0.94253,/home/ruben/halmstad_ws/datasets/final/baylands_super_75_15_10/images/test/strip_v5_frame_000054_174600000000.jpg,/home/ruben/halmstad_ws/models/obb/experiments/sam3_hybrid_full/runs/predictions/baylands-leader-v9b-patient-saveper/baylands_super_75_15_10_test_all
strip_v5_frame_000056_179552000000,matched,1,1,1,0.934156,0.934156,0.959231,/home/ruben/halmstad_ws/datasets/final/baylands_super_75_15_10/images/test/strip_v5_frame_000056_179552000000.jpg,/home/ruben/halmstad_ws/models/obb/experiments/sam3_hybrid_full/runs/predictions/baylands-leader-v9b-patient-saveper/baylands_super_75_15_10_test_all
strip_v5_frame_000057_180552000000,matched,1,1,1,0.955316,0.955316,0.953314,/home/ruben/halmstad_ws/datasets/final/baylands_super_75_15_10/images/test/strip_v5_frame_000057_180552000000.jpg,/home/ruben/halmstad_ws/models/obb/experiments/sam3_hybrid_full/runs/predictions/baylands-leader-v9b-patient-saveper/baylands_super_75_15_10_test_all
strip_v5_frame_000058_181552000000,matched,1,1,1,0.921366,0.921366,0.962948,/home/ruben/halmstad_ws/datasets/final/baylands_super_75_15_10/images/test/strip_v5_frame_000058_181552000000.jpg,/home/ruben/halmstad_ws/models/obb/experiments/sam3_hybrid_full/runs/predictions/baylands-leader-v9b-patient-saveper/baylands_super_75_15_10_test_all
strip_v5_frame_000059_182552000000,matched,1,1,1,0.967376,0.967376,0.956599,/home/ruben/halmstad_ws/datasets/final/baylands_super_75_15_10/images/test/strip_v5_frame_000059_182552000000.jpg,/home/ruben/halmstad_ws/models/obb/experiments/sam3_hybrid_full/runs/predictions/baylands-leader-v9b-patient-saveper/baylands_super_75_15_10_test_all
strip_v5_frame_000060_183552000000,matched,1,1,1,0.957939,0.957939,0.963496,/home/ruben/halmstad_ws/datasets/final/baylands_super_75_15_10/images/test/strip_v5_frame_000060_183552000000.jpg,/home/ruben/halmstad_ws/models/obb/experiments/sam3_hybrid_full/runs/predictions/baylands-leader-v9b-patient-saveper/baylands_super_75_15_10_test_all
strip_v5_frame_000062_185600000000,matched,1,1,1,0.881309,0.881309,0.947212,/home/ruben/halmstad_ws/datasets/final/baylands_super_75_15_10/images/test/strip_v5_frame_000062_185600000000.jpg,/home/ruben/halmstad_ws/models/obb/experiments/sam3_hybrid_full/runs/predictions/baylands-leader-v9b-patient-saveper/baylands_super_75_15_10_test_all
strip_v5_frame_000063_186600000000,matched,1,1,1,0.908106,0.908106,0.93983,/home/ruben/halmstad_ws/datasets/final/baylands_super_75_15_10/images/test/strip_v5_frame_000063_186600000000.jpg,/home/ruben/halmstad_ws/models/obb/experiments/sam3_hybrid_full/runs/predictions/baylands-leader-v9b-patient-saveper/baylands_super_75_15_10_test_all
strip_v7_frame_000019_91652000000,matched,1,1,1,0.878554,0.878554,0.949903,/home/ruben/halmstad_ws/datasets/final/baylands_super_75_15_10/images/test/strip_v7_frame_000019_91652000000.jpg,/home/ruben/halmstad_ws/models/obb/experiments/sam3_hybrid_full/runs/predictions/baylands-leader-v9b-patient-saveper/baylands_super_75_15_10_test_all
strip_v7_frame_000022_94752000000,matched,1,1,1,0.976839,0.976839,0.958524,/home/ruben/halmstad_ws/datasets/final/baylands_super_75_15_10/images/test/strip_v7_frame_000022_94752000000.jpg,/home/ruben/halmstad_ws/models/obb/experiments/sam3_hybrid_full/runs/predictions/baylands-leader-v9b-patient-saveper/baylands_super_75_15_10_test_all
strip_v7_frame_000027_99800000000,matched,1,1,1,0.894736,0.894736,0.955996,/home/ruben/halmstad_ws/datasets/final/baylands_super_75_15_10/images/test/strip_v7_frame_000027_99800000000.jpg,/home/ruben/halmstad_ws/models/obb/experiments/sam3_hybrid_full/runs/predictions/baylands-leader-v9b-patient-saveper/baylands_super_75_15_10_test_all
strip_v7_frame_000028_100800000000,matched,1,1,1,0.916618,0.916618,0.963594,/home/ruben/halmstad_ws/datasets/final/baylands_super_75_15_10/images/test/strip_v7_frame_000028_100800000000.jpg,/home/ruben/halmstad_ws/models/obb/experiments/sam3_hybrid_full/runs/predictions/baylands-leader-v9b-patient-saveper/baylands_super_75_15_10_test_all
strip_v7_frame_000029_101852000000,matched,1,1,1,0.88891,0.88891,0.959867,/home/ruben/halmstad_ws/datasets/final/baylands_super_75_15_10/images/test/strip_v7_frame_000029_101852000000.jpg,/home/ruben/halmstad_ws/models/obb/experiments/sam3_hybrid_full/runs/predictions/baylands-leader-v9b-patient-saveper/baylands_super_75_15_10_test_all
strip_v7_frame_000031_103900000000,matched,1,1,1,0.861449,0.861449,0.953222,/home/ruben/halmstad_ws/datasets/final/baylands_super_75_15_10/images/test/strip_v7_frame_000031_103900000000.jpg,/home/ruben/halmstad_ws/models/obb/experiments/sam3_hybrid_full/runs/predictions/baylands-leader-v9b-patient-saveper/baylands_super_75_15_10_test_all
strip_v7_frame_000032_104900000000,matched,1,1,1,0.935681,0.935681,0.957516,/home/ruben/halmstad_ws/datasets/final/baylands_super_75_15_10/images/test/strip_v7_frame_000032_104900000000.jpg,/home/ruben/halmstad_ws/models/obb/experiments/sam3_hybrid_full/runs/predictions/baylands-leader-v9b-patient-saveper/baylands_super_75_15_10_test_all
strip_v7_frame_000039_112000000000,matched,1,1,1,0.964587,0.964587,0.957475,/home/ruben/halmstad_ws/datasets/final/baylands_super_75_15_10/images/test/strip_v7_frame_000039_112000000000.jpg,/home/ruben/halmstad_ws/models/obb/experiments/sam3_hybrid_full/runs/predictions/baylands-leader-v9b-patient-saveper/baylands_super_75_15_10_test_all
strip_v7_frame_000094_177300000000,correct_empty,0,0,0,0.0,0.0,,/home/ruben/halmstad_ws/datasets/final/baylands_super_75_15_10/images/test/strip_v7_frame_000094_177300000000.jpg,/home/ruben/halmstad_ws/models/obb/experiments/sam3_hybrid_full/runs/predictions/baylands-leader-v9b-patient-saveper/baylands_super_75_15_10_test_all
strip_v7_frame_000099_182352000000,matched,1,1,1,0.902357,0.902357,0.94676,/home/ruben/halmstad_ws/datasets/final/baylands_super_75_15_10/images/test/strip_v7_frame_000099_182352000000.jpg,/home/ruben/halmstad_ws/models/obb/experiments/sam3_hybrid_full/runs/predictions/baylands-leader-v9b-patient-saveper/baylands_super_75_15_10_test_all
