stem,status,gt_count,pred_count,matches,best_iou,mean_iou,max_conf,image,pred_dir
parkinglot_east_v1_frame_000015_113500000000,matched,1,1,1,0.6101,0.6101,0.853166,/home/ruben/halmstad_ws/datasets/final/baylands_sam3_obb_super_75_15_10/images/test/parkinglot_east_v1_frame_000015_113500000000.jpg,/home/ruben/halmstad_ws/models/obb/experiments/sam3_hybrid_full/runs/predictions/baylands-leader-v5/baylands_sam3_obb_super_75_15_10_test_all
parkinglot_east_v1_frame_000016_117500000000,correct_empty,0,0,0,0.0,0.0,,/home/ruben/halmstad_ws/datasets/final/baylands_sam3_obb_super_75_15_10/images/test/parkinglot_east_v1_frame_000016_117500000000.jpg,/home/ruben/halmstad_ws/models/obb/experiments/sam3_hybrid_full/runs/predictions/baylands-leader-v5/baylands_sam3_obb_super_75_15_10_test_all
parkinglot_east_v2_frame_000000_168400000000,matched,1,1,1,0.785617,0.785617,0.649281,/home/ruben/halmstad_ws/datasets/final/baylands_sam3_obb_super_75_15_10/images/test/parkinglot_east_v2_frame_000000_168400000000.jpg,/home/ruben/halmstad_ws/models/obb/experiments/sam3_hybrid_full/runs/predictions/baylands-leader-v5/baylands_sam3_obb_super_75_15_10_test_all
parkinglot_east_v2_frame_000001_169400000000,matched,1,1,1,0.84374,0.84374,0.591597,/home/ruben/halmstad_ws/datasets/final/baylands_sam3_obb_super_75_15_10/images/test/parkinglot_east_v2_frame_000001_169400000000.jpg,/home/ruben/halmstad_ws/models/obb/experiments/sam3_hybrid_full/runs/predictions/baylands-leader-v5/baylands_sam3_obb_super_75_15_10_test_all
parkinglot_east_v2_frame_000002_170500000000,matched,1,1,1,0.625158,0.625158,0.718591,/home/ruben/halmstad_ws/datasets/final/baylands_sam3_obb_super_75_15_10/images/test/parkinglot_east_v2_frame_000002_170500000000.jpg,/home/ruben/halmstad_ws/models/obb/experiments/sam3_hybrid_full/runs/predictions/baylands-leader-v5/baylands_sam3_obb_super_75_15_10_test_all
parkinglot_east_v2_frame_000005_173500000000,matched,1,1,1,0.60729,0.60729,0.659478,/home/ruben/halmstad_ws/datasets/final/baylands_sam3_obb_super_75_15_10/images/test/parkinglot_east_v2_frame_000005_173500000000.jpg,/home/ruben/halmstad_ws/models/obb/experiments/sam3_hybrid_full/runs/predictions/baylands-leader-v5/baylands_sam3_obb_super_75_15_10_test_all
parkinglot_east_v2_frame_000007_175500000000,matched,1,1,1,0.635885,0.635885,0.823764,/home/ruben/halmstad_ws/datasets/final/baylands_sam3_obb_super_75_15_10/images/test/parkinglot_east_v2_frame_000007_175500000000.jpg,/home/ruben/halmstad_ws/models/obb/experiments/sam3_hybrid_full/runs/predictions/baylands-leader-v5/baylands_sam3_obb_super_75_15_10_test_all
parkinglot_east_v2_frame_000009_177500000000,matched,1,1,1,0.610151,0.610151,0.855541,/home/ruben/halmstad_ws/datasets/final/baylands_sam3_obb_super_75_15_10/images/test/parkinglot_east_v2_frame_000009_177500000000.jpg,/home/ruben/halmstad_ws/models/obb/experiments/sam3_hybrid_full/runs/predictions/baylands-leader-v5/baylands_sam3_obb_super_75_15_10_test_all
parkinglot_east_v2_frame_000010_178500000000,matched,1,1,1,0.59866,0.59866,0.881462,/home/ruben/halmstad_ws/datasets/final/baylands_sam3_obb_super_75_15_10/images/test/parkinglot_east_v2_frame_000010_178500000000.jpg,/home/ruben/halmstad_ws/models/obb/experiments/sam3_hybrid_full/runs/predictions/baylands-leader-v5/baylands_sam3_obb_super_75_15_10_test_all
parkinglot_east_v3_frame_000269_512600000000,matched,1,1,1,0.427898,0.427898,0.307616,/home/ruben/halmstad_ws/datasets/final/baylands_sam3_obb_super_75_15_10/images/test/parkinglot_east_v3_frame_000269_512600000000.jpg,/home/ruben/halmstad_ws/models/obb/experiments/sam3_hybrid_full/runs/predictions/baylands-leader-v5/baylands_sam3_obb_super_75_15_10_test_all
parkinglot_east_v3_frame_000270_513600000000,no_prediction,1,0,0,0.0,0.0,,/home/ruben/halmstad_ws/datasets/final/baylands_sam3_obb_super_75_15_10/images/test/parkinglot_east_v3_frame_000270_513600000000.jpg,/home/ruben/halmstad_ws/models/obb/experiments/sam3_hybrid_full/runs/predictions/baylands-leader-v5/baylands_sam3_obb_super_75_15_10_test_all
parkinglot_east_v3_frame_000272_515700000000,matched,1,1,1,0.645074,0.645074,0.330102,/home/ruben/halmstad_ws/datasets/final/baylands_sam3_obb_super_75_15_10/images/test/parkinglot_east_v3_frame_000272_515700000000.jpg,/home/ruben/halmstad_ws/models/obb/experiments/sam3_hybrid_full/runs/predictions/baylands-leader-v5/baylands_sam3_obb_super_75_15_10_test_all
parkinglot_east_v3_frame_000273_516700000000,matched,1,1,1,0.394088,0.394088,0.402049,/home/ruben/halmstad_ws/datasets/final/baylands_sam3_obb_super_75_15_10/images/test/parkinglot_east_v3_frame_000273_516700000000.jpg,/home/ruben/halmstad_ws/models/obb/experiments/sam3_hybrid_full/runs/predictions/baylands-leader-v5/baylands_sam3_obb_super_75_15_10_test_all
parkinglot_east_v3_frame_000274_517700000000,matched,1,1,1,0.432456,0.432456,0.539496,/home/ruben/halmstad_ws/datasets/final/baylands_sam3_obb_super_75_15_10/images/test/parkinglot_east_v3_frame_000274_517700000000.jpg,/home/ruben/halmstad_ws/models/obb/experiments/sam3_hybrid_full/runs/predictions/baylands-leader-v5/baylands_sam3_obb_super_75_15_10_test_all
parkinglot_east_v3_frame_000275_518700000000,matched,1,1,1,0.465304,0.465304,0.766578,/home/ruben/halmstad_ws/datasets/final/baylands_sam3_obb_super_75_15_10/images/test/parkinglot_east_v3_frame_000275_518700000000.jpg,/home/ruben/halmstad_ws/models/obb/experiments/sam3_hybrid_full/runs/predictions/baylands-leader-v5/baylands_sam3_obb_super_75_15_10_test_all
parkinglot_east_v3_frame_000276_519700000000,matched,1,1,1,0.484574,0.484574,0.804977,/home/ruben/halmstad_ws/datasets/final/baylands_sam3_obb_super_75_15_10/images/test/parkinglot_east_v3_frame_000276_519700000000.jpg,/home/ruben/halmstad_ws/models/obb/experiments/sam3_hybrid_full/runs/predictions/baylands-leader-v5/baylands_sam3_obb_super_75_15_10_test_all
parkinglot_east_v3_frame_000277_520700000000,matched,1,1,1,0.687826,0.687826,0.83691,/home/ruben/halmstad_ws/datasets/final/baylands_sam3_obb_super_75_15_10/images/test/parkinglot_east_v3_frame_000277_520700000000.jpg,/home/ruben/halmstad_ws/models/obb/experiments/sam3_hybrid_full/runs/predictions/baylands-leader-v5/baylands_sam3_obb_super_75_15_10_test_all
parkinglot_east_v3_frame_000278_521700000000,multi_prediction,1,2,1,0.465853,0.465853,0.74795,/home/ruben/halmstad_ws/datasets/final/baylands_sam3_obb_super_75_15_10/images/test/parkinglot_east_v3_frame_000278_521700000000.jpg,/home/ruben/halmstad_ws/models/obb/experiments/sam3_hybrid_full/runs/predictions/baylands-leader-v5/baylands_sam3_obb_super_75_15_10_test_all
parkinglot_east_v3_frame_000279_522700000000,matched,1,1,1,0.467954,0.467954,0.651987,/home/ruben/halmstad_ws/datasets/final/baylands_sam3_obb_super_75_15_10/images/test/parkinglot_east_v3_frame_000279_522700000000.jpg,/home/ruben/halmstad_ws/models/obb/experiments/sam3_hybrid_full/runs/predictions/baylands-leader-v5/baylands_sam3_obb_super_75_15_10_test_all
parkinglot_east_v3_frame_000280_523800000000,matched,1,1,1,0.471356,0.471356,0.616762,/home/ruben/halmstad_ws/datasets/final/baylands_sam3_obb_super_75_15_10/images/test/parkinglot_east_v3_frame_000280_523800000000.jpg,/home/ruben/halmstad_ws/models/obb/experiments/sam3_hybrid_full/runs/predictions/baylands-leader-v5/baylands_sam3_obb_super_75_15_10_test_all
parkinglot_east_v3_frame_000281_524800000000,matched,1,1,1,0.432948,0.432948,0.33326,/home/ruben/halmstad_ws/datasets/final/baylands_sam3_obb_super_75_15_10/images/test/parkinglot_east_v3_frame_000281_524800000000.jpg,/home/ruben/halmstad_ws/models/obb/experiments/sam3_hybrid_full/runs/predictions/baylands-leader-v5/baylands_sam3_obb_super_75_15_10_test_all
parkinglot_east_v3_frame_000282_525800000000,no_prediction,1,0,0,0.0,0.0,,/home/ruben/halmstad_ws/datasets/final/baylands_sam3_obb_super_75_15_10/images/test/parkinglot_east_v3_frame_000282_525800000000.jpg,/home/ruben/halmstad_ws/models/obb/experiments/sam3_hybrid_full/runs/predictions/baylands-leader-v5/baylands_sam3_obb_super_75_15_10_test_all
parkinglot_east_v3_frame_000283_526800000000,no_prediction,1,0,0,0.0,0.0,,/home/ruben/halmstad_ws/datasets/final/baylands_sam3_obb_super_75_15_10/images/test/parkinglot_east_v3_frame_000283_526800000000.jpg,/home/ruben/halmstad_ws/models/obb/experiments/sam3_hybrid_full/runs/predictions/baylands-leader-v5/baylands_sam3_obb_super_75_15_10_test_all
parkinglot_east_v3_frame_000284_527800000000,matched,1,1,1,0.511557,0.511557,0.259035,/home/ruben/halmstad_ws/datasets/final/baylands_sam3_obb_super_75_15_10/images/test/parkinglot_east_v3_frame_000284_527800000000.jpg,/home/ruben/halmstad_ws/models/obb/experiments/sam3_hybrid_full/runs/predictions/baylands-leader-v5/baylands_sam3_obb_super_75_15_10_test_all
parkinglot_east_v3_frame_000285_528800000000,matched,1,1,1,0.520521,0.520521,0.560073,/home/ruben/halmstad_ws/datasets/final/baylands_sam3_obb_super_75_15_10/images/test/parkinglot_east_v3_frame_000285_528800000000.jpg,/home/ruben/halmstad_ws/models/obb/experiments/sam3_hybrid_full/runs/predictions/baylands-leader-v5/baylands_sam3_obb_super_75_15_10_test_all
parkinglot_east_v3_frame_000286_529800000000,matched,1,1,1,0.540782,0.540782,0.874095,/home/ruben/halmstad_ws/datasets/final/baylands_sam3_obb_super_75_15_10/images/test/parkinglot_east_v3_frame_000286_529800000000.jpg,/home/ruben/halmstad_ws/models/obb/experiments/sam3_hybrid_full/runs/predictions/baylands-leader-v5/baylands_sam3_obb_super_75_15_10_test_all
parkinglot_east_v3_frame_000287_530800000000,matched,1,1,1,0.693929,0.693929,0.905847,/home/ruben/halmstad_ws/datasets/final/baylands_sam3_obb_super_75_15_10/images/test/parkinglot_east_v3_frame_000287_530800000000.jpg,/home/ruben/halmstad_ws/models/obb/experiments/sam3_hybrid_full/runs/predictions/baylands-leader-v5/baylands_sam3_obb_super_75_15_10_test_all
parkinglot_east_v3_frame_000288_531800000000,matched,1,1,1,0.517862,0.517862,0.897687,/home/ruben/halmstad_ws/datasets/final/baylands_sam3_obb_super_75_15_10/images/test/parkinglot_east_v3_frame_000288_531800000000.jpg,/home/ruben/halmstad_ws/models/obb/experiments/sam3_hybrid_full/runs/predictions/baylands-leader-v5/baylands_sam3_obb_super_75_15_10_test_all
parkinglot_east_v3_frame_000289_532800000000,matched,1,1,1,0.578863,0.578863,0.899774,/home/ruben/halmstad_ws/datasets/final/baylands_sam3_obb_super_75_15_10/images/test/parkinglot_east_v3_frame_000289_532800000000.jpg,/home/ruben/halmstad_ws/models/obb/experiments/sam3_hybrid_full/runs/predictions/baylands-leader-v5/baylands_sam3_obb_super_75_15_10_test_all
parkinglot_east_v3_frame_000290_533900000000,matched,1,1,1,0.570782,0.570782,0.871849,/home/ruben/halmstad_ws/datasets/final/baylands_sam3_obb_super_75_15_10/images/test/parkinglot_east_v3_frame_000290_533900000000.jpg,/home/ruben/halmstad_ws/models/obb/experiments/sam3_hybrid_full/runs/predictions/baylands-leader-v5/baylands_sam3_obb_super_75_15_10_test_all
parkinglot_east_v3_frame_000291_534900000000,matched,1,1,1,0.509426,0.509426,0.879901,/home/ruben/halmstad_ws/datasets/final/baylands_sam3_obb_super_75_15_10/images/test/parkinglot_east_v3_frame_000291_534900000000.jpg,/home/ruben/halmstad_ws/models/obb/experiments/sam3_hybrid_full/runs/predictions/baylands-leader-v5/baylands_sam3_obb_super_75_15_10_test_all
parkinglot_east_v3_frame_000293_536900000000,matched,1,1,1,0.465058,0.465058,0.270542,/home/ruben/halmstad_ws/datasets/final/baylands_sam3_obb_super_75_15_10/images/test/parkinglot_east_v3_frame_000293_536900000000.jpg,/home/ruben/halmstad_ws/models/obb/experiments/sam3_hybrid_full/runs/predictions/baylands-leader-v5/baylands_sam3_obb_super_75_15_10_test_all
parkinglot_east_v3_frame_000294_537900000000,matched,1,1,1,0.478343,0.478343,0.334221,/home/ruben/halmstad_ws/datasets/final/baylands_sam3_obb_super_75_15_10/images/test/parkinglot_east_v3_frame_000294_537900000000.jpg,/home/ruben/halmstad_ws/models/obb/experiments/sam3_hybrid_full/runs/predictions/baylands-leader-v5/baylands_sam3_obb_super_75_15_10_test_all
parkinglot_east_v3_frame_000295_538900000000,matched,1,1,1,0.478989,0.478989,0.438502,/home/ruben/halmstad_ws/datasets/final/baylands_sam3_obb_super_75_15_10/images/test/parkinglot_east_v3_frame_000295_538900000000.jpg,/home/ruben/halmstad_ws/models/obb/experiments/sam3_hybrid_full/runs/predictions/baylands-leader-v5/baylands_sam3_obb_super_75_15_10_test_all
parkinglot_east_v4_frame_000010_113700000000,correct_empty,0,0,0,0.0,0.0,,/home/ruben/halmstad_ws/datasets/final/baylands_sam3_obb_super_75_15_10/images/test/parkinglot_east_v4_frame_000010_113700000000.jpg,/home/ruben/halmstad_ws/models/obb/experiments/sam3_hybrid_full/runs/predictions/baylands-leader-v5/baylands_sam3_obb_super_75_15_10_test_all
parkinglot_east_v4_frame_000012_121700000000,matched,1,1,1,0.704378,0.704378,0.820309,/home/ruben/halmstad_ws/datasets/final/baylands_sam3_obb_super_75_15_10/images/test/parkinglot_east_v4_frame_000012_121700000000.jpg,/home/ruben/halmstad_ws/models/obb/experiments/sam3_hybrid_full/runs/predictions/baylands-leader-v5/baylands_sam3_obb_super_75_15_10_test_all
parkinglot_east_v4_frame_000013_125700000000,matched,1,1,1,0.489009,0.489009,0.390041,/home/ruben/halmstad_ws/datasets/final/baylands_sam3_obb_super_75_15_10/images/test/parkinglot_east_v4_frame_000013_125700000000.jpg,/home/ruben/halmstad_ws/models/obb/experiments/sam3_hybrid_full/runs/predictions/baylands-leader-v5/baylands_sam3_obb_super_75_15_10_test_all
parkinglot_east_v4_frame_000014_129700000000,correct_empty,0,0,0,0.0,0.0,,/home/ruben/halmstad_ws/datasets/final/baylands_sam3_obb_super_75_15_10/images/test/parkinglot_east_v4_frame_000014_129700000000.jpg,/home/ruben/halmstad_ws/models/obb/experiments/sam3_hybrid_full/runs/predictions/baylands-leader-v5/baylands_sam3_obb_super_75_15_10_test_all
parkinglot_east_v4_frame_000015_133700000000,no_prediction,1,0,0,0.0,0.0,,/home/ruben/halmstad_ws/datasets/final/baylands_sam3_obb_super_75_15_10/images/test/parkinglot_east_v4_frame_000015_133700000000.jpg,/home/ruben/halmstad_ws/models/obb/experiments/sam3_hybrid_full/runs/predictions/baylands-leader-v5/baylands_sam3_obb_super_75_15_10_test_all
parkinglot_east_v4_frame_000016_137700000000,no_prediction,1,0,0,0.0,0.0,,/home/ruben/halmstad_ws/datasets/final/baylands_sam3_obb_super_75_15_10/images/test/parkinglot_east_v4_frame_000016_137700000000.jpg,/home/ruben/halmstad_ws/models/obb/experiments/sam3_hybrid_full/runs/predictions/baylands-leader-v5/baylands_sam3_obb_super_75_15_10_test_all
parkinglot_east_v4_frame_000017_141800000000,no_prediction,1,0,0,0.0,0.0,,/home/ruben/halmstad_ws/datasets/final/baylands_sam3_obb_super_75_15_10/images/test/parkinglot_east_v4_frame_000017_141800000000.jpg,/home/ruben/halmstad_ws/models/obb/experiments/sam3_hybrid_full/runs/predictions/baylands-leader-v5/baylands_sam3_obb_super_75_15_10_test_all
parkinglot_east_v4_frame_000018_145800000000,no_prediction,1,0,0,0.0,0.0,,/home/ruben/halmstad_ws/datasets/final/baylands_sam3_obb_super_75_15_10/images/test/parkinglot_east_v4_frame_000018_145800000000.jpg,/home/ruben/halmstad_ws/models/obb/experiments/sam3_hybrid_full/runs/predictions/baylands-leader-v5/baylands_sam3_obb_super_75_15_10_test_all
parkinglot_east_v4_frame_000019_149800000000,correct_empty,0,0,0,0.0,0.0,,/home/ruben/halmstad_ws/datasets/final/baylands_sam3_obb_super_75_15_10/images/test/parkinglot_east_v4_frame_000019_149800000000.jpg,/home/ruben/halmstad_ws/models/obb/experiments/sam3_hybrid_full/runs/predictions/baylands-leader-v5/baylands_sam3_obb_super_75_15_10_test_all
parkinglot_east_v4_frame_000020_153800000000,correct_empty,0,0,0,0.0,0.0,,/home/ruben/halmstad_ws/datasets/final/baylands_sam3_obb_super_75_15_10/images/test/parkinglot_east_v4_frame_000020_153800000000.jpg,/home/ruben/halmstad_ws/models/obb/experiments/sam3_hybrid_full/runs/predictions/baylands-leader-v5/baylands_sam3_obb_super_75_15_10_test_all
parkinglot_east_v4_frame_000021_157800000000,matched,1,1,1,0.486497,0.486497,0.451596,/home/ruben/halmstad_ws/datasets/final/baylands_sam3_obb_super_75_15_10/images/test/parkinglot_east_v4_frame_000021_157800000000.jpg,/home/ruben/halmstad_ws/models/obb/experiments/sam3_hybrid_full/runs/predictions/baylands-leader-v5/baylands_sam3_obb_super_75_15_10_test_all
parkinglot_east_v4_frame_000022_161800000000,no_prediction,1,0,0,0.0,0.0,,/home/ruben/halmstad_ws/datasets/final/baylands_sam3_obb_super_75_15_10/images/test/parkinglot_east_v4_frame_000022_161800000000.jpg,/home/ruben/halmstad_ws/models/obb/experiments/sam3_hybrid_full/runs/predictions/baylands-leader-v5/baylands_sam3_obb_super_75_15_10_test_all
parkinglot_east_v4_frame_000023_165800000000,matched,1,1,1,0.50448,0.50448,0.403986,/home/ruben/halmstad_ws/datasets/final/baylands_sam3_obb_super_75_15_10/images/test/parkinglot_east_v4_frame_000023_165800000000.jpg,/home/ruben/halmstad_ws/models/obb/experiments/sam3_hybrid_full/runs/predictions/baylands-leader-v5/baylands_sam3_obb_super_75_15_10_test_all
parkinglot_east_v4_frame_000024_169800000000,no_prediction,1,0,0,0.0,0.0,,/home/ruben/halmstad_ws/datasets/final/baylands_sam3_obb_super_75_15_10/images/test/parkinglot_east_v4_frame_000024_169800000000.jpg,/home/ruben/halmstad_ws/models/obb/experiments/sam3_hybrid_full/runs/predictions/baylands-leader-v5/baylands_sam3_obb_super_75_15_10_test_all
parkinglot_east_v4_frame_000025_173800000000,matched,1,1,1,0.518433,0.518433,0.397825,/home/ruben/halmstad_ws/datasets/final/baylands_sam3_obb_super_75_15_10/images/test/parkinglot_east_v4_frame_000025_173800000000.jpg,/home/ruben/halmstad_ws/models/obb/experiments/sam3_hybrid_full/runs/predictions/baylands-leader-v5/baylands_sam3_obb_super_75_15_10_test_all
parkinglot_east_v4_frame_000026_177900000000,matched,1,1,1,0.656564,0.656564,0.819276,/home/ruben/halmstad_ws/datasets/final/baylands_sam3_obb_super_75_15_10/images/test/parkinglot_east_v4_frame_000026_177900000000.jpg,/home/ruben/halmstad_ws/models/obb/experiments/sam3_hybrid_full/runs/predictions/baylands-leader-v5/baylands_sam3_obb_super_75_15_10_test_all
parkinglot_west_v1_frame_000144_224400000000,matched,1,1,1,0.543628,0.543628,0.505286,/home/ruben/halmstad_ws/datasets/final/baylands_sam3_obb_super_75_15_10/images/test/parkinglot_west_v1_frame_000144_224400000000.jpg,/home/ruben/halmstad_ws/models/obb/experiments/sam3_hybrid_full/runs/predictions/baylands-leader-v5/baylands_sam3_obb_super_75_15_10_test_all
parkinglot_west_v1_frame_000145_225400000000,matched,1,1,1,0.612984,0.612984,0.788417,/home/ruben/halmstad_ws/datasets/final/baylands_sam3_obb_super_75_15_10/images/test/parkinglot_west_v1_frame_000145_225400000000.jpg,/home/ruben/halmstad_ws/models/obb/experiments/sam3_hybrid_full/runs/predictions/baylands-leader-v5/baylands_sam3_obb_super_75_15_10_test_all
parkinglot_west_v1_frame_000149_229452000000,matched,1,1,1,0.38041,0.38041,0.870385,/home/ruben/halmstad_ws/datasets/final/baylands_sam3_obb_super_75_15_10/images/test/parkinglot_west_v1_frame_000149_229452000000.jpg,/home/ruben/halmstad_ws/models/obb/experiments/sam3_hybrid_full/runs/predictions/baylands-leader-v5/baylands_sam3_obb_super_75_15_10_test_all
parkinglot_west_v1_frame_000150_230500000000,matched,1,1,1,0.450499,0.450499,0.875425,/home/ruben/halmstad_ws/datasets/final/baylands_sam3_obb_super_75_15_10/images/test/parkinglot_west_v1_frame_000150_230500000000.jpg,/home/ruben/halmstad_ws/models/obb/experiments/sam3_hybrid_full/runs/predictions/baylands-leader-v5/baylands_sam3_obb_super_75_15_10_test_all
parkinglot_west_v1_frame_000159_239552000000,no_prediction,1,0,0,0.0,0.0,,/home/ruben/halmstad_ws/datasets/final/baylands_sam3_obb_super_75_15_10/images/test/parkinglot_west_v1_frame_000159_239552000000.jpg,/home/ruben/halmstad_ws/models/obb/experiments/sam3_hybrid_full/runs/predictions/baylands-leader-v5/baylands_sam3_obb_super_75_15_10_test_all
parkinglot_west_v1_frame_000160_240552000000,no_prediction,1,0,0,0.0,0.0,,/home/ruben/halmstad_ws/datasets/final/baylands_sam3_obb_super_75_15_10/images/test/parkinglot_west_v1_frame_000160_240552000000.jpg,/home/ruben/halmstad_ws/models/obb/experiments/sam3_hybrid_full/runs/predictions/baylands-leader-v5/baylands_sam3_obb_super_75_15_10_test_all
parkinglot_west_v1_frame_000161_241552000000,matched,1,1,1,0.334655,0.334655,0.326678,/home/ruben/halmstad_ws/datasets/final/baylands_sam3_obb_super_75_15_10/images/test/parkinglot_west_v1_frame_000161_241552000000.jpg,/home/ruben/halmstad_ws/models/obb/experiments/sam3_hybrid_full/runs/predictions/baylands-leader-v5/baylands_sam3_obb_super_75_15_10_test_all
parkinglot_west_v1_frame_000209_292500000000,matched,1,1,1,0.463831,0.463831,0.53051,/home/ruben/halmstad_ws/datasets/final/baylands_sam3_obb_super_75_15_10/images/test/parkinglot_west_v1_frame_000209_292500000000.jpg,/home/ruben/halmstad_ws/models/obb/experiments/sam3_hybrid_full/runs/predictions/baylands-leader-v5/baylands_sam3_obb_super_75_15_10_test_all
parkinglot_west_v1_frame_000210_293500000000,matched,1,1,1,0.452484,0.452484,0.646163,/home/ruben/halmstad_ws/datasets/final/baylands_sam3_obb_super_75_15_10/images/test/parkinglot_west_v1_frame_000210_293500000000.jpg,/home/ruben/halmstad_ws/models/obb/experiments/sam3_hybrid_full/runs/predictions/baylands-leader-v5/baylands_sam3_obb_super_75_15_10_test_all
parkinglot_west_v1_frame_000212_295552000000,matched,1,1,1,0.565914,0.565914,0.603524,/home/ruben/halmstad_ws/datasets/final/baylands_sam3_obb_super_75_15_10/images/test/parkinglot_west_v1_frame_000212_295552000000.jpg,/home/ruben/halmstad_ws/models/obb/experiments/sam3_hybrid_full/runs/predictions/baylands-leader-v5/baylands_sam3_obb_super_75_15_10_test_all
parkinglot_west_v1_frame_000214_297600000000,matched,1,1,1,0.776812,0.776812,0.740955,/home/ruben/halmstad_ws/datasets/final/baylands_sam3_obb_super_75_15_10/images/test/parkinglot_west_v1_frame_000214_297600000000.jpg,/home/ruben/halmstad_ws/models/obb/experiments/sam3_hybrid_full/runs/predictions/baylands-leader-v5/baylands_sam3_obb_super_75_15_10_test_all
parkinglot_west_v1_frame_000215_298600000000,matched,1,1,1,0.556564,0.556564,0.412268,/home/ruben/halmstad_ws/datasets/final/baylands_sam3_obb_super_75_15_10/images/test/parkinglot_west_v1_frame_000215_298600000000.jpg,/home/ruben/halmstad_ws/models/obb/experiments/sam3_hybrid_full/runs/predictions/baylands-leader-v5/baylands_sam3_obb_super_75_15_10_test_all
parkinglot_west_v1_frame_000217_300600000000,matched,1,1,1,0.25664,0.25664,0.313205,/home/ruben/halmstad_ws/datasets/final/baylands_sam3_obb_super_75_15_10/images/test/parkinglot_west_v1_frame_000217_300600000000.jpg,/home/ruben/halmstad_ws/models/obb/experiments/sam3_hybrid_full/runs/predictions/baylands-leader-v5/baylands_sam3_obb_super_75_15_10_test_all
parkinglot_west_v1_frame_000219_302652000000,matched,1,1,1,0.27184,0.27184,0.31612,/home/ruben/halmstad_ws/datasets/final/baylands_sam3_obb_super_75_15_10/images/test/parkinglot_west_v1_frame_000219_302652000000.jpg,/home/ruben/halmstad_ws/models/obb/experiments/sam3_hybrid_full/runs/predictions/baylands-leader-v5/baylands_sam3_obb_super_75_15_10_test_all
parkinglot_west_v1_frame_000220_303652000000,no_prediction,1,0,0,0.0,0.0,,/home/ruben/halmstad_ws/datasets/final/baylands_sam3_obb_super_75_15_10/images/test/parkinglot_west_v1_frame_000220_303652000000.jpg,/home/ruben/halmstad_ws/models/obb/experiments/sam3_hybrid_full/runs/predictions/baylands-leader-v5/baylands_sam3_obb_super_75_15_10_test_all
parkinglot_west_v1_frame_000221_304652000000,matched,1,1,1,0.526902,0.526902,0.403616,/home/ruben/halmstad_ws/datasets/final/baylands_sam3_obb_super_75_15_10/images/test/parkinglot_west_v1_frame_000221_304652000000.jpg,/home/ruben/halmstad_ws/models/obb/experiments/sam3_hybrid_full/runs/predictions/baylands-leader-v5/baylands_sam3_obb_super_75_15_10_test_all
parkinglot_west_v1_frame_000225_308700000000,matched,1,1,1,0.550119,0.550119,0.334899,/home/ruben/halmstad_ws/datasets/final/baylands_sam3_obb_super_75_15_10/images/test/parkinglot_west_v1_frame_000225_308700000000.jpg,/home/ruben/halmstad_ws/models/obb/experiments/sam3_hybrid_full/runs/predictions/baylands-leader-v5/baylands_sam3_obb_super_75_15_10_test_all
parkinglot_west_v1_frame_000226_309752000000,matched,1,1,1,0.622352,0.622352,0.388958,/home/ruben/halmstad_ws/datasets/final/baylands_sam3_obb_super_75_15_10/images/test/parkinglot_west_v1_frame_000226_309752000000.jpg,/home/ruben/halmstad_ws/models/obb/experiments/sam3_hybrid_full/runs/predictions/baylands-leader-v5/baylands_sam3_obb_super_75_15_10_test_all
parkinglot_west_v2_frame_000139_228252000000,matched,1,1,1,0.445516,0.445516,0.781825,/home/ruben/halmstad_ws/datasets/final/baylands_sam3_obb_super_75_15_10/images/test/parkinglot_west_v2_frame_000139_228252000000.jpg,/home/ruben/halmstad_ws/models/obb/experiments/sam3_hybrid_full/runs/predictions/baylands-leader-v5/baylands_sam3_obb_super_75_15_10_test_all
parkinglot_west_v2_frame_000153_242352000000,matched,1,1,1,0.499504,0.499504,0.386719,/home/ruben/halmstad_ws/datasets/final/baylands_sam3_obb_super_75_15_10/images/test/parkinglot_west_v2_frame_000153_242352000000.jpg,/home/ruben/halmstad_ws/models/obb/experiments/sam3_hybrid_full/runs/predictions/baylands-leader-v5/baylands_sam3_obb_super_75_15_10_test_all
parkinglot_west_v2_frame_000154_243352000000,multi_prediction,1,2,1,0.459714,0.459714,0.852097,/home/ruben/halmstad_ws/datasets/final/baylands_sam3_obb_super_75_15_10/images/test/parkinglot_west_v2_frame_000154_243352000000.jpg,/home/ruben/halmstad_ws/models/obb/experiments/sam3_hybrid_full/runs/predictions/baylands-leader-v5/baylands_sam3_obb_super_75_15_10_test_all
parkinglot_west_v2_frame_000155_244352000000,matched,1,1,1,0.683826,0.683826,0.852148,/home/ruben/halmstad_ws/datasets/final/baylands_sam3_obb_super_75_15_10/images/test/parkinglot_west_v2_frame_000155_244352000000.jpg,/home/ruben/halmstad_ws/models/obb/experiments/sam3_hybrid_full/runs/predictions/baylands-leader-v5/baylands_sam3_obb_super_75_15_10_test_all
parkinglot_west_v3_frame_000138_229700000000,matched,1,1,1,0.629659,0.629659,0.527686,/home/ruben/halmstad_ws/datasets/final/baylands_sam3_obb_super_75_15_10/images/test/parkinglot_west_v3_frame_000138_229700000000.jpg,/home/ruben/halmstad_ws/models/obb/experiments/sam3_hybrid_full/runs/predictions/baylands-leader-v5/baylands_sam3_obb_super_75_15_10_test_all
parkinglot_west_v3_frame_000139_230700000000,matched,1,1,1,0.825213,0.825213,0.432671,/home/ruben/halmstad_ws/datasets/final/baylands_sam3_obb_super_75_15_10/images/test/parkinglot_west_v3_frame_000139_230700000000.jpg,/home/ruben/halmstad_ws/models/obb/experiments/sam3_hybrid_full/runs/predictions/baylands-leader-v5/baylands_sam3_obb_super_75_15_10_test_all
parkinglot_west_v3_frame_000140_231752000000,matched,1,1,1,0.614241,0.614241,0.51591,/home/ruben/halmstad_ws/datasets/final/baylands_sam3_obb_super_75_15_10/images/test/parkinglot_west_v3_frame_000140_231752000000.jpg,/home/ruben/halmstad_ws/models/obb/experiments/sam3_hybrid_full/runs/predictions/baylands-leader-v5/baylands_sam3_obb_super_75_15_10_test_all
parkinglot_west_v3_frame_000143_234800000000,matched,1,1,1,0.545507,0.545507,0.468383,/home/ruben/halmstad_ws/datasets/final/baylands_sam3_obb_super_75_15_10/images/test/parkinglot_west_v3_frame_000143_234800000000.jpg,/home/ruben/halmstad_ws/models/obb/experiments/sam3_hybrid_full/runs/predictions/baylands-leader-v5/baylands_sam3_obb_super_75_15_10_test_all
parkinglot_west_v3_frame_000145_236800000000,matched,1,1,1,0.577477,0.577477,0.289279,/home/ruben/halmstad_ws/datasets/final/baylands_sam3_obb_super_75_15_10/images/test/parkinglot_west_v3_frame_000145_236800000000.jpg,/home/ruben/halmstad_ws/models/obb/experiments/sam3_hybrid_full/runs/predictions/baylands-leader-v5/baylands_sam3_obb_super_75_15_10_test_all
parkinglot_west_v3_frame_000146_237800000000,no_prediction,1,0,0,0.0,0.0,,/home/ruben/halmstad_ws/datasets/final/baylands_sam3_obb_super_75_15_10/images/test/parkinglot_west_v3_frame_000146_237800000000.jpg,/home/ruben/halmstad_ws/models/obb/experiments/sam3_hybrid_full/runs/predictions/baylands-leader-v5/baylands_sam3_obb_super_75_15_10_test_all
parkinglot_west_v3_frame_000147_238800000000,matched,1,1,1,0.523818,0.523818,0.34587,/home/ruben/halmstad_ws/datasets/final/baylands_sam3_obb_super_75_15_10/images/test/parkinglot_west_v3_frame_000147_238800000000.jpg,/home/ruben/halmstad_ws/models/obb/experiments/sam3_hybrid_full/runs/predictions/baylands-leader-v5/baylands_sam3_obb_super_75_15_10_test_all
parkinglot_west_v3_frame_000149_240800000000,matched,1,1,1,0.423394,0.423394,0.254543,/home/ruben/halmstad_ws/datasets/final/baylands_sam3_obb_super_75_15_10/images/test/parkinglot_west_v3_frame_000149_240800000000.jpg,/home/ruben/halmstad_ws/models/obb/experiments/sam3_hybrid_full/runs/predictions/baylands-leader-v5/baylands_sam3_obb_super_75_15_10_test_all
parkinglot_west_v3_frame_000150_241852000000,matched,1,1,1,0.489973,0.489973,0.402816,/home/ruben/halmstad_ws/datasets/final/baylands_sam3_obb_super_75_15_10/images/test/parkinglot_west_v3_frame_000150_241852000000.jpg,/home/ruben/halmstad_ws/models/obb/experiments/sam3_hybrid_full/runs/predictions/baylands-leader-v5/baylands_sam3_obb_super_75_15_10_test_all
parkinglot_west_v3_frame_000152_243852000000,no_prediction,1,0,0,0.0,0.0,,/home/ruben/halmstad_ws/datasets/final/baylands_sam3_obb_super_75_15_10/images/test/parkinglot_west_v3_frame_000152_243852000000.jpg,/home/ruben/halmstad_ws/models/obb/experiments/sam3_hybrid_full/runs/predictions/baylands-leader-v5/baylands_sam3_obb_super_75_15_10_test_all
parkinglot_west_v3_frame_000198_290200000000,matched,1,1,1,0.440636,0.440636,0.84217,/home/ruben/halmstad_ws/datasets/final/baylands_sam3_obb_super_75_15_10/images/test/parkinglot_west_v3_frame_000198_290200000000.jpg,/home/ruben/halmstad_ws/models/obb/experiments/sam3_hybrid_full/runs/predictions/baylands-leader-v5/baylands_sam3_obb_super_75_15_10_test_all
parkinglot_west_v3_frame_000199_291252000000,matched,1,1,1,0.511173,0.511173,0.85029,/home/ruben/halmstad_ws/datasets/final/baylands_sam3_obb_super_75_15_10/images/test/parkinglot_west_v3_frame_000199_291252000000.jpg,/home/ruben/halmstad_ws/models/obb/experiments/sam3_hybrid_full/runs/predictions/baylands-leader-v5/baylands_sam3_obb_super_75_15_10_test_all
parkinglot_west_v3_frame_000200_292200000000,matched,1,1,1,0.525657,0.525657,0.780291,/home/ruben/halmstad_ws/datasets/final/baylands_sam3_obb_super_75_15_10/images/test/parkinglot_west_v3_frame_000200_292200000000.jpg,/home/ruben/halmstad_ws/models/obb/experiments/sam3_hybrid_full/runs/predictions/baylands-leader-v5/baylands_sam3_obb_super_75_15_10_test_all
parkinglot_west_v3_frame_000202_294252000000,matched,1,1,1,0.550538,0.550538,0.399579,/home/ruben/halmstad_ws/datasets/final/baylands_sam3_obb_super_75_15_10/images/test/parkinglot_west_v3_frame_000202_294252000000.jpg,/home/ruben/halmstad_ws/models/obb/experiments/sam3_hybrid_full/runs/predictions/baylands-leader-v5/baylands_sam3_obb_super_75_15_10_test_all
parkinglot_west_v3_frame_000203_295252000000,matched,1,1,1,0.579509,0.579509,0.681833,/home/ruben/halmstad_ws/datasets/final/baylands_sam3_obb_super_75_15_10/images/test/parkinglot_west_v3_frame_000203_295252000000.jpg,/home/ruben/halmstad_ws/models/obb/experiments/sam3_hybrid_full/runs/predictions/baylands-leader-v5/baylands_sam3_obb_super_75_15_10_test_all
parkinglot_west_v3_frame_000205_297252000000,matched,1,1,1,0.544436,0.544436,0.555748,/home/ruben/halmstad_ws/datasets/final/baylands_sam3_obb_super_75_15_10/images/test/parkinglot_west_v3_frame_000205_297252000000.jpg,/home/ruben/halmstad_ws/models/obb/experiments/sam3_hybrid_full/runs/predictions/baylands-leader-v5/baylands_sam3_obb_super_75_15_10_test_all
parkinglot_west_v3_frame_000206_298252000000,matched,1,1,1,0.506933,0.506933,0.463053,/home/ruben/halmstad_ws/datasets/final/baylands_sam3_obb_super_75_15_10/images/test/parkinglot_west_v3_frame_000206_298252000000.jpg,/home/ruben/halmstad_ws/models/obb/experiments/sam3_hybrid_full/runs/predictions/baylands-leader-v5/baylands_sam3_obb_super_75_15_10_test_all
parkinglot_west_v3_frame_000208_300252000000,matched,1,1,1,0.770702,0.770702,0.732009,/home/ruben/halmstad_ws/datasets/final/baylands_sam3_obb_super_75_15_10/images/test/parkinglot_west_v3_frame_000208_300252000000.jpg,/home/ruben/halmstad_ws/models/obb/experiments/sam3_hybrid_full/runs/predictions/baylands-leader-v5/baylands_sam3_obb_super_75_15_10_test_all
parkinglot_west_v3_frame_000209_301300000000,matched,1,1,1,0.872841,0.872841,0.879713,/home/ruben/halmstad_ws/datasets/final/baylands_sam3_obb_super_75_15_10/images/test/parkinglot_west_v3_frame_000209_301300000000.jpg,/home/ruben/halmstad_ws/models/obb/experiments/sam3_hybrid_full/runs/predictions/baylands-leader-v5/baylands_sam3_obb_super_75_15_10_test_all
parkinglot_west_v3_frame_000210_302300000000,matched,1,1,1,0.552587,0.552587,0.859475,/home/ruben/halmstad_ws/datasets/final/baylands_sam3_obb_super_75_15_10/images/test/parkinglot_west_v3_frame_000210_302300000000.jpg,/home/ruben/halmstad_ws/models/obb/experiments/sam3_hybrid_full/runs/predictions/baylands-leader-v5/baylands_sam3_obb_super_75_15_10_test_all
parkinglot_west_v3_frame_000212_304352000000,matched,1,1,1,0.764713,0.764713,0.831224,/home/ruben/halmstad_ws/datasets/final/baylands_sam3_obb_super_75_15_10/images/test/parkinglot_west_v3_frame_000212_304352000000.jpg,/home/ruben/halmstad_ws/models/obb/experiments/sam3_hybrid_full/runs/predictions/baylands-leader-v5/baylands_sam3_obb_super_75_15_10_test_all
parkinglot_west_v3_frame_000214_306352000000,matched,1,1,1,0.520635,0.520635,0.624481,/home/ruben/halmstad_ws/datasets/final/baylands_sam3_obb_super_75_15_10/images/test/parkinglot_west_v3_frame_000214_306352000000.jpg,/home/ruben/halmstad_ws/models/obb/experiments/sam3_hybrid_full/runs/predictions/baylands-leader-v5/baylands_sam3_obb_super_75_15_10_test_all
parkinglot_west_v5_frame_000027_225900000000,correct_empty,0,0,0,0.0,0.0,,/home/ruben/halmstad_ws/datasets/final/baylands_sam3_obb_super_75_15_10/images/test/parkinglot_west_v5_frame_000027_225900000000.jpg,/home/ruben/halmstad_ws/models/obb/experiments/sam3_hybrid_full/runs/predictions/baylands-leader-v5/baylands_sam3_obb_super_75_15_10_test_all
parkinglot_west_v5_frame_000029_233900000000,matched,1,1,1,0.446786,0.446786,0.724515,/home/ruben/halmstad_ws/datasets/final/baylands_sam3_obb_super_75_15_10/images/test/parkinglot_west_v5_frame_000029_233900000000.jpg,/home/ruben/halmstad_ws/models/obb/experiments/sam3_hybrid_full/runs/predictions/baylands-leader-v5/baylands_sam3_obb_super_75_15_10_test_all
parkinglot_west_v5_frame_000030_237900000000,correct_empty,0,0,0,0.0,0.0,,/home/ruben/halmstad_ws/datasets/final/baylands_sam3_obb_super_75_15_10/images/test/parkinglot_west_v5_frame_000030_237900000000.jpg,/home/ruben/halmstad_ws/models/obb/experiments/sam3_hybrid_full/runs/predictions/baylands-leader-v5/baylands_sam3_obb_super_75_15_10_test_all
parkinglot_west_v5_frame_000031_241900000000,correct_empty,0,0,0,0.0,0.0,,/home/ruben/halmstad_ws/datasets/final/baylands_sam3_obb_super_75_15_10/images/test/parkinglot_west_v5_frame_000031_241900000000.jpg,/home/ruben/halmstad_ws/models/obb/experiments/sam3_hybrid_full/runs/predictions/baylands-leader-v5/baylands_sam3_obb_super_75_15_10_test_all
parkinglot_west_v5_frame_000044_294100000000,correct_empty,0,0,0,0.0,0.0,,/home/ruben/halmstad_ws/datasets/final/baylands_sam3_obb_super_75_15_10/images/test/parkinglot_west_v5_frame_000044_294100000000.jpg,/home/ruben/halmstad_ws/models/obb/experiments/sam3_hybrid_full/runs/predictions/baylands-leader-v5/baylands_sam3_obb_super_75_15_10_test_all
parkinglot_west_v5_frame_000046_302100000000,correct_empty,0,0,0,0.0,0.0,,/home/ruben/halmstad_ws/datasets/final/baylands_sam3_obb_super_75_15_10/images/test/parkinglot_west_v5_frame_000046_302100000000.jpg,/home/ruben/halmstad_ws/models/obb/experiments/sam3_hybrid_full/runs/predictions/baylands-leader-v5/baylands_sam3_obb_super_75_15_10_test_all
road_to_east_v1_frame_000159_234300000000,no_prediction,1,0,0,0.0,0.0,,/home/ruben/halmstad_ws/datasets/final/baylands_sam3_obb_super_75_15_10/images/test/road_to_east_v1_frame_000159_234300000000.jpg,/home/ruben/halmstad_ws/models/obb/experiments/sam3_hybrid_full/runs/predictions/baylands-leader-v5/baylands_sam3_obb_super_75_15_10_test_all
road_to_east_v1_frame_000160_235300000000,no_prediction,1,0,0,0.0,0.0,,/home/ruben/halmstad_ws/datasets/final/baylands_sam3_obb_super_75_15_10/images/test/road_to_east_v1_frame_000160_235300000000.jpg,/home/ruben/halmstad_ws/models/obb/experiments/sam3_hybrid_full/runs/predictions/baylands-leader-v5/baylands_sam3_obb_super_75_15_10_test_all
road_to_east_v1_frame_000161_236300000000,no_prediction,1,0,0,0.0,0.0,,/home/ruben/halmstad_ws/datasets/final/baylands_sam3_obb_super_75_15_10/images/test/road_to_east_v1_frame_000161_236300000000.jpg,/home/ruben/halmstad_ws/models/obb/experiments/sam3_hybrid_full/runs/predictions/baylands-leader-v5/baylands_sam3_obb_super_75_15_10_test_all
road_to_east_v1_frame_000169_244352000000,no_prediction,1,0,0,0.0,0.0,,/home/ruben/halmstad_ws/datasets/final/baylands_sam3_obb_super_75_15_10/images/test/road_to_east_v1_frame_000169_244352000000.jpg,/home/ruben/halmstad_ws/models/obb/experiments/sam3_hybrid_full/runs/predictions/baylands-leader-v5/baylands_sam3_obb_super_75_15_10_test_all
road_to_east_v1_frame_000170_245352000000,no_prediction,1,0,0,0.0,0.0,,/home/ruben/halmstad_ws/datasets/final/baylands_sam3_obb_super_75_15_10/images/test/road_to_east_v1_frame_000170_245352000000.jpg,/home/ruben/halmstad_ws/models/obb/experiments/sam3_hybrid_full/runs/predictions/baylands-leader-v5/baylands_sam3_obb_super_75_15_10_test_all
road_to_east_v1_frame_000172_247400000000,matched,1,1,1,0.504991,0.504991,0.452504,/home/ruben/halmstad_ws/datasets/final/baylands_sam3_obb_super_75_15_10/images/test/road_to_east_v1_frame_000172_247400000000.jpg,/home/ruben/halmstad_ws/models/obb/experiments/sam3_hybrid_full/runs/predictions/baylands-leader-v5/baylands_sam3_obb_super_75_15_10_test_all
road_to_east_v1_frame_000209_284752000000,matched,1,1,1,0.780969,0.780969,0.524698,/home/ruben/halmstad_ws/datasets/final/baylands_sam3_obb_super_75_15_10/images/test/road_to_east_v1_frame_000209_284752000000.jpg,/home/ruben/halmstad_ws/models/obb/experiments/sam3_hybrid_full/runs/predictions/baylands-leader-v5/baylands_sam3_obb_super_75_15_10_test_all
road_to_east_v1_frame_000215_291100000000,matched,1,1,1,0.573133,0.573133,0.566779,/home/ruben/halmstad_ws/datasets/final/baylands_sam3_obb_super_75_15_10/images/test/road_to_east_v1_frame_000215_291100000000.jpg,/home/ruben/halmstad_ws/models/obb/experiments/sam3_hybrid_full/runs/predictions/baylands-leader-v5/baylands_sam3_obb_super_75_15_10_test_all
road_to_east_v1_frame_000216_292100000000,matched,1,1,1,0.516618,0.516618,0.384256,/home/ruben/halmstad_ws/datasets/final/baylands_sam3_obb_super_75_15_10/images/test/road_to_east_v1_frame_000216_292100000000.jpg,/home/ruben/halmstad_ws/models/obb/experiments/sam3_hybrid_full/runs/predictions/baylands-leader-v5/baylands_sam3_obb_super_75_15_10_test_all
road_to_east_v1_frame_000217_293100000000,matched,1,1,1,0.540571,0.540571,0.616706,/home/ruben/halmstad_ws/datasets/final/baylands_sam3_obb_super_75_15_10/images/test/road_to_east_v1_frame_000217_293100000000.jpg,/home/ruben/halmstad_ws/models/obb/experiments/sam3_hybrid_full/runs/predictions/baylands-leader-v5/baylands_sam3_obb_super_75_15_10_test_all
road_to_east_v1_frame_000219_295100000000,matched,1,1,1,0.572862,0.572862,0.411006,/home/ruben/halmstad_ws/datasets/final/baylands_sam3_obb_super_75_15_10/images/test/road_to_east_v1_frame_000219_295100000000.jpg,/home/ruben/halmstad_ws/models/obb/experiments/sam3_hybrid_full/runs/predictions/baylands-leader-v5/baylands_sam3_obb_super_75_15_10_test_all
road_to_east_v1_frame_000224_300152000000,matched,1,1,1,0.457782,0.457782,0.811607,/home/ruben/halmstad_ws/datasets/final/baylands_sam3_obb_super_75_15_10/images/test/road_to_east_v1_frame_000224_300152000000.jpg,/home/ruben/halmstad_ws/models/obb/experiments/sam3_hybrid_full/runs/predictions/baylands-leader-v5/baylands_sam3_obb_super_75_15_10_test_all
road_to_east_v1_frame_000225_301152000000,matched,1,1,1,0.398707,0.398707,0.574149,/home/ruben/halmstad_ws/datasets/final/baylands_sam3_obb_super_75_15_10/images/test/road_to_east_v1_frame_000225_301152000000.jpg,/home/ruben/halmstad_ws/models/obb/experiments/sam3_hybrid_full/runs/predictions/baylands-leader-v5/baylands_sam3_obb_super_75_15_10_test_all
road_to_east_v1_frame_000232_308200000000,no_prediction,1,0,0,0.0,0.0,,/home/ruben/halmstad_ws/datasets/final/baylands_sam3_obb_super_75_15_10/images/test/road_to_east_v1_frame_000232_308200000000.jpg,/home/ruben/halmstad_ws/models/obb/experiments/sam3_hybrid_full/runs/predictions/baylands-leader-v5/baylands_sam3_obb_super_75_15_10_test_all
road_to_east_v1_frame_000233_309200000000,no_prediction,1,0,0,0.0,0.0,,/home/ruben/halmstad_ws/datasets/final/baylands_sam3_obb_super_75_15_10/images/test/road_to_east_v1_frame_000233_309200000000.jpg,/home/ruben/halmstad_ws/models/obb/experiments/sam3_hybrid_full/runs/predictions/baylands-leader-v5/baylands_sam3_obb_super_75_15_10_test_all
road_to_east_v1_frame_000239_315252000000,no_prediction,1,0,0,0.0,0.0,,/home/ruben/halmstad_ws/datasets/final/baylands_sam3_obb_super_75_15_10/images/test/road_to_east_v1_frame_000239_315252000000.jpg,/home/ruben/halmstad_ws/models/obb/experiments/sam3_hybrid_full/runs/predictions/baylands-leader-v5/baylands_sam3_obb_super_75_15_10_test_all
road_to_east_v2_frame_000118_236352000000,matched,1,1,1,0.463778,0.463778,0.756903,/home/ruben/halmstad_ws/datasets/final/baylands_sam3_obb_super_75_15_10/images/test/road_to_east_v2_frame_000118_236352000000.jpg,/home/ruben/halmstad_ws/models/obb/experiments/sam3_hybrid_full/runs/predictions/baylands-leader-v5/baylands_sam3_obb_super_75_15_10_test_all
road_to_east_v2_frame_000119_237400000000,matched,1,1,1,0.455245,0.455245,0.807006,/home/ruben/halmstad_ws/datasets/final/baylands_sam3_obb_super_75_15_10/images/test/road_to_east_v2_frame_000119_237400000000.jpg,/home/ruben/halmstad_ws/models/obb/experiments/sam3_hybrid_full/runs/predictions/baylands-leader-v5/baylands_sam3_obb_super_75_15_10_test_all
road_to_east_v2_frame_000120_238400000000,matched,1,1,1,0.626507,0.626507,0.527414,/home/ruben/halmstad_ws/datasets/final/baylands_sam3_obb_super_75_15_10/images/test/road_to_east_v2_frame_000120_238400000000.jpg,/home/ruben/halmstad_ws/models/obb/experiments/sam3_hybrid_full/runs/predictions/baylands-leader-v5/baylands_sam3_obb_super_75_15_10_test_all
road_to_east_v2_frame_000122_240400000000,matched,1,1,1,0.504966,0.504966,0.853901,/home/ruben/halmstad_ws/datasets/final/baylands_sam3_obb_super_75_15_10/images/test/road_to_east_v2_frame_000122_240400000000.jpg,/home/ruben/halmstad_ws/models/obb/experiments/sam3_hybrid_full/runs/predictions/baylands-leader-v5/baylands_sam3_obb_super_75_15_10_test_all
road_to_east_v2_frame_000123_241400000000,matched,1,1,1,0.589614,0.589614,0.825439,/home/ruben/halmstad_ws/datasets/final/baylands_sam3_obb_super_75_15_10/images/test/road_to_east_v2_frame_000123_241400000000.jpg,/home/ruben/halmstad_ws/models/obb/experiments/sam3_hybrid_full/runs/predictions/baylands-leader-v5/baylands_sam3_obb_super_75_15_10_test_all
road_to_east_v2_frame_000124_242400000000,matched,1,1,1,0.461521,0.461521,0.85405,/home/ruben/halmstad_ws/datasets/final/baylands_sam3_obb_super_75_15_10/images/test/road_to_east_v2_frame_000124_242400000000.jpg,/home/ruben/halmstad_ws/models/obb/experiments/sam3_hybrid_full/runs/predictions/baylands-leader-v5/baylands_sam3_obb_super_75_15_10_test_all
road_to_east_v2_frame_000125_243400000000,matched,1,1,1,0.523358,0.523358,0.692616,/home/ruben/halmstad_ws/datasets/final/baylands_sam3_obb_super_75_15_10/images/test/road_to_east_v2_frame_000125_243400000000.jpg,/home/ruben/halmstad_ws/models/obb/experiments/sam3_hybrid_full/runs/predictions/baylands-leader-v5/baylands_sam3_obb_super_75_15_10_test_all
road_to_east_v2_frame_000129_248000000000,matched,1,1,1,0.619951,0.619951,0.725223,/home/ruben/halmstad_ws/datasets/final/baylands_sam3_obb_super_75_15_10/images/test/road_to_east_v2_frame_000129_248000000000.jpg,/home/ruben/halmstad_ws/models/obb/experiments/sam3_hybrid_full/runs/predictions/baylands-leader-v5/baylands_sam3_obb_super_75_15_10_test_all
road_to_east_v2_frame_000165_289052000000,no_prediction,1,0,0,0.0,0.0,,/home/ruben/halmstad_ws/datasets/final/baylands_sam3_obb_super_75_15_10/images/test/road_to_east_v2_frame_000165_289052000000.jpg,/home/ruben/halmstad_ws/models/obb/experiments/sam3_hybrid_full/runs/predictions/baylands-leader-v5/baylands_sam3_obb_super_75_15_10_test_all
road_to_east_v2_frame_000171_295100000000,correct_empty,0,0,0,0.0,0.0,,/home/ruben/halmstad_ws/datasets/final/baylands_sam3_obb_super_75_15_10/images/test/road_to_east_v2_frame_000171_295100000000.jpg,/home/ruben/halmstad_ws/models/obb/experiments/sam3_hybrid_full/runs/predictions/baylands-leader-v5/baylands_sam3_obb_super_75_15_10_test_all
road_to_east_v2_frame_000175_301652000000,correct_empty,0,0,0,0.0,0.0,,/home/ruben/halmstad_ws/datasets/final/baylands_sam3_obb_super_75_15_10/images/test/road_to_east_v2_frame_000175_301652000000.jpg,/home/ruben/halmstad_ws/models/obb/experiments/sam3_hybrid_full/runs/predictions/baylands-leader-v5/baylands_sam3_obb_super_75_15_10_test_all
road_to_east_v2_frame_000179_305752000000,matched,1,1,1,0.48723,0.48723,0.802468,/home/ruben/halmstad_ws/datasets/final/baylands_sam3_obb_super_75_15_10/images/test/road_to_east_v2_frame_000179_305752000000.jpg,/home/ruben/halmstad_ws/models/obb/experiments/sam3_hybrid_full/runs/predictions/baylands-leader-v5/baylands_sam3_obb_super_75_15_10_test_all
road_to_east_v2_frame_000183_310200000000,correct_empty,0,0,0,0.0,0.0,,/home/ruben/halmstad_ws/datasets/final/baylands_sam3_obb_super_75_15_10/images/test/road_to_east_v2_frame_000183_310200000000.jpg,/home/ruben/halmstad_ws/models/obb/experiments/sam3_hybrid_full/runs/predictions/baylands-leader-v5/baylands_sam3_obb_super_75_15_10_test_all
road_to_east_v2_frame_000185_312252000000,no_prediction,1,0,0,0.0,0.0,,/home/ruben/halmstad_ws/datasets/final/baylands_sam3_obb_super_75_15_10/images/test/road_to_east_v2_frame_000185_312252000000.jpg,/home/ruben/halmstad_ws/models/obb/experiments/sam3_hybrid_full/runs/predictions/baylands-leader-v5/baylands_sam3_obb_super_75_15_10_test_all
road_to_east_v2_frame_000187_314252000000,no_prediction,1,0,0,0.0,0.0,,/home/ruben/halmstad_ws/datasets/final/baylands_sam3_obb_super_75_15_10/images/test/road_to_east_v2_frame_000187_314252000000.jpg,/home/ruben/halmstad_ws/models/obb/experiments/sam3_hybrid_full/runs/predictions/baylands-leader-v5/baylands_sam3_obb_super_75_15_10_test_all
road_to_east_v4_frame_000025_234400000000,matched,1,1,1,0.46832,0.46832,0.799431,/home/ruben/halmstad_ws/datasets/final/baylands_sam3_obb_super_75_15_10/images/test/road_to_east_v4_frame_000025_234400000000.jpg,/home/ruben/halmstad_ws/models/obb/experiments/sam3_hybrid_full/runs/predictions/baylands-leader-v5/baylands_sam3_obb_super_75_15_10_test_all
road_to_east_v4_frame_000026_238500000000,matched,1,1,1,0.505881,0.505881,0.351463,/home/ruben/halmstad_ws/datasets/final/baylands_sam3_obb_super_75_15_10/images/test/road_to_east_v4_frame_000026_238500000000.jpg,/home/ruben/halmstad_ws/models/obb/experiments/sam3_hybrid_full/runs/predictions/baylands-leader-v5/baylands_sam3_obb_super_75_15_10_test_all
road_to_east_v4_frame_000027_242500000000,correct_empty,0,0,0,0.0,0.0,,/home/ruben/halmstad_ws/datasets/final/baylands_sam3_obb_super_75_15_10/images/test/road_to_east_v4_frame_000027_242500000000.jpg,/home/ruben/halmstad_ws/models/obb/experiments/sam3_hybrid_full/runs/predictions/baylands-leader-v5/baylands_sam3_obb_super_75_15_10_test_all
road_to_east_v4_frame_000028_246500000000,matched,1,1,1,0.411254,0.411254,0.860688,/home/ruben/halmstad_ws/datasets/final/baylands_sam3_obb_super_75_15_10/images/test/road_to_east_v4_frame_000028_246500000000.jpg,/home/ruben/halmstad_ws/models/obb/experiments/sam3_hybrid_full/runs/predictions/baylands-leader-v5/baylands_sam3_obb_super_75_15_10_test_all
road_to_east_v4_frame_000029_250500000000,no_prediction,1,0,0,0.0,0.0,,/home/ruben/halmstad_ws/datasets/final/baylands_sam3_obb_super_75_15_10/images/test/road_to_east_v4_frame_000029_250500000000.jpg,/home/ruben/halmstad_ws/models/obb/experiments/sam3_hybrid_full/runs/predictions/baylands-leader-v5/baylands_sam3_obb_super_75_15_10_test_all
road_to_east_v4_frame_000038_286600000000,matched,1,1,1,0.574191,0.574191,0.346795,/home/ruben/halmstad_ws/datasets/final/baylands_sam3_obb_super_75_15_10/images/test/road_to_east_v4_frame_000038_286600000000.jpg,/home/ruben/halmstad_ws/models/obb/experiments/sam3_hybrid_full/runs/predictions/baylands-leader-v5/baylands_sam3_obb_super_75_15_10_test_all
road_to_east_v4_frame_000039_290600000000,matched,1,1,1,0.549647,0.549647,0.251208,/home/ruben/halmstad_ws/datasets/final/baylands_sam3_obb_super_75_15_10/images/test/road_to_east_v4_frame_000039_290600000000.jpg,/home/ruben/halmstad_ws/models/obb/experiments/sam3_hybrid_full/runs/predictions/baylands-leader-v5/baylands_sam3_obb_super_75_15_10_test_all
road_to_east_v5_frame_000135_237752000000,no_prediction,1,0,0,0.0,0.0,,/home/ruben/halmstad_ws/datasets/final/baylands_sam3_obb_super_75_15_10/images/test/road_to_east_v5_frame_000135_237752000000.jpg,/home/ruben/halmstad_ws/models/obb/experiments/sam3_hybrid_full/runs/predictions/baylands-leader-v5/baylands_sam3_obb_super_75_15_10_test_all
road_to_east_v5_frame_000136_238752000000,matched,1,1,1,0.479258,0.479258,0.466491,/home/ruben/halmstad_ws/datasets/final/baylands_sam3_obb_super_75_15_10/images/test/road_to_east_v5_frame_000136_238752000000.jpg,/home/ruben/halmstad_ws/models/obb/experiments/sam3_hybrid_full/runs/predictions/baylands-leader-v5/baylands_sam3_obb_super_75_15_10_test_all
road_to_east_v5_frame_000137_239752000000,matched,1,1,1,0.45535,0.45535,0.849001,/home/ruben/halmstad_ws/datasets/final/baylands_sam3_obb_super_75_15_10/images/test/road_to_east_v5_frame_000137_239752000000.jpg,/home/ruben/halmstad_ws/models/obb/experiments/sam3_hybrid_full/runs/predictions/baylands-leader-v5/baylands_sam3_obb_super_75_15_10_test_all
road_to_east_v5_frame_000138_240752000000,matched,1,1,1,0.688722,0.688722,0.660691,/home/ruben/halmstad_ws/datasets/final/baylands_sam3_obb_super_75_15_10/images/test/road_to_east_v5_frame_000138_240752000000.jpg,/home/ruben/halmstad_ws/models/obb/experiments/sam3_hybrid_full/runs/predictions/baylands-leader-v5/baylands_sam3_obb_super_75_15_10_test_all
road_to_east_v5_frame_000144_246800000000,matched,1,1,1,0.592806,0.592806,0.568737,/home/ruben/halmstad_ws/datasets/final/baylands_sam3_obb_super_75_15_10/images/test/road_to_east_v5_frame_000144_246800000000.jpg,/home/ruben/halmstad_ws/models/obb/experiments/sam3_hybrid_full/runs/predictions/baylands-leader-v5/baylands_sam3_obb_super_75_15_10_test_all
road_to_east_v5_frame_000146_248800000000,matched,1,1,1,0.624222,0.624222,0.540032,/home/ruben/halmstad_ws/datasets/final/baylands_sam3_obb_super_75_15_10/images/test/road_to_east_v5_frame_000146_248800000000.jpg,/home/ruben/halmstad_ws/models/obb/experiments/sam3_hybrid_full/runs/predictions/baylands-leader-v5/baylands_sam3_obb_super_75_15_10_test_all
road_to_east_v5_frame_000179_286800000000,matched,1,1,1,0.42585,0.42585,0.72407,/home/ruben/halmstad_ws/datasets/final/baylands_sam3_obb_super_75_15_10/images/test/road_to_east_v5_frame_000179_286800000000.jpg,/home/ruben/halmstad_ws/models/obb/experiments/sam3_hybrid_full/runs/predictions/baylands-leader-v5/baylands_sam3_obb_super_75_15_10_test_all
road_to_east_v5_frame_000180_287800000000,matched,1,1,1,0.291042,0.291042,0.286532,/home/ruben/halmstad_ws/datasets/final/baylands_sam3_obb_super_75_15_10/images/test/road_to_east_v5_frame_000180_287800000000.jpg,/home/ruben/halmstad_ws/models/obb/experiments/sam3_hybrid_full/runs/predictions/baylands-leader-v5/baylands_sam3_obb_super_75_15_10_test_all
road_to_east_v5_frame_000190_297952000000,matched,1,1,1,0.726782,0.726782,0.77354,/home/ruben/halmstad_ws/datasets/final/baylands_sam3_obb_super_75_15_10/images/test/road_to_east_v5_frame_000190_297952000000.jpg,/home/ruben/halmstad_ws/models/obb/experiments/sam3_hybrid_full/runs/predictions/baylands-leader-v5/baylands_sam3_obb_super_75_15_10_test_all
road_to_east_v5_frame_000191_298952000000,matched,1,1,1,0.601201,0.601201,0.374479,/home/ruben/halmstad_ws/datasets/final/baylands_sam3_obb_super_75_15_10/images/test/road_to_east_v5_frame_000191_298952000000.jpg,/home/ruben/halmstad_ws/models/obb/experiments/sam3_hybrid_full/runs/predictions/baylands-leader-v5/baylands_sam3_obb_super_75_15_10_test_all
road_to_east_v5_frame_000199_311400000000,matched,1,1,1,0.636854,0.636854,0.842445,/home/ruben/halmstad_ws/datasets/final/baylands_sam3_obb_super_75_15_10/images/test/road_to_east_v5_frame_000199_311400000000.jpg,/home/ruben/halmstad_ws/models/obb/experiments/sam3_hybrid_full/runs/predictions/baylands-leader-v5/baylands_sam3_obb_super_75_15_10_test_all
road_to_east_v5_frame_000201_314552000000,no_prediction,1,0,0,0.0,0.0,,/home/ruben/halmstad_ws/datasets/final/baylands_sam3_obb_super_75_15_10/images/test/road_to_east_v5_frame_000201_314552000000.jpg,/home/ruben/halmstad_ws/models/obb/experiments/sam3_hybrid_full/runs/predictions/baylands-leader-v5/baylands_sam3_obb_super_75_15_10_test_all
road_to_spawn_v1_frame_000114_195300000000,matched,1,1,1,0.572011,0.572011,0.663727,/home/ruben/halmstad_ws/datasets/final/baylands_sam3_obb_super_75_15_10/images/test/road_to_spawn_v1_frame_000114_195300000000.jpg,/home/ruben/halmstad_ws/models/obb/experiments/sam3_hybrid_full/runs/predictions/baylands-leader-v5/baylands_sam3_obb_super_75_15_10_test_all
road_to_spawn_v1_frame_000118_199300000000,matched,1,1,1,0.703927,0.703927,0.776731,/home/ruben/halmstad_ws/datasets/final/baylands_sam3_obb_super_75_15_10/images/test/road_to_spawn_v1_frame_000118_199300000000.jpg,/home/ruben/halmstad_ws/models/obb/experiments/sam3_hybrid_full/runs/predictions/baylands-leader-v5/baylands_sam3_obb_super_75_15_10_test_all
road_to_spawn_v1_frame_000119_200300000000,matched,1,1,1,0.513404,0.513404,0.817672,/home/ruben/halmstad_ws/datasets/final/baylands_sam3_obb_super_75_15_10/images/test/road_to_spawn_v1_frame_000119_200300000000.jpg,/home/ruben/halmstad_ws/models/obb/experiments/sam3_hybrid_full/runs/predictions/baylands-leader-v5/baylands_sam3_obb_super_75_15_10_test_all
road_to_spawn_v1_frame_000120_201300000000,matched,1,1,1,0.742745,0.742745,0.862734,/home/ruben/halmstad_ws/datasets/final/baylands_sam3_obb_super_75_15_10/images/test/road_to_spawn_v1_frame_000120_201300000000.jpg,/home/ruben/halmstad_ws/models/obb/experiments/sam3_hybrid_full/runs/predictions/baylands-leader-v5/baylands_sam3_obb_super_75_15_10_test_all
road_to_spawn_v1_frame_000122_203352000000,matched,1,1,1,0.688725,0.688725,0.745112,/home/ruben/halmstad_ws/datasets/final/baylands_sam3_obb_super_75_15_10/images/test/road_to_spawn_v1_frame_000122_203352000000.jpg,/home/ruben/halmstad_ws/models/obb/experiments/sam3_hybrid_full/runs/predictions/baylands-leader-v5/baylands_sam3_obb_super_75_15_10_test_all
road_to_spawn_v2_frame_000020_198100000000,matched,1,1,1,0.542828,0.542828,0.741869,/home/ruben/halmstad_ws/datasets/final/baylands_sam3_obb_super_75_15_10/images/test/road_to_spawn_v2_frame_000020_198100000000.jpg,/home/ruben/halmstad_ws/models/obb/experiments/sam3_hybrid_full/runs/predictions/baylands-leader-v5/baylands_sam3_obb_super_75_15_10_test_all
road_to_spawn_v2_frame_000021_202100000000,matched,1,1,1,0.505348,0.505348,0.411963,/home/ruben/halmstad_ws/datasets/final/baylands_sam3_obb_super_75_15_10/images/test/road_to_spawn_v2_frame_000021_202100000000.jpg,/home/ruben/halmstad_ws/models/obb/experiments/sam3_hybrid_full/runs/predictions/baylands-leader-v5/baylands_sam3_obb_super_75_15_10_test_all
road_to_spawn_v3_frame_000115_196200000000,matched,1,1,1,0.781137,0.781137,0.817453,/home/ruben/halmstad_ws/datasets/final/baylands_sam3_obb_super_75_15_10/images/test/road_to_spawn_v3_frame_000115_196200000000.jpg,/home/ruben/halmstad_ws/models/obb/experiments/sam3_hybrid_full/runs/predictions/baylands-leader-v5/baylands_sam3_obb_super_75_15_10_test_all
road_to_spawn_v3_frame_000116_197152000000,matched,1,1,1,0.489598,0.489598,0.883389,/home/ruben/halmstad_ws/datasets/final/baylands_sam3_obb_super_75_15_10/images/test/road_to_spawn_v3_frame_000116_197152000000.jpg,/home/ruben/halmstad_ws/models/obb/experiments/sam3_hybrid_full/runs/predictions/baylands-leader-v5/baylands_sam3_obb_super_75_15_10_test_all
road_to_spawn_v3_frame_000117_198200000000,matched,1,1,1,0.468456,0.468456,0.873012,/home/ruben/halmstad_ws/datasets/final/baylands_sam3_obb_super_75_15_10/images/test/road_to_spawn_v3_frame_000117_198200000000.jpg,/home/ruben/halmstad_ws/models/obb/experiments/sam3_hybrid_full/runs/predictions/baylands-leader-v5/baylands_sam3_obb_super_75_15_10_test_all
road_to_spawn_v3_frame_000118_199200000000,matched,1,1,1,0.455556,0.455556,0.83754,/home/ruben/halmstad_ws/datasets/final/baylands_sam3_obb_super_75_15_10/images/test/road_to_spawn_v3_frame_000118_199200000000.jpg,/home/ruben/halmstad_ws/models/obb/experiments/sam3_hybrid_full/runs/predictions/baylands-leader-v5/baylands_sam3_obb_super_75_15_10_test_all
road_to_spawn_v3_frame_000119_200200000000,matched,1,1,1,0.528982,0.528982,0.784094,/home/ruben/halmstad_ws/datasets/final/baylands_sam3_obb_super_75_15_10/images/test/road_to_spawn_v3_frame_000119_200200000000.jpg,/home/ruben/halmstad_ws/models/obb/experiments/sam3_hybrid_full/runs/predictions/baylands-leader-v5/baylands_sam3_obb_super_75_15_10_test_all
road_to_spawn_v3_frame_000120_201200000000,matched,1,1,1,0.489622,0.489622,0.778834,/home/ruben/halmstad_ws/datasets/final/baylands_sam3_obb_super_75_15_10/images/test/road_to_spawn_v3_frame_000120_201200000000.jpg,/home/ruben/halmstad_ws/models/obb/experiments/sam3_hybrid_full/runs/predictions/baylands-leader-v5/baylands_sam3_obb_super_75_15_10_test_all
road_to_spawn_v3_frame_000122_203252000000,matched,1,1,1,0.437786,0.437786,0.792385,/home/ruben/halmstad_ws/datasets/final/baylands_sam3_obb_super_75_15_10/images/test/road_to_spawn_v3_frame_000122_203252000000.jpg,/home/ruben/halmstad_ws/models/obb/experiments/sam3_hybrid_full/runs/predictions/baylands-leader-v5/baylands_sam3_obb_super_75_15_10_test_all
road_to_spawn_v3_frame_000125_206252000000,matched,1,1,1,0.470878,0.470878,0.861989,/home/ruben/halmstad_ws/datasets/final/baylands_sam3_obb_super_75_15_10/images/test/road_to_spawn_v3_frame_000125_206252000000.jpg,/home/ruben/halmstad_ws/models/obb/experiments/sam3_hybrid_full/runs/predictions/baylands-leader-v5/baylands_sam3_obb_super_75_15_10_test_all
road_to_spawn_v3_frame_000126_207300000000,multi_prediction,1,2,1,0.442581,0.442581,0.87059,/home/ruben/halmstad_ws/datasets/final/baylands_sam3_obb_super_75_15_10/images/test/road_to_spawn_v3_frame_000126_207300000000.jpg,/home/ruben/halmstad_ws/models/obb/experiments/sam3_hybrid_full/runs/predictions/baylands-leader-v5/baylands_sam3_obb_super_75_15_10_test_all
road_to_spawn_v5_frame_000128_195500000000,matched,1,1,1,0.527331,0.527331,0.789105,/home/ruben/halmstad_ws/datasets/final/baylands_sam3_obb_super_75_15_10/images/test/road_to_spawn_v5_frame_000128_195500000000.jpg,/home/ruben/halmstad_ws/models/obb/experiments/sam3_hybrid_full/runs/predictions/baylands-leader-v5/baylands_sam3_obb_super_75_15_10_test_all
road_to_spawn_v5_frame_000129_196500000000,matched,1,1,1,0.510822,0.510822,0.618564,/home/ruben/halmstad_ws/datasets/final/baylands_sam3_obb_super_75_15_10/images/test/road_to_spawn_v5_frame_000129_196500000000.jpg,/home/ruben/halmstad_ws/models/obb/experiments/sam3_hybrid_full/runs/predictions/baylands-leader-v5/baylands_sam3_obb_super_75_15_10_test_all
road_to_spawn_v5_frame_000130_197500000000,matched,1,1,1,0.460283,0.460283,0.419901,/home/ruben/halmstad_ws/datasets/final/baylands_sam3_obb_super_75_15_10/images/test/road_to_spawn_v5_frame_000130_197500000000.jpg,/home/ruben/halmstad_ws/models/obb/experiments/sam3_hybrid_full/runs/predictions/baylands-leader-v5/baylands_sam3_obb_super_75_15_10_test_all
road_to_spawn_v5_frame_000133_200552000000,matched,1,1,1,0.508314,0.508314,0.608059,/home/ruben/halmstad_ws/datasets/final/baylands_sam3_obb_super_75_15_10/images/test/road_to_spawn_v5_frame_000133_200552000000.jpg,/home/ruben/halmstad_ws/models/obb/experiments/sam3_hybrid_full/runs/predictions/baylands-leader-v5/baylands_sam3_obb_super_75_15_10_test_all
road_to_spawn_v5_frame_000134_201552000000,matched,1,1,1,0.499129,0.499129,0.551765,/home/ruben/halmstad_ws/datasets/final/baylands_sam3_obb_super_75_15_10/images/test/road_to_spawn_v5_frame_000134_201552000000.jpg,/home/ruben/halmstad_ws/models/obb/experiments/sam3_hybrid_full/runs/predictions/baylands-leader-v5/baylands_sam3_obb_super_75_15_10_test_all
road_to_spawn_v5_frame_000135_202552000000,matched,1,1,1,0.48631,0.48631,0.862301,/home/ruben/halmstad_ws/datasets/final/baylands_sam3_obb_super_75_15_10/images/test/road_to_spawn_v5_frame_000135_202552000000.jpg,/home/ruben/halmstad_ws/models/obb/experiments/sam3_hybrid_full/runs/predictions/baylands-leader-v5/baylands_sam3_obb_super_75_15_10_test_all
road_to_spawn_v5_frame_000136_203600000000,matched,1,1,1,0.503593,0.503593,0.882876,/home/ruben/halmstad_ws/datasets/final/baylands_sam3_obb_super_75_15_10/images/test/road_to_spawn_v5_frame_000136_203600000000.jpg,/home/ruben/halmstad_ws/models/obb/experiments/sam3_hybrid_full/runs/predictions/baylands-leader-v5/baylands_sam3_obb_super_75_15_10_test_all
road_to_spawn_v5_frame_000138_205600000000,matched,1,1,1,0.493473,0.493473,0.868231,/home/ruben/halmstad_ws/datasets/final/baylands_sam3_obb_super_75_15_10/images/test/road_to_spawn_v5_frame_000138_205600000000.jpg,/home/ruben/halmstad_ws/models/obb/experiments/sam3_hybrid_full/runs/predictions/baylands-leader-v5/baylands_sam3_obb_super_75_15_10_test_all
road_to_spawn_v5_frame_000139_206600000000,matched,1,1,1,0.505345,0.505345,0.900813,/home/ruben/halmstad_ws/datasets/final/baylands_sam3_obb_super_75_15_10/images/test/road_to_spawn_v5_frame_000139_206600000000.jpg,/home/ruben/halmstad_ws/models/obb/experiments/sam3_hybrid_full/runs/predictions/baylands-leader-v5/baylands_sam3_obb_super_75_15_10_test_all
road_to_strip_v1_frame_000101_273800000000,matched,1,1,1,0.717868,0.717868,0.76486,/home/ruben/halmstad_ws/datasets/final/baylands_sam3_obb_super_75_15_10/images/test/road_to_strip_v1_frame_000101_273800000000.jpg,/home/ruben/halmstad_ws/models/obb/experiments/sam3_hybrid_full/runs/predictions/baylands-leader-v5/baylands_sam3_obb_super_75_15_10_test_all
road_to_strip_v1_frame_000119_291952000000,matched,1,1,1,0.510276,0.510276,0.826222,/home/ruben/halmstad_ws/datasets/final/baylands_sam3_obb_super_75_15_10/images/test/road_to_strip_v1_frame_000119_291952000000.jpg,/home/ruben/halmstad_ws/models/obb/experiments/sam3_hybrid_full/runs/predictions/baylands-leader-v5/baylands_sam3_obb_super_75_15_10_test_all
road_to_strip_v1_frame_000120_293000000000,matched,1,1,1,0.693579,0.693579,0.873402,/home/ruben/halmstad_ws/datasets/final/baylands_sam3_obb_super_75_15_10/images/test/road_to_strip_v1_frame_000120_293000000000.jpg,/home/ruben/halmstad_ws/models/obb/experiments/sam3_hybrid_full/runs/predictions/baylands-leader-v5/baylands_sam3_obb_super_75_15_10_test_all
road_to_strip_v1_frame_000122_295000000000,matched,1,1,1,0.737677,0.737677,0.710467,/home/ruben/halmstad_ws/datasets/final/baylands_sam3_obb_super_75_15_10/images/test/road_to_strip_v1_frame_000122_295000000000.jpg,/home/ruben/halmstad_ws/models/obb/experiments/sam3_hybrid_full/runs/predictions/baylands-leader-v5/baylands_sam3_obb_super_75_15_10_test_all
road_to_strip_v1_frame_000123_296000000000,matched,1,1,1,0.619433,0.619433,0.627972,/home/ruben/halmstad_ws/datasets/final/baylands_sam3_obb_super_75_15_10/images/test/road_to_strip_v1_frame_000123_296000000000.jpg,/home/ruben/halmstad_ws/models/obb/experiments/sam3_hybrid_full/runs/predictions/baylands-leader-v5/baylands_sam3_obb_super_75_15_10_test_all
road_to_strip_v1_frame_000124_297000000000,matched,1,1,1,0.585142,0.585142,0.435982,/home/ruben/halmstad_ws/datasets/final/baylands_sam3_obb_super_75_15_10/images/test/road_to_strip_v1_frame_000124_297000000000.jpg,/home/ruben/halmstad_ws/models/obb/experiments/sam3_hybrid_full/runs/predictions/baylands-leader-v5/baylands_sam3_obb_super_75_15_10_test_all
road_to_strip_v2_frame_000083_145452000000,matched,1,1,1,0.427299,0.427299,0.343554,/home/ruben/halmstad_ws/datasets/final/baylands_sam3_obb_super_75_15_10/images/test/road_to_strip_v2_frame_000083_145452000000.jpg,/home/ruben/halmstad_ws/models/obb/experiments/sam3_hybrid_full/runs/predictions/baylands-leader-v5/baylands_sam3_obb_super_75_15_10_test_all
road_to_strip_v2_frame_000084_146452000000,matched,1,1,1,0.477978,0.477978,0.775987,/home/ruben/halmstad_ws/datasets/final/baylands_sam3_obb_super_75_15_10/images/test/road_to_strip_v2_frame_000084_146452000000.jpg,/home/ruben/halmstad_ws/models/obb/experiments/sam3_hybrid_full/runs/predictions/baylands-leader-v5/baylands_sam3_obb_super_75_15_10_test_all
road_to_strip_v2_frame_000085_147452000000,matched,1,1,1,0.733687,0.733687,0.719404,/home/ruben/halmstad_ws/datasets/final/baylands_sam3_obb_super_75_15_10/images/test/road_to_strip_v2_frame_000085_147452000000.jpg,/home/ruben/halmstad_ws/models/obb/experiments/sam3_hybrid_full/runs/predictions/baylands-leader-v5/baylands_sam3_obb_super_75_15_10_test_all
road_to_strip_v2_frame_000086_148452000000,matched,1,1,1,0.243661,0.243661,0.254999,/home/ruben/halmstad_ws/datasets/final/baylands_sam3_obb_super_75_15_10/images/test/road_to_strip_v2_frame_000086_148452000000.jpg,/home/ruben/halmstad_ws/models/obb/experiments/sam3_hybrid_full/runs/predictions/baylands-leader-v5/baylands_sam3_obb_super_75_15_10_test_all
road_to_strip_v2_frame_000087_149452000000,matched,1,1,1,0.59485,0.59485,0.749902,/home/ruben/halmstad_ws/datasets/final/baylands_sam3_obb_super_75_15_10/images/test/road_to_strip_v2_frame_000087_149452000000.jpg,/home/ruben/halmstad_ws/models/obb/experiments/sam3_hybrid_full/runs/predictions/baylands-leader-v5/baylands_sam3_obb_super_75_15_10_test_all
road_to_strip_v2_frame_000088_150500000000,matched,1,1,1,0.466877,0.466877,0.500805,/home/ruben/halmstad_ws/datasets/final/baylands_sam3_obb_super_75_15_10/images/test/road_to_strip_v2_frame_000088_150500000000.jpg,/home/ruben/halmstad_ws/models/obb/experiments/sam3_hybrid_full/runs/predictions/baylands-leader-v5/baylands_sam3_obb_super_75_15_10_test_all
road_to_strip_v2_frame_000089_151500000000,matched,1,1,1,0.48549,0.48549,0.777695,/home/ruben/halmstad_ws/datasets/final/baylands_sam3_obb_super_75_15_10/images/test/road_to_strip_v2_frame_000089_151500000000.jpg,/home/ruben/halmstad_ws/models/obb/experiments/sam3_hybrid_full/runs/predictions/baylands-leader-v5/baylands_sam3_obb_super_75_15_10_test_all
road_to_strip_v2_frame_000090_152552000000,matched,1,1,1,0.533694,0.533694,0.509671,/home/ruben/halmstad_ws/datasets/final/baylands_sam3_obb_super_75_15_10/images/test/road_to_strip_v2_frame_000090_152552000000.jpg,/home/ruben/halmstad_ws/models/obb/experiments/sam3_hybrid_full/runs/predictions/baylands-leader-v5/baylands_sam3_obb_super_75_15_10_test_all
road_to_strip_v2_frame_000091_153552000000,matched,1,1,1,0.817993,0.817993,0.805321,/home/ruben/halmstad_ws/datasets/final/baylands_sam3_obb_super_75_15_10/images/test/road_to_strip_v2_frame_000091_153552000000.jpg,/home/ruben/halmstad_ws/models/obb/experiments/sam3_hybrid_full/runs/predictions/baylands-leader-v5/baylands_sam3_obb_super_75_15_10_test_all
road_to_strip_v2_frame_000092_154552000000,correct_empty,0,0,0,0.0,0.0,,/home/ruben/halmstad_ws/datasets/final/baylands_sam3_obb_super_75_15_10/images/test/road_to_strip_v2_frame_000092_154552000000.jpg,/home/ruben/halmstad_ws/models/obb/experiments/sam3_hybrid_full/runs/predictions/baylands-leader-v5/baylands_sam3_obb_super_75_15_10_test_all
road_to_strip_v2_frame_000093_155552000000,correct_empty,0,0,0,0.0,0.0,,/home/ruben/halmstad_ws/datasets/final/baylands_sam3_obb_super_75_15_10/images/test/road_to_strip_v2_frame_000093_155552000000.jpg,/home/ruben/halmstad_ws/models/obb/experiments/sam3_hybrid_full/runs/predictions/baylands-leader-v5/baylands_sam3_obb_super_75_15_10_test_all
road_to_strip_v2_frame_000094_156600000000,matched,1,1,1,0.700763,0.700763,0.884238,/home/ruben/halmstad_ws/datasets/final/baylands_sam3_obb_super_75_15_10/images/test/road_to_strip_v2_frame_000094_156600000000.jpg,/home/ruben/halmstad_ws/models/obb/experiments/sam3_hybrid_full/runs/predictions/baylands-leader-v5/baylands_sam3_obb_super_75_15_10_test_all
road_to_strip_v2_frame_000095_157600000000,correct_empty,0,0,0,0.0,0.0,,/home/ruben/halmstad_ws/datasets/final/baylands_sam3_obb_super_75_15_10/images/test/road_to_strip_v2_frame_000095_157600000000.jpg,/home/ruben/halmstad_ws/models/obb/experiments/sam3_hybrid_full/runs/predictions/baylands-leader-v5/baylands_sam3_obb_super_75_15_10_test_all
road_to_strip_v2_frame_000096_158600000000,correct_empty,0,0,0,0.0,0.0,,/home/ruben/halmstad_ws/datasets/final/baylands_sam3_obb_super_75_15_10/images/test/road_to_strip_v2_frame_000096_158600000000.jpg,/home/ruben/halmstad_ws/models/obb/experiments/sam3_hybrid_full/runs/predictions/baylands-leader-v5/baylands_sam3_obb_super_75_15_10_test_all
road_to_strip_v2_frame_000097_159652000000,correct_empty,0,0,0,0.0,0.0,,/home/ruben/halmstad_ws/datasets/final/baylands_sam3_obb_super_75_15_10/images/test/road_to_strip_v2_frame_000097_159652000000.jpg,/home/ruben/halmstad_ws/models/obb/experiments/sam3_hybrid_full/runs/predictions/baylands-leader-v5/baylands_sam3_obb_super_75_15_10_test_all
road_to_strip_v3_frame_000041_145952000000,matched,1,1,1,0.67097,0.67097,0.271483,/home/ruben/halmstad_ws/datasets/final/baylands_sam3_obb_super_75_15_10/images/test/road_to_strip_v3_frame_000041_145952000000.jpg,/home/ruben/halmstad_ws/models/obb/experiments/sam3_hybrid_full/runs/predictions/baylands-leader-v5/baylands_sam3_obb_super_75_15_10_test_all
road_to_strip_v3_frame_000047_152000000000,matched,1,1,1,0.476139,0.476139,0.762514,/home/ruben/halmstad_ws/datasets/final/baylands_sam3_obb_super_75_15_10/images/test/road_to_strip_v3_frame_000047_152000000000.jpg,/home/ruben/halmstad_ws/models/obb/experiments/sam3_hybrid_full/runs/predictions/baylands-leader-v5/baylands_sam3_obb_super_75_15_10_test_all
road_to_strip_v3_frame_000049_154052000000,matched,1,1,1,0.461909,0.461909,0.305445,/home/ruben/halmstad_ws/datasets/final/baylands_sam3_obb_super_75_15_10/images/test/road_to_strip_v3_frame_000049_154052000000.jpg,/home/ruben/halmstad_ws/models/obb/experiments/sam3_hybrid_full/runs/predictions/baylands-leader-v5/baylands_sam3_obb_super_75_15_10_test_all
road_to_strip_v3_frame_000050_155052000000,matched,1,1,1,0.509383,0.509383,0.487941,/home/ruben/halmstad_ws/datasets/final/baylands_sam3_obb_super_75_15_10/images/test/road_to_strip_v3_frame_000050_155052000000.jpg,/home/ruben/halmstad_ws/models/obb/experiments/sam3_hybrid_full/runs/predictions/baylands-leader-v5/baylands_sam3_obb_super_75_15_10_test_all
road_to_strip_v3_frame_000051_156100000000,matched,1,1,1,0.483099,0.483099,0.80628,/home/ruben/halmstad_ws/datasets/final/baylands_sam3_obb_super_75_15_10/images/test/road_to_strip_v3_frame_000051_156100000000.jpg,/home/ruben/halmstad_ws/models/obb/experiments/sam3_hybrid_full/runs/predictions/baylands-leader-v5/baylands_sam3_obb_super_75_15_10_test_all
road_to_strip_v3_frame_000052_157100000000,matched,1,1,1,0.477234,0.477234,0.575909,/home/ruben/halmstad_ws/datasets/final/baylands_sam3_obb_super_75_15_10/images/test/road_to_strip_v3_frame_000052_157100000000.jpg,/home/ruben/halmstad_ws/models/obb/experiments/sam3_hybrid_full/runs/predictions/baylands-leader-v5/baylands_sam3_obb_super_75_15_10_test_all
road_to_strip_v3_frame_000053_158100000000,matched,1,1,1,0.349813,0.349813,0.322945,/home/ruben/halmstad_ws/datasets/final/baylands_sam3_obb_super_75_15_10/images/test/road_to_strip_v3_frame_000053_158100000000.jpg,/home/ruben/halmstad_ws/models/obb/experiments/sam3_hybrid_full/runs/predictions/baylands-leader-v5/baylands_sam3_obb_super_75_15_10_test_all
road_to_strip_v3_frame_000056_161152000000,matched,1,1,1,0.497031,0.497031,0.367045,/home/ruben/halmstad_ws/datasets/final/baylands_sam3_obb_super_75_15_10/images/test/road_to_strip_v3_frame_000056_161152000000.jpg,/home/ruben/halmstad_ws/models/obb/experiments/sam3_hybrid_full/runs/predictions/baylands-leader-v5/baylands_sam3_obb_super_75_15_10_test_all
road_to_strip_v3_frame_000142_263800000000,matched,1,1,1,0.565394,0.565394,0.761881,/home/ruben/halmstad_ws/datasets/final/baylands_sam3_obb_super_75_15_10/images/test/road_to_strip_v3_frame_000142_263800000000.jpg,/home/ruben/halmstad_ws/models/obb/experiments/sam3_hybrid_full/runs/predictions/baylands-leader-v5/baylands_sam3_obb_super_75_15_10_test_all
road_to_strip_v3_frame_000143_264800000000,matched,1,1,1,0.612921,0.612921,0.801564,/home/ruben/halmstad_ws/datasets/final/baylands_sam3_obb_super_75_15_10/images/test/road_to_strip_v3_frame_000143_264800000000.jpg,/home/ruben/halmstad_ws/models/obb/experiments/sam3_hybrid_full/runs/predictions/baylands-leader-v5/baylands_sam3_obb_super_75_15_10_test_all
road_to_strip_v3_frame_000145_266852000000,matched,1,1,1,0.617993,0.617993,0.796476,/home/ruben/halmstad_ws/datasets/final/baylands_sam3_obb_super_75_15_10/images/test/road_to_strip_v3_frame_000145_266852000000.jpg,/home/ruben/halmstad_ws/models/obb/experiments/sam3_hybrid_full/runs/predictions/baylands-leader-v5/baylands_sam3_obb_super_75_15_10_test_all
road_to_strip_v3_frame_000147_268852000000,matched,1,1,1,0.726672,0.726672,0.8475,/home/ruben/halmstad_ws/datasets/final/baylands_sam3_obb_super_75_15_10/images/test/road_to_strip_v3_frame_000147_268852000000.jpg,/home/ruben/halmstad_ws/models/obb/experiments/sam3_hybrid_full/runs/predictions/baylands-leader-v5/baylands_sam3_obb_super_75_15_10_test_all
road_to_strip_v3_frame_000148_269900000000,matched,1,1,1,0.643984,0.643984,0.765508,/home/ruben/halmstad_ws/datasets/final/baylands_sam3_obb_super_75_15_10/images/test/road_to_strip_v3_frame_000148_269900000000.jpg,/home/ruben/halmstad_ws/models/obb/experiments/sam3_hybrid_full/runs/predictions/baylands-leader-v5/baylands_sam3_obb_super_75_15_10_test_all
road_to_strip_v3_frame_000150_278400000000,matched,1,1,1,0.844216,0.844216,0.869052,/home/ruben/halmstad_ws/datasets/final/baylands_sam3_obb_super_75_15_10/images/test/road_to_strip_v3_frame_000150_278400000000.jpg,/home/ruben/halmstad_ws/models/obb/experiments/sam3_hybrid_full/runs/predictions/baylands-leader-v5/baylands_sam3_obb_super_75_15_10_test_all
road_to_strip_v3_frame_000152_280400000000,matched,1,1,1,0.879058,0.879058,0.841276,/home/ruben/halmstad_ws/datasets/final/baylands_sam3_obb_super_75_15_10/images/test/road_to_strip_v3_frame_000152_280400000000.jpg,/home/ruben/halmstad_ws/models/obb/experiments/sam3_hybrid_full/runs/predictions/baylands-leader-v5/baylands_sam3_obb_super_75_15_10_test_all
road_to_strip_v3_frame_000153_281452000000,matched,1,1,1,0.549206,0.549206,0.844707,/home/ruben/halmstad_ws/datasets/final/baylands_sam3_obb_super_75_15_10/images/test/road_to_strip_v3_frame_000153_281452000000.jpg,/home/ruben/halmstad_ws/models/obb/experiments/sam3_hybrid_full/runs/predictions/baylands-leader-v5/baylands_sam3_obb_super_75_15_10_test_all
road_to_strip_v3_frame_000155_283452000000,matched,1,1,1,0.72066,0.72066,0.882864,/home/ruben/halmstad_ws/datasets/final/baylands_sam3_obb_super_75_15_10/images/test/road_to_strip_v3_frame_000155_283452000000.jpg,/home/ruben/halmstad_ws/models/obb/experiments/sam3_hybrid_full/runs/predictions/baylands-leader-v5/baylands_sam3_obb_super_75_15_10_test_all
road_to_strip_v3_frame_000156_284452000000,matched,1,1,1,0.632519,0.632519,0.849804,/home/ruben/halmstad_ws/datasets/final/baylands_sam3_obb_super_75_15_10/images/test/road_to_strip_v3_frame_000156_284452000000.jpg,/home/ruben/halmstad_ws/models/obb/experiments/sam3_hybrid_full/runs/predictions/baylands-leader-v5/baylands_sam3_obb_super_75_15_10_test_all
road_to_strip_v3_frame_000157_285452000000,matched,1,1,1,0.542687,0.542687,0.686586,/home/ruben/halmstad_ws/datasets/final/baylands_sam3_obb_super_75_15_10/images/test/road_to_strip_v3_frame_000157_285452000000.jpg,/home/ruben/halmstad_ws/models/obb/experiments/sam3_hybrid_full/runs/predictions/baylands-leader-v5/baylands_sam3_obb_super_75_15_10_test_all
road_to_strip_v3_frame_000158_286452000000,matched,1,1,1,0.551987,0.551987,0.78906,/home/ruben/halmstad_ws/datasets/final/baylands_sam3_obb_super_75_15_10/images/test/road_to_strip_v3_frame_000158_286452000000.jpg,/home/ruben/halmstad_ws/models/obb/experiments/sam3_hybrid_full/runs/predictions/baylands-leader-v5/baylands_sam3_obb_super_75_15_10_test_all
road_to_strip_v3_frame_000159_287452000000,matched,1,1,1,0.454067,0.454067,0.840232,/home/ruben/halmstad_ws/datasets/final/baylands_sam3_obb_super_75_15_10/images/test/road_to_strip_v3_frame_000159_287452000000.jpg,/home/ruben/halmstad_ws/models/obb/experiments/sam3_hybrid_full/runs/predictions/baylands-leader-v5/baylands_sam3_obb_super_75_15_10_test_all
road_to_strip_v3_frame_000160_288452000000,matched,1,1,1,0.587274,0.587274,0.696461,/home/ruben/halmstad_ws/datasets/final/baylands_sam3_obb_super_75_15_10/images/test/road_to_strip_v3_frame_000160_288452000000.jpg,/home/ruben/halmstad_ws/models/obb/experiments/sam3_hybrid_full/runs/predictions/baylands-leader-v5/baylands_sam3_obb_super_75_15_10_test_all
road_to_strip_v3_frame_000161_289500000000,matched,1,1,1,0.310511,0.310511,0.866409,/home/ruben/halmstad_ws/datasets/final/baylands_sam3_obb_super_75_15_10/images/test/road_to_strip_v3_frame_000161_289500000000.jpg,/home/ruben/halmstad_ws/models/obb/experiments/sam3_hybrid_full/runs/predictions/baylands-leader-v5/baylands_sam3_obb_super_75_15_10_test_all
road_to_strip_v3_frame_000163_291552000000,matched,1,1,1,0.574954,0.574954,0.86606,/home/ruben/halmstad_ws/datasets/final/baylands_sam3_obb_super_75_15_10/images/test/road_to_strip_v3_frame_000163_291552000000.jpg,/home/ruben/halmstad_ws/models/obb/experiments/sam3_hybrid_full/runs/predictions/baylands-leader-v5/baylands_sam3_obb_super_75_15_10_test_all
road_to_strip_v3_frame_000164_292552000000,matched,1,1,1,0.490436,0.490436,0.303385,/home/ruben/halmstad_ws/datasets/final/baylands_sam3_obb_super_75_15_10/images/test/road_to_strip_v3_frame_000164_292552000000.jpg,/home/ruben/halmstad_ws/models/obb/experiments/sam3_hybrid_full/runs/predictions/baylands-leader-v5/baylands_sam3_obb_super_75_15_10_test_all
road_to_strip_v3_frame_000166_294552000000,matched,1,1,1,0.473847,0.473847,0.333894,/home/ruben/halmstad_ws/datasets/final/baylands_sam3_obb_super_75_15_10/images/test/road_to_strip_v3_frame_000166_294552000000.jpg,/home/ruben/halmstad_ws/models/obb/experiments/sam3_hybrid_full/runs/predictions/baylands-leader-v5/baylands_sam3_obb_super_75_15_10_test_all
road_to_strip_v3_frame_000167_295552000000,matched,1,1,1,0.489412,0.489412,0.710832,/home/ruben/halmstad_ws/datasets/final/baylands_sam3_obb_super_75_15_10/images/test/road_to_strip_v3_frame_000167_295552000000.jpg,/home/ruben/halmstad_ws/models/obb/experiments/sam3_hybrid_full/runs/predictions/baylands-leader-v5/baylands_sam3_obb_super_75_15_10_test_all
road_to_strip_v4_frame_000022_145300000000,matched,1,1,1,0.556196,0.556196,0.25135,/home/ruben/halmstad_ws/datasets/final/baylands_sam3_obb_super_75_15_10/images/test/road_to_strip_v4_frame_000022_145300000000.jpg,/home/ruben/halmstad_ws/models/obb/experiments/sam3_hybrid_full/runs/predictions/baylands-leader-v5/baylands_sam3_obb_super_75_15_10_test_all
road_to_strip_v4_frame_000025_157300000000,correct_empty,0,0,0,0.0,0.0,,/home/ruben/halmstad_ws/datasets/final/baylands_sam3_obb_super_75_15_10/images/test/road_to_strip_v4_frame_000025_157300000000.jpg,/home/ruben/halmstad_ws/models/obb/experiments/sam3_hybrid_full/runs/predictions/baylands-leader-v5/baylands_sam3_obb_super_75_15_10_test_all
road_to_west_v1_frame_000021_119652000000,matched,1,1,1,0.419517,0.419517,0.783984,/home/ruben/halmstad_ws/datasets/final/baylands_sam3_obb_super_75_15_10/images/test/road_to_west_v1_frame_000021_119652000000.jpg,/home/ruben/halmstad_ws/models/obb/experiments/sam3_hybrid_full/runs/predictions/baylands-leader-v5/baylands_sam3_obb_super_75_15_10_test_all
road_to_west_v1_frame_000023_121652000000,matched,1,1,1,0.468272,0.468272,0.513204,/home/ruben/halmstad_ws/datasets/final/baylands_sam3_obb_super_75_15_10/images/test/road_to_west_v1_frame_000023_121652000000.jpg,/home/ruben/halmstad_ws/models/obb/experiments/sam3_hybrid_full/runs/predictions/baylands-leader-v5/baylands_sam3_obb_super_75_15_10_test_all
road_to_west_v1_frame_000024_122652000000,matched,1,1,1,0.672097,0.672097,0.497666,/home/ruben/halmstad_ws/datasets/final/baylands_sam3_obb_super_75_15_10/images/test/road_to_west_v1_frame_000024_122652000000.jpg,/home/ruben/halmstad_ws/models/obb/experiments/sam3_hybrid_full/runs/predictions/baylands-leader-v5/baylands_sam3_obb_super_75_15_10_test_all
road_to_west_v1_frame_000029_127700000000,multi_prediction,1,2,1,0.462007,0.462007,0.786764,/home/ruben/halmstad_ws/datasets/final/baylands_sam3_obb_super_75_15_10/images/test/road_to_west_v1_frame_000029_127700000000.jpg,/home/ruben/halmstad_ws/models/obb/experiments/sam3_hybrid_full/runs/predictions/baylands-leader-v5/baylands_sam3_obb_super_75_15_10_test_all
road_to_west_v1_frame_000030_128700000000,matched,1,1,1,0.590489,0.590489,0.876272,/home/ruben/halmstad_ws/datasets/final/baylands_sam3_obb_super_75_15_10/images/test/road_to_west_v1_frame_000030_128700000000.jpg,/home/ruben/halmstad_ws/models/obb/experiments/sam3_hybrid_full/runs/predictions/baylands-leader-v5/baylands_sam3_obb_super_75_15_10_test_all
road_to_west_v1_frame_000031_129700000000,matched,1,1,1,0.431765,0.431765,0.877156,/home/ruben/halmstad_ws/datasets/final/baylands_sam3_obb_super_75_15_10/images/test/road_to_west_v1_frame_000031_129700000000.jpg,/home/ruben/halmstad_ws/models/obb/experiments/sam3_hybrid_full/runs/predictions/baylands-leader-v5/baylands_sam3_obb_super_75_15_10_test_all
road_to_west_v1_frame_000033_131752000000,matched,1,1,1,0.512103,0.512103,0.687974,/home/ruben/halmstad_ws/datasets/final/baylands_sam3_obb_super_75_15_10/images/test/road_to_west_v1_frame_000033_131752000000.jpg,/home/ruben/halmstad_ws/models/obb/experiments/sam3_hybrid_full/runs/predictions/baylands-leader-v5/baylands_sam3_obb_super_75_15_10_test_all
road_to_west_v1_frame_000034_132752000000,matched,1,1,1,0.387916,0.387916,0.848669,/home/ruben/halmstad_ws/datasets/final/baylands_sam3_obb_super_75_15_10/images/test/road_to_west_v1_frame_000034_132752000000.jpg,/home/ruben/halmstad_ws/models/obb/experiments/sam3_hybrid_full/runs/predictions/baylands-leader-v5/baylands_sam3_obb_super_75_15_10_test_all
road_to_west_v1_frame_000035_133752000000,matched,1,1,1,0.404929,0.404929,0.471746,/home/ruben/halmstad_ws/datasets/final/baylands_sam3_obb_super_75_15_10/images/test/road_to_west_v1_frame_000035_133752000000.jpg,/home/ruben/halmstad_ws/models/obb/experiments/sam3_hybrid_full/runs/predictions/baylands-leader-v5/baylands_sam3_obb_super_75_15_10_test_all
road_to_west_v1_frame_000037_135800000000,matched,1,1,1,0.392655,0.392655,0.747506,/home/ruben/halmstad_ws/datasets/final/baylands_sam3_obb_super_75_15_10/images/test/road_to_west_v1_frame_000037_135800000000.jpg,/home/ruben/halmstad_ws/models/obb/experiments/sam3_hybrid_full/runs/predictions/baylands-leader-v5/baylands_sam3_obb_super_75_15_10_test_all
road_to_west_v1_frame_000039_137800000000,matched,1,1,1,0.463475,0.463475,0.317143,/home/ruben/halmstad_ws/datasets/final/baylands_sam3_obb_super_75_15_10/images/test/road_to_west_v1_frame_000039_137800000000.jpg,/home/ruben/halmstad_ws/models/obb/experiments/sam3_hybrid_full/runs/predictions/baylands-leader-v5/baylands_sam3_obb_super_75_15_10_test_all
road_to_west_v1_frame_000040_138800000000,matched,1,1,1,0.463226,0.463226,0.784136,/home/ruben/halmstad_ws/datasets/final/baylands_sam3_obb_super_75_15_10/images/test/road_to_west_v1_frame_000040_138800000000.jpg,/home/ruben/halmstad_ws/models/obb/experiments/sam3_hybrid_full/runs/predictions/baylands-leader-v5/baylands_sam3_obb_super_75_15_10_test_all
road_to_west_v1_frame_000041_139800000000,matched,1,1,1,0.489165,0.489165,0.765188,/home/ruben/halmstad_ws/datasets/final/baylands_sam3_obb_super_75_15_10/images/test/road_to_west_v1_frame_000041_139800000000.jpg,/home/ruben/halmstad_ws/models/obb/experiments/sam3_hybrid_full/runs/predictions/baylands-leader-v5/baylands_sam3_obb_super_75_15_10_test_all
road_to_west_v1_frame_000043_141800000000,matched,1,1,1,0.640632,0.640632,0.615854,/home/ruben/halmstad_ws/datasets/final/baylands_sam3_obb_super_75_15_10/images/test/road_to_west_v1_frame_000043_141800000000.jpg,/home/ruben/halmstad_ws/models/obb/experiments/sam3_hybrid_full/runs/predictions/baylands-leader-v5/baylands_sam3_obb_super_75_15_10_test_all
road_to_west_v1_frame_000046_144800000000,matched,1,1,1,0.59953,0.59953,0.830223,/home/ruben/halmstad_ws/datasets/final/baylands_sam3_obb_super_75_15_10/images/test/road_to_west_v1_frame_000046_144800000000.jpg,/home/ruben/halmstad_ws/models/obb/experiments/sam3_hybrid_full/runs/predictions/baylands-leader-v5/baylands_sam3_obb_super_75_15_10_test_all
road_to_west_v2_frame_000058_119700000000,matched,1,1,1,0.476217,0.476217,0.413799,/home/ruben/halmstad_ws/datasets/final/baylands_sam3_obb_super_75_15_10/images/test/road_to_west_v2_frame_000058_119700000000.jpg,/home/ruben/halmstad_ws/models/obb/experiments/sam3_hybrid_full/runs/predictions/baylands-leader-v5/baylands_sam3_obb_super_75_15_10_test_all
road_to_west_v2_frame_000060_121800000000,matched,1,1,1,0.504402,0.504402,0.420159,/home/ruben/halmstad_ws/datasets/final/baylands_sam3_obb_super_75_15_10/images/test/road_to_west_v2_frame_000060_121800000000.jpg,/home/ruben/halmstad_ws/models/obb/experiments/sam3_hybrid_full/runs/predictions/baylands-leader-v5/baylands_sam3_obb_super_75_15_10_test_all
road_to_west_v2_frame_000061_122800000000,matched,1,1,1,0.751862,0.751862,0.763047,/home/ruben/halmstad_ws/datasets/final/baylands_sam3_obb_super_75_15_10/images/test/road_to_west_v2_frame_000061_122800000000.jpg,/home/ruben/halmstad_ws/models/obb/experiments/sam3_hybrid_full/runs/predictions/baylands-leader-v5/baylands_sam3_obb_super_75_15_10_test_all
road_to_west_v2_frame_000067_128800000000,correct_empty,0,0,0,0.0,0.0,,/home/ruben/halmstad_ws/datasets/final/baylands_sam3_obb_super_75_15_10/images/test/road_to_west_v2_frame_000067_128800000000.jpg,/home/ruben/halmstad_ws/models/obb/experiments/sam3_hybrid_full/runs/predictions/baylands-leader-v5/baylands_sam3_obb_super_75_15_10_test_all
road_to_west_v2_frame_000068_129800000000,matched,1,1,1,0.714474,0.714474,0.866786,/home/ruben/halmstad_ws/datasets/final/baylands_sam3_obb_super_75_15_10/images/test/road_to_west_v2_frame_000068_129800000000.jpg,/home/ruben/halmstad_ws/models/obb/experiments/sam3_hybrid_full/runs/predictions/baylands-leader-v5/baylands_sam3_obb_super_75_15_10_test_all
road_to_west_v2_frame_000069_130900000000,matched,1,1,1,0.82639,0.82639,0.733126,/home/ruben/halmstad_ws/datasets/final/baylands_sam3_obb_super_75_15_10/images/test/road_to_west_v2_frame_000069_130900000000.jpg,/home/ruben/halmstad_ws/models/obb/experiments/sam3_hybrid_full/runs/predictions/baylands-leader-v5/baylands_sam3_obb_super_75_15_10_test_all
road_to_west_v2_frame_000070_131900000000,matched,1,1,1,0.705282,0.705282,0.88758,/home/ruben/halmstad_ws/datasets/final/baylands_sam3_obb_super_75_15_10/images/test/road_to_west_v2_frame_000070_131900000000.jpg,/home/ruben/halmstad_ws/models/obb/experiments/sam3_hybrid_full/runs/predictions/baylands-leader-v5/baylands_sam3_obb_super_75_15_10_test_all
road_to_west_v2_frame_000075_139500000000,matched,1,1,1,0.674769,0.674769,0.81948,/home/ruben/halmstad_ws/datasets/final/baylands_sam3_obb_super_75_15_10/images/test/road_to_west_v2_frame_000075_139500000000.jpg,/home/ruben/halmstad_ws/models/obb/experiments/sam3_hybrid_full/runs/predictions/baylands-leader-v5/baylands_sam3_obb_super_75_15_10_test_all
road_to_west_v2_frame_000076_140500000000,matched,1,1,1,0.485619,0.485619,0.86721,/home/ruben/halmstad_ws/datasets/final/baylands_sam3_obb_super_75_15_10/images/test/road_to_west_v2_frame_000076_140500000000.jpg,/home/ruben/halmstad_ws/models/obb/experiments/sam3_hybrid_full/runs/predictions/baylands-leader-v5/baylands_sam3_obb_super_75_15_10_test_all
road_to_west_v2_frame_000077_141500000000,matched,1,1,1,1.0,1.0,0.802771,/home/ruben/halmstad_ws/datasets/final/baylands_sam3_obb_super_75_15_10/images/test/road_to_west_v2_frame_000077_141500000000.jpg,/home/ruben/halmstad_ws/models/obb/experiments/sam3_hybrid_full/runs/predictions/baylands-leader-v5/baylands_sam3_obb_super_75_15_10_test_all
road_to_west_v2_frame_000079_143600000000,matched,1,1,1,0.498261,0.498261,0.346647,/home/ruben/halmstad_ws/datasets/final/baylands_sam3_obb_super_75_15_10/images/test/road_to_west_v2_frame_000079_143600000000.jpg,/home/ruben/halmstad_ws/models/obb/experiments/sam3_hybrid_full/runs/predictions/baylands-leader-v5/baylands_sam3_obb_super_75_15_10_test_all
road_to_west_v2_frame_000080_144600000000,matched,1,1,1,0.526032,0.526032,0.824452,/home/ruben/halmstad_ws/datasets/final/baylands_sam3_obb_super_75_15_10/images/test/road_to_west_v2_frame_000080_144600000000.jpg,/home/ruben/halmstad_ws/models/obb/experiments/sam3_hybrid_full/runs/predictions/baylands-leader-v5/baylands_sam3_obb_super_75_15_10_test_all
road_to_west_v2_frame_000081_145600000000,matched,1,1,1,0.503511,0.503511,0.357893,/home/ruben/halmstad_ws/datasets/final/baylands_sam3_obb_super_75_15_10/images/test/road_to_west_v2_frame_000081_145600000000.jpg,/home/ruben/halmstad_ws/models/obb/experiments/sam3_hybrid_full/runs/predictions/baylands-leader-v5/baylands_sam3_obb_super_75_15_10_test_all
road_to_west_v4_frame_000022_118700000000,matched,1,1,1,0.614648,0.614648,0.609568,/home/ruben/halmstad_ws/datasets/final/baylands_sam3_obb_super_75_15_10/images/test/road_to_west_v4_frame_000022_118700000000.jpg,/home/ruben/halmstad_ws/models/obb/experiments/sam3_hybrid_full/runs/predictions/baylands-leader-v5/baylands_sam3_obb_super_75_15_10_test_all
road_to_west_v4_frame_000029_130400000000,false_positive_empty,0,1,0,0.0,0.0,0.714783,/home/ruben/halmstad_ws/datasets/final/baylands_sam3_obb_super_75_15_10/images/test/road_to_west_v4_frame_000029_130400000000.jpg,/home/ruben/halmstad_ws/models/obb/experiments/sam3_hybrid_full/runs/predictions/baylands-leader-v5/baylands_sam3_obb_super_75_15_10_test_all
road_to_west_v4_frame_000032_137900000000,correct_empty,0,0,0,0.0,0.0,,/home/ruben/halmstad_ws/datasets/final/baylands_sam3_obb_super_75_15_10/images/test/road_to_west_v4_frame_000032_137900000000.jpg,/home/ruben/halmstad_ws/models/obb/experiments/sam3_hybrid_full/runs/predictions/baylands-leader-v5/baylands_sam3_obb_super_75_15_10_test_all
road_to_west_v4_frame_000033_138900000000,matched,1,1,1,0.761797,0.761797,0.871648,/home/ruben/halmstad_ws/datasets/final/baylands_sam3_obb_super_75_15_10/images/test/road_to_west_v4_frame_000033_138900000000.jpg,/home/ruben/halmstad_ws/models/obb/experiments/sam3_hybrid_full/runs/predictions/baylands-leader-v5/baylands_sam3_obb_super_75_15_10_test_all
road_to_west_v4_frame_000034_139900000000,matched,1,1,1,0.854612,0.854612,0.692262,/home/ruben/halmstad_ws/datasets/final/baylands_sam3_obb_super_75_15_10/images/test/road_to_west_v4_frame_000034_139900000000.jpg,/home/ruben/halmstad_ws/models/obb/experiments/sam3_hybrid_full/runs/predictions/baylands-leader-v5/baylands_sam3_obb_super_75_15_10_test_all
road_to_west_v4_frame_000036_141900000000,matched,1,1,1,0.511187,0.511187,0.555583,/home/ruben/halmstad_ws/datasets/final/baylands_sam3_obb_super_75_15_10/images/test/road_to_west_v4_frame_000036_141900000000.jpg,/home/ruben/halmstad_ws/models/obb/experiments/sam3_hybrid_full/runs/predictions/baylands-leader-v5/baylands_sam3_obb_super_75_15_10_test_all
road_to_west_v6_frame_000046_122752000000,matched,1,1,1,0.541252,0.541252,0.331442,/home/ruben/halmstad_ws/datasets/final/baylands_sam3_obb_super_75_15_10/images/test/road_to_west_v6_frame_000046_122752000000.jpg,/home/ruben/halmstad_ws/models/obb/experiments/sam3_hybrid_full/runs/predictions/baylands-leader-v5/baylands_sam3_obb_super_75_15_10_test_all
road_to_west_v6_frame_000049_125752000000,matched,1,1,1,0.637136,0.637136,0.297064,/home/ruben/halmstad_ws/datasets/final/baylands_sam3_obb_super_75_15_10/images/test/road_to_west_v6_frame_000049_125752000000.jpg,/home/ruben/halmstad_ws/models/obb/experiments/sam3_hybrid_full/runs/predictions/baylands-leader-v5/baylands_sam3_obb_super_75_15_10_test_all
road_to_west_v6_frame_000059_135852000000,matched,1,1,1,0.524554,0.524554,0.44371,/home/ruben/halmstad_ws/datasets/final/baylands_sam3_obb_super_75_15_10/images/test/road_to_west_v6_frame_000059_135852000000.jpg,/home/ruben/halmstad_ws/models/obb/experiments/sam3_hybrid_full/runs/predictions/baylands-leader-v5/baylands_sam3_obb_super_75_15_10_test_all
road_to_west_v6_frame_000060_136900000000,matched,1,1,1,0.470292,0.470292,0.645168,/home/ruben/halmstad_ws/datasets/final/baylands_sam3_obb_super_75_15_10/images/test/road_to_west_v6_frame_000060_136900000000.jpg,/home/ruben/halmstad_ws/models/obb/experiments/sam3_hybrid_full/runs/predictions/baylands-leader-v5/baylands_sam3_obb_super_75_15_10_test_all
road_to_west_v6_frame_000065_141900000000,matched,1,1,1,0.440508,0.440508,0.369721,/home/ruben/halmstad_ws/datasets/final/baylands_sam3_obb_super_75_15_10/images/test/road_to_west_v6_frame_000065_141900000000.jpg,/home/ruben/halmstad_ws/models/obb/experiments/sam3_hybrid_full/runs/predictions/baylands-leader-v5/baylands_sam3_obb_super_75_15_10_test_all
road_to_west_v7_frame_000014_119900000000,no_prediction,1,0,0,0.0,0.0,,/home/ruben/halmstad_ws/datasets/final/baylands_sam3_obb_super_75_15_10/images/test/road_to_west_v7_frame_000014_119900000000.jpg,/home/ruben/halmstad_ws/models/obb/experiments/sam3_hybrid_full/runs/predictions/baylands-leader-v5/baylands_sam3_obb_super_75_15_10_test_all
road_to_west_v7_frame_000015_123900000000,no_prediction,1,0,0,0.0,0.0,,/home/ruben/halmstad_ws/datasets/final/baylands_sam3_obb_super_75_15_10/images/test/road_to_west_v7_frame_000015_123900000000.jpg,/home/ruben/halmstad_ws/models/obb/experiments/sam3_hybrid_full/runs/predictions/baylands-leader-v5/baylands_sam3_obb_super_75_15_10_test_all
road_to_west_v7_frame_000016_128000000000,no_prediction,1,0,0,0.0,0.0,,/home/ruben/halmstad_ws/datasets/final/baylands_sam3_obb_super_75_15_10/images/test/road_to_west_v7_frame_000016_128000000000.jpg,/home/ruben/halmstad_ws/models/obb/experiments/sam3_hybrid_full/runs/predictions/baylands-leader-v5/baylands_sam3_obb_super_75_15_10_test_all
road_to_west_v7_frame_000017_131900000000,no_prediction,1,0,0,0.0,0.0,,/home/ruben/halmstad_ws/datasets/final/baylands_sam3_obb_super_75_15_10/images/test/road_to_west_v7_frame_000017_131900000000.jpg,/home/ruben/halmstad_ws/models/obb/experiments/sam3_hybrid_full/runs/predictions/baylands-leader-v5/baylands_sam3_obb_super_75_15_10_test_all
road_to_west_v7_frame_000019_140000000000,no_prediction,1,0,0,0.0,0.0,,/home/ruben/halmstad_ws/datasets/final/baylands_sam3_obb_super_75_15_10/images/test/road_to_west_v7_frame_000019_140000000000.jpg,/home/ruben/halmstad_ws/models/obb/experiments/sam3_hybrid_full/runs/predictions/baylands-leader-v5/baylands_sam3_obb_super_75_15_10_test_all
road_to_west_v7_frame_000020_144000000000,no_prediction,1,0,0,0.0,0.0,,/home/ruben/halmstad_ws/datasets/final/baylands_sam3_obb_super_75_15_10/images/test/road_to_west_v7_frame_000020_144000000000.jpg,/home/ruben/halmstad_ws/models/obb/experiments/sam3_hybrid_full/runs/predictions/baylands-leader-v5/baylands_sam3_obb_super_75_15_10_test_all
road_to_west_v9_frame_000006_120700000000,matched,1,1,1,0.499483,0.499483,0.848613,/home/ruben/halmstad_ws/datasets/final/baylands_sam3_obb_super_75_15_10/images/test/road_to_west_v9_frame_000006_120700000000.jpg,/home/ruben/halmstad_ws/models/obb/experiments/sam3_hybrid_full/runs/predictions/baylands-leader-v5/baylands_sam3_obb_super_75_15_10_test_all
road_to_west_v9_frame_000007_124700000000,matched,1,1,1,0.609394,0.609394,0.901895,/home/ruben/halmstad_ws/datasets/final/baylands_sam3_obb_super_75_15_10/images/test/road_to_west_v9_frame_000007_124700000000.jpg,/home/ruben/halmstad_ws/models/obb/experiments/sam3_hybrid_full/runs/predictions/baylands-leader-v5/baylands_sam3_obb_super_75_15_10_test_all
road_to_west_v9_frame_000008_128700000000,matched,1,1,1,0.486763,0.486763,0.757296,/home/ruben/halmstad_ws/datasets/final/baylands_sam3_obb_super_75_15_10/images/test/road_to_west_v9_frame_000008_128700000000.jpg,/home/ruben/halmstad_ws/models/obb/experiments/sam3_hybrid_full/runs/predictions/baylands-leader-v5/baylands_sam3_obb_super_75_15_10_test_all
road_to_west_v9_frame_000011_140700000000,matched,1,1,1,0.719356,0.719356,0.863255,/home/ruben/halmstad_ws/datasets/final/baylands_sam3_obb_super_75_15_10/images/test/road_to_west_v9_frame_000011_140700000000.jpg,/home/ruben/halmstad_ws/models/obb/experiments/sam3_hybrid_full/runs/predictions/baylands-leader-v5/baylands_sam3_obb_super_75_15_10_test_all
road_to_west_v9_frame_000012_144700000000,matched,1,1,1,0.544404,0.544404,0.876504,/home/ruben/halmstad_ws/datasets/final/baylands_sam3_obb_super_75_15_10/images/test/road_to_west_v9_frame_000012_144700000000.jpg,/home/ruben/halmstad_ws/models/obb/experiments/sam3_hybrid_full/runs/predictions/baylands-leader-v5/baylands_sam3_obb_super_75_15_10_test_all
spawn_v1_frame_000049_137400000000,matched,1,1,1,0.788849,0.788849,0.861439,/home/ruben/halmstad_ws/datasets/final/baylands_sam3_obb_super_75_15_10/images/test/spawn_v1_frame_000049_137400000000.jpg,/home/ruben/halmstad_ws/models/obb/experiments/sam3_hybrid_full/runs/predictions/baylands-leader-v5/baylands_sam3_obb_super_75_15_10_test_all
spawn_v1_frame_000050_138400000000,matched,1,1,1,0.69145,0.69145,0.862877,/home/ruben/halmstad_ws/datasets/final/baylands_sam3_obb_super_75_15_10/images/test/spawn_v1_frame_000050_138400000000.jpg,/home/ruben/halmstad_ws/models/obb/experiments/sam3_hybrid_full/runs/predictions/baylands-leader-v5/baylands_sam3_obb_super_75_15_10_test_all
spawn_v1_frame_000054_142452000000,matched,1,1,1,0.456387,0.456387,0.811741,/home/ruben/halmstad_ws/datasets/final/baylands_sam3_obb_super_75_15_10/images/test/spawn_v1_frame_000054_142452000000.jpg,/home/ruben/halmstad_ws/models/obb/experiments/sam3_hybrid_full/runs/predictions/baylands-leader-v5/baylands_sam3_obb_super_75_15_10_test_all
spawn_v1_frame_000055_143452000000,matched,1,1,1,0.801588,0.801588,0.802722,/home/ruben/halmstad_ws/datasets/final/baylands_sam3_obb_super_75_15_10/images/test/spawn_v1_frame_000055_143452000000.jpg,/home/ruben/halmstad_ws/models/obb/experiments/sam3_hybrid_full/runs/predictions/baylands-leader-v5/baylands_sam3_obb_super_75_15_10_test_all
spawn_v1_frame_000062_150452000000,matched,1,1,1,0.525365,0.525365,0.83302,/home/ruben/halmstad_ws/datasets/final/baylands_sam3_obb_super_75_15_10/images/test/spawn_v1_frame_000062_150452000000.jpg,/home/ruben/halmstad_ws/models/obb/experiments/sam3_hybrid_full/runs/predictions/baylands-leader-v5/baylands_sam3_obb_super_75_15_10_test_all
spawn_v1_frame_000063_151500000000,matched,1,1,1,0.627227,0.627227,0.800151,/home/ruben/halmstad_ws/datasets/final/baylands_sam3_obb_super_75_15_10/images/test/spawn_v1_frame_000063_151500000000.jpg,/home/ruben/halmstad_ws/models/obb/experiments/sam3_hybrid_full/runs/predictions/baylands-leader-v5/baylands_sam3_obb_super_75_15_10_test_all
spawn_v1_frame_000065_153500000000,matched,1,1,1,0.650497,0.650497,0.442986,/home/ruben/halmstad_ws/datasets/final/baylands_sam3_obb_super_75_15_10/images/test/spawn_v1_frame_000065_153500000000.jpg,/home/ruben/halmstad_ws/models/obb/experiments/sam3_hybrid_full/runs/predictions/baylands-leader-v5/baylands_sam3_obb_super_75_15_10_test_all
spawn_v1_frame_000148_243700000000,matched,1,1,1,0.699529,0.699529,0.866509,/home/ruben/halmstad_ws/datasets/final/baylands_sam3_obb_super_75_15_10/images/test/spawn_v1_frame_000148_243700000000.jpg,/home/ruben/halmstad_ws/models/obb/experiments/sam3_hybrid_full/runs/predictions/baylands-leader-v5/baylands_sam3_obb_super_75_15_10_test_all
spawn_v1_frame_000149_244700000000,matched,1,1,1,0.684655,0.684655,0.85473,/home/ruben/halmstad_ws/datasets/final/baylands_sam3_obb_super_75_15_10/images/test/spawn_v1_frame_000149_244700000000.jpg,/home/ruben/halmstad_ws/models/obb/experiments/sam3_hybrid_full/runs/predictions/baylands-leader-v5/baylands_sam3_obb_super_75_15_10_test_all
spawn_v1_frame_000150_245700000000,matched,1,1,1,0.577565,0.577565,0.807088,/home/ruben/halmstad_ws/datasets/final/baylands_sam3_obb_super_75_15_10/images/test/spawn_v1_frame_000150_245700000000.jpg,/home/ruben/halmstad_ws/models/obb/experiments/sam3_hybrid_full/runs/predictions/baylands-leader-v5/baylands_sam3_obb_super_75_15_10_test_all
spawn_v1_frame_000151_246700000000,matched,1,1,1,0.58178,0.58178,0.785835,/home/ruben/halmstad_ws/datasets/final/baylands_sam3_obb_super_75_15_10/images/test/spawn_v1_frame_000151_246700000000.jpg,/home/ruben/halmstad_ws/models/obb/experiments/sam3_hybrid_full/runs/predictions/baylands-leader-v5/baylands_sam3_obb_super_75_15_10_test_all
spawn_v1_frame_000152_247700000000,matched,1,1,1,0.507851,0.507851,0.444739,/home/ruben/halmstad_ws/datasets/final/baylands_sam3_obb_super_75_15_10/images/test/spawn_v1_frame_000152_247700000000.jpg,/home/ruben/halmstad_ws/models/obb/experiments/sam3_hybrid_full/runs/predictions/baylands-leader-v5/baylands_sam3_obb_super_75_15_10_test_all
spawn_v1_frame_000154_249700000000,matched,1,1,1,0.591487,0.591487,0.714938,/home/ruben/halmstad_ws/datasets/final/baylands_sam3_obb_super_75_15_10/images/test/spawn_v1_frame_000154_249700000000.jpg,/home/ruben/halmstad_ws/models/obb/experiments/sam3_hybrid_full/runs/predictions/baylands-leader-v5/baylands_sam3_obb_super_75_15_10_test_all
spawn_v1_frame_000156_251752000000,matched,1,1,1,0.815685,0.815685,0.789151,/home/ruben/halmstad_ws/datasets/final/baylands_sam3_obb_super_75_15_10/images/test/spawn_v1_frame_000156_251752000000.jpg,/home/ruben/halmstad_ws/models/obb/experiments/sam3_hybrid_full/runs/predictions/baylands-leader-v5/baylands_sam3_obb_super_75_15_10_test_all
spawn_v1_frame_000157_252752000000,matched,1,1,1,0.702456,0.702456,0.651117,/home/ruben/halmstad_ws/datasets/final/baylands_sam3_obb_super_75_15_10/images/test/spawn_v1_frame_000157_252752000000.jpg,/home/ruben/halmstad_ws/models/obb/experiments/sam3_hybrid_full/runs/predictions/baylands-leader-v5/baylands_sam3_obb_super_75_15_10_test_all
spawn_v1_frame_000159_254752000000,matched,1,1,1,0.715177,0.715177,0.751084,/home/ruben/halmstad_ws/datasets/final/baylands_sam3_obb_super_75_15_10/images/test/spawn_v1_frame_000159_254752000000.jpg,/home/ruben/halmstad_ws/models/obb/experiments/sam3_hybrid_full/runs/predictions/baylands-leader-v5/baylands_sam3_obb_super_75_15_10_test_all
spawn_v1_frame_000160_255752000000,matched,1,1,1,0.81305,0.81305,0.858027,/home/ruben/halmstad_ws/datasets/final/baylands_sam3_obb_super_75_15_10/images/test/spawn_v1_frame_000160_255752000000.jpg,/home/ruben/halmstad_ws/models/obb/experiments/sam3_hybrid_full/runs/predictions/baylands-leader-v5/baylands_sam3_obb_super_75_15_10_test_all
spawn_v1_frame_000161_256800000000,matched,1,1,1,0.699694,0.699694,0.629828,/home/ruben/halmstad_ws/datasets/final/baylands_sam3_obb_super_75_15_10/images/test/spawn_v1_frame_000161_256800000000.jpg,/home/ruben/halmstad_ws/models/obb/experiments/sam3_hybrid_full/runs/predictions/baylands-leader-v5/baylands_sam3_obb_super_75_15_10_test_all
spawn_v1_frame_000162_257800000000,matched,1,1,1,0.594132,0.594132,0.770279,/home/ruben/halmstad_ws/datasets/final/baylands_sam3_obb_super_75_15_10/images/test/spawn_v1_frame_000162_257800000000.jpg,/home/ruben/halmstad_ws/models/obb/experiments/sam3_hybrid_full/runs/predictions/baylands-leader-v5/baylands_sam3_obb_super_75_15_10_test_all
spawn_v1_frame_000163_258800000000,matched,1,1,1,0.824563,0.824563,0.75566,/home/ruben/halmstad_ws/datasets/final/baylands_sam3_obb_super_75_15_10/images/test/spawn_v1_frame_000163_258800000000.jpg,/home/ruben/halmstad_ws/models/obb/experiments/sam3_hybrid_full/runs/predictions/baylands-leader-v5/baylands_sam3_obb_super_75_15_10_test_all
spawn_v1_frame_000164_259800000000,matched,1,1,1,0.750298,0.750298,0.671351,/home/ruben/halmstad_ws/datasets/final/baylands_sam3_obb_super_75_15_10/images/test/spawn_v1_frame_000164_259800000000.jpg,/home/ruben/halmstad_ws/models/obb/experiments/sam3_hybrid_full/runs/predictions/baylands-leader-v5/baylands_sam3_obb_super_75_15_10_test_all
spawn_v1_frame_000166_261852000000,matched,1,1,1,0.503836,0.503836,0.804469,/home/ruben/halmstad_ws/datasets/final/baylands_sam3_obb_super_75_15_10/images/test/spawn_v1_frame_000166_261852000000.jpg,/home/ruben/halmstad_ws/models/obb/experiments/sam3_hybrid_full/runs/predictions/baylands-leader-v5/baylands_sam3_obb_super_75_15_10_test_all
spawn_v2_frame_000062_135652000000,matched,1,1,1,0.511032,0.511032,0.818395,/home/ruben/halmstad_ws/datasets/final/baylands_sam3_obb_super_75_15_10/images/test/spawn_v2_frame_000062_135652000000.jpg,/home/ruben/halmstad_ws/models/obb/experiments/sam3_hybrid_full/runs/predictions/baylands-leader-v5/baylands_sam3_obb_super_75_15_10_test_all
spawn_v2_frame_000063_136652000000,matched,1,1,1,0.643869,0.643869,0.801879,/home/ruben/halmstad_ws/datasets/final/baylands_sam3_obb_super_75_15_10/images/test/spawn_v2_frame_000063_136652000000.jpg,/home/ruben/halmstad_ws/models/obb/experiments/sam3_hybrid_full/runs/predictions/baylands-leader-v5/baylands_sam3_obb_super_75_15_10_test_all
spawn_v2_frame_000064_137652000000,matched,1,1,1,0.577583,0.577583,0.713604,/home/ruben/halmstad_ws/datasets/final/baylands_sam3_obb_super_75_15_10/images/test/spawn_v2_frame_000064_137652000000.jpg,/home/ruben/halmstad_ws/models/obb/experiments/sam3_hybrid_full/runs/predictions/baylands-leader-v5/baylands_sam3_obb_super_75_15_10_test_all
spawn_v2_frame_000066_139652000000,matched,1,1,1,0.51684,0.51684,0.765441,/home/ruben/halmstad_ws/datasets/final/baylands_sam3_obb_super_75_15_10/images/test/spawn_v2_frame_000066_139652000000.jpg,/home/ruben/halmstad_ws/models/obb/experiments/sam3_hybrid_full/runs/predictions/baylands-leader-v5/baylands_sam3_obb_super_75_15_10_test_all
spawn_v2_frame_000067_140700000000,matched,1,1,1,0.549334,0.549334,0.798288,/home/ruben/halmstad_ws/datasets/final/baylands_sam3_obb_super_75_15_10/images/test/spawn_v2_frame_000067_140700000000.jpg,/home/ruben/halmstad_ws/models/obb/experiments/sam3_hybrid_full/runs/predictions/baylands-leader-v5/baylands_sam3_obb_super_75_15_10_test_all
spawn_v2_frame_000069_142700000000,matched,1,1,1,0.613674,0.613674,0.84768,/home/ruben/halmstad_ws/datasets/final/baylands_sam3_obb_super_75_15_10/images/test/spawn_v2_frame_000069_142700000000.jpg,/home/ruben/halmstad_ws/models/obb/experiments/sam3_hybrid_full/runs/predictions/baylands-leader-v5/baylands_sam3_obb_super_75_15_10_test_all
spawn_v2_frame_000070_143652000000,matched,1,1,1,0.590072,0.590072,0.793488,/home/ruben/halmstad_ws/datasets/final/baylands_sam3_obb_super_75_15_10/images/test/spawn_v2_frame_000070_143652000000.jpg,/home/ruben/halmstad_ws/models/obb/experiments/sam3_hybrid_full/runs/predictions/baylands-leader-v5/baylands_sam3_obb_super_75_15_10_test_all
spawn_v2_frame_000071_144700000000,matched,1,1,1,0.545983,0.545983,0.68656,/home/ruben/halmstad_ws/datasets/final/baylands_sam3_obb_super_75_15_10/images/test/spawn_v2_frame_000071_144700000000.jpg,/home/ruben/halmstad_ws/models/obb/experiments/sam3_hybrid_full/runs/predictions/baylands-leader-v5/baylands_sam3_obb_super_75_15_10_test_all
spawn_v2_frame_000072_145700000000,matched,1,1,1,0.572648,0.572648,0.525803,/home/ruben/halmstad_ws/datasets/final/baylands_sam3_obb_super_75_15_10/images/test/spawn_v2_frame_000072_145700000000.jpg,/home/ruben/halmstad_ws/models/obb/experiments/sam3_hybrid_full/runs/predictions/baylands-leader-v5/baylands_sam3_obb_super_75_15_10_test_all
spawn_v2_frame_000073_146700000000,matched,1,1,1,0.590855,0.590855,0.670523,/home/ruben/halmstad_ws/datasets/final/baylands_sam3_obb_super_75_15_10/images/test/spawn_v2_frame_000073_146700000000.jpg,/home/ruben/halmstad_ws/models/obb/experiments/sam3_hybrid_full/runs/predictions/baylands-leader-v5/baylands_sam3_obb_super_75_15_10_test_all
spawn_v2_frame_000075_148700000000,matched,1,1,1,0.579761,0.579761,0.814559,/home/ruben/halmstad_ws/datasets/final/baylands_sam3_obb_super_75_15_10/images/test/spawn_v2_frame_000075_148700000000.jpg,/home/ruben/halmstad_ws/models/obb/experiments/sam3_hybrid_full/runs/predictions/baylands-leader-v5/baylands_sam3_obb_super_75_15_10_test_all
spawn_v2_frame_000082_155752000000,matched,1,1,1,0.627968,0.627968,0.8675,/home/ruben/halmstad_ws/datasets/final/baylands_sam3_obb_super_75_15_10/images/test/spawn_v2_frame_000082_155752000000.jpg,/home/ruben/halmstad_ws/models/obb/experiments/sam3_hybrid_full/runs/predictions/baylands-leader-v5/baylands_sam3_obb_super_75_15_10_test_all
spawn_v2_frame_000169_243600000000,matched,1,1,1,0.61605,0.61605,0.604841,/home/ruben/halmstad_ws/datasets/final/baylands_sam3_obb_super_75_15_10/images/test/spawn_v2_frame_000169_243600000000.jpg,/home/ruben/halmstad_ws/models/obb/experiments/sam3_hybrid_full/runs/predictions/baylands-leader-v5/baylands_sam3_obb_super_75_15_10_test_all
spawn_v2_frame_000175_249700000000,no_prediction,1,0,0,0.0,0.0,,/home/ruben/halmstad_ws/datasets/final/baylands_sam3_obb_super_75_15_10/images/test/spawn_v2_frame_000175_249700000000.jpg,/home/ruben/halmstad_ws/models/obb/experiments/sam3_hybrid_full/runs/predictions/baylands-leader-v5/baylands_sam3_obb_super_75_15_10_test_all
spawn_v2_frame_000179_253700000000,no_prediction,1,0,0,0.0,0.0,,/home/ruben/halmstad_ws/datasets/final/baylands_sam3_obb_super_75_15_10/images/test/spawn_v2_frame_000179_253700000000.jpg,/home/ruben/halmstad_ws/models/obb/experiments/sam3_hybrid_full/runs/predictions/baylands-leader-v5/baylands_sam3_obb_super_75_15_10_test_all
spawn_v2_frame_000182_256700000000,matched,1,1,1,0.448557,0.448557,0.798941,/home/ruben/halmstad_ws/datasets/final/baylands_sam3_obb_super_75_15_10/images/test/spawn_v2_frame_000182_256700000000.jpg,/home/ruben/halmstad_ws/models/obb/experiments/sam3_hybrid_full/runs/predictions/baylands-leader-v5/baylands_sam3_obb_super_75_15_10_test_all
spawn_v2_frame_000184_258752000000,matched,1,1,1,0.446659,0.446659,0.783482,/home/ruben/halmstad_ws/datasets/final/baylands_sam3_obb_super_75_15_10/images/test/spawn_v2_frame_000184_258752000000.jpg,/home/ruben/halmstad_ws/models/obb/experiments/sam3_hybrid_full/runs/predictions/baylands-leader-v5/baylands_sam3_obb_super_75_15_10_test_all
spawn_v2_frame_000186_260752000000,matched,1,1,1,0.562415,0.562415,0.36777,/home/ruben/halmstad_ws/datasets/final/baylands_sam3_obb_super_75_15_10/images/test/spawn_v2_frame_000186_260752000000.jpg,/home/ruben/halmstad_ws/models/obb/experiments/sam3_hybrid_full/runs/predictions/baylands-leader-v5/baylands_sam3_obb_super_75_15_10_test_all
spawn_v2_frame_000187_261752000000,no_prediction,1,0,0,0.0,0.0,,/home/ruben/halmstad_ws/datasets/final/baylands_sam3_obb_super_75_15_10/images/test/spawn_v2_frame_000187_261752000000.jpg,/home/ruben/halmstad_ws/models/obb/experiments/sam3_hybrid_full/runs/predictions/baylands-leader-v5/baylands_sam3_obb_super_75_15_10_test_all
spawn_v2_frame_000188_262752000000,no_prediction,1,0,0,0.0,0.0,,/home/ruben/halmstad_ws/datasets/final/baylands_sam3_obb_super_75_15_10/images/test/spawn_v2_frame_000188_262752000000.jpg,/home/ruben/halmstad_ws/models/obb/experiments/sam3_hybrid_full/runs/predictions/baylands-leader-v5/baylands_sam3_obb_super_75_15_10_test_all
spawn_v2_frame_000189_263800000000,no_prediction,1,0,0,0.0,0.0,,/home/ruben/halmstad_ws/datasets/final/baylands_sam3_obb_super_75_15_10/images/test/spawn_v2_frame_000189_263800000000.jpg,/home/ruben/halmstad_ws/models/obb/experiments/sam3_hybrid_full/runs/predictions/baylands-leader-v5/baylands_sam3_obb_super_75_15_10_test_all
spawn_v3_frame_000011_137200000000,correct_empty,0,0,0,0.0,0.0,,/home/ruben/halmstad_ws/datasets/final/baylands_sam3_obb_super_75_15_10/images/test/spawn_v3_frame_000011_137200000000.jpg,/home/ruben/halmstad_ws/models/obb/experiments/sam3_hybrid_full/runs/predictions/baylands-leader-v5/baylands_sam3_obb_super_75_15_10_test_all
spawn_v3_frame_000012_141200000000,correct_empty,0,0,0,0.0,0.0,,/home/ruben/halmstad_ws/datasets/final/baylands_sam3_obb_super_75_15_10/images/test/spawn_v3_frame_000012_141200000000.jpg,/home/ruben/halmstad_ws/models/obb/experiments/sam3_hybrid_full/runs/predictions/baylands-leader-v5/baylands_sam3_obb_super_75_15_10_test_all
spawn_v3_frame_000013_145300000000,matched,1,1,1,0.63156,0.63156,0.786752,/home/ruben/halmstad_ws/datasets/final/baylands_sam3_obb_super_75_15_10/images/test/spawn_v3_frame_000013_145300000000.jpg,/home/ruben/halmstad_ws/models/obb/experiments/sam3_hybrid_full/runs/predictions/baylands-leader-v5/baylands_sam3_obb_super_75_15_10_test_all
spawn_v3_frame_000014_149300000000,matched,1,1,1,0.344712,0.344712,0.762613,/home/ruben/halmstad_ws/datasets/final/baylands_sam3_obb_super_75_15_10/images/test/spawn_v3_frame_000014_149300000000.jpg,/home/ruben/halmstad_ws/models/obb/experiments/sam3_hybrid_full/runs/predictions/baylands-leader-v5/baylands_sam3_obb_super_75_15_10_test_all
spawn_v3_frame_000015_153300000000,correct_empty,0,0,0,0.0,0.0,,/home/ruben/halmstad_ws/datasets/final/baylands_sam3_obb_super_75_15_10/images/test/spawn_v3_frame_000015_153300000000.jpg,/home/ruben/halmstad_ws/models/obb/experiments/sam3_hybrid_full/runs/predictions/baylands-leader-v5/baylands_sam3_obb_super_75_15_10_test_all
spawn_v3_frame_000016_157300000000,correct_empty,0,0,0,0.0,0.0,,/home/ruben/halmstad_ws/datasets/final/baylands_sam3_obb_super_75_15_10/images/test/spawn_v3_frame_000016_157300000000.jpg,/home/ruben/halmstad_ws/models/obb/experiments/sam3_hybrid_full/runs/predictions/baylands-leader-v5/baylands_sam3_obb_super_75_15_10_test_all
spawn_v3_frame_000038_245500000000,correct_empty,0,0,0,0.0,0.0,,/home/ruben/halmstad_ws/datasets/final/baylands_sam3_obb_super_75_15_10/images/test/spawn_v3_frame_000038_245500000000.jpg,/home/ruben/halmstad_ws/models/obb/experiments/sam3_hybrid_full/runs/predictions/baylands-leader-v5/baylands_sam3_obb_super_75_15_10_test_all
strip_v1_frame_000009_92400000000,matched,1,1,1,0.517238,0.517238,0.569192,/home/ruben/halmstad_ws/datasets/final/baylands_sam3_obb_super_75_15_10/images/test/strip_v1_frame_000009_92400000000.jpg,/home/ruben/halmstad_ws/models/obb/experiments/sam3_hybrid_full/runs/predictions/baylands-leader-v5/baylands_sam3_obb_super_75_15_10_test_all
strip_v1_frame_000011_100500000000,no_prediction,1,0,0,0.0,0.0,,/home/ruben/halmstad_ws/datasets/final/baylands_sam3_obb_super_75_15_10/images/test/strip_v1_frame_000011_100500000000.jpg,/home/ruben/halmstad_ws/models/obb/experiments/sam3_hybrid_full/runs/predictions/baylands-leader-v5/baylands_sam3_obb_super_75_15_10_test_all
strip_v1_frame_000014_112500000000,correct_empty,0,0,0,0.0,0.0,,/home/ruben/halmstad_ws/datasets/final/baylands_sam3_obb_super_75_15_10/images/test/strip_v1_frame_000014_112500000000.jpg,/home/ruben/halmstad_ws/models/obb/experiments/sam3_hybrid_full/runs/predictions/baylands-leader-v5/baylands_sam3_obb_super_75_15_10_test_all
strip_v1_frame_000029_172700000000,matched,1,1,1,0.457715,0.457715,0.85738,/home/ruben/halmstad_ws/datasets/final/baylands_sam3_obb_super_75_15_10/images/test/strip_v1_frame_000029_172700000000.jpg,/home/ruben/halmstad_ws/models/obb/experiments/sam3_hybrid_full/runs/predictions/baylands-leader-v5/baylands_sam3_obb_super_75_15_10_test_all
strip_v1_frame_000030_176700000000,matched,1,1,1,0.606695,0.606695,0.800062,/home/ruben/halmstad_ws/datasets/final/baylands_sam3_obb_super_75_15_10/images/test/strip_v1_frame_000030_176700000000.jpg,/home/ruben/halmstad_ws/models/obb/experiments/sam3_hybrid_full/runs/predictions/baylands-leader-v5/baylands_sam3_obb_super_75_15_10_test_all
strip_v1_frame_000032_184700000000,correct_empty,0,0,0,0.0,0.0,,/home/ruben/halmstad_ws/datasets/final/baylands_sam3_obb_super_75_15_10/images/test/strip_v1_frame_000032_184700000000.jpg,/home/ruben/halmstad_ws/models/obb/experiments/sam3_hybrid_full/runs/predictions/baylands-leader-v5/baylands_sam3_obb_super_75_15_10_test_all
strip_v2_frame_000004_94800000000,matched,1,1,1,0.254364,0.254364,0.308204,/home/ruben/halmstad_ws/datasets/final/baylands_sam3_obb_super_75_15_10/images/test/strip_v2_frame_000004_94800000000.jpg,/home/ruben/halmstad_ws/models/obb/experiments/sam3_hybrid_full/runs/predictions/baylands-leader-v5/baylands_sam3_obb_super_75_15_10_test_all
strip_v2_frame_000005_98800000000,matched,1,1,1,0.479603,0.479603,0.539086,/home/ruben/halmstad_ws/datasets/final/baylands_sam3_obb_super_75_15_10/images/test/strip_v2_frame_000005_98800000000.jpg,/home/ruben/halmstad_ws/models/obb/experiments/sam3_hybrid_full/runs/predictions/baylands-leader-v5/baylands_sam3_obb_super_75_15_10_test_all
strip_v2_frame_000025_178900000000,correct_empty,0,0,0,0.0,0.0,,/home/ruben/halmstad_ws/datasets/final/baylands_sam3_obb_super_75_15_10/images/test/strip_v2_frame_000025_178900000000.jpg,/home/ruben/halmstad_ws/models/obb/experiments/sam3_hybrid_full/runs/predictions/baylands-leader-v5/baylands_sam3_obb_super_75_15_10_test_all
strip_v2_frame_000026_183000000000,correct_empty,0,0,0,0.0,0.0,,/home/ruben/halmstad_ws/datasets/final/baylands_sam3_obb_super_75_15_10/images/test/strip_v2_frame_000026_183000000000.jpg,/home/ruben/halmstad_ws/models/obb/experiments/sam3_hybrid_full/runs/predictions/baylands-leader-v5/baylands_sam3_obb_super_75_15_10_test_all
strip_v3_frame_000017_95952000000,no_prediction,1,0,0,0.0,0.0,,/home/ruben/halmstad_ws/datasets/final/baylands_sam3_obb_super_75_15_10/images/test/strip_v3_frame_000017_95952000000.jpg,/home/ruben/halmstad_ws/models/obb/experiments/sam3_hybrid_full/runs/predictions/baylands-leader-v5/baylands_sam3_obb_super_75_15_10_test_all
strip_v3_frame_000019_98000000000,matched,1,1,1,0.465287,0.465287,0.250782,/home/ruben/halmstad_ws/datasets/final/baylands_sam3_obb_super_75_15_10/images/test/strip_v3_frame_000019_98000000000.jpg,/home/ruben/halmstad_ws/models/obb/experiments/sam3_hybrid_full/runs/predictions/baylands-leader-v5/baylands_sam3_obb_super_75_15_10_test_all
strip_v3_frame_000020_99000000000,no_prediction,1,0,0,0.0,0.0,,/home/ruben/halmstad_ws/datasets/final/baylands_sam3_obb_super_75_15_10/images/test/strip_v3_frame_000020_99000000000.jpg,/home/ruben/halmstad_ws/models/obb/experiments/sam3_hybrid_full/runs/predictions/baylands-leader-v5/baylands_sam3_obb_super_75_15_10_test_all
strip_v3_frame_000021_100052000000,matched,1,1,1,0.306329,0.306329,0.316613,/home/ruben/halmstad_ws/datasets/final/baylands_sam3_obb_super_75_15_10/images/test/strip_v3_frame_000021_100052000000.jpg,/home/ruben/halmstad_ws/models/obb/experiments/sam3_hybrid_full/runs/predictions/baylands-leader-v5/baylands_sam3_obb_super_75_15_10_test_all
strip_v3_frame_000029_108100000000,no_prediction,1,0,0,0.0,0.0,,/home/ruben/halmstad_ws/datasets/final/baylands_sam3_obb_super_75_15_10/images/test/strip_v3_frame_000029_108100000000.jpg,/home/ruben/halmstad_ws/models/obb/experiments/sam3_hybrid_full/runs/predictions/baylands-leader-v5/baylands_sam3_obb_super_75_15_10_test_all
strip_v3_frame_000083_172852000000,correct_empty,0,0,0,0.0,0.0,,/home/ruben/halmstad_ws/datasets/final/baylands_sam3_obb_super_75_15_10/images/test/strip_v3_frame_000083_172852000000.jpg,/home/ruben/halmstad_ws/models/obb/experiments/sam3_hybrid_full/runs/predictions/baylands-leader-v5/baylands_sam3_obb_super_75_15_10_test_all
strip_v3_frame_000084_173852000000,matched,1,1,1,0.73801,0.73801,0.881916,/home/ruben/halmstad_ws/datasets/final/baylands_sam3_obb_super_75_15_10/images/test/strip_v3_frame_000084_173852000000.jpg,/home/ruben/halmstad_ws/models/obb/experiments/sam3_hybrid_full/runs/predictions/baylands-leader-v5/baylands_sam3_obb_super_75_15_10_test_all
strip_v3_frame_000096_185952000000,matched,1,1,1,0.766322,0.766322,0.281142,/home/ruben/halmstad_ws/datasets/final/baylands_sam3_obb_super_75_15_10/images/test/strip_v3_frame_000096_185952000000.jpg,/home/ruben/halmstad_ws/models/obb/experiments/sam3_hybrid_full/runs/predictions/baylands-leader-v5/baylands_sam3_obb_super_75_15_10_test_all
strip_v3_frame_000097_186952000000,matched,1,1,1,0.448609,0.448609,0.352564,/home/ruben/halmstad_ws/datasets/final/baylands_sam3_obb_super_75_15_10/images/test/strip_v3_frame_000097_186952000000.jpg,/home/ruben/halmstad_ws/models/obb/experiments/sam3_hybrid_full/runs/predictions/baylands-leader-v5/baylands_sam3_obb_super_75_15_10_test_all
strip_v4_frame_000003_95200000000,matched,1,1,1,0.460527,0.460527,0.780901,/home/ruben/halmstad_ws/datasets/final/baylands_sam3_obb_super_75_15_10/images/test/strip_v4_frame_000003_95200000000.jpg,/home/ruben/halmstad_ws/models/obb/experiments/sam3_hybrid_full/runs/predictions/baylands-leader-v5/baylands_sam3_obb_super_75_15_10_test_all
strip_v4_frame_000004_99200000000,no_prediction,1,0,0,0.0,0.0,,/home/ruben/halmstad_ws/datasets/final/baylands_sam3_obb_super_75_15_10/images/test/strip_v4_frame_000004_99200000000.jpg,/home/ruben/halmstad_ws/models/obb/experiments/sam3_hybrid_full/runs/predictions/baylands-leader-v5/baylands_sam3_obb_super_75_15_10_test_all
strip_v4_frame_000005_103200000000,matched,1,1,1,0.498118,0.498118,0.441814,/home/ruben/halmstad_ws/datasets/final/baylands_sam3_obb_super_75_15_10/images/test/strip_v4_frame_000005_103200000000.jpg,/home/ruben/halmstad_ws/models/obb/experiments/sam3_hybrid_full/runs/predictions/baylands-leader-v5/baylands_sam3_obb_super_75_15_10_test_all
strip_v4_frame_000007_111200000000,no_prediction,1,0,0,0.0,0.0,,/home/ruben/halmstad_ws/datasets/final/baylands_sam3_obb_super_75_15_10/images/test/strip_v4_frame_000007_111200000000.jpg,/home/ruben/halmstad_ws/models/obb/experiments/sam3_hybrid_full/runs/predictions/baylands-leader-v5/baylands_sam3_obb_super_75_15_10_test_all
strip_v4_frame_000023_175400000000,matched,1,1,1,0.679453,0.679453,0.75966,/home/ruben/halmstad_ws/datasets/final/baylands_sam3_obb_super_75_15_10/images/test/strip_v4_frame_000023_175400000000.jpg,/home/ruben/halmstad_ws/models/obb/experiments/sam3_hybrid_full/runs/predictions/baylands-leader-v5/baylands_sam3_obb_super_75_15_10_test_all
strip_v4_frame_000024_179400000000,correct_empty,0,0,0,0.0,0.0,,/home/ruben/halmstad_ws/datasets/final/baylands_sam3_obb_super_75_15_10/images/test/strip_v4_frame_000024_179400000000.jpg,/home/ruben/halmstad_ws/models/obb/experiments/sam3_hybrid_full/runs/predictions/baylands-leader-v5/baylands_sam3_obb_super_75_15_10_test_all
strip_v4_frame_000025_183400000000,matched,1,1,1,0.302126,0.302126,0.258581,/home/ruben/halmstad_ws/datasets/final/baylands_sam3_obb_super_75_15_10/images/test/strip_v4_frame_000025_183400000000.jpg,/home/ruben/halmstad_ws/models/obb/experiments/sam3_hybrid_full/runs/predictions/baylands-leader-v5/baylands_sam3_obb_super_75_15_10_test_all
strip_v5_frame_000000_110252000000,matched,1,1,1,0.532076,0.532076,0.698512,/home/ruben/halmstad_ws/datasets/final/baylands_sam3_obb_super_75_15_10/images/test/strip_v5_frame_000000_110252000000.jpg,/home/ruben/halmstad_ws/models/obb/experiments/sam3_hybrid_full/runs/predictions/baylands-leader-v5/baylands_sam3_obb_super_75_15_10_test_all
strip_v5_frame_000004_114252000000,matched,1,1,1,0.584483,0.584483,0.651168,/home/ruben/halmstad_ws/datasets/final/baylands_sam3_obb_super_75_15_10/images/test/strip_v5_frame_000004_114252000000.jpg,/home/ruben/halmstad_ws/models/obb/experiments/sam3_hybrid_full/runs/predictions/baylands-leader-v5/baylands_sam3_obb_super_75_15_10_test_all
strip_v5_frame_000007_117252000000,matched,1,1,1,0.647114,0.647114,0.575354,/home/ruben/halmstad_ws/datasets/final/baylands_sam3_obb_super_75_15_10/images/test/strip_v5_frame_000007_117252000000.jpg,/home/ruben/halmstad_ws/models/obb/experiments/sam3_hybrid_full/runs/predictions/baylands-leader-v5/baylands_sam3_obb_super_75_15_10_test_all
strip_v5_frame_000051_171552000000,matched,1,1,1,0.691019,0.691019,0.822907,/home/ruben/halmstad_ws/datasets/final/baylands_sam3_obb_super_75_15_10/images/test/strip_v5_frame_000051_171552000000.jpg,/home/ruben/halmstad_ws/models/obb/experiments/sam3_hybrid_full/runs/predictions/baylands-leader-v5/baylands_sam3_obb_super_75_15_10_test_all
strip_v5_frame_000052_172600000000,matched,1,1,1,0.548235,0.548235,0.829465,/home/ruben/halmstad_ws/datasets/final/baylands_sam3_obb_super_75_15_10/images/test/strip_v5_frame_000052_172600000000.jpg,/home/ruben/halmstad_ws/models/obb/experiments/sam3_hybrid_full/runs/predictions/baylands-leader-v5/baylands_sam3_obb_super_75_15_10_test_all
strip_v5_frame_000053_173600000000,matched,1,1,1,0.660721,0.660721,0.854557,/home/ruben/halmstad_ws/datasets/final/baylands_sam3_obb_super_75_15_10/images/test/strip_v5_frame_000053_173600000000.jpg,/home/ruben/halmstad_ws/models/obb/experiments/sam3_hybrid_full/runs/predictions/baylands-leader-v5/baylands_sam3_obb_super_75_15_10_test_all
strip_v5_frame_000054_174600000000,matched,1,1,1,0.623007,0.623007,0.915075,/home/ruben/halmstad_ws/datasets/final/baylands_sam3_obb_super_75_15_10/images/test/strip_v5_frame_000054_174600000000.jpg,/home/ruben/halmstad_ws/models/obb/experiments/sam3_hybrid_full/runs/predictions/baylands-leader-v5/baylands_sam3_obb_super_75_15_10_test_all
strip_v5_frame_000056_179552000000,matched,1,1,1,0.478884,0.478884,0.629476,/home/ruben/halmstad_ws/datasets/final/baylands_sam3_obb_super_75_15_10/images/test/strip_v5_frame_000056_179552000000.jpg,/home/ruben/halmstad_ws/models/obb/experiments/sam3_hybrid_full/runs/predictions/baylands-leader-v5/baylands_sam3_obb_super_75_15_10_test_all
strip_v5_frame_000057_180552000000,no_prediction,1,0,0,0.0,0.0,,/home/ruben/halmstad_ws/datasets/final/baylands_sam3_obb_super_75_15_10/images/test/strip_v5_frame_000057_180552000000.jpg,/home/ruben/halmstad_ws/models/obb/experiments/sam3_hybrid_full/runs/predictions/baylands-leader-v5/baylands_sam3_obb_super_75_15_10_test_all
strip_v5_frame_000058_181552000000,matched,1,1,1,0.481782,0.481782,0.73799,/home/ruben/halmstad_ws/datasets/final/baylands_sam3_obb_super_75_15_10/images/test/strip_v5_frame_000058_181552000000.jpg,/home/ruben/halmstad_ws/models/obb/experiments/sam3_hybrid_full/runs/predictions/baylands-leader-v5/baylands_sam3_obb_super_75_15_10_test_all
strip_v5_frame_000059_182552000000,matched,1,1,1,0.504932,0.504932,0.904897,/home/ruben/halmstad_ws/datasets/final/baylands_sam3_obb_super_75_15_10/images/test/strip_v5_frame_000059_182552000000.jpg,/home/ruben/halmstad_ws/models/obb/experiments/sam3_hybrid_full/runs/predictions/baylands-leader-v5/baylands_sam3_obb_super_75_15_10_test_all
strip_v5_frame_000060_183552000000,matched,1,1,1,0.505665,0.505665,0.837666,/home/ruben/halmstad_ws/datasets/final/baylands_sam3_obb_super_75_15_10/images/test/strip_v5_frame_000060_183552000000.jpg,/home/ruben/halmstad_ws/models/obb/experiments/sam3_hybrid_full/runs/predictions/baylands-leader-v5/baylands_sam3_obb_super_75_15_10_test_all
strip_v5_frame_000062_185600000000,matched,1,1,1,0.464848,0.464848,0.265271,/home/ruben/halmstad_ws/datasets/final/baylands_sam3_obb_super_75_15_10/images/test/strip_v5_frame_000062_185600000000.jpg,/home/ruben/halmstad_ws/models/obb/experiments/sam3_hybrid_full/runs/predictions/baylands-leader-v5/baylands_sam3_obb_super_75_15_10_test_all
strip_v5_frame_000063_186600000000,matched,1,1,1,0.538524,0.538524,0.555304,/home/ruben/halmstad_ws/datasets/final/baylands_sam3_obb_super_75_15_10/images/test/strip_v5_frame_000063_186600000000.jpg,/home/ruben/halmstad_ws/models/obb/experiments/sam3_hybrid_full/runs/predictions/baylands-leader-v5/baylands_sam3_obb_super_75_15_10_test_all
strip_v7_frame_000019_91652000000,matched,1,1,1,0.477878,0.477878,0.437054,/home/ruben/halmstad_ws/datasets/final/baylands_sam3_obb_super_75_15_10/images/test/strip_v7_frame_000019_91652000000.jpg,/home/ruben/halmstad_ws/models/obb/experiments/sam3_hybrid_full/runs/predictions/baylands-leader-v5/baylands_sam3_obb_super_75_15_10_test_all
strip_v7_frame_000022_94752000000,matched,1,1,1,0.495291,0.495291,0.882423,/home/ruben/halmstad_ws/datasets/final/baylands_sam3_obb_super_75_15_10/images/test/strip_v7_frame_000022_94752000000.jpg,/home/ruben/halmstad_ws/models/obb/experiments/sam3_hybrid_full/runs/predictions/baylands-leader-v5/baylands_sam3_obb_super_75_15_10_test_all
strip_v7_frame_000027_99800000000,no_prediction,1,0,0,0.0,0.0,,/home/ruben/halmstad_ws/datasets/final/baylands_sam3_obb_super_75_15_10/images/test/strip_v7_frame_000027_99800000000.jpg,/home/ruben/halmstad_ws/models/obb/experiments/sam3_hybrid_full/runs/predictions/baylands-leader-v5/baylands_sam3_obb_super_75_15_10_test_all
strip_v7_frame_000028_100800000000,no_prediction,1,0,0,0.0,0.0,,/home/ruben/halmstad_ws/datasets/final/baylands_sam3_obb_super_75_15_10/images/test/strip_v7_frame_000028_100800000000.jpg,/home/ruben/halmstad_ws/models/obb/experiments/sam3_hybrid_full/runs/predictions/baylands-leader-v5/baylands_sam3_obb_super_75_15_10_test_all
strip_v7_frame_000029_101852000000,matched,1,1,1,0.301008,0.301008,0.321939,/home/ruben/halmstad_ws/datasets/final/baylands_sam3_obb_super_75_15_10/images/test/strip_v7_frame_000029_101852000000.jpg,/home/ruben/halmstad_ws/models/obb/experiments/sam3_hybrid_full/runs/predictions/baylands-leader-v5/baylands_sam3_obb_super_75_15_10_test_all
strip_v7_frame_000031_103900000000,no_prediction,1,0,0,0.0,0.0,,/home/ruben/halmstad_ws/datasets/final/baylands_sam3_obb_super_75_15_10/images/test/strip_v7_frame_000031_103900000000.jpg,/home/ruben/halmstad_ws/models/obb/experiments/sam3_hybrid_full/runs/predictions/baylands-leader-v5/baylands_sam3_obb_super_75_15_10_test_all
strip_v7_frame_000032_104900000000,matched,1,1,1,0.527689,0.527689,0.750595,/home/ruben/halmstad_ws/datasets/final/baylands_sam3_obb_super_75_15_10/images/test/strip_v7_frame_000032_104900000000.jpg,/home/ruben/halmstad_ws/models/obb/experiments/sam3_hybrid_full/runs/predictions/baylands-leader-v5/baylands_sam3_obb_super_75_15_10_test_all
strip_v7_frame_000039_112000000000,matched,1,1,1,0.502727,0.502727,0.482821,/home/ruben/halmstad_ws/datasets/final/baylands_sam3_obb_super_75_15_10/images/test/strip_v7_frame_000039_112000000000.jpg,/home/ruben/halmstad_ws/models/obb/experiments/sam3_hybrid_full/runs/predictions/baylands-leader-v5/baylands_sam3_obb_super_75_15_10_test_all
strip_v7_frame_000094_177300000000,correct_empty,0,0,0,0.0,0.0,,/home/ruben/halmstad_ws/datasets/final/baylands_sam3_obb_super_75_15_10/images/test/strip_v7_frame_000094_177300000000.jpg,/home/ruben/halmstad_ws/models/obb/experiments/sam3_hybrid_full/runs/predictions/baylands-leader-v5/baylands_sam3_obb_super_75_15_10_test_all
strip_v7_frame_000099_182352000000,matched,1,1,1,0.788157,0.788157,0.837662,/home/ruben/halmstad_ws/datasets/final/baylands_sam3_obb_super_75_15_10/images/test/strip_v7_frame_000099_182352000000.jpg,/home/ruben/halmstad_ws/models/obb/experiments/sam3_hybrid_full/runs/predictions/baylands-leader-v5/baylands_sam3_obb_super_75_15_10_test_all
