stem,status,gt_count,pred_count,matches,best_iou,mean_iou,max_conf,image,pred_dir
parkinglot_east_v1_frame_000015_113500000000,matched,1,1,1,0.634663,0.634663,0.87423,/home/ruben/halmstad_ws/datasets/final/baylands_super_75_15_10/images/test/parkinglot_east_v1_frame_000015_113500000000.jpg,/home/ruben/halmstad_ws/models/obb/experiments/sam3_hybrid_full/runs/predictions/baylands-leader-v7e-imgsz768-nomosaic/baylands_super_75_15_10_test_all
parkinglot_east_v1_frame_000016_117500000000,correct_empty,0,0,0,0.0,0.0,,/home/ruben/halmstad_ws/datasets/final/baylands_super_75_15_10/images/test/parkinglot_east_v1_frame_000016_117500000000.jpg,/home/ruben/halmstad_ws/models/obb/experiments/sam3_hybrid_full/runs/predictions/baylands-leader-v7e-imgsz768-nomosaic/baylands_super_75_15_10_test_all
parkinglot_east_v2_frame_000000_168400000000,matched,1,1,1,0.73254,0.73254,0.925797,/home/ruben/halmstad_ws/datasets/final/baylands_super_75_15_10/images/test/parkinglot_east_v2_frame_000000_168400000000.jpg,/home/ruben/halmstad_ws/models/obb/experiments/sam3_hybrid_full/runs/predictions/baylands-leader-v7e-imgsz768-nomosaic/baylands_super_75_15_10_test_all
parkinglot_east_v2_frame_000001_169400000000,matched,1,1,1,0.742489,0.742489,0.918804,/home/ruben/halmstad_ws/datasets/final/baylands_super_75_15_10/images/test/parkinglot_east_v2_frame_000001_169400000000.jpg,/home/ruben/halmstad_ws/models/obb/experiments/sam3_hybrid_full/runs/predictions/baylands-leader-v7e-imgsz768-nomosaic/baylands_super_75_15_10_test_all
parkinglot_east_v2_frame_000002_170500000000,matched,1,1,1,0.907925,0.907925,0.926327,/home/ruben/halmstad_ws/datasets/final/baylands_super_75_15_10/images/test/parkinglot_east_v2_frame_000002_170500000000.jpg,/home/ruben/halmstad_ws/models/obb/experiments/sam3_hybrid_full/runs/predictions/baylands-leader-v7e-imgsz768-nomosaic/baylands_super_75_15_10_test_all
parkinglot_east_v2_frame_000005_173500000000,matched,1,1,1,0.947498,0.947498,0.92697,/home/ruben/halmstad_ws/datasets/final/baylands_super_75_15_10/images/test/parkinglot_east_v2_frame_000005_173500000000.jpg,/home/ruben/halmstad_ws/models/obb/experiments/sam3_hybrid_full/runs/predictions/baylands-leader-v7e-imgsz768-nomosaic/baylands_super_75_15_10_test_all
parkinglot_east_v2_frame_000007_175500000000,matched,1,1,1,0.756719,0.756719,0.926164,/home/ruben/halmstad_ws/datasets/final/baylands_super_75_15_10/images/test/parkinglot_east_v2_frame_000007_175500000000.jpg,/home/ruben/halmstad_ws/models/obb/experiments/sam3_hybrid_full/runs/predictions/baylands-leader-v7e-imgsz768-nomosaic/baylands_super_75_15_10_test_all
parkinglot_east_v2_frame_000009_177500000000,matched,1,1,1,0.802377,0.802377,0.86453,/home/ruben/halmstad_ws/datasets/final/baylands_super_75_15_10/images/test/parkinglot_east_v2_frame_000009_177500000000.jpg,/home/ruben/halmstad_ws/models/obb/experiments/sam3_hybrid_full/runs/predictions/baylands-leader-v7e-imgsz768-nomosaic/baylands_super_75_15_10_test_all
parkinglot_east_v2_frame_000010_178500000000,matched,1,1,1,0.526478,0.526478,0.912917,/home/ruben/halmstad_ws/datasets/final/baylands_super_75_15_10/images/test/parkinglot_east_v2_frame_000010_178500000000.jpg,/home/ruben/halmstad_ws/models/obb/experiments/sam3_hybrid_full/runs/predictions/baylands-leader-v7e-imgsz768-nomosaic/baylands_super_75_15_10_test_all
parkinglot_east_v3_frame_000269_512600000000,matched,1,1,1,0.760012,0.760012,0.891673,/home/ruben/halmstad_ws/datasets/final/baylands_super_75_15_10/images/test/parkinglot_east_v3_frame_000269_512600000000.jpg,/home/ruben/halmstad_ws/models/obb/experiments/sam3_hybrid_full/runs/predictions/baylands-leader-v7e-imgsz768-nomosaic/baylands_super_75_15_10_test_all
parkinglot_east_v3_frame_000270_513600000000,matched,1,1,1,0.775053,0.775053,0.889974,/home/ruben/halmstad_ws/datasets/final/baylands_super_75_15_10/images/test/parkinglot_east_v3_frame_000270_513600000000.jpg,/home/ruben/halmstad_ws/models/obb/experiments/sam3_hybrid_full/runs/predictions/baylands-leader-v7e-imgsz768-nomosaic/baylands_super_75_15_10_test_all
parkinglot_east_v3_frame_000272_515700000000,matched,1,1,1,0.793089,0.793089,0.90493,/home/ruben/halmstad_ws/datasets/final/baylands_super_75_15_10/images/test/parkinglot_east_v3_frame_000272_515700000000.jpg,/home/ruben/halmstad_ws/models/obb/experiments/sam3_hybrid_full/runs/predictions/baylands-leader-v7e-imgsz768-nomosaic/baylands_super_75_15_10_test_all
parkinglot_east_v3_frame_000273_516700000000,matched,1,1,1,0.685136,0.685136,0.903787,/home/ruben/halmstad_ws/datasets/final/baylands_super_75_15_10/images/test/parkinglot_east_v3_frame_000273_516700000000.jpg,/home/ruben/halmstad_ws/models/obb/experiments/sam3_hybrid_full/runs/predictions/baylands-leader-v7e-imgsz768-nomosaic/baylands_super_75_15_10_test_all
parkinglot_east_v3_frame_000274_517700000000,matched,1,1,1,0.746405,0.746405,0.920243,/home/ruben/halmstad_ws/datasets/final/baylands_super_75_15_10/images/test/parkinglot_east_v3_frame_000274_517700000000.jpg,/home/ruben/halmstad_ws/models/obb/experiments/sam3_hybrid_full/runs/predictions/baylands-leader-v7e-imgsz768-nomosaic/baylands_super_75_15_10_test_all
parkinglot_east_v3_frame_000275_518700000000,matched,1,1,1,0.728182,0.728182,0.925907,/home/ruben/halmstad_ws/datasets/final/baylands_super_75_15_10/images/test/parkinglot_east_v3_frame_000275_518700000000.jpg,/home/ruben/halmstad_ws/models/obb/experiments/sam3_hybrid_full/runs/predictions/baylands-leader-v7e-imgsz768-nomosaic/baylands_super_75_15_10_test_all
parkinglot_east_v3_frame_000276_519700000000,matched,1,1,1,0.839513,0.839513,0.945242,/home/ruben/halmstad_ws/datasets/final/baylands_super_75_15_10/images/test/parkinglot_east_v3_frame_000276_519700000000.jpg,/home/ruben/halmstad_ws/models/obb/experiments/sam3_hybrid_full/runs/predictions/baylands-leader-v7e-imgsz768-nomosaic/baylands_super_75_15_10_test_all
parkinglot_east_v3_frame_000277_520700000000,matched,1,1,1,0.714939,0.714939,0.881895,/home/ruben/halmstad_ws/datasets/final/baylands_super_75_15_10/images/test/parkinglot_east_v3_frame_000277_520700000000.jpg,/home/ruben/halmstad_ws/models/obb/experiments/sam3_hybrid_full/runs/predictions/baylands-leader-v7e-imgsz768-nomosaic/baylands_super_75_15_10_test_all
parkinglot_east_v3_frame_000278_521700000000,matched,1,1,1,0.833828,0.833828,0.930493,/home/ruben/halmstad_ws/datasets/final/baylands_super_75_15_10/images/test/parkinglot_east_v3_frame_000278_521700000000.jpg,/home/ruben/halmstad_ws/models/obb/experiments/sam3_hybrid_full/runs/predictions/baylands-leader-v7e-imgsz768-nomosaic/baylands_super_75_15_10_test_all
parkinglot_east_v3_frame_000279_522700000000,matched,1,1,1,0.855691,0.855691,0.945771,/home/ruben/halmstad_ws/datasets/final/baylands_super_75_15_10/images/test/parkinglot_east_v3_frame_000279_522700000000.jpg,/home/ruben/halmstad_ws/models/obb/experiments/sam3_hybrid_full/runs/predictions/baylands-leader-v7e-imgsz768-nomosaic/baylands_super_75_15_10_test_all
parkinglot_east_v3_frame_000280_523800000000,matched,1,1,1,0.907692,0.907692,0.93992,/home/ruben/halmstad_ws/datasets/final/baylands_super_75_15_10/images/test/parkinglot_east_v3_frame_000280_523800000000.jpg,/home/ruben/halmstad_ws/models/obb/experiments/sam3_hybrid_full/runs/predictions/baylands-leader-v7e-imgsz768-nomosaic/baylands_super_75_15_10_test_all
parkinglot_east_v3_frame_000281_524800000000,matched,1,1,1,0.925606,0.925606,0.956549,/home/ruben/halmstad_ws/datasets/final/baylands_super_75_15_10/images/test/parkinglot_east_v3_frame_000281_524800000000.jpg,/home/ruben/halmstad_ws/models/obb/experiments/sam3_hybrid_full/runs/predictions/baylands-leader-v7e-imgsz768-nomosaic/baylands_super_75_15_10_test_all
parkinglot_east_v3_frame_000282_525800000000,matched,1,1,1,0.834194,0.834194,0.932141,/home/ruben/halmstad_ws/datasets/final/baylands_super_75_15_10/images/test/parkinglot_east_v3_frame_000282_525800000000.jpg,/home/ruben/halmstad_ws/models/obb/experiments/sam3_hybrid_full/runs/predictions/baylands-leader-v7e-imgsz768-nomosaic/baylands_super_75_15_10_test_all
parkinglot_east_v3_frame_000283_526800000000,matched,1,1,1,0.87222,0.87222,0.928317,/home/ruben/halmstad_ws/datasets/final/baylands_super_75_15_10/images/test/parkinglot_east_v3_frame_000283_526800000000.jpg,/home/ruben/halmstad_ws/models/obb/experiments/sam3_hybrid_full/runs/predictions/baylands-leader-v7e-imgsz768-nomosaic/baylands_super_75_15_10_test_all
parkinglot_east_v3_frame_000284_527800000000,matched,1,1,1,0.911538,0.911538,0.927628,/home/ruben/halmstad_ws/datasets/final/baylands_super_75_15_10/images/test/parkinglot_east_v3_frame_000284_527800000000.jpg,/home/ruben/halmstad_ws/models/obb/experiments/sam3_hybrid_full/runs/predictions/baylands-leader-v7e-imgsz768-nomosaic/baylands_super_75_15_10_test_all
parkinglot_east_v3_frame_000285_528800000000,matched,1,1,1,0.932514,0.932514,0.901005,/home/ruben/halmstad_ws/datasets/final/baylands_super_75_15_10/images/test/parkinglot_east_v3_frame_000285_528800000000.jpg,/home/ruben/halmstad_ws/models/obb/experiments/sam3_hybrid_full/runs/predictions/baylands-leader-v7e-imgsz768-nomosaic/baylands_super_75_15_10_test_all
parkinglot_east_v3_frame_000286_529800000000,matched,1,1,1,0.836283,0.836283,0.897213,/home/ruben/halmstad_ws/datasets/final/baylands_super_75_15_10/images/test/parkinglot_east_v3_frame_000286_529800000000.jpg,/home/ruben/halmstad_ws/models/obb/experiments/sam3_hybrid_full/runs/predictions/baylands-leader-v7e-imgsz768-nomosaic/baylands_super_75_15_10_test_all
parkinglot_east_v3_frame_000287_530800000000,matched,1,1,1,0.808792,0.808792,0.901878,/home/ruben/halmstad_ws/datasets/final/baylands_super_75_15_10/images/test/parkinglot_east_v3_frame_000287_530800000000.jpg,/home/ruben/halmstad_ws/models/obb/experiments/sam3_hybrid_full/runs/predictions/baylands-leader-v7e-imgsz768-nomosaic/baylands_super_75_15_10_test_all
parkinglot_east_v3_frame_000288_531800000000,matched,1,1,1,0.760706,0.760706,0.869531,/home/ruben/halmstad_ws/datasets/final/baylands_super_75_15_10/images/test/parkinglot_east_v3_frame_000288_531800000000.jpg,/home/ruben/halmstad_ws/models/obb/experiments/sam3_hybrid_full/runs/predictions/baylands-leader-v7e-imgsz768-nomosaic/baylands_super_75_15_10_test_all
parkinglot_east_v3_frame_000289_532800000000,multi_prediction,1,2,1,0.759762,0.759762,0.868139,/home/ruben/halmstad_ws/datasets/final/baylands_super_75_15_10/images/test/parkinglot_east_v3_frame_000289_532800000000.jpg,/home/ruben/halmstad_ws/models/obb/experiments/sam3_hybrid_full/runs/predictions/baylands-leader-v7e-imgsz768-nomosaic/baylands_super_75_15_10_test_all
parkinglot_east_v3_frame_000290_533900000000,matched,1,1,1,0.792667,0.792667,0.856824,/home/ruben/halmstad_ws/datasets/final/baylands_super_75_15_10/images/test/parkinglot_east_v3_frame_000290_533900000000.jpg,/home/ruben/halmstad_ws/models/obb/experiments/sam3_hybrid_full/runs/predictions/baylands-leader-v7e-imgsz768-nomosaic/baylands_super_75_15_10_test_all
parkinglot_east_v3_frame_000291_534900000000,matched,1,1,1,0.745163,0.745163,0.891801,/home/ruben/halmstad_ws/datasets/final/baylands_super_75_15_10/images/test/parkinglot_east_v3_frame_000291_534900000000.jpg,/home/ruben/halmstad_ws/models/obb/experiments/sam3_hybrid_full/runs/predictions/baylands-leader-v7e-imgsz768-nomosaic/baylands_super_75_15_10_test_all
parkinglot_east_v3_frame_000293_536900000000,matched,1,1,1,0.956458,0.956458,0.918243,/home/ruben/halmstad_ws/datasets/final/baylands_super_75_15_10/images/test/parkinglot_east_v3_frame_000293_536900000000.jpg,/home/ruben/halmstad_ws/models/obb/experiments/sam3_hybrid_full/runs/predictions/baylands-leader-v7e-imgsz768-nomosaic/baylands_super_75_15_10_test_all
parkinglot_east_v3_frame_000294_537900000000,matched,1,1,1,1.0,1.0,0.928102,/home/ruben/halmstad_ws/datasets/final/baylands_super_75_15_10/images/test/parkinglot_east_v3_frame_000294_537900000000.jpg,/home/ruben/halmstad_ws/models/obb/experiments/sam3_hybrid_full/runs/predictions/baylands-leader-v7e-imgsz768-nomosaic/baylands_super_75_15_10_test_all
parkinglot_east_v3_frame_000295_538900000000,matched,1,1,1,0.943952,0.943952,0.944738,/home/ruben/halmstad_ws/datasets/final/baylands_super_75_15_10/images/test/parkinglot_east_v3_frame_000295_538900000000.jpg,/home/ruben/halmstad_ws/models/obb/experiments/sam3_hybrid_full/runs/predictions/baylands-leader-v7e-imgsz768-nomosaic/baylands_super_75_15_10_test_all
parkinglot_east_v4_frame_000010_113700000000,correct_empty,0,0,0,0.0,0.0,,/home/ruben/halmstad_ws/datasets/final/baylands_super_75_15_10/images/test/parkinglot_east_v4_frame_000010_113700000000.jpg,/home/ruben/halmstad_ws/models/obb/experiments/sam3_hybrid_full/runs/predictions/baylands-leader-v7e-imgsz768-nomosaic/baylands_super_75_15_10_test_all
parkinglot_east_v4_frame_000012_121700000000,matched,1,1,1,0.722312,0.722312,0.922283,/home/ruben/halmstad_ws/datasets/final/baylands_super_75_15_10/images/test/parkinglot_east_v4_frame_000012_121700000000.jpg,/home/ruben/halmstad_ws/models/obb/experiments/sam3_hybrid_full/runs/predictions/baylands-leader-v7e-imgsz768-nomosaic/baylands_super_75_15_10_test_all
parkinglot_east_v4_frame_000013_125700000000,matched,1,1,1,0.827485,0.827485,0.9312,/home/ruben/halmstad_ws/datasets/final/baylands_super_75_15_10/images/test/parkinglot_east_v4_frame_000013_125700000000.jpg,/home/ruben/halmstad_ws/models/obb/experiments/sam3_hybrid_full/runs/predictions/baylands-leader-v7e-imgsz768-nomosaic/baylands_super_75_15_10_test_all
parkinglot_east_v4_frame_000014_129700000000,correct_empty,0,0,0,0.0,0.0,,/home/ruben/halmstad_ws/datasets/final/baylands_super_75_15_10/images/test/parkinglot_east_v4_frame_000014_129700000000.jpg,/home/ruben/halmstad_ws/models/obb/experiments/sam3_hybrid_full/runs/predictions/baylands-leader-v7e-imgsz768-nomosaic/baylands_super_75_15_10_test_all
parkinglot_east_v4_frame_000015_133700000000,matched,1,1,1,0.904998,0.904998,0.910441,/home/ruben/halmstad_ws/datasets/final/baylands_super_75_15_10/images/test/parkinglot_east_v4_frame_000015_133700000000.jpg,/home/ruben/halmstad_ws/models/obb/experiments/sam3_hybrid_full/runs/predictions/baylands-leader-v7e-imgsz768-nomosaic/baylands_super_75_15_10_test_all
parkinglot_east_v4_frame_000016_137700000000,matched,1,1,1,0.919062,0.919062,0.936259,/home/ruben/halmstad_ws/datasets/final/baylands_super_75_15_10/images/test/parkinglot_east_v4_frame_000016_137700000000.jpg,/home/ruben/halmstad_ws/models/obb/experiments/sam3_hybrid_full/runs/predictions/baylands-leader-v7e-imgsz768-nomosaic/baylands_super_75_15_10_test_all
parkinglot_east_v4_frame_000017_141800000000,matched,1,1,1,0.891391,0.891391,0.918424,/home/ruben/halmstad_ws/datasets/final/baylands_super_75_15_10/images/test/parkinglot_east_v4_frame_000017_141800000000.jpg,/home/ruben/halmstad_ws/models/obb/experiments/sam3_hybrid_full/runs/predictions/baylands-leader-v7e-imgsz768-nomosaic/baylands_super_75_15_10_test_all
parkinglot_east_v4_frame_000018_145800000000,matched,1,1,1,0.879915,0.879915,0.932553,/home/ruben/halmstad_ws/datasets/final/baylands_super_75_15_10/images/test/parkinglot_east_v4_frame_000018_145800000000.jpg,/home/ruben/halmstad_ws/models/obb/experiments/sam3_hybrid_full/runs/predictions/baylands-leader-v7e-imgsz768-nomosaic/baylands_super_75_15_10_test_all
parkinglot_east_v4_frame_000019_149800000000,correct_empty,0,0,0,0.0,0.0,,/home/ruben/halmstad_ws/datasets/final/baylands_super_75_15_10/images/test/parkinglot_east_v4_frame_000019_149800000000.jpg,/home/ruben/halmstad_ws/models/obb/experiments/sam3_hybrid_full/runs/predictions/baylands-leader-v7e-imgsz768-nomosaic/baylands_super_75_15_10_test_all
parkinglot_east_v4_frame_000020_153800000000,correct_empty,0,0,0,0.0,0.0,,/home/ruben/halmstad_ws/datasets/final/baylands_super_75_15_10/images/test/parkinglot_east_v4_frame_000020_153800000000.jpg,/home/ruben/halmstad_ws/models/obb/experiments/sam3_hybrid_full/runs/predictions/baylands-leader-v7e-imgsz768-nomosaic/baylands_super_75_15_10_test_all
parkinglot_east_v4_frame_000021_157800000000,matched,1,1,1,0.846229,0.846229,0.942399,/home/ruben/halmstad_ws/datasets/final/baylands_super_75_15_10/images/test/parkinglot_east_v4_frame_000021_157800000000.jpg,/home/ruben/halmstad_ws/models/obb/experiments/sam3_hybrid_full/runs/predictions/baylands-leader-v7e-imgsz768-nomosaic/baylands_super_75_15_10_test_all
parkinglot_east_v4_frame_000022_161800000000,matched,1,1,1,0.960008,0.960008,0.913301,/home/ruben/halmstad_ws/datasets/final/baylands_super_75_15_10/images/test/parkinglot_east_v4_frame_000022_161800000000.jpg,/home/ruben/halmstad_ws/models/obb/experiments/sam3_hybrid_full/runs/predictions/baylands-leader-v7e-imgsz768-nomosaic/baylands_super_75_15_10_test_all
parkinglot_east_v4_frame_000023_165800000000,matched,1,1,1,0.869289,0.869289,0.93436,/home/ruben/halmstad_ws/datasets/final/baylands_super_75_15_10/images/test/parkinglot_east_v4_frame_000023_165800000000.jpg,/home/ruben/halmstad_ws/models/obb/experiments/sam3_hybrid_full/runs/predictions/baylands-leader-v7e-imgsz768-nomosaic/baylands_super_75_15_10_test_all
parkinglot_east_v4_frame_000024_169800000000,multi_prediction,1,2,1,0.918428,0.918428,0.673334,/home/ruben/halmstad_ws/datasets/final/baylands_super_75_15_10/images/test/parkinglot_east_v4_frame_000024_169800000000.jpg,/home/ruben/halmstad_ws/models/obb/experiments/sam3_hybrid_full/runs/predictions/baylands-leader-v7e-imgsz768-nomosaic/baylands_super_75_15_10_test_all
parkinglot_east_v4_frame_000025_173800000000,multi_prediction,1,2,1,0.865333,0.865333,0.882117,/home/ruben/halmstad_ws/datasets/final/baylands_super_75_15_10/images/test/parkinglot_east_v4_frame_000025_173800000000.jpg,/home/ruben/halmstad_ws/models/obb/experiments/sam3_hybrid_full/runs/predictions/baylands-leader-v7e-imgsz768-nomosaic/baylands_super_75_15_10_test_all
parkinglot_east_v4_frame_000026_177900000000,matched,1,1,1,0.636998,0.636998,0.92413,/home/ruben/halmstad_ws/datasets/final/baylands_super_75_15_10/images/test/parkinglot_east_v4_frame_000026_177900000000.jpg,/home/ruben/halmstad_ws/models/obb/experiments/sam3_hybrid_full/runs/predictions/baylands-leader-v7e-imgsz768-nomosaic/baylands_super_75_15_10_test_all
parkinglot_west_v1_frame_000144_224400000000,matched,1,1,1,0.820511,0.820511,0.885393,/home/ruben/halmstad_ws/datasets/final/baylands_super_75_15_10/images/test/parkinglot_west_v1_frame_000144_224400000000.jpg,/home/ruben/halmstad_ws/models/obb/experiments/sam3_hybrid_full/runs/predictions/baylands-leader-v7e-imgsz768-nomosaic/baylands_super_75_15_10_test_all
parkinglot_west_v1_frame_000145_225400000000,matched,1,1,1,0.74329,0.74329,0.871565,/home/ruben/halmstad_ws/datasets/final/baylands_super_75_15_10/images/test/parkinglot_west_v1_frame_000145_225400000000.jpg,/home/ruben/halmstad_ws/models/obb/experiments/sam3_hybrid_full/runs/predictions/baylands-leader-v7e-imgsz768-nomosaic/baylands_super_75_15_10_test_all
parkinglot_west_v1_frame_000149_229452000000,matched,1,1,1,0.758057,0.758057,0.904443,/home/ruben/halmstad_ws/datasets/final/baylands_super_75_15_10/images/test/parkinglot_west_v1_frame_000149_229452000000.jpg,/home/ruben/halmstad_ws/models/obb/experiments/sam3_hybrid_full/runs/predictions/baylands-leader-v7e-imgsz768-nomosaic/baylands_super_75_15_10_test_all
parkinglot_west_v1_frame_000150_230500000000,multi_prediction,1,2,1,0.599452,0.599452,0.876627,/home/ruben/halmstad_ws/datasets/final/baylands_super_75_15_10/images/test/parkinglot_west_v1_frame_000150_230500000000.jpg,/home/ruben/halmstad_ws/models/obb/experiments/sam3_hybrid_full/runs/predictions/baylands-leader-v7e-imgsz768-nomosaic/baylands_super_75_15_10_test_all
parkinglot_west_v1_frame_000159_239552000000,matched,1,1,1,0.872365,0.872365,0.92715,/home/ruben/halmstad_ws/datasets/final/baylands_super_75_15_10/images/test/parkinglot_west_v1_frame_000159_239552000000.jpg,/home/ruben/halmstad_ws/models/obb/experiments/sam3_hybrid_full/runs/predictions/baylands-leader-v7e-imgsz768-nomosaic/baylands_super_75_15_10_test_all
parkinglot_west_v1_frame_000160_240552000000,matched,1,1,1,0.921741,0.921741,0.923722,/home/ruben/halmstad_ws/datasets/final/baylands_super_75_15_10/images/test/parkinglot_west_v1_frame_000160_240552000000.jpg,/home/ruben/halmstad_ws/models/obb/experiments/sam3_hybrid_full/runs/predictions/baylands-leader-v7e-imgsz768-nomosaic/baylands_super_75_15_10_test_all
parkinglot_west_v1_frame_000161_241552000000,matched,1,1,1,0.953178,0.953178,0.933225,/home/ruben/halmstad_ws/datasets/final/baylands_super_75_15_10/images/test/parkinglot_west_v1_frame_000161_241552000000.jpg,/home/ruben/halmstad_ws/models/obb/experiments/sam3_hybrid_full/runs/predictions/baylands-leader-v7e-imgsz768-nomosaic/baylands_super_75_15_10_test_all
parkinglot_west_v1_frame_000209_292500000000,matched,1,1,1,0.826619,0.826619,0.909951,/home/ruben/halmstad_ws/datasets/final/baylands_super_75_15_10/images/test/parkinglot_west_v1_frame_000209_292500000000.jpg,/home/ruben/halmstad_ws/models/obb/experiments/sam3_hybrid_full/runs/predictions/baylands-leader-v7e-imgsz768-nomosaic/baylands_super_75_15_10_test_all
parkinglot_west_v1_frame_000210_293500000000,matched,1,1,1,0.903255,0.903255,0.908667,/home/ruben/halmstad_ws/datasets/final/baylands_super_75_15_10/images/test/parkinglot_west_v1_frame_000210_293500000000.jpg,/home/ruben/halmstad_ws/models/obb/experiments/sam3_hybrid_full/runs/predictions/baylands-leader-v7e-imgsz768-nomosaic/baylands_super_75_15_10_test_all
parkinglot_west_v1_frame_000212_295552000000,matched,1,1,1,0.957604,0.957604,0.917455,/home/ruben/halmstad_ws/datasets/final/baylands_super_75_15_10/images/test/parkinglot_west_v1_frame_000212_295552000000.jpg,/home/ruben/halmstad_ws/models/obb/experiments/sam3_hybrid_full/runs/predictions/baylands-leader-v7e-imgsz768-nomosaic/baylands_super_75_15_10_test_all
parkinglot_west_v1_frame_000214_297600000000,matched,1,1,1,0.64113,0.64113,0.920632,/home/ruben/halmstad_ws/datasets/final/baylands_super_75_15_10/images/test/parkinglot_west_v1_frame_000214_297600000000.jpg,/home/ruben/halmstad_ws/models/obb/experiments/sam3_hybrid_full/runs/predictions/baylands-leader-v7e-imgsz768-nomosaic/baylands_super_75_15_10_test_all
parkinglot_west_v1_frame_000215_298600000000,matched,1,1,1,0.914498,0.914498,0.935278,/home/ruben/halmstad_ws/datasets/final/baylands_super_75_15_10/images/test/parkinglot_west_v1_frame_000215_298600000000.jpg,/home/ruben/halmstad_ws/models/obb/experiments/sam3_hybrid_full/runs/predictions/baylands-leader-v7e-imgsz768-nomosaic/baylands_super_75_15_10_test_all
parkinglot_west_v1_frame_000217_300600000000,matched,1,1,1,1.0,1.0,0.929548,/home/ruben/halmstad_ws/datasets/final/baylands_super_75_15_10/images/test/parkinglot_west_v1_frame_000217_300600000000.jpg,/home/ruben/halmstad_ws/models/obb/experiments/sam3_hybrid_full/runs/predictions/baylands-leader-v7e-imgsz768-nomosaic/baylands_super_75_15_10_test_all
parkinglot_west_v1_frame_000219_302652000000,matched,1,1,1,0.749817,0.749817,0.932741,/home/ruben/halmstad_ws/datasets/final/baylands_super_75_15_10/images/test/parkinglot_west_v1_frame_000219_302652000000.jpg,/home/ruben/halmstad_ws/models/obb/experiments/sam3_hybrid_full/runs/predictions/baylands-leader-v7e-imgsz768-nomosaic/baylands_super_75_15_10_test_all
parkinglot_west_v1_frame_000220_303652000000,matched,1,1,1,0.856021,0.856021,0.910517,/home/ruben/halmstad_ws/datasets/final/baylands_super_75_15_10/images/test/parkinglot_west_v1_frame_000220_303652000000.jpg,/home/ruben/halmstad_ws/models/obb/experiments/sam3_hybrid_full/runs/predictions/baylands-leader-v7e-imgsz768-nomosaic/baylands_super_75_15_10_test_all
parkinglot_west_v1_frame_000221_304652000000,matched,1,1,1,1.0,1.0,0.909337,/home/ruben/halmstad_ws/datasets/final/baylands_super_75_15_10/images/test/parkinglot_west_v1_frame_000221_304652000000.jpg,/home/ruben/halmstad_ws/models/obb/experiments/sam3_hybrid_full/runs/predictions/baylands-leader-v7e-imgsz768-nomosaic/baylands_super_75_15_10_test_all
parkinglot_west_v1_frame_000225_308700000000,matched,1,1,1,0.913235,0.913235,0.902767,/home/ruben/halmstad_ws/datasets/final/baylands_super_75_15_10/images/test/parkinglot_west_v1_frame_000225_308700000000.jpg,/home/ruben/halmstad_ws/models/obb/experiments/sam3_hybrid_full/runs/predictions/baylands-leader-v7e-imgsz768-nomosaic/baylands_super_75_15_10_test_all
parkinglot_west_v1_frame_000226_309752000000,matched,1,1,1,0.864342,0.864342,0.880777,/home/ruben/halmstad_ws/datasets/final/baylands_super_75_15_10/images/test/parkinglot_west_v1_frame_000226_309752000000.jpg,/home/ruben/halmstad_ws/models/obb/experiments/sam3_hybrid_full/runs/predictions/baylands-leader-v7e-imgsz768-nomosaic/baylands_super_75_15_10_test_all
parkinglot_west_v2_frame_000139_228252000000,matched,1,1,1,0.868965,0.868965,0.906736,/home/ruben/halmstad_ws/datasets/final/baylands_super_75_15_10/images/test/parkinglot_west_v2_frame_000139_228252000000.jpg,/home/ruben/halmstad_ws/models/obb/experiments/sam3_hybrid_full/runs/predictions/baylands-leader-v7e-imgsz768-nomosaic/baylands_super_75_15_10_test_all
parkinglot_west_v2_frame_000153_242352000000,matched,1,1,1,0.867392,0.867392,0.8576,/home/ruben/halmstad_ws/datasets/final/baylands_super_75_15_10/images/test/parkinglot_west_v2_frame_000153_242352000000.jpg,/home/ruben/halmstad_ws/models/obb/experiments/sam3_hybrid_full/runs/predictions/baylands-leader-v7e-imgsz768-nomosaic/baylands_super_75_15_10_test_all
parkinglot_west_v2_frame_000154_243352000000,matched,1,1,1,0.854826,0.854826,0.899527,/home/ruben/halmstad_ws/datasets/final/baylands_super_75_15_10/images/test/parkinglot_west_v2_frame_000154_243352000000.jpg,/home/ruben/halmstad_ws/models/obb/experiments/sam3_hybrid_full/runs/predictions/baylands-leader-v7e-imgsz768-nomosaic/baylands_super_75_15_10_test_all
parkinglot_west_v2_frame_000155_244352000000,matched,1,1,1,0.647126,0.647126,0.914866,/home/ruben/halmstad_ws/datasets/final/baylands_super_75_15_10/images/test/parkinglot_west_v2_frame_000155_244352000000.jpg,/home/ruben/halmstad_ws/models/obb/experiments/sam3_hybrid_full/runs/predictions/baylands-leader-v7e-imgsz768-nomosaic/baylands_super_75_15_10_test_all
parkinglot_west_v3_frame_000138_229700000000,matched,1,1,1,0.739845,0.739845,0.896558,/home/ruben/halmstad_ws/datasets/final/baylands_super_75_15_10/images/test/parkinglot_west_v3_frame_000138_229700000000.jpg,/home/ruben/halmstad_ws/models/obb/experiments/sam3_hybrid_full/runs/predictions/baylands-leader-v7e-imgsz768-nomosaic/baylands_super_75_15_10_test_all
parkinglot_west_v3_frame_000139_230700000000,matched,1,1,1,0.744356,0.744356,0.917466,/home/ruben/halmstad_ws/datasets/final/baylands_super_75_15_10/images/test/parkinglot_west_v3_frame_000139_230700000000.jpg,/home/ruben/halmstad_ws/models/obb/experiments/sam3_hybrid_full/runs/predictions/baylands-leader-v7e-imgsz768-nomosaic/baylands_super_75_15_10_test_all
parkinglot_west_v3_frame_000140_231752000000,matched,1,1,1,0.533479,0.533479,0.917828,/home/ruben/halmstad_ws/datasets/final/baylands_super_75_15_10/images/test/parkinglot_west_v3_frame_000140_231752000000.jpg,/home/ruben/halmstad_ws/models/obb/experiments/sam3_hybrid_full/runs/predictions/baylands-leader-v7e-imgsz768-nomosaic/baylands_super_75_15_10_test_all
parkinglot_west_v3_frame_000143_234800000000,matched,1,1,1,0.807821,0.807821,0.916376,/home/ruben/halmstad_ws/datasets/final/baylands_super_75_15_10/images/test/parkinglot_west_v3_frame_000143_234800000000.jpg,/home/ruben/halmstad_ws/models/obb/experiments/sam3_hybrid_full/runs/predictions/baylands-leader-v7e-imgsz768-nomosaic/baylands_super_75_15_10_test_all
parkinglot_west_v3_frame_000145_236800000000,matched,1,1,1,0.906825,0.906825,0.923661,/home/ruben/halmstad_ws/datasets/final/baylands_super_75_15_10/images/test/parkinglot_west_v3_frame_000145_236800000000.jpg,/home/ruben/halmstad_ws/models/obb/experiments/sam3_hybrid_full/runs/predictions/baylands-leader-v7e-imgsz768-nomosaic/baylands_super_75_15_10_test_all
parkinglot_west_v3_frame_000146_237800000000,matched,1,1,1,0.887854,0.887854,0.914749,/home/ruben/halmstad_ws/datasets/final/baylands_super_75_15_10/images/test/parkinglot_west_v3_frame_000146_237800000000.jpg,/home/ruben/halmstad_ws/models/obb/experiments/sam3_hybrid_full/runs/predictions/baylands-leader-v7e-imgsz768-nomosaic/baylands_super_75_15_10_test_all
parkinglot_west_v3_frame_000147_238800000000,matched,1,1,1,0.901069,0.901069,0.91265,/home/ruben/halmstad_ws/datasets/final/baylands_super_75_15_10/images/test/parkinglot_west_v3_frame_000147_238800000000.jpg,/home/ruben/halmstad_ws/models/obb/experiments/sam3_hybrid_full/runs/predictions/baylands-leader-v7e-imgsz768-nomosaic/baylands_super_75_15_10_test_all
parkinglot_west_v3_frame_000149_240800000000,matched,1,1,1,0.792901,0.792901,0.926303,/home/ruben/halmstad_ws/datasets/final/baylands_super_75_15_10/images/test/parkinglot_west_v3_frame_000149_240800000000.jpg,/home/ruben/halmstad_ws/models/obb/experiments/sam3_hybrid_full/runs/predictions/baylands-leader-v7e-imgsz768-nomosaic/baylands_super_75_15_10_test_all
parkinglot_west_v3_frame_000150_241852000000,matched,1,1,1,0.895729,0.895729,0.904876,/home/ruben/halmstad_ws/datasets/final/baylands_super_75_15_10/images/test/parkinglot_west_v3_frame_000150_241852000000.jpg,/home/ruben/halmstad_ws/models/obb/experiments/sam3_hybrid_full/runs/predictions/baylands-leader-v7e-imgsz768-nomosaic/baylands_super_75_15_10_test_all
parkinglot_west_v3_frame_000152_243852000000,matched,1,1,1,0.737074,0.737074,0.294074,/home/ruben/halmstad_ws/datasets/final/baylands_super_75_15_10/images/test/parkinglot_west_v3_frame_000152_243852000000.jpg,/home/ruben/halmstad_ws/models/obb/experiments/sam3_hybrid_full/runs/predictions/baylands-leader-v7e-imgsz768-nomosaic/baylands_super_75_15_10_test_all
parkinglot_west_v3_frame_000198_290200000000,matched,1,1,1,0.861697,0.861697,0.928922,/home/ruben/halmstad_ws/datasets/final/baylands_super_75_15_10/images/test/parkinglot_west_v3_frame_000198_290200000000.jpg,/home/ruben/halmstad_ws/models/obb/experiments/sam3_hybrid_full/runs/predictions/baylands-leader-v7e-imgsz768-nomosaic/baylands_super_75_15_10_test_all
parkinglot_west_v3_frame_000199_291252000000,matched,1,1,1,0.907322,0.907322,0.930751,/home/ruben/halmstad_ws/datasets/final/baylands_super_75_15_10/images/test/parkinglot_west_v3_frame_000199_291252000000.jpg,/home/ruben/halmstad_ws/models/obb/experiments/sam3_hybrid_full/runs/predictions/baylands-leader-v7e-imgsz768-nomosaic/baylands_super_75_15_10_test_all
parkinglot_west_v3_frame_000200_292200000000,matched,1,1,1,0.942059,0.942059,0.932566,/home/ruben/halmstad_ws/datasets/final/baylands_super_75_15_10/images/test/parkinglot_west_v3_frame_000200_292200000000.jpg,/home/ruben/halmstad_ws/models/obb/experiments/sam3_hybrid_full/runs/predictions/baylands-leader-v7e-imgsz768-nomosaic/baylands_super_75_15_10_test_all
parkinglot_west_v3_frame_000202_294252000000,matched,1,1,1,0.919431,0.919431,0.931942,/home/ruben/halmstad_ws/datasets/final/baylands_super_75_15_10/images/test/parkinglot_west_v3_frame_000202_294252000000.jpg,/home/ruben/halmstad_ws/models/obb/experiments/sam3_hybrid_full/runs/predictions/baylands-leader-v7e-imgsz768-nomosaic/baylands_super_75_15_10_test_all
parkinglot_west_v3_frame_000203_295252000000,matched,1,1,1,0.942691,0.942691,0.913882,/home/ruben/halmstad_ws/datasets/final/baylands_super_75_15_10/images/test/parkinglot_west_v3_frame_000203_295252000000.jpg,/home/ruben/halmstad_ws/models/obb/experiments/sam3_hybrid_full/runs/predictions/baylands-leader-v7e-imgsz768-nomosaic/baylands_super_75_15_10_test_all
parkinglot_west_v3_frame_000205_297252000000,matched,1,1,1,0.923698,0.923698,0.909213,/home/ruben/halmstad_ws/datasets/final/baylands_super_75_15_10/images/test/parkinglot_west_v3_frame_000205_297252000000.jpg,/home/ruben/halmstad_ws/models/obb/experiments/sam3_hybrid_full/runs/predictions/baylands-leader-v7e-imgsz768-nomosaic/baylands_super_75_15_10_test_all
parkinglot_west_v3_frame_000206_298252000000,matched,1,1,1,0.939543,0.939543,0.914266,/home/ruben/halmstad_ws/datasets/final/baylands_super_75_15_10/images/test/parkinglot_west_v3_frame_000206_298252000000.jpg,/home/ruben/halmstad_ws/models/obb/experiments/sam3_hybrid_full/runs/predictions/baylands-leader-v7e-imgsz768-nomosaic/baylands_super_75_15_10_test_all
parkinglot_west_v3_frame_000208_300252000000,matched,1,1,1,0.71893,0.71893,0.912134,/home/ruben/halmstad_ws/datasets/final/baylands_super_75_15_10/images/test/parkinglot_west_v3_frame_000208_300252000000.jpg,/home/ruben/halmstad_ws/models/obb/experiments/sam3_hybrid_full/runs/predictions/baylands-leader-v7e-imgsz768-nomosaic/baylands_super_75_15_10_test_all
parkinglot_west_v3_frame_000209_301300000000,matched,1,1,1,0.842757,0.842757,0.921603,/home/ruben/halmstad_ws/datasets/final/baylands_super_75_15_10/images/test/parkinglot_west_v3_frame_000209_301300000000.jpg,/home/ruben/halmstad_ws/models/obb/experiments/sam3_hybrid_full/runs/predictions/baylands-leader-v7e-imgsz768-nomosaic/baylands_super_75_15_10_test_all
parkinglot_west_v3_frame_000210_302300000000,matched,1,1,1,0.615907,0.615907,0.916637,/home/ruben/halmstad_ws/datasets/final/baylands_super_75_15_10/images/test/parkinglot_west_v3_frame_000210_302300000000.jpg,/home/ruben/halmstad_ws/models/obb/experiments/sam3_hybrid_full/runs/predictions/baylands-leader-v7e-imgsz768-nomosaic/baylands_super_75_15_10_test_all
parkinglot_west_v3_frame_000212_304352000000,matched,1,1,1,0.857341,0.857341,0.87587,/home/ruben/halmstad_ws/datasets/final/baylands_super_75_15_10/images/test/parkinglot_west_v3_frame_000212_304352000000.jpg,/home/ruben/halmstad_ws/models/obb/experiments/sam3_hybrid_full/runs/predictions/baylands-leader-v7e-imgsz768-nomosaic/baylands_super_75_15_10_test_all
parkinglot_west_v3_frame_000214_306352000000,matched,1,1,1,0.879613,0.879613,0.904599,/home/ruben/halmstad_ws/datasets/final/baylands_super_75_15_10/images/test/parkinglot_west_v3_frame_000214_306352000000.jpg,/home/ruben/halmstad_ws/models/obb/experiments/sam3_hybrid_full/runs/predictions/baylands-leader-v7e-imgsz768-nomosaic/baylands_super_75_15_10_test_all
parkinglot_west_v5_frame_000027_225900000000,correct_empty,0,0,0,0.0,0.0,,/home/ruben/halmstad_ws/datasets/final/baylands_super_75_15_10/images/test/parkinglot_west_v5_frame_000027_225900000000.jpg,/home/ruben/halmstad_ws/models/obb/experiments/sam3_hybrid_full/runs/predictions/baylands-leader-v7e-imgsz768-nomosaic/baylands_super_75_15_10_test_all
parkinglot_west_v5_frame_000029_233900000000,matched,1,1,1,0.879465,0.879465,0.952743,/home/ruben/halmstad_ws/datasets/final/baylands_super_75_15_10/images/test/parkinglot_west_v5_frame_000029_233900000000.jpg,/home/ruben/halmstad_ws/models/obb/experiments/sam3_hybrid_full/runs/predictions/baylands-leader-v7e-imgsz768-nomosaic/baylands_super_75_15_10_test_all
parkinglot_west_v5_frame_000030_237900000000,correct_empty,0,0,0,0.0,0.0,,/home/ruben/halmstad_ws/datasets/final/baylands_super_75_15_10/images/test/parkinglot_west_v5_frame_000030_237900000000.jpg,/home/ruben/halmstad_ws/models/obb/experiments/sam3_hybrid_full/runs/predictions/baylands-leader-v7e-imgsz768-nomosaic/baylands_super_75_15_10_test_all
parkinglot_west_v5_frame_000031_241900000000,correct_empty,0,0,0,0.0,0.0,,/home/ruben/halmstad_ws/datasets/final/baylands_super_75_15_10/images/test/parkinglot_west_v5_frame_000031_241900000000.jpg,/home/ruben/halmstad_ws/models/obb/experiments/sam3_hybrid_full/runs/predictions/baylands-leader-v7e-imgsz768-nomosaic/baylands_super_75_15_10_test_all
parkinglot_west_v5_frame_000044_294100000000,correct_empty,0,0,0,0.0,0.0,,/home/ruben/halmstad_ws/datasets/final/baylands_super_75_15_10/images/test/parkinglot_west_v5_frame_000044_294100000000.jpg,/home/ruben/halmstad_ws/models/obb/experiments/sam3_hybrid_full/runs/predictions/baylands-leader-v7e-imgsz768-nomosaic/baylands_super_75_15_10_test_all
parkinglot_west_v5_frame_000046_302100000000,correct_empty,0,0,0,0.0,0.0,,/home/ruben/halmstad_ws/datasets/final/baylands_super_75_15_10/images/test/parkinglot_west_v5_frame_000046_302100000000.jpg,/home/ruben/halmstad_ws/models/obb/experiments/sam3_hybrid_full/runs/predictions/baylands-leader-v7e-imgsz768-nomosaic/baylands_super_75_15_10_test_all
road_to_east_v1_frame_000159_234300000000,matched,1,1,1,0.86471,0.86471,0.907578,/home/ruben/halmstad_ws/datasets/final/baylands_super_75_15_10/images/test/road_to_east_v1_frame_000159_234300000000.jpg,/home/ruben/halmstad_ws/models/obb/experiments/sam3_hybrid_full/runs/predictions/baylands-leader-v7e-imgsz768-nomosaic/baylands_super_75_15_10_test_all
road_to_east_v1_frame_000160_235300000000,matched,1,1,1,0.211487,0.211487,0.899814,/home/ruben/halmstad_ws/datasets/final/baylands_super_75_15_10/images/test/road_to_east_v1_frame_000160_235300000000.jpg,/home/ruben/halmstad_ws/models/obb/experiments/sam3_hybrid_full/runs/predictions/baylands-leader-v7e-imgsz768-nomosaic/baylands_super_75_15_10_test_all
road_to_east_v1_frame_000161_236300000000,matched,1,1,1,0.845281,0.845281,0.920487,/home/ruben/halmstad_ws/datasets/final/baylands_super_75_15_10/images/test/road_to_east_v1_frame_000161_236300000000.jpg,/home/ruben/halmstad_ws/models/obb/experiments/sam3_hybrid_full/runs/predictions/baylands-leader-v7e-imgsz768-nomosaic/baylands_super_75_15_10_test_all
road_to_east_v1_frame_000169_244352000000,matched,1,1,1,0.872098,0.872098,0.900538,/home/ruben/halmstad_ws/datasets/final/baylands_super_75_15_10/images/test/road_to_east_v1_frame_000169_244352000000.jpg,/home/ruben/halmstad_ws/models/obb/experiments/sam3_hybrid_full/runs/predictions/baylands-leader-v7e-imgsz768-nomosaic/baylands_super_75_15_10_test_all
road_to_east_v1_frame_000170_245352000000,matched,1,1,1,0.937648,0.937648,0.927058,/home/ruben/halmstad_ws/datasets/final/baylands_super_75_15_10/images/test/road_to_east_v1_frame_000170_245352000000.jpg,/home/ruben/halmstad_ws/models/obb/experiments/sam3_hybrid_full/runs/predictions/baylands-leader-v7e-imgsz768-nomosaic/baylands_super_75_15_10_test_all
road_to_east_v1_frame_000172_247400000000,matched,1,1,1,0.867288,0.867288,0.856431,/home/ruben/halmstad_ws/datasets/final/baylands_super_75_15_10/images/test/road_to_east_v1_frame_000172_247400000000.jpg,/home/ruben/halmstad_ws/models/obb/experiments/sam3_hybrid_full/runs/predictions/baylands-leader-v7e-imgsz768-nomosaic/baylands_super_75_15_10_test_all
road_to_east_v1_frame_000209_284752000000,matched,1,1,1,0.852478,0.852478,0.649564,/home/ruben/halmstad_ws/datasets/final/baylands_super_75_15_10/images/test/road_to_east_v1_frame_000209_284752000000.jpg,/home/ruben/halmstad_ws/models/obb/experiments/sam3_hybrid_full/runs/predictions/baylands-leader-v7e-imgsz768-nomosaic/baylands_super_75_15_10_test_all
road_to_east_v1_frame_000215_291100000000,matched,1,1,1,0.940049,0.940049,0.938753,/home/ruben/halmstad_ws/datasets/final/baylands_super_75_15_10/images/test/road_to_east_v1_frame_000215_291100000000.jpg,/home/ruben/halmstad_ws/models/obb/experiments/sam3_hybrid_full/runs/predictions/baylands-leader-v7e-imgsz768-nomosaic/baylands_super_75_15_10_test_all
road_to_east_v1_frame_000216_292100000000,matched,1,1,1,0.819928,0.819928,0.921863,/home/ruben/halmstad_ws/datasets/final/baylands_super_75_15_10/images/test/road_to_east_v1_frame_000216_292100000000.jpg,/home/ruben/halmstad_ws/models/obb/experiments/sam3_hybrid_full/runs/predictions/baylands-leader-v7e-imgsz768-nomosaic/baylands_super_75_15_10_test_all
road_to_east_v1_frame_000217_293100000000,matched,1,1,1,0.804618,0.804618,0.866392,/home/ruben/halmstad_ws/datasets/final/baylands_super_75_15_10/images/test/road_to_east_v1_frame_000217_293100000000.jpg,/home/ruben/halmstad_ws/models/obb/experiments/sam3_hybrid_full/runs/predictions/baylands-leader-v7e-imgsz768-nomosaic/baylands_super_75_15_10_test_all
road_to_east_v1_frame_000219_295100000000,matched,1,1,1,0.845785,0.845785,0.900376,/home/ruben/halmstad_ws/datasets/final/baylands_super_75_15_10/images/test/road_to_east_v1_frame_000219_295100000000.jpg,/home/ruben/halmstad_ws/models/obb/experiments/sam3_hybrid_full/runs/predictions/baylands-leader-v7e-imgsz768-nomosaic/baylands_super_75_15_10_test_all
road_to_east_v1_frame_000224_300152000000,matched,1,1,1,0.625098,0.625098,0.838741,/home/ruben/halmstad_ws/datasets/final/baylands_super_75_15_10/images/test/road_to_east_v1_frame_000224_300152000000.jpg,/home/ruben/halmstad_ws/models/obb/experiments/sam3_hybrid_full/runs/predictions/baylands-leader-v7e-imgsz768-nomosaic/baylands_super_75_15_10_test_all
road_to_east_v1_frame_000225_301152000000,matched,1,1,1,0.859787,0.859787,0.887073,/home/ruben/halmstad_ws/datasets/final/baylands_super_75_15_10/images/test/road_to_east_v1_frame_000225_301152000000.jpg,/home/ruben/halmstad_ws/models/obb/experiments/sam3_hybrid_full/runs/predictions/baylands-leader-v7e-imgsz768-nomosaic/baylands_super_75_15_10_test_all
road_to_east_v1_frame_000232_308200000000,matched,1,1,1,1.0,1.0,0.742585,/home/ruben/halmstad_ws/datasets/final/baylands_super_75_15_10/images/test/road_to_east_v1_frame_000232_308200000000.jpg,/home/ruben/halmstad_ws/models/obb/experiments/sam3_hybrid_full/runs/predictions/baylands-leader-v7e-imgsz768-nomosaic/baylands_super_75_15_10_test_all
road_to_east_v1_frame_000233_309200000000,matched,1,1,1,0.830132,0.830132,0.891035,/home/ruben/halmstad_ws/datasets/final/baylands_super_75_15_10/images/test/road_to_east_v1_frame_000233_309200000000.jpg,/home/ruben/halmstad_ws/models/obb/experiments/sam3_hybrid_full/runs/predictions/baylands-leader-v7e-imgsz768-nomosaic/baylands_super_75_15_10_test_all
road_to_east_v1_frame_000239_315252000000,matched,1,1,1,0.678634,0.678634,0.89897,/home/ruben/halmstad_ws/datasets/final/baylands_super_75_15_10/images/test/road_to_east_v1_frame_000239_315252000000.jpg,/home/ruben/halmstad_ws/models/obb/experiments/sam3_hybrid_full/runs/predictions/baylands-leader-v7e-imgsz768-nomosaic/baylands_super_75_15_10_test_all
road_to_east_v2_frame_000118_236352000000,matched,1,1,1,0.804147,0.804147,0.908101,/home/ruben/halmstad_ws/datasets/final/baylands_super_75_15_10/images/test/road_to_east_v2_frame_000118_236352000000.jpg,/home/ruben/halmstad_ws/models/obb/experiments/sam3_hybrid_full/runs/predictions/baylands-leader-v7e-imgsz768-nomosaic/baylands_super_75_15_10_test_all
road_to_east_v2_frame_000119_237400000000,matched,1,1,1,0.828992,0.828992,0.935952,/home/ruben/halmstad_ws/datasets/final/baylands_super_75_15_10/images/test/road_to_east_v2_frame_000119_237400000000.jpg,/home/ruben/halmstad_ws/models/obb/experiments/sam3_hybrid_full/runs/predictions/baylands-leader-v7e-imgsz768-nomosaic/baylands_super_75_15_10_test_all
road_to_east_v2_frame_000120_238400000000,matched,1,1,1,0.652108,0.652108,0.942527,/home/ruben/halmstad_ws/datasets/final/baylands_super_75_15_10/images/test/road_to_east_v2_frame_000120_238400000000.jpg,/home/ruben/halmstad_ws/models/obb/experiments/sam3_hybrid_full/runs/predictions/baylands-leader-v7e-imgsz768-nomosaic/baylands_super_75_15_10_test_all
road_to_east_v2_frame_000122_240400000000,matched,1,1,1,0.913307,0.913307,0.949916,/home/ruben/halmstad_ws/datasets/final/baylands_super_75_15_10/images/test/road_to_east_v2_frame_000122_240400000000.jpg,/home/ruben/halmstad_ws/models/obb/experiments/sam3_hybrid_full/runs/predictions/baylands-leader-v7e-imgsz768-nomosaic/baylands_super_75_15_10_test_all
road_to_east_v2_frame_000123_241400000000,matched,1,1,1,0.705717,0.705717,0.8977,/home/ruben/halmstad_ws/datasets/final/baylands_super_75_15_10/images/test/road_to_east_v2_frame_000123_241400000000.jpg,/home/ruben/halmstad_ws/models/obb/experiments/sam3_hybrid_full/runs/predictions/baylands-leader-v7e-imgsz768-nomosaic/baylands_super_75_15_10_test_all
road_to_east_v2_frame_000124_242400000000,matched,1,1,1,0.88591,0.88591,0.944445,/home/ruben/halmstad_ws/datasets/final/baylands_super_75_15_10/images/test/road_to_east_v2_frame_000124_242400000000.jpg,/home/ruben/halmstad_ws/models/obb/experiments/sam3_hybrid_full/runs/predictions/baylands-leader-v7e-imgsz768-nomosaic/baylands_super_75_15_10_test_all
road_to_east_v2_frame_000125_243400000000,matched,1,1,1,0.913273,0.913273,0.926367,/home/ruben/halmstad_ws/datasets/final/baylands_super_75_15_10/images/test/road_to_east_v2_frame_000125_243400000000.jpg,/home/ruben/halmstad_ws/models/obb/experiments/sam3_hybrid_full/runs/predictions/baylands-leader-v7e-imgsz768-nomosaic/baylands_super_75_15_10_test_all
road_to_east_v2_frame_000129_248000000000,matched,1,1,1,0.829554,0.829554,0.916788,/home/ruben/halmstad_ws/datasets/final/baylands_super_75_15_10/images/test/road_to_east_v2_frame_000129_248000000000.jpg,/home/ruben/halmstad_ws/models/obb/experiments/sam3_hybrid_full/runs/predictions/baylands-leader-v7e-imgsz768-nomosaic/baylands_super_75_15_10_test_all
road_to_east_v2_frame_000165_289052000000,matched,1,1,1,0.869669,0.869669,0.779126,/home/ruben/halmstad_ws/datasets/final/baylands_super_75_15_10/images/test/road_to_east_v2_frame_000165_289052000000.jpg,/home/ruben/halmstad_ws/models/obb/experiments/sam3_hybrid_full/runs/predictions/baylands-leader-v7e-imgsz768-nomosaic/baylands_super_75_15_10_test_all
road_to_east_v2_frame_000171_295100000000,correct_empty,0,0,0,0.0,0.0,,/home/ruben/halmstad_ws/datasets/final/baylands_super_75_15_10/images/test/road_to_east_v2_frame_000171_295100000000.jpg,/home/ruben/halmstad_ws/models/obb/experiments/sam3_hybrid_full/runs/predictions/baylands-leader-v7e-imgsz768-nomosaic/baylands_super_75_15_10_test_all
road_to_east_v2_frame_000175_301652000000,correct_empty,0,0,0,0.0,0.0,,/home/ruben/halmstad_ws/datasets/final/baylands_super_75_15_10/images/test/road_to_east_v2_frame_000175_301652000000.jpg,/home/ruben/halmstad_ws/models/obb/experiments/sam3_hybrid_full/runs/predictions/baylands-leader-v7e-imgsz768-nomosaic/baylands_super_75_15_10_test_all
road_to_east_v2_frame_000179_305752000000,matched,1,1,1,0.766521,0.766521,0.877373,/home/ruben/halmstad_ws/datasets/final/baylands_super_75_15_10/images/test/road_to_east_v2_frame_000179_305752000000.jpg,/home/ruben/halmstad_ws/models/obb/experiments/sam3_hybrid_full/runs/predictions/baylands-leader-v7e-imgsz768-nomosaic/baylands_super_75_15_10_test_all
road_to_east_v2_frame_000183_310200000000,correct_empty,0,0,0,0.0,0.0,,/home/ruben/halmstad_ws/datasets/final/baylands_super_75_15_10/images/test/road_to_east_v2_frame_000183_310200000000.jpg,/home/ruben/halmstad_ws/models/obb/experiments/sam3_hybrid_full/runs/predictions/baylands-leader-v7e-imgsz768-nomosaic/baylands_super_75_15_10_test_all
road_to_east_v2_frame_000185_312252000000,matched,1,1,1,0.783072,0.783072,0.917872,/home/ruben/halmstad_ws/datasets/final/baylands_super_75_15_10/images/test/road_to_east_v2_frame_000185_312252000000.jpg,/home/ruben/halmstad_ws/models/obb/experiments/sam3_hybrid_full/runs/predictions/baylands-leader-v7e-imgsz768-nomosaic/baylands_super_75_15_10_test_all
road_to_east_v2_frame_000187_314252000000,matched,1,1,1,0.573796,0.573796,0.90867,/home/ruben/halmstad_ws/datasets/final/baylands_super_75_15_10/images/test/road_to_east_v2_frame_000187_314252000000.jpg,/home/ruben/halmstad_ws/models/obb/experiments/sam3_hybrid_full/runs/predictions/baylands-leader-v7e-imgsz768-nomosaic/baylands_super_75_15_10_test_all
road_to_east_v4_frame_000025_234400000000,matched,1,1,1,0.681597,0.681597,0.857863,/home/ruben/halmstad_ws/datasets/final/baylands_super_75_15_10/images/test/road_to_east_v4_frame_000025_234400000000.jpg,/home/ruben/halmstad_ws/models/obb/experiments/sam3_hybrid_full/runs/predictions/baylands-leader-v7e-imgsz768-nomosaic/baylands_super_75_15_10_test_all
road_to_east_v4_frame_000026_238500000000,matched,1,1,1,0.872841,0.872841,0.9371,/home/ruben/halmstad_ws/datasets/final/baylands_super_75_15_10/images/test/road_to_east_v4_frame_000026_238500000000.jpg,/home/ruben/halmstad_ws/models/obb/experiments/sam3_hybrid_full/runs/predictions/baylands-leader-v7e-imgsz768-nomosaic/baylands_super_75_15_10_test_all
road_to_east_v4_frame_000027_242500000000,correct_empty,0,0,0,0.0,0.0,,/home/ruben/halmstad_ws/datasets/final/baylands_super_75_15_10/images/test/road_to_east_v4_frame_000027_242500000000.jpg,/home/ruben/halmstad_ws/models/obb/experiments/sam3_hybrid_full/runs/predictions/baylands-leader-v7e-imgsz768-nomosaic/baylands_super_75_15_10_test_all
road_to_east_v4_frame_000028_246500000000,matched,1,1,1,0.443245,0.443245,0.834493,/home/ruben/halmstad_ws/datasets/final/baylands_super_75_15_10/images/test/road_to_east_v4_frame_000028_246500000000.jpg,/home/ruben/halmstad_ws/models/obb/experiments/sam3_hybrid_full/runs/predictions/baylands-leader-v7e-imgsz768-nomosaic/baylands_super_75_15_10_test_all
road_to_east_v4_frame_000029_250500000000,matched,1,1,1,0.934729,0.934729,0.934549,/home/ruben/halmstad_ws/datasets/final/baylands_super_75_15_10/images/test/road_to_east_v4_frame_000029_250500000000.jpg,/home/ruben/halmstad_ws/models/obb/experiments/sam3_hybrid_full/runs/predictions/baylands-leader-v7e-imgsz768-nomosaic/baylands_super_75_15_10_test_all
road_to_east_v4_frame_000038_286600000000,matched,1,1,1,0.876278,0.876278,0.932454,/home/ruben/halmstad_ws/datasets/final/baylands_super_75_15_10/images/test/road_to_east_v4_frame_000038_286600000000.jpg,/home/ruben/halmstad_ws/models/obb/experiments/sam3_hybrid_full/runs/predictions/baylands-leader-v7e-imgsz768-nomosaic/baylands_super_75_15_10_test_all
road_to_east_v4_frame_000039_290600000000,matched,1,1,1,0.885807,0.885807,0.93858,/home/ruben/halmstad_ws/datasets/final/baylands_super_75_15_10/images/test/road_to_east_v4_frame_000039_290600000000.jpg,/home/ruben/halmstad_ws/models/obb/experiments/sam3_hybrid_full/runs/predictions/baylands-leader-v7e-imgsz768-nomosaic/baylands_super_75_15_10_test_all
road_to_east_v5_frame_000135_237752000000,matched,1,1,1,0.879109,0.879109,0.930385,/home/ruben/halmstad_ws/datasets/final/baylands_super_75_15_10/images/test/road_to_east_v5_frame_000135_237752000000.jpg,/home/ruben/halmstad_ws/models/obb/experiments/sam3_hybrid_full/runs/predictions/baylands-leader-v7e-imgsz768-nomosaic/baylands_super_75_15_10_test_all
road_to_east_v5_frame_000136_238752000000,matched,1,1,1,0.933858,0.933858,0.938562,/home/ruben/halmstad_ws/datasets/final/baylands_super_75_15_10/images/test/road_to_east_v5_frame_000136_238752000000.jpg,/home/ruben/halmstad_ws/models/obb/experiments/sam3_hybrid_full/runs/predictions/baylands-leader-v7e-imgsz768-nomosaic/baylands_super_75_15_10_test_all
road_to_east_v5_frame_000137_239752000000,matched,1,1,1,0.893303,0.893303,0.943664,/home/ruben/halmstad_ws/datasets/final/baylands_super_75_15_10/images/test/road_to_east_v5_frame_000137_239752000000.jpg,/home/ruben/halmstad_ws/models/obb/experiments/sam3_hybrid_full/runs/predictions/baylands-leader-v7e-imgsz768-nomosaic/baylands_super_75_15_10_test_all
road_to_east_v5_frame_000138_240752000000,matched,1,1,1,0.693412,0.693412,0.935963,/home/ruben/halmstad_ws/datasets/final/baylands_super_75_15_10/images/test/road_to_east_v5_frame_000138_240752000000.jpg,/home/ruben/halmstad_ws/models/obb/experiments/sam3_hybrid_full/runs/predictions/baylands-leader-v7e-imgsz768-nomosaic/baylands_super_75_15_10_test_all
road_to_east_v5_frame_000144_246800000000,matched,1,1,1,0.55176,0.55176,0.896494,/home/ruben/halmstad_ws/datasets/final/baylands_super_75_15_10/images/test/road_to_east_v5_frame_000144_246800000000.jpg,/home/ruben/halmstad_ws/models/obb/experiments/sam3_hybrid_full/runs/predictions/baylands-leader-v7e-imgsz768-nomosaic/baylands_super_75_15_10_test_all
road_to_east_v5_frame_000146_248800000000,matched,1,1,1,0.912204,0.912204,0.943827,/home/ruben/halmstad_ws/datasets/final/baylands_super_75_15_10/images/test/road_to_east_v5_frame_000146_248800000000.jpg,/home/ruben/halmstad_ws/models/obb/experiments/sam3_hybrid_full/runs/predictions/baylands-leader-v7e-imgsz768-nomosaic/baylands_super_75_15_10_test_all
road_to_east_v5_frame_000179_286800000000,matched,1,1,1,0.61412,0.61412,0.815508,/home/ruben/halmstad_ws/datasets/final/baylands_super_75_15_10/images/test/road_to_east_v5_frame_000179_286800000000.jpg,/home/ruben/halmstad_ws/models/obb/experiments/sam3_hybrid_full/runs/predictions/baylands-leader-v7e-imgsz768-nomosaic/baylands_super_75_15_10_test_all
road_to_east_v5_frame_000180_287800000000,matched,1,1,1,0.927083,0.927083,0.931241,/home/ruben/halmstad_ws/datasets/final/baylands_super_75_15_10/images/test/road_to_east_v5_frame_000180_287800000000.jpg,/home/ruben/halmstad_ws/models/obb/experiments/sam3_hybrid_full/runs/predictions/baylands-leader-v7e-imgsz768-nomosaic/baylands_super_75_15_10_test_all
road_to_east_v5_frame_000190_297952000000,matched,1,1,1,0.785882,0.785882,0.892733,/home/ruben/halmstad_ws/datasets/final/baylands_super_75_15_10/images/test/road_to_east_v5_frame_000190_297952000000.jpg,/home/ruben/halmstad_ws/models/obb/experiments/sam3_hybrid_full/runs/predictions/baylands-leader-v7e-imgsz768-nomosaic/baylands_super_75_15_10_test_all
road_to_east_v5_frame_000191_298952000000,matched,1,1,1,0.94071,0.94071,0.94163,/home/ruben/halmstad_ws/datasets/final/baylands_super_75_15_10/images/test/road_to_east_v5_frame_000191_298952000000.jpg,/home/ruben/halmstad_ws/models/obb/experiments/sam3_hybrid_full/runs/predictions/baylands-leader-v7e-imgsz768-nomosaic/baylands_super_75_15_10_test_all
road_to_east_v5_frame_000199_311400000000,matched,1,1,1,0.689933,0.689933,0.836201,/home/ruben/halmstad_ws/datasets/final/baylands_super_75_15_10/images/test/road_to_east_v5_frame_000199_311400000000.jpg,/home/ruben/halmstad_ws/models/obb/experiments/sam3_hybrid_full/runs/predictions/baylands-leader-v7e-imgsz768-nomosaic/baylands_super_75_15_10_test_all
road_to_east_v5_frame_000201_314552000000,matched,1,1,1,0.867803,0.867803,0.856567,/home/ruben/halmstad_ws/datasets/final/baylands_super_75_15_10/images/test/road_to_east_v5_frame_000201_314552000000.jpg,/home/ruben/halmstad_ws/models/obb/experiments/sam3_hybrid_full/runs/predictions/baylands-leader-v7e-imgsz768-nomosaic/baylands_super_75_15_10_test_all
road_to_spawn_v1_frame_000114_195300000000,matched,1,1,1,1.0,1.0,0.926498,/home/ruben/halmstad_ws/datasets/final/baylands_super_75_15_10/images/test/road_to_spawn_v1_frame_000114_195300000000.jpg,/home/ruben/halmstad_ws/models/obb/experiments/sam3_hybrid_full/runs/predictions/baylands-leader-v7e-imgsz768-nomosaic/baylands_super_75_15_10_test_all
road_to_spawn_v1_frame_000118_199300000000,matched,1,1,1,0.617673,0.617673,0.897628,/home/ruben/halmstad_ws/datasets/final/baylands_super_75_15_10/images/test/road_to_spawn_v1_frame_000118_199300000000.jpg,/home/ruben/halmstad_ws/models/obb/experiments/sam3_hybrid_full/runs/predictions/baylands-leader-v7e-imgsz768-nomosaic/baylands_super_75_15_10_test_all
road_to_spawn_v1_frame_000119_200300000000,matched,1,1,1,0.457062,0.457062,0.878067,/home/ruben/halmstad_ws/datasets/final/baylands_super_75_15_10/images/test/road_to_spawn_v1_frame_000119_200300000000.jpg,/home/ruben/halmstad_ws/models/obb/experiments/sam3_hybrid_full/runs/predictions/baylands-leader-v7e-imgsz768-nomosaic/baylands_super_75_15_10_test_all
road_to_spawn_v1_frame_000120_201300000000,matched,1,1,1,0.663378,0.663378,0.877448,/home/ruben/halmstad_ws/datasets/final/baylands_super_75_15_10/images/test/road_to_spawn_v1_frame_000120_201300000000.jpg,/home/ruben/halmstad_ws/models/obb/experiments/sam3_hybrid_full/runs/predictions/baylands-leader-v7e-imgsz768-nomosaic/baylands_super_75_15_10_test_all
road_to_spawn_v1_frame_000122_203352000000,matched,1,1,1,0.85841,0.85841,0.905294,/home/ruben/halmstad_ws/datasets/final/baylands_super_75_15_10/images/test/road_to_spawn_v1_frame_000122_203352000000.jpg,/home/ruben/halmstad_ws/models/obb/experiments/sam3_hybrid_full/runs/predictions/baylands-leader-v7e-imgsz768-nomosaic/baylands_super_75_15_10_test_all
road_to_spawn_v2_frame_000020_198100000000,matched,1,1,1,0.789129,0.789129,0.907849,/home/ruben/halmstad_ws/datasets/final/baylands_super_75_15_10/images/test/road_to_spawn_v2_frame_000020_198100000000.jpg,/home/ruben/halmstad_ws/models/obb/experiments/sam3_hybrid_full/runs/predictions/baylands-leader-v7e-imgsz768-nomosaic/baylands_super_75_15_10_test_all
road_to_spawn_v2_frame_000021_202100000000,matched,1,1,1,0.900641,0.900641,0.936389,/home/ruben/halmstad_ws/datasets/final/baylands_super_75_15_10/images/test/road_to_spawn_v2_frame_000021_202100000000.jpg,/home/ruben/halmstad_ws/models/obb/experiments/sam3_hybrid_full/runs/predictions/baylands-leader-v7e-imgsz768-nomosaic/baylands_super_75_15_10_test_all
road_to_spawn_v3_frame_000115_196200000000,matched,1,1,1,0.499672,0.499672,0.90771,/home/ruben/halmstad_ws/datasets/final/baylands_super_75_15_10/images/test/road_to_spawn_v3_frame_000115_196200000000.jpg,/home/ruben/halmstad_ws/models/obb/experiments/sam3_hybrid_full/runs/predictions/baylands-leader-v7e-imgsz768-nomosaic/baylands_super_75_15_10_test_all
road_to_spawn_v3_frame_000116_197152000000,matched,1,1,1,0.921656,0.921656,0.94885,/home/ruben/halmstad_ws/datasets/final/baylands_super_75_15_10/images/test/road_to_spawn_v3_frame_000116_197152000000.jpg,/home/ruben/halmstad_ws/models/obb/experiments/sam3_hybrid_full/runs/predictions/baylands-leader-v7e-imgsz768-nomosaic/baylands_super_75_15_10_test_all
road_to_spawn_v3_frame_000117_198200000000,matched,1,1,1,0.90906,0.90906,0.945628,/home/ruben/halmstad_ws/datasets/final/baylands_super_75_15_10/images/test/road_to_spawn_v3_frame_000117_198200000000.jpg,/home/ruben/halmstad_ws/models/obb/experiments/sam3_hybrid_full/runs/predictions/baylands-leader-v7e-imgsz768-nomosaic/baylands_super_75_15_10_test_all
road_to_spawn_v3_frame_000118_199200000000,multi_prediction,1,2,1,0.934012,0.934012,0.932539,/home/ruben/halmstad_ws/datasets/final/baylands_super_75_15_10/images/test/road_to_spawn_v3_frame_000118_199200000000.jpg,/home/ruben/halmstad_ws/models/obb/experiments/sam3_hybrid_full/runs/predictions/baylands-leader-v7e-imgsz768-nomosaic/baylands_super_75_15_10_test_all
road_to_spawn_v3_frame_000119_200200000000,matched,1,1,1,0.779834,0.779834,0.949089,/home/ruben/halmstad_ws/datasets/final/baylands_super_75_15_10/images/test/road_to_spawn_v3_frame_000119_200200000000.jpg,/home/ruben/halmstad_ws/models/obb/experiments/sam3_hybrid_full/runs/predictions/baylands-leader-v7e-imgsz768-nomosaic/baylands_super_75_15_10_test_all
road_to_spawn_v3_frame_000120_201200000000,matched,1,1,1,0.950025,0.950025,0.930017,/home/ruben/halmstad_ws/datasets/final/baylands_super_75_15_10/images/test/road_to_spawn_v3_frame_000120_201200000000.jpg,/home/ruben/halmstad_ws/models/obb/experiments/sam3_hybrid_full/runs/predictions/baylands-leader-v7e-imgsz768-nomosaic/baylands_super_75_15_10_test_all
road_to_spawn_v3_frame_000122_203252000000,matched,1,1,1,0.885802,0.885802,0.897554,/home/ruben/halmstad_ws/datasets/final/baylands_super_75_15_10/images/test/road_to_spawn_v3_frame_000122_203252000000.jpg,/home/ruben/halmstad_ws/models/obb/experiments/sam3_hybrid_full/runs/predictions/baylands-leader-v7e-imgsz768-nomosaic/baylands_super_75_15_10_test_all
road_to_spawn_v3_frame_000125_206252000000,matched,1,1,1,0.789107,0.789107,0.891235,/home/ruben/halmstad_ws/datasets/final/baylands_super_75_15_10/images/test/road_to_spawn_v3_frame_000125_206252000000.jpg,/home/ruben/halmstad_ws/models/obb/experiments/sam3_hybrid_full/runs/predictions/baylands-leader-v7e-imgsz768-nomosaic/baylands_super_75_15_10_test_all
road_to_spawn_v3_frame_000126_207300000000,matched,1,1,1,0.666933,0.666933,0.887012,/home/ruben/halmstad_ws/datasets/final/baylands_super_75_15_10/images/test/road_to_spawn_v3_frame_000126_207300000000.jpg,/home/ruben/halmstad_ws/models/obb/experiments/sam3_hybrid_full/runs/predictions/baylands-leader-v7e-imgsz768-nomosaic/baylands_super_75_15_10_test_all
road_to_spawn_v5_frame_000128_195500000000,matched,1,1,1,0.946335,0.946335,0.954656,/home/ruben/halmstad_ws/datasets/final/baylands_super_75_15_10/images/test/road_to_spawn_v5_frame_000128_195500000000.jpg,/home/ruben/halmstad_ws/models/obb/experiments/sam3_hybrid_full/runs/predictions/baylands-leader-v7e-imgsz768-nomosaic/baylands_super_75_15_10_test_all
road_to_spawn_v5_frame_000129_196500000000,matched,1,1,1,0.918407,0.918407,0.946901,/home/ruben/halmstad_ws/datasets/final/baylands_super_75_15_10/images/test/road_to_spawn_v5_frame_000129_196500000000.jpg,/home/ruben/halmstad_ws/models/obb/experiments/sam3_hybrid_full/runs/predictions/baylands-leader-v7e-imgsz768-nomosaic/baylands_super_75_15_10_test_all
road_to_spawn_v5_frame_000130_197500000000,matched,1,1,1,0.881302,0.881302,0.945324,/home/ruben/halmstad_ws/datasets/final/baylands_super_75_15_10/images/test/road_to_spawn_v5_frame_000130_197500000000.jpg,/home/ruben/halmstad_ws/models/obb/experiments/sam3_hybrid_full/runs/predictions/baylands-leader-v7e-imgsz768-nomosaic/baylands_super_75_15_10_test_all
road_to_spawn_v5_frame_000133_200552000000,matched,1,1,1,0.909603,0.909603,0.951338,/home/ruben/halmstad_ws/datasets/final/baylands_super_75_15_10/images/test/road_to_spawn_v5_frame_000133_200552000000.jpg,/home/ruben/halmstad_ws/models/obb/experiments/sam3_hybrid_full/runs/predictions/baylands-leader-v7e-imgsz768-nomosaic/baylands_super_75_15_10_test_all
road_to_spawn_v5_frame_000134_201552000000,matched,1,1,1,0.90177,0.90177,0.957565,/home/ruben/halmstad_ws/datasets/final/baylands_super_75_15_10/images/test/road_to_spawn_v5_frame_000134_201552000000.jpg,/home/ruben/halmstad_ws/models/obb/experiments/sam3_hybrid_full/runs/predictions/baylands-leader-v7e-imgsz768-nomosaic/baylands_super_75_15_10_test_all
road_to_spawn_v5_frame_000135_202552000000,matched,1,1,1,0.31519,0.31519,0.500528,/home/ruben/halmstad_ws/datasets/final/baylands_super_75_15_10/images/test/road_to_spawn_v5_frame_000135_202552000000.jpg,/home/ruben/halmstad_ws/models/obb/experiments/sam3_hybrid_full/runs/predictions/baylands-leader-v7e-imgsz768-nomosaic/baylands_super_75_15_10_test_all
road_to_spawn_v5_frame_000136_203600000000,matched,1,1,1,0.932844,0.932844,0.936579,/home/ruben/halmstad_ws/datasets/final/baylands_super_75_15_10/images/test/road_to_spawn_v5_frame_000136_203600000000.jpg,/home/ruben/halmstad_ws/models/obb/experiments/sam3_hybrid_full/runs/predictions/baylands-leader-v7e-imgsz768-nomosaic/baylands_super_75_15_10_test_all
road_to_spawn_v5_frame_000138_205600000000,matched,1,1,1,0.900818,0.900818,0.946335,/home/ruben/halmstad_ws/datasets/final/baylands_super_75_15_10/images/test/road_to_spawn_v5_frame_000138_205600000000.jpg,/home/ruben/halmstad_ws/models/obb/experiments/sam3_hybrid_full/runs/predictions/baylands-leader-v7e-imgsz768-nomosaic/baylands_super_75_15_10_test_all
road_to_spawn_v5_frame_000139_206600000000,matched,1,1,1,0.964818,0.964818,0.939719,/home/ruben/halmstad_ws/datasets/final/baylands_super_75_15_10/images/test/road_to_spawn_v5_frame_000139_206600000000.jpg,/home/ruben/halmstad_ws/models/obb/experiments/sam3_hybrid_full/runs/predictions/baylands-leader-v7e-imgsz768-nomosaic/baylands_super_75_15_10_test_all
road_to_strip_v1_frame_000101_273800000000,matched,1,1,1,0.714473,0.714473,0.907338,/home/ruben/halmstad_ws/datasets/final/baylands_super_75_15_10/images/test/road_to_strip_v1_frame_000101_273800000000.jpg,/home/ruben/halmstad_ws/models/obb/experiments/sam3_hybrid_full/runs/predictions/baylands-leader-v7e-imgsz768-nomosaic/baylands_super_75_15_10_test_all
road_to_strip_v1_frame_000119_291952000000,matched,1,1,1,0.92081,0.92081,0.916265,/home/ruben/halmstad_ws/datasets/final/baylands_super_75_15_10/images/test/road_to_strip_v1_frame_000119_291952000000.jpg,/home/ruben/halmstad_ws/models/obb/experiments/sam3_hybrid_full/runs/predictions/baylands-leader-v7e-imgsz768-nomosaic/baylands_super_75_15_10_test_all
road_to_strip_v1_frame_000120_293000000000,matched,1,1,1,0.697957,0.697957,0.903996,/home/ruben/halmstad_ws/datasets/final/baylands_super_75_15_10/images/test/road_to_strip_v1_frame_000120_293000000000.jpg,/home/ruben/halmstad_ws/models/obb/experiments/sam3_hybrid_full/runs/predictions/baylands-leader-v7e-imgsz768-nomosaic/baylands_super_75_15_10_test_all
road_to_strip_v1_frame_000122_295000000000,matched,1,1,1,0.680119,0.680119,0.901711,/home/ruben/halmstad_ws/datasets/final/baylands_super_75_15_10/images/test/road_to_strip_v1_frame_000122_295000000000.jpg,/home/ruben/halmstad_ws/models/obb/experiments/sam3_hybrid_full/runs/predictions/baylands-leader-v7e-imgsz768-nomosaic/baylands_super_75_15_10_test_all
road_to_strip_v1_frame_000123_296000000000,matched,1,1,1,0.714117,0.714117,0.890171,/home/ruben/halmstad_ws/datasets/final/baylands_super_75_15_10/images/test/road_to_strip_v1_frame_000123_296000000000.jpg,/home/ruben/halmstad_ws/models/obb/experiments/sam3_hybrid_full/runs/predictions/baylands-leader-v7e-imgsz768-nomosaic/baylands_super_75_15_10_test_all
road_to_strip_v1_frame_000124_297000000000,matched,1,1,1,0.830395,0.830395,0.870003,/home/ruben/halmstad_ws/datasets/final/baylands_super_75_15_10/images/test/road_to_strip_v1_frame_000124_297000000000.jpg,/home/ruben/halmstad_ws/models/obb/experiments/sam3_hybrid_full/runs/predictions/baylands-leader-v7e-imgsz768-nomosaic/baylands_super_75_15_10_test_all
road_to_strip_v2_frame_000083_145452000000,matched,1,1,1,0.9342,0.9342,0.94479,/home/ruben/halmstad_ws/datasets/final/baylands_super_75_15_10/images/test/road_to_strip_v2_frame_000083_145452000000.jpg,/home/ruben/halmstad_ws/models/obb/experiments/sam3_hybrid_full/runs/predictions/baylands-leader-v7e-imgsz768-nomosaic/baylands_super_75_15_10_test_all
road_to_strip_v2_frame_000084_146452000000,matched,1,1,1,0.946803,0.946803,0.950164,/home/ruben/halmstad_ws/datasets/final/baylands_super_75_15_10/images/test/road_to_strip_v2_frame_000084_146452000000.jpg,/home/ruben/halmstad_ws/models/obb/experiments/sam3_hybrid_full/runs/predictions/baylands-leader-v7e-imgsz768-nomosaic/baylands_super_75_15_10_test_all
road_to_strip_v2_frame_000085_147452000000,matched,1,1,1,0.662328,0.662328,0.938464,/home/ruben/halmstad_ws/datasets/final/baylands_super_75_15_10/images/test/road_to_strip_v2_frame_000085_147452000000.jpg,/home/ruben/halmstad_ws/models/obb/experiments/sam3_hybrid_full/runs/predictions/baylands-leader-v7e-imgsz768-nomosaic/baylands_super_75_15_10_test_all
road_to_strip_v2_frame_000086_148452000000,matched,1,1,1,0.95547,0.95547,0.942908,/home/ruben/halmstad_ws/datasets/final/baylands_super_75_15_10/images/test/road_to_strip_v2_frame_000086_148452000000.jpg,/home/ruben/halmstad_ws/models/obb/experiments/sam3_hybrid_full/runs/predictions/baylands-leader-v7e-imgsz768-nomosaic/baylands_super_75_15_10_test_all
road_to_strip_v2_frame_000087_149452000000,matched,1,1,1,0.927748,0.927748,0.896595,/home/ruben/halmstad_ws/datasets/final/baylands_super_75_15_10/images/test/road_to_strip_v2_frame_000087_149452000000.jpg,/home/ruben/halmstad_ws/models/obb/experiments/sam3_hybrid_full/runs/predictions/baylands-leader-v7e-imgsz768-nomosaic/baylands_super_75_15_10_test_all
road_to_strip_v2_frame_000088_150500000000,matched,1,1,1,0.919422,0.919422,0.94174,/home/ruben/halmstad_ws/datasets/final/baylands_super_75_15_10/images/test/road_to_strip_v2_frame_000088_150500000000.jpg,/home/ruben/halmstad_ws/models/obb/experiments/sam3_hybrid_full/runs/predictions/baylands-leader-v7e-imgsz768-nomosaic/baylands_super_75_15_10_test_all
road_to_strip_v2_frame_000089_151500000000,matched,1,1,1,0.932013,0.932013,0.931099,/home/ruben/halmstad_ws/datasets/final/baylands_super_75_15_10/images/test/road_to_strip_v2_frame_000089_151500000000.jpg,/home/ruben/halmstad_ws/models/obb/experiments/sam3_hybrid_full/runs/predictions/baylands-leader-v7e-imgsz768-nomosaic/baylands_super_75_15_10_test_all
road_to_strip_v2_frame_000090_152552000000,matched,1,1,1,0.876341,0.876341,0.923908,/home/ruben/halmstad_ws/datasets/final/baylands_super_75_15_10/images/test/road_to_strip_v2_frame_000090_152552000000.jpg,/home/ruben/halmstad_ws/models/obb/experiments/sam3_hybrid_full/runs/predictions/baylands-leader-v7e-imgsz768-nomosaic/baylands_super_75_15_10_test_all
road_to_strip_v2_frame_000091_153552000000,matched,1,1,1,0.847479,0.847479,0.936929,/home/ruben/halmstad_ws/datasets/final/baylands_super_75_15_10/images/test/road_to_strip_v2_frame_000091_153552000000.jpg,/home/ruben/halmstad_ws/models/obb/experiments/sam3_hybrid_full/runs/predictions/baylands-leader-v7e-imgsz768-nomosaic/baylands_super_75_15_10_test_all
road_to_strip_v2_frame_000092_154552000000,correct_empty,0,0,0,0.0,0.0,,/home/ruben/halmstad_ws/datasets/final/baylands_super_75_15_10/images/test/road_to_strip_v2_frame_000092_154552000000.jpg,/home/ruben/halmstad_ws/models/obb/experiments/sam3_hybrid_full/runs/predictions/baylands-leader-v7e-imgsz768-nomosaic/baylands_super_75_15_10_test_all
road_to_strip_v2_frame_000093_155552000000,correct_empty,0,0,0,0.0,0.0,,/home/ruben/halmstad_ws/datasets/final/baylands_super_75_15_10/images/test/road_to_strip_v2_frame_000093_155552000000.jpg,/home/ruben/halmstad_ws/models/obb/experiments/sam3_hybrid_full/runs/predictions/baylands-leader-v7e-imgsz768-nomosaic/baylands_super_75_15_10_test_all
road_to_strip_v2_frame_000094_156600000000,matched,1,1,1,0.830815,0.830815,0.877387,/home/ruben/halmstad_ws/datasets/final/baylands_super_75_15_10/images/test/road_to_strip_v2_frame_000094_156600000000.jpg,/home/ruben/halmstad_ws/models/obb/experiments/sam3_hybrid_full/runs/predictions/baylands-leader-v7e-imgsz768-nomosaic/baylands_super_75_15_10_test_all
road_to_strip_v2_frame_000095_157600000000,correct_empty,0,0,0,0.0,0.0,,/home/ruben/halmstad_ws/datasets/final/baylands_super_75_15_10/images/test/road_to_strip_v2_frame_000095_157600000000.jpg,/home/ruben/halmstad_ws/models/obb/experiments/sam3_hybrid_full/runs/predictions/baylands-leader-v7e-imgsz768-nomosaic/baylands_super_75_15_10_test_all
road_to_strip_v2_frame_000096_158600000000,correct_empty,0,0,0,0.0,0.0,,/home/ruben/halmstad_ws/datasets/final/baylands_super_75_15_10/images/test/road_to_strip_v2_frame_000096_158600000000.jpg,/home/ruben/halmstad_ws/models/obb/experiments/sam3_hybrid_full/runs/predictions/baylands-leader-v7e-imgsz768-nomosaic/baylands_super_75_15_10_test_all
road_to_strip_v2_frame_000097_159652000000,correct_empty,0,0,0,0.0,0.0,,/home/ruben/halmstad_ws/datasets/final/baylands_super_75_15_10/images/test/road_to_strip_v2_frame_000097_159652000000.jpg,/home/ruben/halmstad_ws/models/obb/experiments/sam3_hybrid_full/runs/predictions/baylands-leader-v7e-imgsz768-nomosaic/baylands_super_75_15_10_test_all
road_to_strip_v3_frame_000041_145952000000,matched,1,1,1,0.871642,0.871642,0.915267,/home/ruben/halmstad_ws/datasets/final/baylands_super_75_15_10/images/test/road_to_strip_v3_frame_000041_145952000000.jpg,/home/ruben/halmstad_ws/models/obb/experiments/sam3_hybrid_full/runs/predictions/baylands-leader-v7e-imgsz768-nomosaic/baylands_super_75_15_10_test_all
road_to_strip_v3_frame_000047_152000000000,matched,1,1,1,0.900579,0.900579,0.936773,/home/ruben/halmstad_ws/datasets/final/baylands_super_75_15_10/images/test/road_to_strip_v3_frame_000047_152000000000.jpg,/home/ruben/halmstad_ws/models/obb/experiments/sam3_hybrid_full/runs/predictions/baylands-leader-v7e-imgsz768-nomosaic/baylands_super_75_15_10_test_all
road_to_strip_v3_frame_000049_154052000000,matched,1,1,1,1.0,1.0,0.9415,/home/ruben/halmstad_ws/datasets/final/baylands_super_75_15_10/images/test/road_to_strip_v3_frame_000049_154052000000.jpg,/home/ruben/halmstad_ws/models/obb/experiments/sam3_hybrid_full/runs/predictions/baylands-leader-v7e-imgsz768-nomosaic/baylands_super_75_15_10_test_all
road_to_strip_v3_frame_000050_155052000000,matched,1,1,1,0.960599,0.960599,0.942768,/home/ruben/halmstad_ws/datasets/final/baylands_super_75_15_10/images/test/road_to_strip_v3_frame_000050_155052000000.jpg,/home/ruben/halmstad_ws/models/obb/experiments/sam3_hybrid_full/runs/predictions/baylands-leader-v7e-imgsz768-nomosaic/baylands_super_75_15_10_test_all
road_to_strip_v3_frame_000051_156100000000,matched,1,1,1,0.914121,0.914121,0.947626,/home/ruben/halmstad_ws/datasets/final/baylands_super_75_15_10/images/test/road_to_strip_v3_frame_000051_156100000000.jpg,/home/ruben/halmstad_ws/models/obb/experiments/sam3_hybrid_full/runs/predictions/baylands-leader-v7e-imgsz768-nomosaic/baylands_super_75_15_10_test_all
road_to_strip_v3_frame_000052_157100000000,matched,1,1,1,0.943404,0.943404,0.933608,/home/ruben/halmstad_ws/datasets/final/baylands_super_75_15_10/images/test/road_to_strip_v3_frame_000052_157100000000.jpg,/home/ruben/halmstad_ws/models/obb/experiments/sam3_hybrid_full/runs/predictions/baylands-leader-v7e-imgsz768-nomosaic/baylands_super_75_15_10_test_all
road_to_strip_v3_frame_000053_158100000000,matched,1,1,1,0.916816,0.916816,0.934166,/home/ruben/halmstad_ws/datasets/final/baylands_super_75_15_10/images/test/road_to_strip_v3_frame_000053_158100000000.jpg,/home/ruben/halmstad_ws/models/obb/experiments/sam3_hybrid_full/runs/predictions/baylands-leader-v7e-imgsz768-nomosaic/baylands_super_75_15_10_test_all
road_to_strip_v3_frame_000056_161152000000,matched,1,1,1,0.925133,0.925133,0.931828,/home/ruben/halmstad_ws/datasets/final/baylands_super_75_15_10/images/test/road_to_strip_v3_frame_000056_161152000000.jpg,/home/ruben/halmstad_ws/models/obb/experiments/sam3_hybrid_full/runs/predictions/baylands-leader-v7e-imgsz768-nomosaic/baylands_super_75_15_10_test_all
road_to_strip_v3_frame_000142_263800000000,matched,1,1,1,0.902206,0.902206,0.946739,/home/ruben/halmstad_ws/datasets/final/baylands_super_75_15_10/images/test/road_to_strip_v3_frame_000142_263800000000.jpg,/home/ruben/halmstad_ws/models/obb/experiments/sam3_hybrid_full/runs/predictions/baylands-leader-v7e-imgsz768-nomosaic/baylands_super_75_15_10_test_all
road_to_strip_v3_frame_000143_264800000000,matched,1,1,1,1.0,1.0,0.952991,/home/ruben/halmstad_ws/datasets/final/baylands_super_75_15_10/images/test/road_to_strip_v3_frame_000143_264800000000.jpg,/home/ruben/halmstad_ws/models/obb/experiments/sam3_hybrid_full/runs/predictions/baylands-leader-v7e-imgsz768-nomosaic/baylands_super_75_15_10_test_all
road_to_strip_v3_frame_000145_266852000000,matched,1,1,1,0.963121,0.963121,0.947229,/home/ruben/halmstad_ws/datasets/final/baylands_super_75_15_10/images/test/road_to_strip_v3_frame_000145_266852000000.jpg,/home/ruben/halmstad_ws/models/obb/experiments/sam3_hybrid_full/runs/predictions/baylands-leader-v7e-imgsz768-nomosaic/baylands_super_75_15_10_test_all
road_to_strip_v3_frame_000147_268852000000,matched,1,1,1,0.842059,0.842059,0.947785,/home/ruben/halmstad_ws/datasets/final/baylands_super_75_15_10/images/test/road_to_strip_v3_frame_000147_268852000000.jpg,/home/ruben/halmstad_ws/models/obb/experiments/sam3_hybrid_full/runs/predictions/baylands-leader-v7e-imgsz768-nomosaic/baylands_super_75_15_10_test_all
road_to_strip_v3_frame_000148_269900000000,matched,1,1,1,0.600879,0.600879,0.299429,/home/ruben/halmstad_ws/datasets/final/baylands_super_75_15_10/images/test/road_to_strip_v3_frame_000148_269900000000.jpg,/home/ruben/halmstad_ws/models/obb/experiments/sam3_hybrid_full/runs/predictions/baylands-leader-v7e-imgsz768-nomosaic/baylands_super_75_15_10_test_all
road_to_strip_v3_frame_000150_278400000000,matched,1,1,1,0.883744,0.883744,0.900643,/home/ruben/halmstad_ws/datasets/final/baylands_super_75_15_10/images/test/road_to_strip_v3_frame_000150_278400000000.jpg,/home/ruben/halmstad_ws/models/obb/experiments/sam3_hybrid_full/runs/predictions/baylands-leader-v7e-imgsz768-nomosaic/baylands_super_75_15_10_test_all
road_to_strip_v3_frame_000152_280400000000,matched,1,1,1,0.888457,0.888457,0.859136,/home/ruben/halmstad_ws/datasets/final/baylands_super_75_15_10/images/test/road_to_strip_v3_frame_000152_280400000000.jpg,/home/ruben/halmstad_ws/models/obb/experiments/sam3_hybrid_full/runs/predictions/baylands-leader-v7e-imgsz768-nomosaic/baylands_super_75_15_10_test_all
road_to_strip_v3_frame_000153_281452000000,matched,1,1,1,0.798733,0.798733,0.904123,/home/ruben/halmstad_ws/datasets/final/baylands_super_75_15_10/images/test/road_to_strip_v3_frame_000153_281452000000.jpg,/home/ruben/halmstad_ws/models/obb/experiments/sam3_hybrid_full/runs/predictions/baylands-leader-v7e-imgsz768-nomosaic/baylands_super_75_15_10_test_all
road_to_strip_v3_frame_000155_283452000000,matched,1,1,1,0.63075,0.63075,0.88653,/home/ruben/halmstad_ws/datasets/final/baylands_super_75_15_10/images/test/road_to_strip_v3_frame_000155_283452000000.jpg,/home/ruben/halmstad_ws/models/obb/experiments/sam3_hybrid_full/runs/predictions/baylands-leader-v7e-imgsz768-nomosaic/baylands_super_75_15_10_test_all
road_to_strip_v3_frame_000156_284452000000,matched,1,1,1,0.550542,0.550542,0.927627,/home/ruben/halmstad_ws/datasets/final/baylands_super_75_15_10/images/test/road_to_strip_v3_frame_000156_284452000000.jpg,/home/ruben/halmstad_ws/models/obb/experiments/sam3_hybrid_full/runs/predictions/baylands-leader-v7e-imgsz768-nomosaic/baylands_super_75_15_10_test_all
road_to_strip_v3_frame_000157_285452000000,matched,1,1,1,0.932999,0.932999,0.957353,/home/ruben/halmstad_ws/datasets/final/baylands_super_75_15_10/images/test/road_to_strip_v3_frame_000157_285452000000.jpg,/home/ruben/halmstad_ws/models/obb/experiments/sam3_hybrid_full/runs/predictions/baylands-leader-v7e-imgsz768-nomosaic/baylands_super_75_15_10_test_all
road_to_strip_v3_frame_000158_286452000000,multi_prediction,1,2,1,0.742185,0.742185,0.934162,/home/ruben/halmstad_ws/datasets/final/baylands_super_75_15_10/images/test/road_to_strip_v3_frame_000158_286452000000.jpg,/home/ruben/halmstad_ws/models/obb/experiments/sam3_hybrid_full/runs/predictions/baylands-leader-v7e-imgsz768-nomosaic/baylands_super_75_15_10_test_all
road_to_strip_v3_frame_000159_287452000000,matched,1,1,1,0.86772,0.86772,0.906973,/home/ruben/halmstad_ws/datasets/final/baylands_super_75_15_10/images/test/road_to_strip_v3_frame_000159_287452000000.jpg,/home/ruben/halmstad_ws/models/obb/experiments/sam3_hybrid_full/runs/predictions/baylands-leader-v7e-imgsz768-nomosaic/baylands_super_75_15_10_test_all
road_to_strip_v3_frame_000160_288452000000,matched,1,1,1,0.745543,0.745543,0.857251,/home/ruben/halmstad_ws/datasets/final/baylands_super_75_15_10/images/test/road_to_strip_v3_frame_000160_288452000000.jpg,/home/ruben/halmstad_ws/models/obb/experiments/sam3_hybrid_full/runs/predictions/baylands-leader-v7e-imgsz768-nomosaic/baylands_super_75_15_10_test_all
road_to_strip_v3_frame_000161_289500000000,matched,1,1,1,0.456691,0.456691,0.56869,/home/ruben/halmstad_ws/datasets/final/baylands_super_75_15_10/images/test/road_to_strip_v3_frame_000161_289500000000.jpg,/home/ruben/halmstad_ws/models/obb/experiments/sam3_hybrid_full/runs/predictions/baylands-leader-v7e-imgsz768-nomosaic/baylands_super_75_15_10_test_all
road_to_strip_v3_frame_000163_291552000000,matched,1,1,1,0.888508,0.888508,0.729966,/home/ruben/halmstad_ws/datasets/final/baylands_super_75_15_10/images/test/road_to_strip_v3_frame_000163_291552000000.jpg,/home/ruben/halmstad_ws/models/obb/experiments/sam3_hybrid_full/runs/predictions/baylands-leader-v7e-imgsz768-nomosaic/baylands_super_75_15_10_test_all
road_to_strip_v3_frame_000164_292552000000,matched,1,1,1,0.853495,0.853495,0.961721,/home/ruben/halmstad_ws/datasets/final/baylands_super_75_15_10/images/test/road_to_strip_v3_frame_000164_292552000000.jpg,/home/ruben/halmstad_ws/models/obb/experiments/sam3_hybrid_full/runs/predictions/baylands-leader-v7e-imgsz768-nomosaic/baylands_super_75_15_10_test_all
road_to_strip_v3_frame_000166_294552000000,matched,1,1,1,0.865688,0.865688,0.949785,/home/ruben/halmstad_ws/datasets/final/baylands_super_75_15_10/images/test/road_to_strip_v3_frame_000166_294552000000.jpg,/home/ruben/halmstad_ws/models/obb/experiments/sam3_hybrid_full/runs/predictions/baylands-leader-v7e-imgsz768-nomosaic/baylands_super_75_15_10_test_all
road_to_strip_v3_frame_000167_295552000000,matched,1,1,1,0.870087,0.870087,0.945432,/home/ruben/halmstad_ws/datasets/final/baylands_super_75_15_10/images/test/road_to_strip_v3_frame_000167_295552000000.jpg,/home/ruben/halmstad_ws/models/obb/experiments/sam3_hybrid_full/runs/predictions/baylands-leader-v7e-imgsz768-nomosaic/baylands_super_75_15_10_test_all
road_to_strip_v4_frame_000022_145300000000,matched,1,1,1,0.899514,0.899514,0.90264,/home/ruben/halmstad_ws/datasets/final/baylands_super_75_15_10/images/test/road_to_strip_v4_frame_000022_145300000000.jpg,/home/ruben/halmstad_ws/models/obb/experiments/sam3_hybrid_full/runs/predictions/baylands-leader-v7e-imgsz768-nomosaic/baylands_super_75_15_10_test_all
road_to_strip_v4_frame_000025_157300000000,correct_empty,0,0,0,0.0,0.0,,/home/ruben/halmstad_ws/datasets/final/baylands_super_75_15_10/images/test/road_to_strip_v4_frame_000025_157300000000.jpg,/home/ruben/halmstad_ws/models/obb/experiments/sam3_hybrid_full/runs/predictions/baylands-leader-v7e-imgsz768-nomosaic/baylands_super_75_15_10_test_all
road_to_west_v1_frame_000021_119652000000,matched,1,1,1,0.869085,0.869085,0.915774,/home/ruben/halmstad_ws/datasets/final/baylands_super_75_15_10/images/test/road_to_west_v1_frame_000021_119652000000.jpg,/home/ruben/halmstad_ws/models/obb/experiments/sam3_hybrid_full/runs/predictions/baylands-leader-v7e-imgsz768-nomosaic/baylands_super_75_15_10_test_all
road_to_west_v1_frame_000023_121652000000,matched,1,1,1,0.878472,0.878472,0.947189,/home/ruben/halmstad_ws/datasets/final/baylands_super_75_15_10/images/test/road_to_west_v1_frame_000023_121652000000.jpg,/home/ruben/halmstad_ws/models/obb/experiments/sam3_hybrid_full/runs/predictions/baylands-leader-v7e-imgsz768-nomosaic/baylands_super_75_15_10_test_all
road_to_west_v1_frame_000024_122652000000,matched,1,1,1,0.808411,0.808411,0.928449,/home/ruben/halmstad_ws/datasets/final/baylands_super_75_15_10/images/test/road_to_west_v1_frame_000024_122652000000.jpg,/home/ruben/halmstad_ws/models/obb/experiments/sam3_hybrid_full/runs/predictions/baylands-leader-v7e-imgsz768-nomosaic/baylands_super_75_15_10_test_all
road_to_west_v1_frame_000029_127700000000,matched,1,1,1,0.426512,0.426512,0.784153,/home/ruben/halmstad_ws/datasets/final/baylands_super_75_15_10/images/test/road_to_west_v1_frame_000029_127700000000.jpg,/home/ruben/halmstad_ws/models/obb/experiments/sam3_hybrid_full/runs/predictions/baylands-leader-v7e-imgsz768-nomosaic/baylands_super_75_15_10_test_all
road_to_west_v1_frame_000030_128700000000,matched,1,1,1,0.71696,0.71696,0.760419,/home/ruben/halmstad_ws/datasets/final/baylands_super_75_15_10/images/test/road_to_west_v1_frame_000030_128700000000.jpg,/home/ruben/halmstad_ws/models/obb/experiments/sam3_hybrid_full/runs/predictions/baylands-leader-v7e-imgsz768-nomosaic/baylands_super_75_15_10_test_all
road_to_west_v1_frame_000031_129700000000,matched,1,1,1,0.456737,0.456737,0.787617,/home/ruben/halmstad_ws/datasets/final/baylands_super_75_15_10/images/test/road_to_west_v1_frame_000031_129700000000.jpg,/home/ruben/halmstad_ws/models/obb/experiments/sam3_hybrid_full/runs/predictions/baylands-leader-v7e-imgsz768-nomosaic/baylands_super_75_15_10_test_all
road_to_west_v1_frame_000033_131752000000,matched,1,1,1,0.787555,0.787555,0.885861,/home/ruben/halmstad_ws/datasets/final/baylands_super_75_15_10/images/test/road_to_west_v1_frame_000033_131752000000.jpg,/home/ruben/halmstad_ws/models/obb/experiments/sam3_hybrid_full/runs/predictions/baylands-leader-v7e-imgsz768-nomosaic/baylands_super_75_15_10_test_all
road_to_west_v1_frame_000034_132752000000,matched,1,1,1,0.890172,0.890172,0.923796,/home/ruben/halmstad_ws/datasets/final/baylands_super_75_15_10/images/test/road_to_west_v1_frame_000034_132752000000.jpg,/home/ruben/halmstad_ws/models/obb/experiments/sam3_hybrid_full/runs/predictions/baylands-leader-v7e-imgsz768-nomosaic/baylands_super_75_15_10_test_all
road_to_west_v1_frame_000035_133752000000,matched,1,1,1,0.803333,0.803333,0.864903,/home/ruben/halmstad_ws/datasets/final/baylands_super_75_15_10/images/test/road_to_west_v1_frame_000035_133752000000.jpg,/home/ruben/halmstad_ws/models/obb/experiments/sam3_hybrid_full/runs/predictions/baylands-leader-v7e-imgsz768-nomosaic/baylands_super_75_15_10_test_all
road_to_west_v1_frame_000037_135800000000,matched,1,1,1,0.871779,0.871779,0.87285,/home/ruben/halmstad_ws/datasets/final/baylands_super_75_15_10/images/test/road_to_west_v1_frame_000037_135800000000.jpg,/home/ruben/halmstad_ws/models/obb/experiments/sam3_hybrid_full/runs/predictions/baylands-leader-v7e-imgsz768-nomosaic/baylands_super_75_15_10_test_all
road_to_west_v1_frame_000039_137800000000,matched,1,1,1,0.914546,0.914546,0.919595,/home/ruben/halmstad_ws/datasets/final/baylands_super_75_15_10/images/test/road_to_west_v1_frame_000039_137800000000.jpg,/home/ruben/halmstad_ws/models/obb/experiments/sam3_hybrid_full/runs/predictions/baylands-leader-v7e-imgsz768-nomosaic/baylands_super_75_15_10_test_all
road_to_west_v1_frame_000040_138800000000,matched,1,1,1,0.811403,0.811403,0.896614,/home/ruben/halmstad_ws/datasets/final/baylands_super_75_15_10/images/test/road_to_west_v1_frame_000040_138800000000.jpg,/home/ruben/halmstad_ws/models/obb/experiments/sam3_hybrid_full/runs/predictions/baylands-leader-v7e-imgsz768-nomosaic/baylands_super_75_15_10_test_all
road_to_west_v1_frame_000041_139800000000,matched,1,1,1,0.834662,0.834662,0.935545,/home/ruben/halmstad_ws/datasets/final/baylands_super_75_15_10/images/test/road_to_west_v1_frame_000041_139800000000.jpg,/home/ruben/halmstad_ws/models/obb/experiments/sam3_hybrid_full/runs/predictions/baylands-leader-v7e-imgsz768-nomosaic/baylands_super_75_15_10_test_all
road_to_west_v1_frame_000043_141800000000,matched,1,1,1,0.511314,0.511314,0.889613,/home/ruben/halmstad_ws/datasets/final/baylands_super_75_15_10/images/test/road_to_west_v1_frame_000043_141800000000.jpg,/home/ruben/halmstad_ws/models/obb/experiments/sam3_hybrid_full/runs/predictions/baylands-leader-v7e-imgsz768-nomosaic/baylands_super_75_15_10_test_all
road_to_west_v1_frame_000046_144800000000,matched,1,1,1,0.822337,0.822337,0.896144,/home/ruben/halmstad_ws/datasets/final/baylands_super_75_15_10/images/test/road_to_west_v1_frame_000046_144800000000.jpg,/home/ruben/halmstad_ws/models/obb/experiments/sam3_hybrid_full/runs/predictions/baylands-leader-v7e-imgsz768-nomosaic/baylands_super_75_15_10_test_all
road_to_west_v2_frame_000058_119700000000,matched,1,1,1,1.0,1.0,0.933379,/home/ruben/halmstad_ws/datasets/final/baylands_super_75_15_10/images/test/road_to_west_v2_frame_000058_119700000000.jpg,/home/ruben/halmstad_ws/models/obb/experiments/sam3_hybrid_full/runs/predictions/baylands-leader-v7e-imgsz768-nomosaic/baylands_super_75_15_10_test_all
road_to_west_v2_frame_000060_121800000000,matched,1,1,1,0.907577,0.907577,0.935769,/home/ruben/halmstad_ws/datasets/final/baylands_super_75_15_10/images/test/road_to_west_v2_frame_000060_121800000000.jpg,/home/ruben/halmstad_ws/models/obb/experiments/sam3_hybrid_full/runs/predictions/baylands-leader-v7e-imgsz768-nomosaic/baylands_super_75_15_10_test_all
road_to_west_v2_frame_000061_122800000000,matched,1,1,1,0.798205,0.798205,0.938892,/home/ruben/halmstad_ws/datasets/final/baylands_super_75_15_10/images/test/road_to_west_v2_frame_000061_122800000000.jpg,/home/ruben/halmstad_ws/models/obb/experiments/sam3_hybrid_full/runs/predictions/baylands-leader-v7e-imgsz768-nomosaic/baylands_super_75_15_10_test_all
road_to_west_v2_frame_000067_128800000000,correct_empty,0,0,0,0.0,0.0,,/home/ruben/halmstad_ws/datasets/final/baylands_super_75_15_10/images/test/road_to_west_v2_frame_000067_128800000000.jpg,/home/ruben/halmstad_ws/models/obb/experiments/sam3_hybrid_full/runs/predictions/baylands-leader-v7e-imgsz768-nomosaic/baylands_super_75_15_10_test_all
road_to_west_v2_frame_000068_129800000000,matched,1,1,1,0.71351,0.71351,0.882948,/home/ruben/halmstad_ws/datasets/final/baylands_super_75_15_10/images/test/road_to_west_v2_frame_000068_129800000000.jpg,/home/ruben/halmstad_ws/models/obb/experiments/sam3_hybrid_full/runs/predictions/baylands-leader-v7e-imgsz768-nomosaic/baylands_super_75_15_10_test_all
road_to_west_v2_frame_000069_130900000000,matched,1,1,1,0.827618,0.827618,0.913474,/home/ruben/halmstad_ws/datasets/final/baylands_super_75_15_10/images/test/road_to_west_v2_frame_000069_130900000000.jpg,/home/ruben/halmstad_ws/models/obb/experiments/sam3_hybrid_full/runs/predictions/baylands-leader-v7e-imgsz768-nomosaic/baylands_super_75_15_10_test_all
road_to_west_v2_frame_000070_131900000000,matched,1,1,1,0.919891,0.919891,0.944723,/home/ruben/halmstad_ws/datasets/final/baylands_super_75_15_10/images/test/road_to_west_v2_frame_000070_131900000000.jpg,/home/ruben/halmstad_ws/models/obb/experiments/sam3_hybrid_full/runs/predictions/baylands-leader-v7e-imgsz768-nomosaic/baylands_super_75_15_10_test_all
road_to_west_v2_frame_000075_139500000000,matched,1,1,1,0.782847,0.782847,0.705426,/home/ruben/halmstad_ws/datasets/final/baylands_super_75_15_10/images/test/road_to_west_v2_frame_000075_139500000000.jpg,/home/ruben/halmstad_ws/models/obb/experiments/sam3_hybrid_full/runs/predictions/baylands-leader-v7e-imgsz768-nomosaic/baylands_super_75_15_10_test_all
road_to_west_v2_frame_000076_140500000000,multi_prediction,1,2,1,0.846036,0.846036,0.793608,/home/ruben/halmstad_ws/datasets/final/baylands_super_75_15_10/images/test/road_to_west_v2_frame_000076_140500000000.jpg,/home/ruben/halmstad_ws/models/obb/experiments/sam3_hybrid_full/runs/predictions/baylands-leader-v7e-imgsz768-nomosaic/baylands_super_75_15_10_test_all
road_to_west_v2_frame_000077_141500000000,matched,1,1,1,0.619049,0.619049,0.69559,/home/ruben/halmstad_ws/datasets/final/baylands_super_75_15_10/images/test/road_to_west_v2_frame_000077_141500000000.jpg,/home/ruben/halmstad_ws/models/obb/experiments/sam3_hybrid_full/runs/predictions/baylands-leader-v7e-imgsz768-nomosaic/baylands_super_75_15_10_test_all
road_to_west_v2_frame_000079_143600000000,matched,1,1,1,0.706799,0.706799,0.935175,/home/ruben/halmstad_ws/datasets/final/baylands_super_75_15_10/images/test/road_to_west_v2_frame_000079_143600000000.jpg,/home/ruben/halmstad_ws/models/obb/experiments/sam3_hybrid_full/runs/predictions/baylands-leader-v7e-imgsz768-nomosaic/baylands_super_75_15_10_test_all
road_to_west_v2_frame_000080_144600000000,matched,1,1,1,0.7312,0.7312,0.90685,/home/ruben/halmstad_ws/datasets/final/baylands_super_75_15_10/images/test/road_to_west_v2_frame_000080_144600000000.jpg,/home/ruben/halmstad_ws/models/obb/experiments/sam3_hybrid_full/runs/predictions/baylands-leader-v7e-imgsz768-nomosaic/baylands_super_75_15_10_test_all
road_to_west_v2_frame_000081_145600000000,matched,1,1,1,1.0,1.0,0.927867,/home/ruben/halmstad_ws/datasets/final/baylands_super_75_15_10/images/test/road_to_west_v2_frame_000081_145600000000.jpg,/home/ruben/halmstad_ws/models/obb/experiments/sam3_hybrid_full/runs/predictions/baylands-leader-v7e-imgsz768-nomosaic/baylands_super_75_15_10_test_all
road_to_west_v4_frame_000022_118700000000,no_prediction,1,0,0,0.0,0.0,,/home/ruben/halmstad_ws/datasets/final/baylands_super_75_15_10/images/test/road_to_west_v4_frame_000022_118700000000.jpg,/home/ruben/halmstad_ws/models/obb/experiments/sam3_hybrid_full/runs/predictions/baylands-leader-v7e-imgsz768-nomosaic/baylands_super_75_15_10_test_all
road_to_west_v4_frame_000029_130400000000,correct_empty,0,0,0,0.0,0.0,,/home/ruben/halmstad_ws/datasets/final/baylands_super_75_15_10/images/test/road_to_west_v4_frame_000029_130400000000.jpg,/home/ruben/halmstad_ws/models/obb/experiments/sam3_hybrid_full/runs/predictions/baylands-leader-v7e-imgsz768-nomosaic/baylands_super_75_15_10_test_all
road_to_west_v4_frame_000032_137900000000,correct_empty,0,0,0,0.0,0.0,,/home/ruben/halmstad_ws/datasets/final/baylands_super_75_15_10/images/test/road_to_west_v4_frame_000032_137900000000.jpg,/home/ruben/halmstad_ws/models/obb/experiments/sam3_hybrid_full/runs/predictions/baylands-leader-v7e-imgsz768-nomosaic/baylands_super_75_15_10_test_all
road_to_west_v4_frame_000033_138900000000,matched,1,1,1,0.852015,0.852015,0.93276,/home/ruben/halmstad_ws/datasets/final/baylands_super_75_15_10/images/test/road_to_west_v4_frame_000033_138900000000.jpg,/home/ruben/halmstad_ws/models/obb/experiments/sam3_hybrid_full/runs/predictions/baylands-leader-v7e-imgsz768-nomosaic/baylands_super_75_15_10_test_all
road_to_west_v4_frame_000034_139900000000,matched,1,1,1,0.908538,0.908538,0.908961,/home/ruben/halmstad_ws/datasets/final/baylands_super_75_15_10/images/test/road_to_west_v4_frame_000034_139900000000.jpg,/home/ruben/halmstad_ws/models/obb/experiments/sam3_hybrid_full/runs/predictions/baylands-leader-v7e-imgsz768-nomosaic/baylands_super_75_15_10_test_all
road_to_west_v4_frame_000036_141900000000,matched,1,1,1,0.665926,0.665926,0.313474,/home/ruben/halmstad_ws/datasets/final/baylands_super_75_15_10/images/test/road_to_west_v4_frame_000036_141900000000.jpg,/home/ruben/halmstad_ws/models/obb/experiments/sam3_hybrid_full/runs/predictions/baylands-leader-v7e-imgsz768-nomosaic/baylands_super_75_15_10_test_all
road_to_west_v6_frame_000046_122752000000,matched,1,1,1,0.840116,0.840116,0.880043,/home/ruben/halmstad_ws/datasets/final/baylands_super_75_15_10/images/test/road_to_west_v6_frame_000046_122752000000.jpg,/home/ruben/halmstad_ws/models/obb/experiments/sam3_hybrid_full/runs/predictions/baylands-leader-v7e-imgsz768-nomosaic/baylands_super_75_15_10_test_all
road_to_west_v6_frame_000049_125752000000,matched,1,1,1,0.802445,0.802445,0.856821,/home/ruben/halmstad_ws/datasets/final/baylands_super_75_15_10/images/test/road_to_west_v6_frame_000049_125752000000.jpg,/home/ruben/halmstad_ws/models/obb/experiments/sam3_hybrid_full/runs/predictions/baylands-leader-v7e-imgsz768-nomosaic/baylands_super_75_15_10_test_all
road_to_west_v6_frame_000059_135852000000,matched,1,1,1,0.86887,0.86887,0.885966,/home/ruben/halmstad_ws/datasets/final/baylands_super_75_15_10/images/test/road_to_west_v6_frame_000059_135852000000.jpg,/home/ruben/halmstad_ws/models/obb/experiments/sam3_hybrid_full/runs/predictions/baylands-leader-v7e-imgsz768-nomosaic/baylands_super_75_15_10_test_all
road_to_west_v6_frame_000060_136900000000,matched,1,1,1,0.900355,0.900355,0.915175,/home/ruben/halmstad_ws/datasets/final/baylands_super_75_15_10/images/test/road_to_west_v6_frame_000060_136900000000.jpg,/home/ruben/halmstad_ws/models/obb/experiments/sam3_hybrid_full/runs/predictions/baylands-leader-v7e-imgsz768-nomosaic/baylands_super_75_15_10_test_all
road_to_west_v6_frame_000065_141900000000,matched,1,1,1,0.836024,0.836024,0.891746,/home/ruben/halmstad_ws/datasets/final/baylands_super_75_15_10/images/test/road_to_west_v6_frame_000065_141900000000.jpg,/home/ruben/halmstad_ws/models/obb/experiments/sam3_hybrid_full/runs/predictions/baylands-leader-v7e-imgsz768-nomosaic/baylands_super_75_15_10_test_all
road_to_west_v7_frame_000014_119900000000,matched,1,1,1,0.910628,0.910628,0.915608,/home/ruben/halmstad_ws/datasets/final/baylands_super_75_15_10/images/test/road_to_west_v7_frame_000014_119900000000.jpg,/home/ruben/halmstad_ws/models/obb/experiments/sam3_hybrid_full/runs/predictions/baylands-leader-v7e-imgsz768-nomosaic/baylands_super_75_15_10_test_all
road_to_west_v7_frame_000015_123900000000,matched,1,1,1,0.952587,0.952587,0.919971,/home/ruben/halmstad_ws/datasets/final/baylands_super_75_15_10/images/test/road_to_west_v7_frame_000015_123900000000.jpg,/home/ruben/halmstad_ws/models/obb/experiments/sam3_hybrid_full/runs/predictions/baylands-leader-v7e-imgsz768-nomosaic/baylands_super_75_15_10_test_all
road_to_west_v7_frame_000016_128000000000,false_positive_empty,0,1,0,0.0,0.0,0.913351,/home/ruben/halmstad_ws/datasets/final/baylands_super_75_15_10/images/test/road_to_west_v7_frame_000016_128000000000.jpg,/home/ruben/halmstad_ws/models/obb/experiments/sam3_hybrid_full/runs/predictions/baylands-leader-v7e-imgsz768-nomosaic/baylands_super_75_15_10_test_all
road_to_west_v7_frame_000017_131900000000,matched,1,1,1,0.909254,0.909254,0.90089,/home/ruben/halmstad_ws/datasets/final/baylands_super_75_15_10/images/test/road_to_west_v7_frame_000017_131900000000.jpg,/home/ruben/halmstad_ws/models/obb/experiments/sam3_hybrid_full/runs/predictions/baylands-leader-v7e-imgsz768-nomosaic/baylands_super_75_15_10_test_all
road_to_west_v7_frame_000019_140000000000,matched,1,1,1,0.804849,0.804849,0.909394,/home/ruben/halmstad_ws/datasets/final/baylands_super_75_15_10/images/test/road_to_west_v7_frame_000019_140000000000.jpg,/home/ruben/halmstad_ws/models/obb/experiments/sam3_hybrid_full/runs/predictions/baylands-leader-v7e-imgsz768-nomosaic/baylands_super_75_15_10_test_all
road_to_west_v7_frame_000020_144000000000,matched,1,1,1,0.751175,0.751175,0.91496,/home/ruben/halmstad_ws/datasets/final/baylands_super_75_15_10/images/test/road_to_west_v7_frame_000020_144000000000.jpg,/home/ruben/halmstad_ws/models/obb/experiments/sam3_hybrid_full/runs/predictions/baylands-leader-v7e-imgsz768-nomosaic/baylands_super_75_15_10_test_all
road_to_west_v9_frame_000006_120700000000,matched,1,1,1,0.791336,0.791336,0.804311,/home/ruben/halmstad_ws/datasets/final/baylands_super_75_15_10/images/test/road_to_west_v9_frame_000006_120700000000.jpg,/home/ruben/halmstad_ws/models/obb/experiments/sam3_hybrid_full/runs/predictions/baylands-leader-v7e-imgsz768-nomosaic/baylands_super_75_15_10_test_all
road_to_west_v9_frame_000007_124700000000,matched,1,1,1,0.728951,0.728951,0.838279,/home/ruben/halmstad_ws/datasets/final/baylands_super_75_15_10/images/test/road_to_west_v9_frame_000007_124700000000.jpg,/home/ruben/halmstad_ws/models/obb/experiments/sam3_hybrid_full/runs/predictions/baylands-leader-v7e-imgsz768-nomosaic/baylands_super_75_15_10_test_all
road_to_west_v9_frame_000008_128700000000,matched,1,1,1,0.570724,0.570724,0.762959,/home/ruben/halmstad_ws/datasets/final/baylands_super_75_15_10/images/test/road_to_west_v9_frame_000008_128700000000.jpg,/home/ruben/halmstad_ws/models/obb/experiments/sam3_hybrid_full/runs/predictions/baylands-leader-v7e-imgsz768-nomosaic/baylands_super_75_15_10_test_all
road_to_west_v9_frame_000011_140700000000,matched,1,1,1,0.723056,0.723056,0.883397,/home/ruben/halmstad_ws/datasets/final/baylands_super_75_15_10/images/test/road_to_west_v9_frame_000011_140700000000.jpg,/home/ruben/halmstad_ws/models/obb/experiments/sam3_hybrid_full/runs/predictions/baylands-leader-v7e-imgsz768-nomosaic/baylands_super_75_15_10_test_all
road_to_west_v9_frame_000012_144700000000,matched,1,1,1,0.716942,0.716942,0.900245,/home/ruben/halmstad_ws/datasets/final/baylands_super_75_15_10/images/test/road_to_west_v9_frame_000012_144700000000.jpg,/home/ruben/halmstad_ws/models/obb/experiments/sam3_hybrid_full/runs/predictions/baylands-leader-v7e-imgsz768-nomosaic/baylands_super_75_15_10_test_all
spawn_v1_frame_000049_137400000000,matched,1,1,1,0.795713,0.795713,0.929836,/home/ruben/halmstad_ws/datasets/final/baylands_super_75_15_10/images/test/spawn_v1_frame_000049_137400000000.jpg,/home/ruben/halmstad_ws/models/obb/experiments/sam3_hybrid_full/runs/predictions/baylands-leader-v7e-imgsz768-nomosaic/baylands_super_75_15_10_test_all
spawn_v1_frame_000050_138400000000,matched,1,1,1,0.891872,0.891872,0.950548,/home/ruben/halmstad_ws/datasets/final/baylands_super_75_15_10/images/test/spawn_v1_frame_000050_138400000000.jpg,/home/ruben/halmstad_ws/models/obb/experiments/sam3_hybrid_full/runs/predictions/baylands-leader-v7e-imgsz768-nomosaic/baylands_super_75_15_10_test_all
spawn_v1_frame_000054_142452000000,matched,1,1,1,0.785559,0.785559,0.90161,/home/ruben/halmstad_ws/datasets/final/baylands_super_75_15_10/images/test/spawn_v1_frame_000054_142452000000.jpg,/home/ruben/halmstad_ws/models/obb/experiments/sam3_hybrid_full/runs/predictions/baylands-leader-v7e-imgsz768-nomosaic/baylands_super_75_15_10_test_all
spawn_v1_frame_000055_143452000000,matched,1,1,1,0.894654,0.894654,0.934387,/home/ruben/halmstad_ws/datasets/final/baylands_super_75_15_10/images/test/spawn_v1_frame_000055_143452000000.jpg,/home/ruben/halmstad_ws/models/obb/experiments/sam3_hybrid_full/runs/predictions/baylands-leader-v7e-imgsz768-nomosaic/baylands_super_75_15_10_test_all
spawn_v1_frame_000062_150452000000,matched,1,1,1,0.627788,0.627788,0.851372,/home/ruben/halmstad_ws/datasets/final/baylands_super_75_15_10/images/test/spawn_v1_frame_000062_150452000000.jpg,/home/ruben/halmstad_ws/models/obb/experiments/sam3_hybrid_full/runs/predictions/baylands-leader-v7e-imgsz768-nomosaic/baylands_super_75_15_10_test_all
spawn_v1_frame_000063_151500000000,matched,1,1,1,0.774225,0.774225,0.844192,/home/ruben/halmstad_ws/datasets/final/baylands_super_75_15_10/images/test/spawn_v1_frame_000063_151500000000.jpg,/home/ruben/halmstad_ws/models/obb/experiments/sam3_hybrid_full/runs/predictions/baylands-leader-v7e-imgsz768-nomosaic/baylands_super_75_15_10_test_all
spawn_v1_frame_000065_153500000000,matched,1,1,1,0.859902,0.859902,0.691104,/home/ruben/halmstad_ws/datasets/final/baylands_super_75_15_10/images/test/spawn_v1_frame_000065_153500000000.jpg,/home/ruben/halmstad_ws/models/obb/experiments/sam3_hybrid_full/runs/predictions/baylands-leader-v7e-imgsz768-nomosaic/baylands_super_75_15_10_test_all
spawn_v1_frame_000148_243700000000,matched,1,1,1,0.794303,0.794303,0.902819,/home/ruben/halmstad_ws/datasets/final/baylands_super_75_15_10/images/test/spawn_v1_frame_000148_243700000000.jpg,/home/ruben/halmstad_ws/models/obb/experiments/sam3_hybrid_full/runs/predictions/baylands-leader-v7e-imgsz768-nomosaic/baylands_super_75_15_10_test_all
spawn_v1_frame_000149_244700000000,matched,1,1,1,0.737254,0.737254,0.893577,/home/ruben/halmstad_ws/datasets/final/baylands_super_75_15_10/images/test/spawn_v1_frame_000149_244700000000.jpg,/home/ruben/halmstad_ws/models/obb/experiments/sam3_hybrid_full/runs/predictions/baylands-leader-v7e-imgsz768-nomosaic/baylands_super_75_15_10_test_all
spawn_v1_frame_000150_245700000000,matched,1,1,1,0.928028,0.928028,0.946835,/home/ruben/halmstad_ws/datasets/final/baylands_super_75_15_10/images/test/spawn_v1_frame_000150_245700000000.jpg,/home/ruben/halmstad_ws/models/obb/experiments/sam3_hybrid_full/runs/predictions/baylands-leader-v7e-imgsz768-nomosaic/baylands_super_75_15_10_test_all
spawn_v1_frame_000151_246700000000,matched,1,1,1,0.937409,0.937409,0.945378,/home/ruben/halmstad_ws/datasets/final/baylands_super_75_15_10/images/test/spawn_v1_frame_000151_246700000000.jpg,/home/ruben/halmstad_ws/models/obb/experiments/sam3_hybrid_full/runs/predictions/baylands-leader-v7e-imgsz768-nomosaic/baylands_super_75_15_10_test_all
spawn_v1_frame_000152_247700000000,matched,1,1,1,0.833183,0.833183,0.915863,/home/ruben/halmstad_ws/datasets/final/baylands_super_75_15_10/images/test/spawn_v1_frame_000152_247700000000.jpg,/home/ruben/halmstad_ws/models/obb/experiments/sam3_hybrid_full/runs/predictions/baylands-leader-v7e-imgsz768-nomosaic/baylands_super_75_15_10_test_all
spawn_v1_frame_000154_249700000000,matched,1,1,1,0.920026,0.920026,0.93437,/home/ruben/halmstad_ws/datasets/final/baylands_super_75_15_10/images/test/spawn_v1_frame_000154_249700000000.jpg,/home/ruben/halmstad_ws/models/obb/experiments/sam3_hybrid_full/runs/predictions/baylands-leader-v7e-imgsz768-nomosaic/baylands_super_75_15_10_test_all
spawn_v1_frame_000156_251752000000,matched,1,1,1,0.782777,0.782777,0.879782,/home/ruben/halmstad_ws/datasets/final/baylands_super_75_15_10/images/test/spawn_v1_frame_000156_251752000000.jpg,/home/ruben/halmstad_ws/models/obb/experiments/sam3_hybrid_full/runs/predictions/baylands-leader-v7e-imgsz768-nomosaic/baylands_super_75_15_10_test_all
spawn_v1_frame_000157_252752000000,matched,1,1,1,0.735552,0.735552,0.921617,/home/ruben/halmstad_ws/datasets/final/baylands_super_75_15_10/images/test/spawn_v1_frame_000157_252752000000.jpg,/home/ruben/halmstad_ws/models/obb/experiments/sam3_hybrid_full/runs/predictions/baylands-leader-v7e-imgsz768-nomosaic/baylands_super_75_15_10_test_all
spawn_v1_frame_000159_254752000000,matched,1,1,1,0.781928,0.781928,0.90421,/home/ruben/halmstad_ws/datasets/final/baylands_super_75_15_10/images/test/spawn_v1_frame_000159_254752000000.jpg,/home/ruben/halmstad_ws/models/obb/experiments/sam3_hybrid_full/runs/predictions/baylands-leader-v7e-imgsz768-nomosaic/baylands_super_75_15_10_test_all
spawn_v1_frame_000160_255752000000,matched,1,1,1,0.599847,0.599847,0.922496,/home/ruben/halmstad_ws/datasets/final/baylands_super_75_15_10/images/test/spawn_v1_frame_000160_255752000000.jpg,/home/ruben/halmstad_ws/models/obb/experiments/sam3_hybrid_full/runs/predictions/baylands-leader-v7e-imgsz768-nomosaic/baylands_super_75_15_10_test_all
spawn_v1_frame_000161_256800000000,matched,1,1,1,0.653803,0.653803,0.929377,/home/ruben/halmstad_ws/datasets/final/baylands_super_75_15_10/images/test/spawn_v1_frame_000161_256800000000.jpg,/home/ruben/halmstad_ws/models/obb/experiments/sam3_hybrid_full/runs/predictions/baylands-leader-v7e-imgsz768-nomosaic/baylands_super_75_15_10_test_all
spawn_v1_frame_000162_257800000000,matched,1,1,1,0.571554,0.571554,0.904953,/home/ruben/halmstad_ws/datasets/final/baylands_super_75_15_10/images/test/spawn_v1_frame_000162_257800000000.jpg,/home/ruben/halmstad_ws/models/obb/experiments/sam3_hybrid_full/runs/predictions/baylands-leader-v7e-imgsz768-nomosaic/baylands_super_75_15_10_test_all
spawn_v1_frame_000163_258800000000,matched,1,1,1,0.646748,0.646748,0.885194,/home/ruben/halmstad_ws/datasets/final/baylands_super_75_15_10/images/test/spawn_v1_frame_000163_258800000000.jpg,/home/ruben/halmstad_ws/models/obb/experiments/sam3_hybrid_full/runs/predictions/baylands-leader-v7e-imgsz768-nomosaic/baylands_super_75_15_10_test_all
spawn_v1_frame_000164_259800000000,matched,1,1,1,0.705662,0.705662,0.871284,/home/ruben/halmstad_ws/datasets/final/baylands_super_75_15_10/images/test/spawn_v1_frame_000164_259800000000.jpg,/home/ruben/halmstad_ws/models/obb/experiments/sam3_hybrid_full/runs/predictions/baylands-leader-v7e-imgsz768-nomosaic/baylands_super_75_15_10_test_all
spawn_v1_frame_000166_261852000000,matched,1,1,1,0.415128,0.415128,0.856582,/home/ruben/halmstad_ws/datasets/final/baylands_super_75_15_10/images/test/spawn_v1_frame_000166_261852000000.jpg,/home/ruben/halmstad_ws/models/obb/experiments/sam3_hybrid_full/runs/predictions/baylands-leader-v7e-imgsz768-nomosaic/baylands_super_75_15_10_test_all
spawn_v2_frame_000062_135652000000,matched,1,1,1,0.820497,0.820497,0.883743,/home/ruben/halmstad_ws/datasets/final/baylands_super_75_15_10/images/test/spawn_v2_frame_000062_135652000000.jpg,/home/ruben/halmstad_ws/models/obb/experiments/sam3_hybrid_full/runs/predictions/baylands-leader-v7e-imgsz768-nomosaic/baylands_super_75_15_10_test_all
spawn_v2_frame_000063_136652000000,matched,1,1,1,0.851857,0.851857,0.877756,/home/ruben/halmstad_ws/datasets/final/baylands_super_75_15_10/images/test/spawn_v2_frame_000063_136652000000.jpg,/home/ruben/halmstad_ws/models/obb/experiments/sam3_hybrid_full/runs/predictions/baylands-leader-v7e-imgsz768-nomosaic/baylands_super_75_15_10_test_all
spawn_v2_frame_000064_137652000000,matched,1,1,1,0.77212,0.77212,0.907787,/home/ruben/halmstad_ws/datasets/final/baylands_super_75_15_10/images/test/spawn_v2_frame_000064_137652000000.jpg,/home/ruben/halmstad_ws/models/obb/experiments/sam3_hybrid_full/runs/predictions/baylands-leader-v7e-imgsz768-nomosaic/baylands_super_75_15_10_test_all
spawn_v2_frame_000066_139652000000,matched,1,1,1,0.960529,0.960529,0.922796,/home/ruben/halmstad_ws/datasets/final/baylands_super_75_15_10/images/test/spawn_v2_frame_000066_139652000000.jpg,/home/ruben/halmstad_ws/models/obb/experiments/sam3_hybrid_full/runs/predictions/baylands-leader-v7e-imgsz768-nomosaic/baylands_super_75_15_10_test_all
spawn_v2_frame_000067_140700000000,matched,1,1,1,0.889249,0.889249,0.889078,/home/ruben/halmstad_ws/datasets/final/baylands_super_75_15_10/images/test/spawn_v2_frame_000067_140700000000.jpg,/home/ruben/halmstad_ws/models/obb/experiments/sam3_hybrid_full/runs/predictions/baylands-leader-v7e-imgsz768-nomosaic/baylands_super_75_15_10_test_all
spawn_v2_frame_000069_142700000000,matched,1,1,1,0.662274,0.662274,0.848433,/home/ruben/halmstad_ws/datasets/final/baylands_super_75_15_10/images/test/spawn_v2_frame_000069_142700000000.jpg,/home/ruben/halmstad_ws/models/obb/experiments/sam3_hybrid_full/runs/predictions/baylands-leader-v7e-imgsz768-nomosaic/baylands_super_75_15_10_test_all
spawn_v2_frame_000070_143652000000,matched,1,1,1,0.92664,0.92664,0.942906,/home/ruben/halmstad_ws/datasets/final/baylands_super_75_15_10/images/test/spawn_v2_frame_000070_143652000000.jpg,/home/ruben/halmstad_ws/models/obb/experiments/sam3_hybrid_full/runs/predictions/baylands-leader-v7e-imgsz768-nomosaic/baylands_super_75_15_10_test_all
spawn_v2_frame_000071_144700000000,matched,1,1,1,0.942594,0.942594,0.953013,/home/ruben/halmstad_ws/datasets/final/baylands_super_75_15_10/images/test/spawn_v2_frame_000071_144700000000.jpg,/home/ruben/halmstad_ws/models/obb/experiments/sam3_hybrid_full/runs/predictions/baylands-leader-v7e-imgsz768-nomosaic/baylands_super_75_15_10_test_all
spawn_v2_frame_000072_145700000000,matched,1,1,1,0.903095,0.903095,0.949224,/home/ruben/halmstad_ws/datasets/final/baylands_super_75_15_10/images/test/spawn_v2_frame_000072_145700000000.jpg,/home/ruben/halmstad_ws/models/obb/experiments/sam3_hybrid_full/runs/predictions/baylands-leader-v7e-imgsz768-nomosaic/baylands_super_75_15_10_test_all
spawn_v2_frame_000073_146700000000,multi_prediction,1,2,1,0.945421,0.945421,0.915233,/home/ruben/halmstad_ws/datasets/final/baylands_super_75_15_10/images/test/spawn_v2_frame_000073_146700000000.jpg,/home/ruben/halmstad_ws/models/obb/experiments/sam3_hybrid_full/runs/predictions/baylands-leader-v7e-imgsz768-nomosaic/baylands_super_75_15_10_test_all
spawn_v2_frame_000075_148700000000,multi_prediction,1,2,1,0.964233,0.964233,0.755412,/home/ruben/halmstad_ws/datasets/final/baylands_super_75_15_10/images/test/spawn_v2_frame_000075_148700000000.jpg,/home/ruben/halmstad_ws/models/obb/experiments/sam3_hybrid_full/runs/predictions/baylands-leader-v7e-imgsz768-nomosaic/baylands_super_75_15_10_test_all
spawn_v2_frame_000082_155752000000,matched,1,1,1,0.693442,0.693442,0.907266,/home/ruben/halmstad_ws/datasets/final/baylands_super_75_15_10/images/test/spawn_v2_frame_000082_155752000000.jpg,/home/ruben/halmstad_ws/models/obb/experiments/sam3_hybrid_full/runs/predictions/baylands-leader-v7e-imgsz768-nomosaic/baylands_super_75_15_10_test_all
spawn_v2_frame_000169_243600000000,matched,1,1,1,0.822195,0.822195,0.899872,/home/ruben/halmstad_ws/datasets/final/baylands_super_75_15_10/images/test/spawn_v2_frame_000169_243600000000.jpg,/home/ruben/halmstad_ws/models/obb/experiments/sam3_hybrid_full/runs/predictions/baylands-leader-v7e-imgsz768-nomosaic/baylands_super_75_15_10_test_all
spawn_v2_frame_000175_249700000000,matched,1,1,1,0.93593,0.93593,0.947787,/home/ruben/halmstad_ws/datasets/final/baylands_super_75_15_10/images/test/spawn_v2_frame_000175_249700000000.jpg,/home/ruben/halmstad_ws/models/obb/experiments/sam3_hybrid_full/runs/predictions/baylands-leader-v7e-imgsz768-nomosaic/baylands_super_75_15_10_test_all
spawn_v2_frame_000179_253700000000,matched,1,1,1,0.925539,0.925539,0.945028,/home/ruben/halmstad_ws/datasets/final/baylands_super_75_15_10/images/test/spawn_v2_frame_000179_253700000000.jpg,/home/ruben/halmstad_ws/models/obb/experiments/sam3_hybrid_full/runs/predictions/baylands-leader-v7e-imgsz768-nomosaic/baylands_super_75_15_10_test_all
spawn_v2_frame_000182_256700000000,matched,1,1,1,0.936332,0.936332,0.941126,/home/ruben/halmstad_ws/datasets/final/baylands_super_75_15_10/images/test/spawn_v2_frame_000182_256700000000.jpg,/home/ruben/halmstad_ws/models/obb/experiments/sam3_hybrid_full/runs/predictions/baylands-leader-v7e-imgsz768-nomosaic/baylands_super_75_15_10_test_all
spawn_v2_frame_000184_258752000000,matched,1,1,1,0.854468,0.854468,0.910594,/home/ruben/halmstad_ws/datasets/final/baylands_super_75_15_10/images/test/spawn_v2_frame_000184_258752000000.jpg,/home/ruben/halmstad_ws/models/obb/experiments/sam3_hybrid_full/runs/predictions/baylands-leader-v7e-imgsz768-nomosaic/baylands_super_75_15_10_test_all
spawn_v2_frame_000186_260752000000,matched,1,1,1,0.463795,0.463795,0.92442,/home/ruben/halmstad_ws/datasets/final/baylands_super_75_15_10/images/test/spawn_v2_frame_000186_260752000000.jpg,/home/ruben/halmstad_ws/models/obb/experiments/sam3_hybrid_full/runs/predictions/baylands-leader-v7e-imgsz768-nomosaic/baylands_super_75_15_10_test_all
spawn_v2_frame_000187_261752000000,matched,1,1,1,0.811878,0.811878,0.888025,/home/ruben/halmstad_ws/datasets/final/baylands_super_75_15_10/images/test/spawn_v2_frame_000187_261752000000.jpg,/home/ruben/halmstad_ws/models/obb/experiments/sam3_hybrid_full/runs/predictions/baylands-leader-v7e-imgsz768-nomosaic/baylands_super_75_15_10_test_all
spawn_v2_frame_000188_262752000000,matched,1,1,1,0.78023,0.78023,0.928748,/home/ruben/halmstad_ws/datasets/final/baylands_super_75_15_10/images/test/spawn_v2_frame_000188_262752000000.jpg,/home/ruben/halmstad_ws/models/obb/experiments/sam3_hybrid_full/runs/predictions/baylands-leader-v7e-imgsz768-nomosaic/baylands_super_75_15_10_test_all
spawn_v2_frame_000189_263800000000,matched,1,1,1,0.918223,0.918223,0.870397,/home/ruben/halmstad_ws/datasets/final/baylands_super_75_15_10/images/test/spawn_v2_frame_000189_263800000000.jpg,/home/ruben/halmstad_ws/models/obb/experiments/sam3_hybrid_full/runs/predictions/baylands-leader-v7e-imgsz768-nomosaic/baylands_super_75_15_10_test_all
spawn_v3_frame_000011_137200000000,correct_empty,0,0,0,0.0,0.0,,/home/ruben/halmstad_ws/datasets/final/baylands_super_75_15_10/images/test/spawn_v3_frame_000011_137200000000.jpg,/home/ruben/halmstad_ws/models/obb/experiments/sam3_hybrid_full/runs/predictions/baylands-leader-v7e-imgsz768-nomosaic/baylands_super_75_15_10_test_all
spawn_v3_frame_000012_141200000000,correct_empty,0,0,0,0.0,0.0,,/home/ruben/halmstad_ws/datasets/final/baylands_super_75_15_10/images/test/spawn_v3_frame_000012_141200000000.jpg,/home/ruben/halmstad_ws/models/obb/experiments/sam3_hybrid_full/runs/predictions/baylands-leader-v7e-imgsz768-nomosaic/baylands_super_75_15_10_test_all
spawn_v3_frame_000013_145300000000,matched,1,1,1,0.871534,0.871534,0.924244,/home/ruben/halmstad_ws/datasets/final/baylands_super_75_15_10/images/test/spawn_v3_frame_000013_145300000000.jpg,/home/ruben/halmstad_ws/models/obb/experiments/sam3_hybrid_full/runs/predictions/baylands-leader-v7e-imgsz768-nomosaic/baylands_super_75_15_10_test_all
spawn_v3_frame_000014_149300000000,matched,1,1,1,0.531274,0.531274,0.822772,/home/ruben/halmstad_ws/datasets/final/baylands_super_75_15_10/images/test/spawn_v3_frame_000014_149300000000.jpg,/home/ruben/halmstad_ws/models/obb/experiments/sam3_hybrid_full/runs/predictions/baylands-leader-v7e-imgsz768-nomosaic/baylands_super_75_15_10_test_all
spawn_v3_frame_000015_153300000000,correct_empty,0,0,0,0.0,0.0,,/home/ruben/halmstad_ws/datasets/final/baylands_super_75_15_10/images/test/spawn_v3_frame_000015_153300000000.jpg,/home/ruben/halmstad_ws/models/obb/experiments/sam3_hybrid_full/runs/predictions/baylands-leader-v7e-imgsz768-nomosaic/baylands_super_75_15_10_test_all
spawn_v3_frame_000016_157300000000,correct_empty,0,0,0,0.0,0.0,,/home/ruben/halmstad_ws/datasets/final/baylands_super_75_15_10/images/test/spawn_v3_frame_000016_157300000000.jpg,/home/ruben/halmstad_ws/models/obb/experiments/sam3_hybrid_full/runs/predictions/baylands-leader-v7e-imgsz768-nomosaic/baylands_super_75_15_10_test_all
spawn_v3_frame_000038_245500000000,correct_empty,0,0,0,0.0,0.0,,/home/ruben/halmstad_ws/datasets/final/baylands_super_75_15_10/images/test/spawn_v3_frame_000038_245500000000.jpg,/home/ruben/halmstad_ws/models/obb/experiments/sam3_hybrid_full/runs/predictions/baylands-leader-v7e-imgsz768-nomosaic/baylands_super_75_15_10_test_all
strip_v1_frame_000009_92400000000,matched,1,1,1,0.885909,0.885909,0.940987,/home/ruben/halmstad_ws/datasets/final/baylands_super_75_15_10/images/test/strip_v1_frame_000009_92400000000.jpg,/home/ruben/halmstad_ws/models/obb/experiments/sam3_hybrid_full/runs/predictions/baylands-leader-v7e-imgsz768-nomosaic/baylands_super_75_15_10_test_all
strip_v1_frame_000011_100500000000,matched,1,1,1,0.926066,0.926066,0.899659,/home/ruben/halmstad_ws/datasets/final/baylands_super_75_15_10/images/test/strip_v1_frame_000011_100500000000.jpg,/home/ruben/halmstad_ws/models/obb/experiments/sam3_hybrid_full/runs/predictions/baylands-leader-v7e-imgsz768-nomosaic/baylands_super_75_15_10_test_all
strip_v1_frame_000014_112500000000,correct_empty,0,0,0,0.0,0.0,,/home/ruben/halmstad_ws/datasets/final/baylands_super_75_15_10/images/test/strip_v1_frame_000014_112500000000.jpg,/home/ruben/halmstad_ws/models/obb/experiments/sam3_hybrid_full/runs/predictions/baylands-leader-v7e-imgsz768-nomosaic/baylands_super_75_15_10_test_all
strip_v1_frame_000029_172700000000,matched,1,1,1,0.635771,0.635771,0.893189,/home/ruben/halmstad_ws/datasets/final/baylands_super_75_15_10/images/test/strip_v1_frame_000029_172700000000.jpg,/home/ruben/halmstad_ws/models/obb/experiments/sam3_hybrid_full/runs/predictions/baylands-leader-v7e-imgsz768-nomosaic/baylands_super_75_15_10_test_all
strip_v1_frame_000030_176700000000,matched,1,1,1,0.856862,0.856862,0.905829,/home/ruben/halmstad_ws/datasets/final/baylands_super_75_15_10/images/test/strip_v1_frame_000030_176700000000.jpg,/home/ruben/halmstad_ws/models/obb/experiments/sam3_hybrid_full/runs/predictions/baylands-leader-v7e-imgsz768-nomosaic/baylands_super_75_15_10_test_all
strip_v1_frame_000032_184700000000,correct_empty,0,0,0,0.0,0.0,,/home/ruben/halmstad_ws/datasets/final/baylands_super_75_15_10/images/test/strip_v1_frame_000032_184700000000.jpg,/home/ruben/halmstad_ws/models/obb/experiments/sam3_hybrid_full/runs/predictions/baylands-leader-v7e-imgsz768-nomosaic/baylands_super_75_15_10_test_all
strip_v2_frame_000004_94800000000,matched,1,1,1,0.866964,0.866964,0.918772,/home/ruben/halmstad_ws/datasets/final/baylands_super_75_15_10/images/test/strip_v2_frame_000004_94800000000.jpg,/home/ruben/halmstad_ws/models/obb/experiments/sam3_hybrid_full/runs/predictions/baylands-leader-v7e-imgsz768-nomosaic/baylands_super_75_15_10_test_all
strip_v2_frame_000005_98800000000,matched,1,1,1,0.711254,0.711254,0.541558,/home/ruben/halmstad_ws/datasets/final/baylands_super_75_15_10/images/test/strip_v2_frame_000005_98800000000.jpg,/home/ruben/halmstad_ws/models/obb/experiments/sam3_hybrid_full/runs/predictions/baylands-leader-v7e-imgsz768-nomosaic/baylands_super_75_15_10_test_all
strip_v2_frame_000025_178900000000,correct_empty,0,0,0,0.0,0.0,,/home/ruben/halmstad_ws/datasets/final/baylands_super_75_15_10/images/test/strip_v2_frame_000025_178900000000.jpg,/home/ruben/halmstad_ws/models/obb/experiments/sam3_hybrid_full/runs/predictions/baylands-leader-v7e-imgsz768-nomosaic/baylands_super_75_15_10_test_all
strip_v2_frame_000026_183000000000,correct_empty,0,0,0,0.0,0.0,,/home/ruben/halmstad_ws/datasets/final/baylands_super_75_15_10/images/test/strip_v2_frame_000026_183000000000.jpg,/home/ruben/halmstad_ws/models/obb/experiments/sam3_hybrid_full/runs/predictions/baylands-leader-v7e-imgsz768-nomosaic/baylands_super_75_15_10_test_all
strip_v3_frame_000017_95952000000,matched,1,1,1,0.964055,0.964055,0.938217,/home/ruben/halmstad_ws/datasets/final/baylands_super_75_15_10/images/test/strip_v3_frame_000017_95952000000.jpg,/home/ruben/halmstad_ws/models/obb/experiments/sam3_hybrid_full/runs/predictions/baylands-leader-v7e-imgsz768-nomosaic/baylands_super_75_15_10_test_all
strip_v3_frame_000019_98000000000,matched,1,1,1,0.980508,0.980508,0.942642,/home/ruben/halmstad_ws/datasets/final/baylands_super_75_15_10/images/test/strip_v3_frame_000019_98000000000.jpg,/home/ruben/halmstad_ws/models/obb/experiments/sam3_hybrid_full/runs/predictions/baylands-leader-v7e-imgsz768-nomosaic/baylands_super_75_15_10_test_all
strip_v3_frame_000020_99000000000,matched,1,1,1,0.971001,0.971001,0.94076,/home/ruben/halmstad_ws/datasets/final/baylands_super_75_15_10/images/test/strip_v3_frame_000020_99000000000.jpg,/home/ruben/halmstad_ws/models/obb/experiments/sam3_hybrid_full/runs/predictions/baylands-leader-v7e-imgsz768-nomosaic/baylands_super_75_15_10_test_all
strip_v3_frame_000021_100052000000,matched,1,1,1,0.936951,0.936951,0.937111,/home/ruben/halmstad_ws/datasets/final/baylands_super_75_15_10/images/test/strip_v3_frame_000021_100052000000.jpg,/home/ruben/halmstad_ws/models/obb/experiments/sam3_hybrid_full/runs/predictions/baylands-leader-v7e-imgsz768-nomosaic/baylands_super_75_15_10_test_all
strip_v3_frame_000029_108100000000,matched,1,1,1,0.815955,0.815955,0.926659,/home/ruben/halmstad_ws/datasets/final/baylands_super_75_15_10/images/test/strip_v3_frame_000029_108100000000.jpg,/home/ruben/halmstad_ws/models/obb/experiments/sam3_hybrid_full/runs/predictions/baylands-leader-v7e-imgsz768-nomosaic/baylands_super_75_15_10_test_all
strip_v3_frame_000083_172852000000,correct_empty,0,0,0,0.0,0.0,,/home/ruben/halmstad_ws/datasets/final/baylands_super_75_15_10/images/test/strip_v3_frame_000083_172852000000.jpg,/home/ruben/halmstad_ws/models/obb/experiments/sam3_hybrid_full/runs/predictions/baylands-leader-v7e-imgsz768-nomosaic/baylands_super_75_15_10_test_all
strip_v3_frame_000084_173852000000,matched,1,1,1,0.810483,0.810483,0.891292,/home/ruben/halmstad_ws/datasets/final/baylands_super_75_15_10/images/test/strip_v3_frame_000084_173852000000.jpg,/home/ruben/halmstad_ws/models/obb/experiments/sam3_hybrid_full/runs/predictions/baylands-leader-v7e-imgsz768-nomosaic/baylands_super_75_15_10_test_all
strip_v3_frame_000096_185952000000,matched,1,1,1,0.811792,0.811792,0.933483,/home/ruben/halmstad_ws/datasets/final/baylands_super_75_15_10/images/test/strip_v3_frame_000096_185952000000.jpg,/home/ruben/halmstad_ws/models/obb/experiments/sam3_hybrid_full/runs/predictions/baylands-leader-v7e-imgsz768-nomosaic/baylands_super_75_15_10_test_all
strip_v3_frame_000097_186952000000,matched,1,1,1,0.935497,0.935497,0.93248,/home/ruben/halmstad_ws/datasets/final/baylands_super_75_15_10/images/test/strip_v3_frame_000097_186952000000.jpg,/home/ruben/halmstad_ws/models/obb/experiments/sam3_hybrid_full/runs/predictions/baylands-leader-v7e-imgsz768-nomosaic/baylands_super_75_15_10_test_all
strip_v4_frame_000003_95200000000,matched,1,1,1,0.526669,0.526669,0.802866,/home/ruben/halmstad_ws/datasets/final/baylands_super_75_15_10/images/test/strip_v4_frame_000003_95200000000.jpg,/home/ruben/halmstad_ws/models/obb/experiments/sam3_hybrid_full/runs/predictions/baylands-leader-v7e-imgsz768-nomosaic/baylands_super_75_15_10_test_all
strip_v4_frame_000004_99200000000,matched,1,1,1,0.908047,0.908047,0.908253,/home/ruben/halmstad_ws/datasets/final/baylands_super_75_15_10/images/test/strip_v4_frame_000004_99200000000.jpg,/home/ruben/halmstad_ws/models/obb/experiments/sam3_hybrid_full/runs/predictions/baylands-leader-v7e-imgsz768-nomosaic/baylands_super_75_15_10_test_all
strip_v4_frame_000005_103200000000,matched,1,1,1,0.849531,0.849531,0.933297,/home/ruben/halmstad_ws/datasets/final/baylands_super_75_15_10/images/test/strip_v4_frame_000005_103200000000.jpg,/home/ruben/halmstad_ws/models/obb/experiments/sam3_hybrid_full/runs/predictions/baylands-leader-v7e-imgsz768-nomosaic/baylands_super_75_15_10_test_all
strip_v4_frame_000007_111200000000,matched,1,1,1,0.955716,0.955716,0.925355,/home/ruben/halmstad_ws/datasets/final/baylands_super_75_15_10/images/test/strip_v4_frame_000007_111200000000.jpg,/home/ruben/halmstad_ws/models/obb/experiments/sam3_hybrid_full/runs/predictions/baylands-leader-v7e-imgsz768-nomosaic/baylands_super_75_15_10_test_all
strip_v4_frame_000023_175400000000,matched,1,1,1,0.720085,0.720085,0.808683,/home/ruben/halmstad_ws/datasets/final/baylands_super_75_15_10/images/test/strip_v4_frame_000023_175400000000.jpg,/home/ruben/halmstad_ws/models/obb/experiments/sam3_hybrid_full/runs/predictions/baylands-leader-v7e-imgsz768-nomosaic/baylands_super_75_15_10_test_all
strip_v4_frame_000024_179400000000,correct_empty,0,0,0,0.0,0.0,,/home/ruben/halmstad_ws/datasets/final/baylands_super_75_15_10/images/test/strip_v4_frame_000024_179400000000.jpg,/home/ruben/halmstad_ws/models/obb/experiments/sam3_hybrid_full/runs/predictions/baylands-leader-v7e-imgsz768-nomosaic/baylands_super_75_15_10_test_all
strip_v4_frame_000025_183400000000,matched,1,1,1,0.890386,0.890386,0.928622,/home/ruben/halmstad_ws/datasets/final/baylands_super_75_15_10/images/test/strip_v4_frame_000025_183400000000.jpg,/home/ruben/halmstad_ws/models/obb/experiments/sam3_hybrid_full/runs/predictions/baylands-leader-v7e-imgsz768-nomosaic/baylands_super_75_15_10_test_all
strip_v5_frame_000000_110252000000,matched,1,1,1,0.835588,0.835588,0.900078,/home/ruben/halmstad_ws/datasets/final/baylands_super_75_15_10/images/test/strip_v5_frame_000000_110252000000.jpg,/home/ruben/halmstad_ws/models/obb/experiments/sam3_hybrid_full/runs/predictions/baylands-leader-v7e-imgsz768-nomosaic/baylands_super_75_15_10_test_all
strip_v5_frame_000004_114252000000,matched,1,1,1,0.946306,0.946306,0.920233,/home/ruben/halmstad_ws/datasets/final/baylands_super_75_15_10/images/test/strip_v5_frame_000004_114252000000.jpg,/home/ruben/halmstad_ws/models/obb/experiments/sam3_hybrid_full/runs/predictions/baylands-leader-v7e-imgsz768-nomosaic/baylands_super_75_15_10_test_all
strip_v5_frame_000007_117252000000,matched,1,1,1,0.961591,0.961591,0.931791,/home/ruben/halmstad_ws/datasets/final/baylands_super_75_15_10/images/test/strip_v5_frame_000007_117252000000.jpg,/home/ruben/halmstad_ws/models/obb/experiments/sam3_hybrid_full/runs/predictions/baylands-leader-v7e-imgsz768-nomosaic/baylands_super_75_15_10_test_all
strip_v5_frame_000051_171552000000,matched,1,1,1,0.539172,0.539172,0.906079,/home/ruben/halmstad_ws/datasets/final/baylands_super_75_15_10/images/test/strip_v5_frame_000051_171552000000.jpg,/home/ruben/halmstad_ws/models/obb/experiments/sam3_hybrid_full/runs/predictions/baylands-leader-v7e-imgsz768-nomosaic/baylands_super_75_15_10_test_all
strip_v5_frame_000052_172600000000,matched,1,1,1,0.754128,0.754128,0.84842,/home/ruben/halmstad_ws/datasets/final/baylands_super_75_15_10/images/test/strip_v5_frame_000052_172600000000.jpg,/home/ruben/halmstad_ws/models/obb/experiments/sam3_hybrid_full/runs/predictions/baylands-leader-v7e-imgsz768-nomosaic/baylands_super_75_15_10_test_all
strip_v5_frame_000053_173600000000,matched,1,1,1,0.883995,0.883995,0.888976,/home/ruben/halmstad_ws/datasets/final/baylands_super_75_15_10/images/test/strip_v5_frame_000053_173600000000.jpg,/home/ruben/halmstad_ws/models/obb/experiments/sam3_hybrid_full/runs/predictions/baylands-leader-v7e-imgsz768-nomosaic/baylands_super_75_15_10_test_all
strip_v5_frame_000054_174600000000,matched,1,1,1,0.763134,0.763134,0.825868,/home/ruben/halmstad_ws/datasets/final/baylands_super_75_15_10/images/test/strip_v5_frame_000054_174600000000.jpg,/home/ruben/halmstad_ws/models/obb/experiments/sam3_hybrid_full/runs/predictions/baylands-leader-v7e-imgsz768-nomosaic/baylands_super_75_15_10_test_all
strip_v5_frame_000056_179552000000,matched,1,1,1,0.925981,0.925981,0.937429,/home/ruben/halmstad_ws/datasets/final/baylands_super_75_15_10/images/test/strip_v5_frame_000056_179552000000.jpg,/home/ruben/halmstad_ws/models/obb/experiments/sam3_hybrid_full/runs/predictions/baylands-leader-v7e-imgsz768-nomosaic/baylands_super_75_15_10_test_all
strip_v5_frame_000057_180552000000,matched,1,1,1,0.923225,0.923225,0.941306,/home/ruben/halmstad_ws/datasets/final/baylands_super_75_15_10/images/test/strip_v5_frame_000057_180552000000.jpg,/home/ruben/halmstad_ws/models/obb/experiments/sam3_hybrid_full/runs/predictions/baylands-leader-v7e-imgsz768-nomosaic/baylands_super_75_15_10_test_all
strip_v5_frame_000058_181552000000,matched,1,1,1,0.904217,0.904217,0.942339,/home/ruben/halmstad_ws/datasets/final/baylands_super_75_15_10/images/test/strip_v5_frame_000058_181552000000.jpg,/home/ruben/halmstad_ws/models/obb/experiments/sam3_hybrid_full/runs/predictions/baylands-leader-v7e-imgsz768-nomosaic/baylands_super_75_15_10_test_all
strip_v5_frame_000059_182552000000,matched,1,1,1,0.975045,0.975045,0.936949,/home/ruben/halmstad_ws/datasets/final/baylands_super_75_15_10/images/test/strip_v5_frame_000059_182552000000.jpg,/home/ruben/halmstad_ws/models/obb/experiments/sam3_hybrid_full/runs/predictions/baylands-leader-v7e-imgsz768-nomosaic/baylands_super_75_15_10_test_all
strip_v5_frame_000060_183552000000,matched,1,1,1,0.947977,0.947977,0.940783,/home/ruben/halmstad_ws/datasets/final/baylands_super_75_15_10/images/test/strip_v5_frame_000060_183552000000.jpg,/home/ruben/halmstad_ws/models/obb/experiments/sam3_hybrid_full/runs/predictions/baylands-leader-v7e-imgsz768-nomosaic/baylands_super_75_15_10_test_all
strip_v5_frame_000062_185600000000,matched,1,1,1,0.902283,0.902283,0.937528,/home/ruben/halmstad_ws/datasets/final/baylands_super_75_15_10/images/test/strip_v5_frame_000062_185600000000.jpg,/home/ruben/halmstad_ws/models/obb/experiments/sam3_hybrid_full/runs/predictions/baylands-leader-v7e-imgsz768-nomosaic/baylands_super_75_15_10_test_all
strip_v5_frame_000063_186600000000,matched,1,1,1,0.818578,0.818578,0.907255,/home/ruben/halmstad_ws/datasets/final/baylands_super_75_15_10/images/test/strip_v5_frame_000063_186600000000.jpg,/home/ruben/halmstad_ws/models/obb/experiments/sam3_hybrid_full/runs/predictions/baylands-leader-v7e-imgsz768-nomosaic/baylands_super_75_15_10_test_all
strip_v7_frame_000019_91652000000,matched,1,1,1,0.854977,0.854977,0.939227,/home/ruben/halmstad_ws/datasets/final/baylands_super_75_15_10/images/test/strip_v7_frame_000019_91652000000.jpg,/home/ruben/halmstad_ws/models/obb/experiments/sam3_hybrid_full/runs/predictions/baylands-leader-v7e-imgsz768-nomosaic/baylands_super_75_15_10_test_all
strip_v7_frame_000022_94752000000,matched,1,1,1,0.94503,0.94503,0.923113,/home/ruben/halmstad_ws/datasets/final/baylands_super_75_15_10/images/test/strip_v7_frame_000022_94752000000.jpg,/home/ruben/halmstad_ws/models/obb/experiments/sam3_hybrid_full/runs/predictions/baylands-leader-v7e-imgsz768-nomosaic/baylands_super_75_15_10_test_all
strip_v7_frame_000027_99800000000,matched,1,1,1,0.92163,0.92163,0.925549,/home/ruben/halmstad_ws/datasets/final/baylands_super_75_15_10/images/test/strip_v7_frame_000027_99800000000.jpg,/home/ruben/halmstad_ws/models/obb/experiments/sam3_hybrid_full/runs/predictions/baylands-leader-v7e-imgsz768-nomosaic/baylands_super_75_15_10_test_all
strip_v7_frame_000028_100800000000,matched,1,1,1,1.0,1.0,0.931554,/home/ruben/halmstad_ws/datasets/final/baylands_super_75_15_10/images/test/strip_v7_frame_000028_100800000000.jpg,/home/ruben/halmstad_ws/models/obb/experiments/sam3_hybrid_full/runs/predictions/baylands-leader-v7e-imgsz768-nomosaic/baylands_super_75_15_10_test_all
strip_v7_frame_000029_101852000000,matched,1,1,1,0.927389,0.927389,0.933542,/home/ruben/halmstad_ws/datasets/final/baylands_super_75_15_10/images/test/strip_v7_frame_000029_101852000000.jpg,/home/ruben/halmstad_ws/models/obb/experiments/sam3_hybrid_full/runs/predictions/baylands-leader-v7e-imgsz768-nomosaic/baylands_super_75_15_10_test_all
strip_v7_frame_000031_103900000000,matched,1,1,1,0.896086,0.896086,0.934203,/home/ruben/halmstad_ws/datasets/final/baylands_super_75_15_10/images/test/strip_v7_frame_000031_103900000000.jpg,/home/ruben/halmstad_ws/models/obb/experiments/sam3_hybrid_full/runs/predictions/baylands-leader-v7e-imgsz768-nomosaic/baylands_super_75_15_10_test_all
strip_v7_frame_000032_104900000000,matched,1,1,1,0.949472,0.949472,0.907867,/home/ruben/halmstad_ws/datasets/final/baylands_super_75_15_10/images/test/strip_v7_frame_000032_104900000000.jpg,/home/ruben/halmstad_ws/models/obb/experiments/sam3_hybrid_full/runs/predictions/baylands-leader-v7e-imgsz768-nomosaic/baylands_super_75_15_10_test_all
strip_v7_frame_000039_112000000000,matched,1,1,1,0.903855,0.903855,0.922779,/home/ruben/halmstad_ws/datasets/final/baylands_super_75_15_10/images/test/strip_v7_frame_000039_112000000000.jpg,/home/ruben/halmstad_ws/models/obb/experiments/sam3_hybrid_full/runs/predictions/baylands-leader-v7e-imgsz768-nomosaic/baylands_super_75_15_10_test_all
strip_v7_frame_000094_177300000000,correct_empty,0,0,0,0.0,0.0,,/home/ruben/halmstad_ws/datasets/final/baylands_super_75_15_10/images/test/strip_v7_frame_000094_177300000000.jpg,/home/ruben/halmstad_ws/models/obb/experiments/sam3_hybrid_full/runs/predictions/baylands-leader-v7e-imgsz768-nomosaic/baylands_super_75_15_10_test_all
strip_v7_frame_000099_182352000000,matched,1,1,1,0.873762,0.873762,0.921093,/home/ruben/halmstad_ws/datasets/final/baylands_super_75_15_10/images/test/strip_v7_frame_000099_182352000000.jpg,/home/ruben/halmstad_ws/models/obb/experiments/sam3_hybrid_full/runs/predictions/baylands-leader-v7e-imgsz768-nomosaic/baylands_super_75_15_10_test_all
